{
"__comment":"Made by Know2Good, part of the 'Default 3D™' resource pack || Official download page: http://www.planetminecraft.com/texture_pack/default-3d-2985741/ || © Know2Good. All rights reserved. ",
    "variants": {
		"facing=north,half=bottom,shape=straight": { "model": "purpur_stairs_n" },
		"facing=east,half=bottom,shape=straight":  { "model": "purpur_stairs_e" },
		"facing=south,half=bottom,shape=straight": { "model": "purpur_stairs_s" },
		"facing=west,half=bottom,shape=straight":  { "model": "purpur_stairs_w" },	
		"facing=north,half=bottom,shape=outer_right": { "model": "purpur_outer_stairs_ne" },
		"facing=east,half=bottom,shape=outer_right":  { "model": "purpur_outer_stairs_se" },
		"facing=south,half=bottom,shape=outer_right": { "model": "purpur_outer_stairs_sw" },
        "facing=west,half=bottom,shape=outer_right":  { "model": "purpur_outer_stairs_nw" },
		"facing=north,half=bottom,shape=outer_left": { "model": "purpur_outer_stairs_nw" },
        "facing=east,half=bottom,shape=outer_left":  { "model": "purpur_outer_stairs_ne" },
		"facing=south,half=bottom,shape=outer_left": { "model": "purpur_outer_stairs_se" },
        "facing=west,half=bottom,shape=outer_left":  { "model": "purpur_outer_stairs_sw" },
		"facing=north,half=bottom,shape=inner_right": { "model": "purpur_inner_stairs_sw"},
        "facing=east,half=bottom,shape=inner_right":  { "model": "purpur_inner_stairs_nw" },
		"facing=south,half=bottom,shape=inner_right": { "model": "purpur_inner_stairs_ne" },
        "facing=west,half=bottom,shape=inner_right":  { "model": "purpur_inner_stairs_se"},
		"facing=north,half=bottom,shape=inner_left": { "model": "purpur_inner_stairs_se" },
		"facing=east,half=bottom,shape=inner_left":  { "model": "purpur_inner_stairs_sw" },
		"facing=south,half=bottom,shape=inner_left": { "model": "purpur_inner_stairs_nw" },
		"facing=west,half=bottom,shape=inner_left":  { "model": "purpur_inner_stairs_ne" },
        "facing=north,half=top,shape=straight": { "model": "purpur_stairs_nf" },
        "facing=east,half=top,shape=straight":  { "model": "purpur_stairs_ef" },
        "facing=south,half=top,shape=straight": { "model": "purpur_stairs_sf" },
        "facing=west,half=top,shape=straight": 	{ "model": "purpur_stairs_wf" },
		"facing=north,half=top,shape=outer_right": { "model": "purpur_outer_stairs_nwf" },
        "facing=east,half=top,shape=outer_right":  { "model": "purpur_outer_stairs_nef" },
		"facing=south,half=top,shape=outer_right": { "model": "purpur_outer_stairs_sef" },
        "facing=west,half=top,shape=outer_right":  { "model": "purpur_outer_stairs_swf" },  
		"facing=north,half=top,shape=outer_left": { "model": "purpur_outer_stairs_nef" },
        "facing=east,half=top,shape=outer_left":  { "model": "purpur_outer_stairs_sef" },
		"facing=south,half=top,shape=outer_left": { "model": "purpur_outer_stairs_swf" },
        "facing=west,half=top,shape=outer_left":  { "model": "purpur_outer_stairs_nwf" },  
		"facing=north,half=top,shape=inner_right": { "model": "purpur_inner_stairs_sef" },
        "facing=east,half=top,shape=inner_right":  { "model": "purpur_inner_stairs_swf" },
		"facing=south,half=top,shape=inner_right": { "model": "purpur_inner_stairs_nwf" },
        "facing=west,half=top,shape=inner_right":  { "model": "purpur_inner_stairs_nef" },
		"facing=north,half=top,shape=inner_left": { "model": "purpur_inner_stairs_swf" },
        "facing=east,half=top,shape=inner_left":  { "model": "purpur_inner_stairs_nwf" },
		"facing=south,half=top,shape=inner_left": { "model": "purpur_inner_stairs_nef" },
        "facing=west,half=top,shape=inner_left":  { "model": "purpur_inner_stairs_sef" }
          
    }
}
