{
"__comment": "CoolScreenName http://www.planetminecraft.com/member/coolscreenname/",
"textures": {
    "particle": "blocks/door_acacia_lower",
    "texture": "blocks/planks_acacia",
    "glass": "blocks/glass",
    "cauldron_inner": "blocks/cauldron_inner"
},
"elements": [ 
{
    "from": [ 0, 16, 0 ],
    "to": [ 3, 32, 3 ],
    "faces": {
        "down":  { "uv": [ 16, 3, 13, 0 ], "texture": "#texture" },
        "up":    { "uv": [ 0, 0, 3, 3 ], "texture": "#texture" },
        "north": { "uv": [ 13, 0, 16, 16 ], "texture": "#texture" },
        "south": { "uv": [ 0, 0, 3, 16 ], "texture": "#texture" },
        "west":  { "uv": [ 0, 0, 3, 16 ], "texture": "#texture" },
        "east":  { "uv": [ 13, 0, 16, 16 ], "texture": "#texture" }
    }
},
{
    "from": [ 0, 16, 13 ],
    "to": [ 3, 32, 16 ],
    "faces": {
        "down":  { "uv": [ 16, 16, 13, 13 ], "texture": "#texture" },
        "up":    { "uv": [ 0, 13, 3, 16 ], "texture": "#texture" },
        "north": { "uv": [ 13, 0, 16, 16 ], "texture": "#texture" },
        "south": { "uv": [ 0, 0, 3, 16 ], "texture": "#texture" },
        "west":  { "uv": [ 13, 0, 16, 16 ], "texture": "#texture" },
        "east":  { "uv": [ 0, 0, 3, 16 ], "texture": "#texture" }
    }
},
{
    "from": [ 0, 29, 3 ],
    "to": [ 3, 32, 13 ],
    "faces": {
        "down":  { "uv": [ 16, 13, 13, 3 ], "texture": "#texture" },
        "up":    { "uv": [ 0, 3, 3, 13 ], "texture": "#texture" },
        "north": { "uv": [ 13, 0, 16, 3 ], "texture": "#texture" },
        "south": { "uv": [ 0, 0, 3, 3 ], "texture": "#texture" },
        "west":  { "uv": [ 3, 0, 13, 3 ], "texture": "#texture" },
        "east":  { "uv": [ 3, 0, 13, 3 ], "texture": "#texture" }
    }
},
{
    "from": [ 0.75, 21.25, 3 ],
    "to": [ 2.25, 23.25, 13 ],
    "faces": {
        "down":  { "uv": [ 15.25, 13, 13.75, 3 ], "texture": "#texture" },
        "up":    { "uv": [ 0.75, 3, 2.25, 13 ], "texture": "#texture" },
        "north": { "uv": [ 13.75, 8.75, 15.25, 10.75 ], "texture": "#texture" },
        "south": { "uv": [ 0.75, 8.75, 2.25, 10.75 ], "texture": "#texture" },
        "west":  { "uv": [ 3, 8.75, 13, 10.75 ], "texture": "#texture" },
        "east":  { "uv": [ 3, 8.75, 13, 10.75 ], "texture": "#texture" }
    }
},
{
    "from": [ 0.75, 17.25, 3 ],
    "to": [ 2.25, 19.5, 13 ],
    "faces": {
        "down":  { "uv": [ 15.25, 13, 13.75, 3 ], "texture": "#texture" },
        "up":    { "uv": [ 0.75, 3, 2.25, 13 ], "texture": "#texture" },
        "north": { "uv": [ 13.75, 12.5, 15.25, 14.75 ], "texture": "#texture" },
        "south": { "uv": [ 0.75, 12.5, 2.25, 14.75 ], "texture": "#texture" },
        "west":  { "uv": [ 3, 12.5, 13, 14.75 ], "texture": "#texture" },
        "east":  { "uv": [ 3, 12.5, 13, 14.75 ], "texture": "#texture" }
    }
},
{
    "from": [ 0.75, 25, 3 ],
    "to": [ 2.25, 27.25, 13 ],
    "faces": {
        "down":  { "uv": [ 15.25, 13, 13.75, 3 ], "texture": "#texture" },
        "up":    { "uv": [ 0.75, 3, 2.25, 13 ], "texture": "#texture" },
        "north": { "uv": [ 13.75, 4.75, 15.25, 7 ], "texture": "#texture" },
        "south": { "uv": [ 0.75, 4.75, 2.25, 7 ], "texture": "#texture" },
        "west":  { "uv": [ 3, 4.75, 13, 7 ], "texture": "#texture" },
        "east":  { "uv": [ 3, 4.75, 13, 7 ], "texture": "#texture" }
    }
},
{
    "__comment": "glass",
    "from": [ 1, 23.25, 3 ],
    "to": [ 2, 25, 13 ],
    "faces": {
        "down":  { "uv": [ 0, 0, 16, 16 ], "rotation": 180, "texture": "#glass" },
        "up":    { "uv": [ 0, 0, 16, 16 ], "rotation": 180, "texture": "#glass" },
        "north": { "uv": [ 0, 0, 16, 16 ], "rotation": 180, "texture": "#glass" },
        "south": { "uv": [ 0, 0, 16, 16 ], "rotation": 180, "texture": "#glass" },
        "west":  { "uv": [ 0, 0, 16, 16 ], "rotation": 180, "texture": "#glass" },
        "east":  { "uv": [ 0, 0, 16, 16 ], "rotation": 180, "texture": "#glass" }
    }
},
{
    "from": [ -0.5, 16, 13.5 ],
    "to": [ 3.5, 19.5, 15.5 ],
    "faces": {
        "down":  { "uv": [ 16, 15.5, 12.5, 13.5 ], "texture": "#cauldron_inner" },
        "up":    { "uv": [ 0, 13.5, 3.5, 15.5 ], "texture": "#cauldron_inner" },
        "north": { "uv": [ 12.5, 12.5, 16, 16 ], "texture": "#cauldron_inner" },
        "south": { "uv": [ 0, 12.5, 3.5, 16 ], "texture": "#cauldron_inner" },
        "west":  { "uv": [ 13.5, 12.5, 15.5, 16 ], "texture": "#cauldron_inner" },
        "east":  { "uv": [ 0.5, 12.5, 2.5, 16 ], "texture": "#cauldron_inner" }
    }
},
{
    "__comment": "glass*",
    "from": [ 1, 27.25, 3 ],
    "to": [ 2, 29, 13 ],
    "faces": {
        "down":  { "uv": [ 0, 0, 16, 16 ], "rotation": 180, "texture": "#glass" },
        "up":    { "uv": [ 0, 0, 16, 16 ], "rotation": 180, "texture": "#glass" },
        "north": { "uv": [ 0, 0, 16, 16 ], "rotation": 180, "texture": "#glass" },
        "south": { "uv": [ 0, 0, 16, 16 ], "rotation": 180, "texture": "#glass" },
        "west":  { "uv": [ 0, 0, 16, 16 ], "rotation": 180, "texture": "#glass" },
        "east":  { "uv": [ 0, 0, 16, 16 ], "rotation": 180, "texture": "#glass" }
    }
},
{
    "from": [ -0.25, 16, -0.25 ],
    "to": [ 3.25, 17, 0.75 ],
    "faces": {
        "down":  { "uv": [ 16, 0.75, 12.75, 0 ], "texture": "#cauldron_inner" },
        "up":    { "uv": [ 0, 0, 3.25, 0.75 ], "texture": "#cauldron_inner" },
        "north": { "uv": [ 12.75, 15, 16, 16 ], "texture": "#cauldron_inner" },
        "south": { "uv": [ 0, 15, 3.25, 16 ], "texture": "#cauldron_inner" },
        "west":  { "uv": [ 0, 15, 0.75, 16 ], "texture": "#cauldron_inner" },
        "east":  { "uv": [ 15.25, 15, 16, 16 ], "texture": "#cauldron_inner" }
    }
},
{
    "from": [ -0.25, 26, -0.25 ],
    "to": [ 3.25, 28, 0.75 ],
    "faces": {
        "down":  { "uv": [ 16, 0.75, 12.75, 0 ], "texture": "#cauldron_inner" },
        "up":    { "uv": [ 0, 0, 3.25, 0.75 ], "texture": "#cauldron_inner" },
        "north": { "uv": [ 12.75, 4, 16, 6 ], "texture": "#cauldron_inner" },
        "south": { "uv": [ 0, 4, 3.25, 6 ], "texture": "#cauldron_inner" },
        "west":  { "uv": [ 0, 4, 0.75, 6 ], "texture": "#cauldron_inner" },
        "east":  { "uv": [ 15.25, 4, 16, 6 ], "texture": "#cauldron_inner" }
    }
},
{
    "__comment": "glass*",
    "from": [ 1, 19.5, 3 ],
    "to": [ 2, 21.25, 13 ],
    "faces": {
        "down":  { "uv": [ 0, 0, 16, 16 ], "rotation": 180, "texture": "#glass" },
        "up":    { "uv": [ 0, 0, 16, 16 ], "rotation": 180, "texture": "#glass" },
        "north": { "uv": [ 0, 0, 16, 16 ], "rotation": 180, "texture": "#glass" },
        "south": { "uv": [ 0, 0, 16, 16 ], "rotation": 180, "texture": "#glass" },
        "west":  { "uv": [ 0, 0, 16, 16 ], "rotation": 180, "texture": "#glass" },
        "east":  { "uv": [ 0, 0, 16, 16 ], "rotation": 180, "texture": "#glass" }
    }
},
{
    "from": [ -0.75, 18.25, 14 ],
    "to": [ 3.75, 19.25, 15 ],
    "faces": {
        "down":  { "uv": [ 16, 15, 12.25, 14 ], "texture": "#texture" },
        "up":    { "uv": [ 0, 14, 3.75, 15 ], "texture": "#texture" },
        "north": { "uv": [ 12.25, 12.75, 16, 13.75 ], "texture": "#texture" },
        "south": { "uv": [ 0, 12.75, 3.75, 13.75 ], "texture": "#texture" },
        "west":  { "uv": [ 14, 12.75, 15, 13.75 ], "texture": "#texture" },
        "east":  { "uv": [ 1, 12.75, 2, 13.75 ], "texture": "#texture" }
    }
},
{
    "from": [ -0.75, 15.75, 14 ],
    "to": [ 3.75, 16.75, 15 ],
    "faces": {
        "down":  { "uv": [ 16, 15, 12.25, 14 ], "texture": "#texture" },
        "up":    { "uv": [ 0, 14, 3.75, 15 ], "texture": "#texture" },
        "north": { "uv": [ 12.25, 15.25, 16, 16 ], "texture": "#texture" },
        "south": { "uv": [ 0, 15.25, 3.75, 16 ], "texture": "#texture" },
        "west":  { "uv": [ 14, 15.25, 15, 16 ], "texture": "#texture" },
        "east":  { "uv": [ 1, 15.25, 2, 16 ], "texture": "#texture" }
    }
},
{
    "from": [ -1.25, 18.5, 14.25 ],
    "to": [ 4.25, 19, 14.75 ],
    "faces": {
        "down":  { "uv": [ 16, 14.75, 11.75, 14.25 ], "texture": "#cauldron_inner" },
        "up":    { "uv": [ 0, 14.25, 4.25, 14.75 ], "texture": "#cauldron_inner" },
        "north": { "uv": [ 11.75, 13, 16, 13.5 ], "texture": "#cauldron_inner" },
        "south": { "uv": [ 0, 13, 4.25, 13.5 ], "texture": "#cauldron_inner" },
        "west":  { "uv": [ 14.25, 13, 14.75, 13.5 ], "texture": "#cauldron_inner" },
        "east":  { "uv": [ 1.25, 13, 1.75, 13.5 ], "texture": "#cauldron_inner" }
    }
},
{
    "from": [ -1.25, 16, 14.25 ],
    "to": [ 4.25, 16.5, 14.75 ],
    "faces": {
        "down":  { "uv": [ 16, 14.75, 11.75, 14.25 ], "texture": "#cauldron_inner" },
        "up":    { "uv": [ 0, 14.25, 4.25, 14.75 ], "texture": "#cauldron_inner" },
        "north": { "uv": [ 11.75, 15.5, 16, 16 ], "texture": "#cauldron_inner" },
        "south": { "uv": [ 0, 15.5, 4.25, 16 ], "texture": "#cauldron_inner" },
        "west":  { "uv": [ 14.25, 15.5, 14.75, 16 ], "texture": "#cauldron_inner" },
        "east":  { "uv": [ 1.25, 15.5, 1.75, 16 ], "texture": "#cauldron_inner" }
    }
},
{
    "from": [ 4.25, 15.5, 14.25 ],
    "to": [ 4.75, 19.5, 14.75 ],
    "faces": {
        "down":  { "uv": [ 11.75, 14.75, 11.25, 14.25 ], "texture": "#cauldron_inner" },
        "up":    { "uv": [ 4.25, 14.25, 4.75, 14.75 ], "texture": "#cauldron_inner" },
        "north": { "uv": [ 11.25, 12.5, 11.75, 16 ], "texture": "#cauldron_inner" },
        "south": { "uv": [ 4.25, 12.5, 4.75, 16 ], "texture": "#cauldron_inner" },
        "west":  { "uv": [ 14.25, 12.5, 14.75, 16 ], "texture": "#cauldron_inner" },
        "east":  { "uv": [ 1.25, 12.5, 1.75, 16 ], "texture": "#cauldron_inner" }
    }
},
{
    "from": [ -1.75, 15.5, 14.25 ],
    "to": [ -1.25, 19.5, 14.75 ],
    "faces": {
        "down":  { "uv": [ 16, 14.75, 16, 14.25 ], "texture": "#cauldron_inner" },
        "up":    { "uv": [ 0, 14.25, 0, 14.75 ], "texture": "#cauldron_inner" },
        "north": { "uv": [ 16, 12.5, 16, 16 ], "texture": "#cauldron_inner" },
        "south": { "uv": [ 0, 12.5, 0, 16 ], "texture": "#cauldron_inner" },
        "west":  { "uv": [ 14.25, 12.5, 14.75, 16 ], "texture": "#cauldron_inner" },
        "east":  { "uv": [ 1.25, 12.5, 1.75, 16 ], "texture": "#cauldron_inner" }
    }
},
{
    "from": [ 0, 0, 0 ],
    "to": [ 3, 16, 3 ],
    "faces": {
        "down":  { "uv": [ 16, 3, 13, 0 ], "texture": "#texture" },
        "up":    { "uv": [ 0, 0, 3, 3 ], "texture": "#texture" },
        "north": { "uv": [ 13, 0, 16, 16 ], "texture": "#texture" },
        "south": { "uv": [ 0, 0, 3, 16 ], "texture": "#texture" },
        "west":  { "uv": [ 0, 0, 3, 16 ], "texture": "#texture" },
        "east":  { "uv": [ 13, 0, 16, 16 ], "texture": "#texture" }
    }
},
{
    "from": [ 0, 0, 13 ],
    "to": [ 3, 16, 16 ],
    "faces": {
        "down":  { "uv": [ 16, 16, 13, 13 ], "texture": "#texture" },
        "up":    { "uv": [ 0, 13, 3, 16 ], "texture": "#texture" },
        "north": { "uv": [ 13, 0, 16, 16 ], "texture": "#texture" },
        "south": { "uv": [ 0, 0, 3, 16 ], "texture": "#texture" },
        "west":  { "uv": [ 13, 0, 16, 16 ], "texture": "#texture" },
        "east":  { "uv": [ 0, 0, 3, 16 ], "texture": "#texture" }
    }
},
{
    "from": [ 0, 0, 3 ],
    "to": [ 3, 3, 13 ],
    "faces": {
        "down":  { "uv": [ 16, 13, 13, 3 ], "texture": "#texture" },
        "up":    { "uv": [ 0, 3, 3, 13 ], "texture": "#texture" },
        "north": { "uv": [ 13, 13, 16, 16 ], "texture": "#texture" },
        "south": { "uv": [ 0, 13, 3, 16 ], "texture": "#texture" },
        "west":  { "uv": [ 3, 13, 13, 16 ], "texture": "#texture" },
        "east":  { "uv": [ 3, 13, 13, 16 ], "texture": "#texture" }
    }
},
{
    "from": [ 0.75, 8.75, 3 ],
    "to": [ 2.25, 10.75, 13 ],
    "faces": {
        "down":  { "uv": [ 15.25, 13, 13.75, 3 ], "texture": "#texture" },
        "up":    { "uv": [ 0.75, 3, 2.25, 13 ], "texture": "#texture" },
        "north": { "uv": [ 13.75, 5, 15.25, 8 ], "texture": "#texture" },
        "south": { "uv": [ 0.75, 5, 2.25, 8 ], "texture": "#texture" },
        "west":  { "uv": [ 3, 5, 13, 8 ], "texture": "#texture" },
        "east":  { "uv": [ 3, 5, 13, 8 ], "texture": "#texture" }
    }
},
{
    "from": [ 0.75, 12.5, 3 ],
    "to": [ 2.25, 14.75, 13 ],
    "faces": {
        "down":  { "uv": [ 15.25, 13, 13.75, 3 ], "texture": "#texture" },
        "up":    { "uv": [ 0.75, 3, 2.25, 13 ], "texture": "#texture" },
        "north": { "uv": [ 13.75, 0, 15.25, 3 ], "texture": "#texture" },
        "south": { "uv": [ 0.75, 0, 2.25, 3 ], "texture": "#texture" },
        "west":  { "uv": [ 3, 0, 13, 3 ], "texture": "#texture" },
        "east":  { "uv": [ 3, 0, 13, 3 ], "texture": "#texture" }
    }
},
{
    "from": [ 0.75, 4.75, 3 ],
    "to": [ 2.25, 7, 13 ],
    "faces": {
        "down":  { "uv": [ 15.25, 13, 13.75, 3 ], "texture": "#texture" },
        "up":    { "uv": [ 0.75, 3, 2.25, 13 ], "texture": "#texture" },
        "north": { "uv": [ 13.75, 10, 15.25, 13 ], "texture": "#texture" },
        "south": { "uv": [ 0.75, 10, 2.25, 13 ], "texture": "#texture" },
        "west":  { "uv": [ 3, 10, 13, 13 ], "texture": "#texture" },
        "east":  { "uv": [ 3, 10, 13, 13 ], "texture": "#texture" }
    }
},
{
    "__comment": "glass",
    "from": [ 1, 7, 3 ],
    "to": [ 2, 8.75, 13 ],
    "faces": {
        "down":  { "uv": [ 0, 0, 16, 16 ], "texture": "#glass" },
        "up":    { "uv": [ 0, 0, 16, 16 ], "texture": "#glass" },
        "north": { "uv": [ 0, 0, 16, 16 ], "texture": "#glass" },
        "south": { "uv": [ 0, 0, 16, 16 ], "texture": "#glass" },
        "west":  { "uv": [ 0, 0, 16, 16 ], "texture": "#glass" },
        "east":  { "uv": [ 0, 0, 16, 16 ], "texture": "#glass" }
    }
},
{
    "__comment": "glass",
    "from": [ 1, 14.75, 3 ],
    "to": [ 2, 17, 13 ],
    "faces": {
        "down":  { "uv": [ 0, 0, 16, 16 ], "texture": "#glass" },
        "up":    { "uv": [ 0, 0, 16, 16 ], "texture": "#glass" },
        "north": { "uv": [ 0, 0, 16, 16 ], "texture": "#glass" },
        "south": { "uv": [ 0, 0, 16, 16 ], "texture": "#glass" },
        "west":  { "uv": [ 0, 0, 16, 16 ], "texture": "#glass" },
        "east":  { "uv": [ 0, 0, 16, 16 ], "texture": "#glass" }
    }
},
{
    "from": [ -0.5, 15.5, 13.5 ],
    "to": [ 3.5, 16, 15.5 ],
    "faces": {
        "down":  { "uv": [ 16, 15.5, 16, 13.5 ], "texture": "#cauldron_inner" },
        "up":    { "uv": [ 0, 13.5, 0, 15.5 ], "texture": "#cauldron_inner" },
        "north": { "uv": [ 16, 0, 16, 0.75 ], "texture": "#cauldron_inner" },
        "south": { "uv": [ 0, 0, 0, 0.75 ], "texture": "#cauldron_inner" },
        "west":  { "uv": [ 13.5, 0, 15.5, 0.75 ], "texture": "#cauldron_inner" },
        "east":  { "uv": [ 0.5, 0, 2.5, 0.75 ], "texture": "#cauldron_inner" }
    }
},
{
    "__comment": "glass*",
    "from": [ 1, 3, 3 ],
    "to": [ 2, 4.75, 13 ],
    "faces": {
        "down":  { "uv": [ 0, 0, 16, 16 ], "texture": "#glass" },
        "up":    { "uv": [ 0, 0, 16, 16 ], "texture": "#glass" },
        "north": { "uv": [ 0, 0, 16, 16 ], "texture": "#glass" },
        "south": { "uv": [ 0, 0, 16, 16 ], "texture": "#glass" },
        "west":  { "uv": [ 0, 0, 16, 16 ], "texture": "#glass" },
        "east":  { "uv": [ 0, 0, 16, 16 ], "texture": "#glass" }
    }
},
{
    "from": [ -0.25, 15, -0.25 ],
    "to": [ 3.25, 16, 0.75 ],
    "faces": {
        "down":  { "uv": [ 16, 0.75, 12.75, 0 ], "texture": "#cauldron_inner" },
        "up":    { "uv": [ 0, 0, 3.25, 0.75 ], "texture": "#cauldron_inner" },
        "north": { "uv": [ 12.75, 0, 16, 1 ], "texture": "#cauldron_inner" },
        "south": { "uv": [ 0, 0, 3.25, 1 ], "texture": "#cauldron_inner" },
        "west":  { "uv": [ 0, 0, 0.75, 1 ], "texture": "#cauldron_inner" },
        "east":  { "uv": [ 15.25, 0, 16, 1 ], "texture": "#cauldron_inner" }
    }
},
{
    "from": [ -0.25, 4, -0.25 ],
    "to": [ 3.25, 6, 0.75 ],
    "faces": {
        "down":  { "uv": [ 16, 0.75, 12.75, 0 ], "texture": "#cauldron_inner" },
        "up":    { "uv": [ 0, 0, 3.25, 0.75 ], "texture": "#cauldron_inner" },
        "north": { "uv": [ 12.75, 10, 16, 12 ], "texture": "#cauldron_inner" },
        "south": { "uv": [ 0, 10, 3.25, 12 ], "texture": "#cauldron_inner" },
        "west":  { "uv": [ 0, 10, 0.75, 12 ], "texture": "#cauldron_inner" },
        "east":  { "uv": [ 15.25, 10, 16, 12 ], "texture": "#cauldron_inner" }
    }
},
{
    "__comment": "glass*",
    "from": [ 1, 10.75, 3 ],
    "to": [ 2, 12.5, 13 ],
    "faces": {
        "down":  { "uv": [ 0, 0, 16, 16 ], "texture": "#glass" },
        "up":    { "uv": [ 0, 0, 16, 16 ], "texture": "#glass" },
        "north": { "uv": [ 0, 0, 16, 16 ], "texture": "#glass" },
        "south": { "uv": [ 0, 0, 16, 16 ], "texture": "#glass" },
        "west":  { "uv": [ 0, 0, 16, 16 ], "texture": "#glass" },
        "east":  { "uv": [ 0, 0, 16, 16 ], "texture": "#glass" }
    }
}
],
"display": {
    "thirdperson_righthand": {
        "rotation": [ 0, 0, 0 ],
        "translation": [ 0, 0, 0 ],
        "scale": [ 0.36, 0.36, 0.36 ]
    },
    "thirdperson_lefthand": {
        "rotation": [ 0, 0, 0 ],
        "translation": [ 4.16, 0, 0 ],
        "scale": [ 0.36, 0.36, 0.36 ]
    },
    "head": {
        "rotation": [ 0, 90, 0 ],
        "translation": [ -0.19, -24, -1.32 ],
        "scale": [ 1, 1, 1 ]
    },
    "ground": {
        "rotation": [ 0, 0, 0 ],
        "translation": [ 0.96, 1.92, 0.96 ],
        "scale": [ 0.25, 0.25, 0.25 ]
    },
    "fixed": {
        "rotation": [ 0, -90, 0 ],
        "translation": [ 0.38, -3.59, 2.94 ],
        "scale": [ 0.5, 0.5, 0.5 ]
    },
    "firstperson_righthand": {
        "rotation": [ 0, -137, 0 ],
        "translation": [ 0.19, -0.96, -0.96 ],
        "scale": [ 0.24, 0.24, 0.24 ]
    },
    "firstperson_lefthand": {
        "rotation": [ 0, -137, 0 ],
        "translation": [ 0.19, -0.96, -0.96 ],
        "scale": [ 0.24, 0.24, 0.24 ]
    },
    "gui": {
        "rotation": [ 30, 106, 0 ],
        "translation": [ 0, -1.92, 0 ],
        "scale": [ 0.46, 0.46, 0.46 ]
    }
}
}