{
"__comment": "Designed by CoolScreenName http://www.planetminecraft.com/member/coolscreenname/",
"textures": {
    "particle": "blocks/planks_acacia",
    "texture": "blocks/planks_acacia",
    "log_oak_top": "blocks/log_acacia_top",
    "log_oak": "blocks/log_acacia"
},
"elements": [ 
{
    "from": [ 6, 0.002, -4 ],
    "to": [ 10, 16, 0 ],
    "faces": {
        "down":  { "uv": [ 10, 0, 6, 0 ], "texture": "#log_oak" },
        "up":    { "uv": [ 6, 0, 10, 0 ], "texture": "#log_oak" },
        "north": { "uv": [ 6, 0, 10, 15.998 ], "texture": "#log_oak" },
        "south": { "uv": [ 6, 0, 10, 15.998 ], "texture": "#log_oak" },
        "west":  { "uv": [ 0, 0, 0, 15.998 ], "texture": "#log_oak" },
        "east":  { "uv": [ 16, 0, 16, 15.998 ], "texture": "#log_oak" }
    }
},
{
    "from": [ 6.501, 0.003, -4.5 ],
    "to": [ 9.503, 15.999, 0.5 ],
    "faces": {
        "down":  { "uv": [ 9.499, 0.5, 6.497, 0 ], "texture": "#log_oak" },
        "up":    { "uv": [ 6.501, 0, 9.503, 0.5 ], "texture": "#log_oak" },
        "north": { "uv": [ 6.497, 0.001, 9.499, 15.997 ], "texture": "#log_oak" },
        "south": { "uv": [ 6.501, 0.001, 9.503, 15.997 ], "texture": "#log_oak" },
        "west":  { "uv": [ 0, 0.001, 0.5, 15.997 ], "texture": "#log_oak" },
        "east":  { "uv": [ 15.5, 0.001, 16, 15.997 ], "texture": "#log_oak" }
    }
},
{
    "from": [ 5.5, -0.0115, -3.499 ],
    "to": [ 10.5, 15.9825, -0.497 ],
    "faces": {
        "down":  { "uv": [ 9, 16, 7, 9 ], "texture": "#log_oak" },
        "up":    { "uv": [ 7, 9, 9, 16 ], "texture": "#log_oak" },
        "north": { "uv": [ 7, 10, 9, 12 ], "texture": "#log_oak" },
        "south": { "uv": [ 7, 10, 9, 12 ], "texture": "#log_oak" },
        "west":  { "uv": [ 7, 9, 10, 16 ], "texture": "#log_oak" },
        "east":  { "uv": [ 7, 9, 10, 16 ], "texture": "#log_oak" }
    }
},
{
    "from": [ 6.5, -0.019, -3.5 ],
    "to": [ 9.5, 16.001, -0.5 ],
    "faces": {
        "down":  { "uv": [ 1, 1, 15, 15 ], "texture": "#log_oak_top" },
        "up":    { "uv": [ 1, 1, 15, 15 ], "texture": "#log_oak_top" },
        "north": { "uv": [ 6.5, 0, 9.5, 16 ], "texture": "#texture" },
        "south": { "uv": [ 6.5, 0, 9.5, 16 ], "texture": "#texture" },
        "west":  { "uv": [ 6.5, 0, 9.5, 16 ], "texture": "#texture" },
        "east":  { "uv": [ 6.5, 0, 9.5, 16 ], "texture": "#texture" }
    }
},
{
    "__comment": "top bar",
    "from": [ 7, 12, 0.5 ],
    "to": [ 9, 15, 11.5 ],
    "faces": {
        "down":  { "uv": [ 7, 0, 9, 9 ], "texture": "#texture" },
        "up":    { "uv": [ 7, 0, 9, 9 ], "texture": "#texture" },
        "north": { "uv": [ 7, 1, 9, 4 ], "texture": "#texture", "cullface": "north" },
        "west":  { "uv": [ 0, 1, 9, 4 ], "texture": "#texture" },
        "east":  { "uv": [ 0, 1, 9, 4 ], "texture": "#texture" }
    }
},
{
    "__comment": "lower bar",
    "from": [ 7, 6, 0.5 ],
    "to": [ 9, 9, 11.5 ],
    "faces": {
        "down":  { "uv": [ 7, 0, 9, 9 ], "texture": "#texture" },
        "up":    { "uv": [ 7, 0, 9, 9 ], "texture": "#texture" },
        "north": { "uv": [ 7, 7, 9, 10 ], "texture": "#texture", "cullface": "north" },
        "west":  { "uv": [ 0, 7, 9, 10 ], "texture": "#texture" },
        "east":  { "uv": [ 0, 7, 9, 10 ], "texture": "#texture" }
    }
},
{
    "from": [ 6.5, 6.5, 0.5 ],
    "to": [ 9.5, 8.5, 11.5 ],
    "faces": {
        "down":  { "uv": [ 9.5, 11.5, 6.5, 0.5 ], "texture": "#texture" },
        "up":    { "uv": [ 6.5, 0.5, 9.5, 11.5 ], "texture": "#texture" },
        "north": { "uv": [ 6.5, 7.5, 9.5, 9.5 ], "texture": "#texture" },
        "south": { "uv": [ 6.5, 7.5, 9.5, 9.5 ], "texture": "#texture" },
        "west":  { "uv": [ 0.5, 7.5, 11.5, 9.5 ], "texture": "#texture" },
        "east":  { "uv": [ 4.5, 7.5, 15.5, 9.5 ], "texture": "#texture" }
    }
},
{
    "from": [ 6.5, 12.5, 0.5 ],
    "to": [ 9.5, 14.5, 11.5 ],
    "faces": {
        "down":  { "uv": [ 9.5, 11.5, 6.5, 0.5 ], "texture": "#texture" },
        "up":    { "uv": [ 6.5, 0.5, 9.5, 11.5 ], "texture": "#texture" },
        "north": { "uv": [ 6.5, 1.5, 9.5, 3.5 ], "texture": "#texture" },
        "south": { "uv": [ 6.5, 1.5, 9.5, 3.5 ], "texture": "#texture" },
        "west":  { "uv": [ 0.5, 1.5, 11.5, 3.5 ], "texture": "#texture" },
        "east":  { "uv": [ 4.5, 1.5, 15.5, 3.5 ], "texture": "#texture" }
    }
},
{
    "from": [ 7.5, 0.25, -0.5625 ],
    "to": [ 8.5, 1.25, 8.9375 ],
    "rotation": { "origin": [ 7.5, 1.25, -0.5625 ], "axis": "x", "angle": -45 },
    "faces": {
        "down":  { "uv": [ 9, 16, 7, 9 ], "texture": "#texture" },
        "up":    { "uv": [ 7, 9, 9, 16 ], "texture": "#texture" },
        "north": { "uv": [ 7, 10, 9, 12 ], "texture": "#texture" },
        "south": { "uv": [ 7, 10, 9, 12 ], "texture": "#texture" },
        "west":  { "uv": [ 9, 10, 16, 12 ], "texture": "#texture" },
        "east":  { "uv": [ 0, 10, 7, 12 ], "texture": "#texture" }
    }
},
{
    "from": [ 6, 0.002, 12 ],
    "to": [ 10, 16, 16 ],
    "faces": {
        "down":  { "uv": [ 10, 16, 6, 12 ], "texture": "#log_oak" },
        "up":    { "uv": [ 6, 12, 10, 16 ], "texture": "#log_oak" },
        "north": { "uv": [ 6, 0, 10, 15.998 ], "texture": "#log_oak" },
        "south": { "uv": [ 6, 0, 10, 15.998 ], "texture": "#log_oak" },
        "west":  { "uv": [ 12, 0, 16, 15.998 ], "texture": "#log_oak" },
        "east":  { "uv": [ 0, 0, 4, 15.998 ], "texture": "#log_oak" }
    }
},
{
    "from": [ 6.501, 0.003, 11.5 ],
    "to": [ 9.503, 15.999, 16.5 ],
    "faces": {
        "down":  { "uv": [ 9.499, 16, 6.497, 11.5 ], "texture": "#log_oak" },
        "up":    { "uv": [ 6.501, 11.5, 9.503, 16 ], "texture": "#log_oak" },
        "north": { "uv": [ 6.497, 0.001, 9.499, 15.997 ], "texture": "#log_oak" },
        "south": { "uv": [ 6.501, 0.001, 9.503, 15.997 ], "texture": "#log_oak" },
        "west":  { "uv": [ 11.5, 0.001, 16, 15.997 ], "texture": "#log_oak" },
        "east":  { "uv": [ 0, 0.001, 4.5, 15.997 ], "texture": "#log_oak" }
    }
},
{
    "from": [ 5.5, -0.0115, 12.501 ],
    "to": [ 10.5, 15.9825, 15.503 ],
    "faces": {
        "down":  { "uv": [ 10.5, 15.503, 5.5, 12.501 ], "texture": "#log_oak" },
        "up":    { "uv": [ 5.5, 12.501, 10.5, 15.503 ], "texture": "#log_oak" },
        "north": { "uv": [ 5.5, 0.0175, 10.5, 16 ], "texture": "#log_oak" },
        "south": { "uv": [ 5.5, 0.0175, 10.5, 16 ], "texture": "#log_oak" },
        "west":  { "uv": [ 12.501, 0.0175, 15.503, 16 ], "texture": "#log_oak" },
        "east":  { "uv": [ 0.497, 0.0175, 3.499, 16 ], "texture": "#log_oak" }
    }
},
{
    "from": [ 6.5, -0.019, 12.5 ],
    "to": [ 9.5, 16.001, 15.5 ],
    "faces": {
        "down":  { "uv": [ 1, 1, 15, 15 ], "texture": "#log_oak_top" },
        "up":    { "uv": [ 1, 1, 15, 15 ], "texture": "#log_oak_top" },
        "north": { "uv": [ 6.5, 0, 9.5, 16 ], "texture": "#texture" },
        "south": { "uv": [ 6.5, 0, 9.5, 16 ], "texture": "#texture" },
        "west":  { "uv": [ 6.5, 0, 9.5, 16 ], "texture": "#texture" },
        "east":  { "uv": [ 6.5, 0, 9.5, 16 ], "texture": "#texture" }
    }
},
{
    "from": [ 7.5, 7, 5.75 ],
    "to": [ 8.5, 8, 15.25 ],
    "rotation": { "origin": [ 7.5, 8, 5.75 ], "axis": "x", "angle": 45 },
    "faces": {
        "down":  { "uv": [ 9, 16, 7, 9 ], "texture": "#texture" },
        "up":    { "uv": [ 7, 9, 9, 16 ], "texture": "#texture" },
        "north": { "uv": [ 7, 10, 9, 12 ], "texture": "#texture" },
        "south": { "uv": [ 7, 10, 9, 12 ], "texture": "#texture" },
        "west":  { "uv": [ 9, 10, 16, 12 ], "texture": "#texture" },
        "east":  { "uv": [ 0, 10, 7, 12 ], "texture": "#texture" }
    }
}
],
"display": {
    "thirdperson_righthand": {
        "rotation": [ 47, 45, 0 ],
        "translation": [ 0, 0.76, -0.38 ],
        "scale": [ 0.37, 0.37, 0.37 ]
    },
    "thirdperson_lefthand": {
        "rotation": [ 47, 45, 0 ],
        "translation": [ 0, 0.76, -0.38 ],
        "scale": [ 0.37, 0.37, 0.37 ]
    },
    "head": {
        "rotation": [ 0, 0, 0 ],
        "translation": [ -0.19, 11.91, 1.51 ],
        "scale": [ 0.68, 0.68, 0.68 ]
    },
    "ground": {
        "rotation": [ 0, 0, 0 ],
        "translation": [ 0, 3, 0 ],
        "scale": [ 0.25, 0.25, 0.25 ]
    },
    "fixed": {
        "rotation": [ 0, 90, 0 ],
        "translation": [ 0, 0, 0 ],
        "scale": [ 0.5, 0.5, 0.5 ]
    },
    "firstperson_righthand": {
        "rotation": [ 0, 45, 0 ],
        "translation": [ 0.57, 0, 0 ],
        "scale": [ 0.4, 0.4, 0.4 ]
    },
    "firstperson_lefthand": {
        "rotation": [ 0, 45, 0 ],
        "translation": [ 1.13, 0, 0 ],
        "scale": [ 0.4, 0.4, 0.4 ]
    },
    "gui": {
        "rotation": [ 30, 225, 0 ],
        "translation": [ 0, 0, 0 ],
        "scale": [ 0.625, 0.625, 0.625 ]
    }
}
}