{
"__comment": "Designed by CoolScreenName http://www.planetminecraft.com/member/coolscreenname/",
"textures": {
    "log_big_oak": "blocks/diamond_block",
    "cauldron_inner": "blocks/cauldron_inner",
    "wool_colored_white": "blocks/gold_block",
    "iron_block": "blocks/gold_block"
},
"elements": [ 
{
    "from": [ 8.15, 8.25, -0.25 ],
    "to": [ 8.4, 8.5, 11.25 ],
    "faces": {
        "down":  { "uv": [ 7.85, 11.25, 7.6, 0 ], "texture": "#log_big_oak" },
        "up":    { "uv": [ 8.15, 0, 8.4, 11.25 ], "texture": "#log_big_oak" },
        "north": { "uv": [ 7.6, 7.5, 7.85, 7.75 ], "texture": "#log_big_oak" },
        "south": { "uv": [ 8.15, 7.5, 8.4, 7.75 ], "texture": "#log_big_oak" },
        "west":  { "uv": [ 0, 7.5, 11.25, 7.75 ], "texture": "#log_big_oak" },
        "east":  { "uv": [ 4.75, 7.5, 16, 7.75 ], "texture": "#log_big_oak" }
    }
},
{
    "from": [ 8.275, 8.125, 11 ],
    "to": [ 8.775, 8.625, 11.5 ],
    "rotation": { "origin": [ 8.275, 8.125, 11 ], "axis": "y", "angle": -45 },
    "faces": {
        "down":  { "uv": [ 13.25, 16, 12.75, 16 ], "texture": "#iron_block" },
        "up":    { "uv": [ 2.75, 16, 3.25, 16 ], "texture": "#iron_block" },
        "north": { "uv": [ 12.75, 7.5, 13.25, 8 ], "texture": "#iron_block" },
        "south": { "uv": [ 2.75, 7.5, 3.25, 8 ], "texture": "#iron_block" },
        "west":  { "uv": [ 16, 7.5, 16, 8 ], "texture": "#iron_block" },
        "east":  { "uv": [ 0, 7.5, 0, 8 ], "texture": "#iron_block" }
    }
},
{
    "from": [ 8.5875, 8.375, -0.125 ],
    "to": [ 9.0875, 8.4375, 1.375 ],
    "rotation": { "origin": [ 8.5875, 8.375, -0.125 ], "axis": "y", "angle": -22.5 },
    "faces": {
        "down":  { "uv": [ 7.4125, 1.375, 6.9125, 0 ], "texture": "#wool_colored_white" },
        "up":    { "uv": [ 8.5875, 0, 9.0875, 1.375 ], "texture": "#wool_colored_white" },
        "north": { "uv": [ 6.9125, 7.5625, 7.4125, 7.625 ], "texture": "#wool_colored_white" },
        "south": { "uv": [ 8.5875, 7.5625, 9.0875, 7.625 ], "texture": "#wool_colored_white" },
        "west":  { "uv": [ 0, 7.5625, 1.375, 7.625 ], "texture": "#wool_colored_white" },
        "east":  { "uv": [ 14.625, 7.5625, 16, 7.625 ], "texture": "#wool_colored_white" }
    }
},
{
    "from": [ 7.4625, 8.375, 0.0625 ],
    "to": [ 7.9625, 8.4375, 1.5625 ],
    "rotation": { "origin": [ 7.4625, 8.375, 0.0625 ], "axis": "y", "angle": 22.5 },
    "faces": {
        "down":  { "uv": [ 13.4221, 8.625, 12.9221, 6.625 ], "texture": "#wool_colored_white" },
        "up":    { "uv": [ 2.57787, 6.625, 3.07787, 8.625 ], "texture": "#wool_colored_white" },
        "north": { "uv": [ 12.9221, 7.5625, 13.4221, 7.625 ], "texture": "#wool_colored_white" },
        "south": { "uv": [ 2.57787, 7.5625, 3.07787, 7.625 ], "texture": "#wool_colored_white" },
        "west":  { "uv": [ 6.625, 7.5625, 8.625, 7.625 ], "texture": "#wool_colored_white" },
        "east":  { "uv": [ 7.375, 7.5625, 9.375, 7.625 ], "texture": "#wool_colored_white" }
    }
},
{
    "from": [ 8.275, 8.5625, 0 ],
    "to": [ 8.3375, 9.0625, 1.5 ],
    "rotation": { "origin": [ 8.275, 9.0625, 0 ], "axis": "x", "angle": 22.5 },
    "faces": {
        "down":  { "uv": [ 10.75, 4.25, 10.6875, 2.25 ], "texture": "#wool_colored_white" },
        "up":    { "uv": [ 5.25, 2.25, 5.3125, 4.25 ], "texture": "#wool_colored_white" },
        "north": { "uv": [ 10.6875, 6.5, 10.75, 7.25 ], "texture": "#wool_colored_white" },
        "south": { "uv": [ 5.25, 6.5, 5.3125, 7.25 ], "texture": "#wool_colored_white" },
        "west":  { "uv": [ 2.25, 6.5, 4.25, 7.25 ], "texture": "#wool_colored_white" },
        "east":  { "uv": [ 11.75, 6.5, 13.75, 7.25 ], "texture": "#wool_colored_white" }
    }
},
{
    "from": [ 8.275, 7.54, -0.25 ],
    "to": [ 8.3375, 8.04, 1.25 ],
    "rotation": { "origin": [ 8.275, 8.04, -0.25 ], "axis": "x", "angle": -22.5 },
    "faces": {
        "down":  { "uv": [ 10.75, 4.25, 10.6875, 2.25 ], "texture": "#wool_colored_white" },
        "up":    { "uv": [ 5.25, 2.25, 5.3125, 4.25 ], "texture": "#wool_colored_white" },
        "north": { "uv": [ 10.6875, 6.5, 10.75, 7.25 ], "texture": "#wool_colored_white" },
        "south": { "uv": [ 5.25, 6.5, 5.3125, 7.25 ], "texture": "#wool_colored_white" },
        "west":  { "uv": [ 2.25, 6.5, 4.25, 7.25 ], "texture": "#wool_colored_white" },
        "east":  { "uv": [ 11.75, 6.5, 13.75, 7.25 ], "texture": "#wool_colored_white" }
    }
}
],
"display": {
    "thirdperson_righthand": {
        "rotation": [ -6, 180, 1 ],
        "translation": [ -1.7, -2.83, -2.46 ],
        "scale": [ 1.95, 1.95, 1.95 ]
    },
    "thirdperson_lefthand": {
        "rotation": [ -6, 180, 1 ],
        "translation": [ 2.83, -2.83, -2.46 ],
        "scale": [ 1.95, 1.95, 1.95 ]
    },
    "head": {
        "rotation": [ 120, 102, -106 ],
        "translation": [ 5.86, 1.51, -0.94 ],
        "scale": [ 1.7, 2.29, 2.83 ]
    },
    "ground": {
        "rotation": [ 0, 0, 0 ],
        "translation": [ 0, -1.89, 0 ],
        "scale": [ 1, 1, 1 ]
    },
    "fixed": {
        "rotation": [ -84, -43, -77 ],
        "translation": [ -3.02, 2.46, -1.32 ],
        "scale": [ 1.45, 1.8, 1.42 ]
    },
    "firstperson_righthand": {
        "rotation": [ 6, 160, 0 ],
        "translation": [ 0, 2.65, 0.38 ],
        "scale": [ 1, 1, 1 ]
    },
    "firstperson_lefthand": {
        "rotation": [ 6, 167, 0 ],
        "translation": [ 2.46, 2.65, 0.38 ],
        "scale": [ 1, 1, 1 ]
    },
    "gui": {
        "rotation": [ -79, 50, -94 ],
        "translation": [ 2.08, 2.65, 0 ],
        "scale": [ 1.25, 1.25, 1.25 ]
    }
}
}