{
"__comment": "Designed by CoolScreenName http://www.planetminecraft.com/member/coolscreenname/",
"textures": {
    "particle": "items/potato_baked",
    "texture": "blocks/grass_path_top",
    "sandstone_smooth": "blocks/sandstone_top"
},
"elements": [ 
{
    "__comment": "Potato",
    "from": [ 5, 2, 7 ],
    "to": [ 10.5, 4.5, 9 ],
    "faces": {
        "down":  { "uv": [ 11, 9, 5.5, 7 ], "texture": "#texture" },
        "up":    { "uv": [ 5, 7, 10.5, 9 ], "texture": "#texture" },
        "north": { "uv": [ 5.5, 11.5, 11, 14 ], "texture": "#texture" },
        "south": { "uv": [ 5, 11.5, 10.5, 14 ], "texture": "#texture" },
        "west":  { "uv": [ 7, 11.5, 9, 14 ], "texture": "#texture" },
        "east":  { "uv": [ 7, 11.5, 9, 14 ], "texture": "#texture" }
    }
},
{
    "__comment": "Potato",
    "from": [ 5, 4.5, 7 ],
    "to": [ 11, 5, 8.5 ],
    "faces": {
        "down":  { "uv": [ 11, 8.5, 5, 7 ], "texture": "#texture" },
        "up":    { "uv": [ 5, 7, 11, 8.5 ], "texture": "#texture" },
        "north": { "uv": [ 5, 11, 11, 11.5 ], "texture": "#texture" },
        "south": { "uv": [ 5, 11, 11, 11.5 ], "texture": "#texture" },
        "west":  { "uv": [ 7, 11, 8.5, 11.5 ], "texture": "#texture" },
        "east":  { "uv": [ 7.5, 11, 9, 11.5 ], "texture": "#texture" }
    }
},
{
    "__comment": "Potato",
    "from": [ 5, 1.5, 7.5 ],
    "to": [ 10.5, 2, 9 ],
    "faces": {
        "down":  { "uv": [ 11, 9, 5.5, 7.5 ], "texture": "#texture" },
        "up":    { "uv": [ 5, 7.5, 10.5, 9 ], "texture": "#texture" },
        "north": { "uv": [ 5.5, 14, 11, 14.5 ], "texture": "#texture" },
        "south": { "uv": [ 5, 14, 10.5, 14.5 ], "texture": "#texture" },
        "west":  { "uv": [ 7.5, 14, 9, 14.5 ], "texture": "#texture" },
        "east":  { "uv": [ 7, 14, 8.5, 14.5 ], "texture": "#texture" }
    }
},
{
    "__comment": "Potato",
    "from": [ 5, 5, 7.5 ],
    "to": [ 11, 5.5, 8.5 ],
    "faces": {
        "down":  { "uv": [ 11, 8.5, 5, 7.5 ], "texture": "#texture" },
        "up":    { "uv": [ 5, 7.5, 11, 8.5 ], "texture": "#texture" },
        "north": { "uv": [ 5, 10.5, 11, 11 ], "texture": "#texture" },
        "south": { "uv": [ 5, 10.5, 11, 11 ], "texture": "#texture" },
        "west":  { "uv": [ 7.5, 10.5, 8.5, 11 ], "texture": "#texture" },
        "east":  { "uv": [ 7.5, 10.5, 8.5, 11 ], "texture": "#texture" }
    }
},
{
    "__comment": "Potato",
    "from": [ 5, 1, 8 ],
    "to": [ 10.5, 1.5, 8.5 ],
    "faces": {
        "down":  { "uv": [ 11, 8.5, 5.5, 8 ], "texture": "#texture" },
        "up":    { "uv": [ 5, 8, 10.5, 8.5 ], "texture": "#texture" },
        "north": { "uv": [ 5.5, 14.5, 11, 15 ], "texture": "#texture" },
        "south": { "uv": [ 5, 14.5, 10.5, 15 ], "texture": "#texture" },
        "west":  { "uv": [ 8, 14.5, 8.5, 15 ], "texture": "#texture" },
        "east":  { "uv": [ 7.5, 14.5, 8, 15 ], "texture": "#texture" }
    }
},
{
    "__comment": "Potato",
    "from": [ 5.5, 2.5, 6 ],
    "to": [ 10, 4.5, 7 ],
    "faces": {
        "down":  { "uv": [ 10.5, 7, 6, 6 ], "texture": "#texture" },
        "up":    { "uv": [ 5.5, 6, 10, 7 ], "texture": "#texture" },
        "north": { "uv": [ 6, 11.5, 10.5, 13.5 ], "texture": "#texture" },
        "south": { "uv": [ 5.5, 11.5, 10, 13.5 ], "texture": "#texture" },
        "west":  { "uv": [ 6, 11.5, 7, 13.5 ], "texture": "#texture" },
        "east":  { "uv": [ 9, 11.5, 10, 13.5 ], "texture": "#texture" }
    }
},
{
    "__comment": "Potato",
    "from": [ 5.5, 1, 6.5 ],
    "to": [ 10, 1.5, 8 ],
    "faces": {
        "down":  { "uv": [ 10.5, 8, 6, 6.5 ], "texture": "#texture" },
        "up":    { "uv": [ 5.5, 6.5, 10, 8 ], "texture": "#texture" },
        "north": { "uv": [ 6, 14.5, 10.5, 15 ], "texture": "#texture" },
        "south": { "uv": [ 5.5, 14.5, 10, 15 ], "texture": "#texture" },
        "west":  { "uv": [ 6.5, 14.5, 8, 15 ], "texture": "#texture" },
        "east":  { "uv": [ 8, 14.5, 9.5, 15 ], "texture": "#texture" }
    }
},
{
    "__comment": "Potato",
    "from": [ 5.5, 1.5, 6.5 ],
    "to": [ 10.5, 2, 7.5 ],
    "faces": {
        "down":  { "uv": [ 10.5, 7.5, 5.5, 6.5 ], "texture": "#texture" },
        "up":    { "uv": [ 5.5, 6.5, 10.5, 7.5 ], "texture": "#texture" },
        "north": { "uv": [ 5.5, 14, 10.5, 14.5 ], "texture": "#texture" },
        "south": { "uv": [ 5.5, 14, 10.5, 14.5 ], "texture": "#texture" },
        "west":  { "uv": [ 6.5, 14, 7.5, 14.5 ], "texture": "#texture" },
        "east":  { "uv": [ 8.5, 14, 9.5, 14.5 ], "texture": "#texture" }
    }
},
{
    "__comment": "Potato",
    "from": [ 5.5, 2, 6.5 ],
    "to": [ 10.5, 2.5, 7 ],
    "faces": {
        "down":  { "uv": [ 10.5, 7, 5.5, 6.5 ], "texture": "#texture" },
        "up":    { "uv": [ 5.5, 6.5, 10.5, 7 ], "texture": "#texture" },
        "north": { "uv": [ 5.5, 13.5, 10.5, 14 ], "texture": "#texture" },
        "south": { "uv": [ 5.5, 13.5, 10.5, 14 ], "texture": "#texture" },
        "west":  { "uv": [ 6.5, 13.5, 7, 14 ], "texture": "#texture" },
        "east":  { "uv": [ 9, 13.5, 9.5, 14 ], "texture": "#texture" }
    }
},
{
    "__comment": "Potato",
    "from": [ 5.5, 4.5, 6.5 ],
    "to": [ 10.5, 5.5, 7 ],
    "faces": {
        "down":  { "uv": [ 10.5, 7, 5.5, 6.5 ], "texture": "#texture" },
        "up":    { "uv": [ 5.5, 6.5, 10.5, 7 ], "texture": "#texture" },
        "north": { "uv": [ 5.5, 10.5, 10.5, 11.5 ], "texture": "#texture" },
        "south": { "uv": [ 5.5, 10.5, 10.5, 11.5 ], "texture": "#texture" },
        "west":  { "uv": [ 6.5, 10.5, 7, 11.5 ], "texture": "#texture" },
        "east":  { "uv": [ 9, 10.5, 9.5, 11.5 ], "texture": "#texture" }
    }
},
{
    "__comment": "Potato",
    "from": [ 5.5, 5, 7 ],
    "to": [ 10.5, 6.5, 7.5 ],
    "faces": {
        "down":  { "uv": [ 10.5, 7.5, 5.5, 7 ], "texture": "#texture" },
        "up":    { "uv": [ 5.5, 7, 10.5, 7.5 ], "texture": "#texture" },
        "north": { "uv": [ 5.5, 9.5, 10.5, 11 ], "texture": "#texture" },
        "south": { "uv": [ 5.5, 9.5, 10.5, 11 ], "texture": "#texture" },
        "west":  { "uv": [ 7, 9.5, 7.5, 11 ], "texture": "#texture" },
        "east":  { "uv": [ 8.5, 9.5, 9, 11 ], "texture": "#texture" }
    }
},
{
    "__comment": "Potato",
    "from": [ 5.5, 0.5, 7.5 ],
    "to": [ 10.5, 1, 8.5 ],
    "faces": {
        "down":  { "uv": [ 10.5, 8.5, 5.5, 7.5 ], "texture": "#texture" },
        "up":    { "uv": [ 5.5, 7.5, 10.5, 8.5 ], "texture": "#texture" },
        "north": { "uv": [ 5.5, 15, 10.5, 15.5 ], "texture": "#texture" },
        "south": { "uv": [ 5.5, 15, 10.5, 15.5 ], "texture": "#texture" },
        "west":  { "uv": [ 7.5, 15, 8.5, 15.5 ], "texture": "#texture" },
        "east":  { "uv": [ 7.5, 15, 8.5, 15.5 ], "texture": "#texture" }
    }
},
{
    "__comment": "Potato",
    "from": [ 5.5, 5.5, 7.5 ],
    "to": [ 10.5, 6, 9 ],
    "faces": {
        "down":  { "uv": [ 10.5, 9, 5.5, 7.5 ], "texture": "#texture" },
        "up":    { "uv": [ 5.5, 7.5, 10.5, 9 ], "texture": "#texture" },
        "north": { "uv": [ 5.5, 10, 10.5, 10.5 ], "texture": "#texture" },
        "south": { "uv": [ 5.5, 10, 10.5, 10.5 ], "texture": "#texture" },
        "west":  { "uv": [ 7.5, 10, 9, 10.5 ], "texture": "#texture" },
        "east":  { "uv": [ 7, 10, 8.5, 10.5 ], "texture": "#texture" }
    }
},
{
    "__comment": "Potato",
    "from": [ 5.5, 6, 7.5 ],
    "to": [ 10.5, 6.5, 8.5 ],
    "faces": {
        "down":  { "uv": [ 10.5, 8.5, 5.5, 7.5 ], "texture": "#texture" },
        "up":    { "uv": [ 5.5, 7.5, 10.5, 8.5 ], "texture": "#texture" },
        "north": { "uv": [ 5.5, 9.5, 10.5, 10 ], "texture": "#texture" },
        "south": { "uv": [ 5.5, 9.5, 10.5, 10 ], "texture": "#texture" },
        "west":  { "uv": [ 7.5, 9.5, 8.5, 10 ], "texture": "#texture" },
        "east":  { "uv": [ 7.5, 9.5, 8.5, 10 ], "texture": "#texture" }
    }
},
{
    "__comment": "Potato",
    "from": [ 5.5, 1, 8.5 ],
    "to": [ 10.5, 1.5, 9 ],
    "faces": {
        "down":  { "uv": [ 10.5, 9, 5.5, 8.5 ], "texture": "#texture" },
        "up":    { "uv": [ 5.5, 8.5, 10.5, 9 ], "texture": "#texture" },
        "north": { "uv": [ 5.5, 14.5, 10.5, 15 ], "texture": "#texture" },
        "south": { "uv": [ 5.5, 14.5, 10.5, 15 ], "texture": "#texture" },
        "west":  { "uv": [ 8.5, 14.5, 9, 15 ], "texture": "#texture" },
        "east":  { "uv": [ 7, 14.5, 7.5, 15 ], "texture": "#texture" }
    }
},
{
    "__comment": "Potato",
    "from": [ 5.5, 4.5, 8.5 ],
    "to": [ 10.5, 5, 9.5 ],
    "faces": {
        "down":  { "uv": [ 10.5, 9.5, 5.5, 8.5 ], "texture": "#texture" },
        "up":    { "uv": [ 5.5, 8.5, 10.5, 9.5 ], "texture": "#texture" },
        "north": { "uv": [ 5.5, 11, 10.5, 11.5 ], "texture": "#texture" },
        "south": { "uv": [ 5.5, 11, 10.5, 11.5 ], "texture": "#texture" },
        "west":  { "uv": [ 8.5, 11, 9.5, 11.5 ], "texture": "#texture" },
        "east":  { "uv": [ 6.5, 11, 7.5, 11.5 ], "texture": "#texture" }
    }
},
{
    "__comment": "Potato",
    "from": [ 5.5, 5, 8.5 ],
    "to": [ 10.5, 5.5, 9 ],
    "faces": {
        "down":  { "uv": [ 10.5, 9, 5.5, 8.5 ], "texture": "#texture" },
        "up":    { "uv": [ 5.5, 8.5, 10.5, 9 ], "texture": "#texture" },
        "north": { "uv": [ 5.5, 10.5, 10.5, 11 ], "texture": "#texture" },
        "south": { "uv": [ 5.5, 10.5, 10.5, 11 ], "texture": "#texture" },
        "west":  { "uv": [ 8.5, 10.5, 9, 11 ], "texture": "#texture" },
        "east":  { "uv": [ 7, 10.5, 7.5, 11 ], "texture": "#texture" }
    }
},
{
    "__comment": "Potato",
    "from": [ 5.5, 1.5, 9 ],
    "to": [ 10.5, 4.5, 9.5 ],
    "faces": {
        "down":  { "uv": [ 10.5, 9.5, 5.5, 9 ], "texture": "#texture" },
        "up":    { "uv": [ 5.5, 9, 10.5, 9.5 ], "texture": "#texture" },
        "north": { "uv": [ 5.5, 11.5, 10.5, 14.5 ], "texture": "#texture" },
        "south": { "uv": [ 5.5, 11.5, 10.5, 14.5 ], "texture": "#texture" },
        "west":  { "uv": [ 9, 11.5, 9.5, 14.5 ], "texture": "#texture" },
        "east":  { "uv": [ 6.5, 11.5, 7, 14.5 ], "texture": "#texture" }
    }
},
{
    "__comment": "Potato",
    "from": [ 5.5, 2.5, 9.5 ],
    "to": [ 10.5, 4.5, 10 ],
    "faces": {
        "down":  { "uv": [ 10.5, 10, 5.5, 9.5 ], "texture": "#texture" },
        "up":    { "uv": [ 5.5, 9.5, 10.5, 10 ], "texture": "#texture" },
        "north": { "uv": [ 5.5, 11.5, 10.5, 13.5 ], "texture": "#texture" },
        "south": { "uv": [ 5.5, 11.5, 10.5, 13.5 ], "texture": "#texture" },
        "west":  { "uv": [ 9.5, 11.5, 10, 13.5 ], "texture": "#texture" },
        "east":  { "uv": [ 6, 11.5, 6.5, 13.5 ], "texture": "#texture" }
    }
},
{
    "__comment": "Potato",
    "from": [ 6, 1, 5.5 ],
    "to": [ 10, 2.5, 6.5 ],
    "faces": {
        "down":  { "uv": [ 10, 6.5, 6, 5.5 ], "texture": "#texture" },
        "up":    { "uv": [ 6, 5.5, 10, 6.5 ], "texture": "#texture" },
        "north": { "uv": [ 6, 13.5, 10, 15 ], "texture": "#texture" },
        "south": { "uv": [ 6, 13.5, 10, 15 ], "texture": "#texture" },
        "west":  { "uv": [ 5.5, 13.5, 6.5, 15 ], "texture": "#texture" },
        "east":  { "uv": [ 9.5, 13.5, 10.5, 15 ], "texture": "#texture" }
    }
},
{
    "__comment": "Potato",
    "from": [ 6, 2.5, 5.5 ],
    "to": [ 10, 5, 6 ],
    "faces": {
        "down":  { "uv": [ 10, 6, 6, 5.5 ], "texture": "#texture" },
        "up":    { "uv": [ 6, 5.5, 10, 6 ], "texture": "#texture" },
        "north": { "uv": [ 6, 11, 10, 13.5 ], "texture": "#texture" },
        "south": { "uv": [ 6, 11, 10, 13.5 ], "texture": "#texture" },
        "west":  { "uv": [ 5.5, 11, 6, 13.5 ], "texture": "#texture" },
        "east":  { "uv": [ 10, 11, 10.5, 13.5 ], "texture": "#texture" }
    }
},
{
    "__comment": "Potato",
    "from": [ 6, 4.5, 6 ],
    "to": [ 10, 6, 6.5 ],
    "faces": {
        "down":  { "uv": [ 10, 6.5, 6, 6 ], "texture": "#texture" },
        "up":    { "uv": [ 6, 6, 10, 6.5 ], "texture": "#texture" },
        "north": { "uv": [ 6, 10, 10, 11.5 ], "texture": "#texture" },
        "south": { "uv": [ 6, 10, 10, 11.5 ], "texture": "#texture" },
        "west":  { "uv": [ 6, 10, 6.5, 11.5 ], "texture": "#texture" },
        "east":  { "uv": [ 9.5, 10, 10, 11.5 ], "texture": "#texture" }
    }
},
{
    "__comment": "Potato",
    "from": [ 6, 0.5, 6.5 ],
    "to": [ 10, 1, 7.5 ],
    "faces": {
        "down":  { "uv": [ 10, 7.5, 6, 6.5 ], "texture": "#texture" },
        "up":    { "uv": [ 6, 6.5, 10, 7.5 ], "texture": "#texture" },
        "north": { "uv": [ 6, 15, 10, 15.5 ], "texture": "#texture" },
        "south": { "uv": [ 6, 15, 10, 15.5 ], "texture": "#texture" },
        "west":  { "uv": [ 6.5, 15, 7.5, 15.5 ], "texture": "#texture" },
        "east":  { "uv": [ 8.5, 15, 9.5, 15.5 ], "texture": "#texture" }
    }
},
{
    "__comment": "Potato",
    "from": [ 6, 5.5, 6.5 ],
    "to": [ 10, 6.5, 7 ],
    "faces": {
        "down":  { "uv": [ 10, 7, 6, 6.5 ], "texture": "#texture" },
        "up":    { "uv": [ 6, 6.5, 10, 7 ], "texture": "#texture" },
        "north": { "uv": [ 6, 9.5, 10, 10.5 ], "texture": "#texture" },
        "south": { "uv": [ 6, 9.5, 10, 10.5 ], "texture": "#texture" },
        "west":  { "uv": [ 6.5, 9.5, 7, 10.5 ], "texture": "#texture" },
        "east":  { "uv": [ 9, 9.5, 9.5, 10.5 ], "texture": "#texture" }
    }
},
{
    "__comment": "Potato",
    "from": [ 6, 6.5, 7 ],
    "to": [ 10, 7, 9 ],
    "faces": {
        "down":  { "uv": [ 10, 9, 6, 7 ], "texture": "#texture" },
        "up":    { "uv": [ 6, 7, 10, 9 ], "texture": "#texture" },
        "north": { "uv": [ 6, 9, 10, 9.5 ], "texture": "#texture" },
        "south": { "uv": [ 6, 9, 10, 9.5 ], "texture": "#texture" },
        "west":  { "uv": [ 7, 9, 9, 9.5 ], "texture": "#texture" },
        "east":  { "uv": [ 7, 9, 9, 9.5 ], "texture": "#texture" }
    }
},
{
    "__comment": "Potato",
    "from": [ 6, 0, 7.5 ],
    "to": [ 10, 0.5, 9 ],
    "faces": {
        "down":  { "uv": [ 10, 9, 6, 7.5 ], "texture": "#texture" },
        "up":    { "uv": [ 6, 7.5, 10, 9 ], "texture": "#texture" },
        "north": { "uv": [ 6, 15.5, 10, 16 ], "texture": "#texture" },
        "south": { "uv": [ 6, 15.5, 10, 16 ], "texture": "#texture" },
        "west":  { "uv": [ 7.5, 15.5, 9, 16 ], "texture": "#texture" },
        "east":  { "uv": [ 7, 15.5, 8.5, 16 ], "texture": "#texture" }
    }
},
{
    "__comment": "Potato",
    "from": [ 6, 0.5, 8.5 ],
    "to": [ 10, 1, 9.5 ],
    "faces": {
        "down":  { "uv": [ 10, 9.5, 6, 8.5 ], "texture": "#texture" },
        "up":    { "uv": [ 6, 8.5, 10, 9.5 ], "texture": "#texture" },
        "north": { "uv": [ 6, 15, 10, 15.5 ], "texture": "#texture" },
        "south": { "uv": [ 6, 15, 10, 15.5 ], "texture": "#texture" },
        "west":  { "uv": [ 8.5, 15, 9.5, 15.5 ], "texture": "#texture" },
        "east":  { "uv": [ 6.5, 15, 7.5, 15.5 ], "texture": "#texture" }
    }
},
{
    "__comment": "Potato",
    "from": [ 6, 6, 8.5 ],
    "to": [ 10, 6.5, 9.5 ],
    "faces": {
        "down":  { "uv": [ 10, 9.5, 6, 8.5 ], "texture": "#texture" },
        "up":    { "uv": [ 6, 8.5, 10, 9.5 ], "texture": "#texture" },
        "north": { "uv": [ 6, 9.5, 10, 10 ], "texture": "#texture" },
        "south": { "uv": [ 6, 9.5, 10, 10 ], "texture": "#texture" },
        "west":  { "uv": [ 8.5, 9.5, 9.5, 10 ], "texture": "#texture" },
        "east":  { "uv": [ 6.5, 9.5, 7.5, 10 ], "texture": "#texture" }
    }
},
{
    "__comment": "Potato",
    "from": [ 6, 1, 9 ],
    "to": [ 10, 1.5, 10 ],
    "faces": {
        "down":  { "uv": [ 10, 10, 6, 9 ], "texture": "#texture" },
        "up":    { "uv": [ 6, 9, 10, 10 ], "texture": "#texture" },
        "north": { "uv": [ 6, 14.5, 10, 15 ], "texture": "#texture" },
        "south": { "uv": [ 6, 14.5, 10, 15 ], "texture": "#texture" },
        "west":  { "uv": [ 9, 14.5, 10, 15 ], "texture": "#texture" },
        "east":  { "uv": [ 6, 14.5, 7, 15 ], "texture": "#texture" }
    }
},
{
    "__comment": "Potato",
    "from": [ 6, 5, 9 ],
    "to": [ 10, 6, 10 ],
    "faces": {
        "down":  { "uv": [ 10, 10, 6, 9 ], "texture": "#texture" },
        "up":    { "uv": [ 6, 9, 10, 10 ], "texture": "#texture" },
        "north": { "uv": [ 6, 10, 10, 11 ], "texture": "#texture" },
        "south": { "uv": [ 6, 10, 10, 11 ], "texture": "#texture" },
        "west":  { "uv": [ 9, 10, 10, 11 ], "texture": "#texture" },
        "east":  { "uv": [ 6, 10, 7, 11 ], "texture": "#texture" }
    }
},
{
    "__comment": "Potato",
    "from": [ 6, 1.5, 9.5 ],
    "to": [ 10, 2.5, 10.5 ],
    "faces": {
        "down":  { "uv": [ 10, 10.5, 6, 9.5 ], "texture": "#sandstone_smooth" },
        "up":    { "uv": [ 6, 9.5, 10, 10.5 ], "texture": "#sandstone_smooth" },
        "north": { "uv": [ 6, 13.5, 10, 14.5 ], "texture": "#sandstone_smooth" },
        "south": { "uv": [ 6, 13.5, 10, 14.5 ], "texture": "#sandstone_smooth" },
        "west":  { "uv": [ 9.5, 13.5, 10.5, 14.5 ], "texture": "#sandstone_smooth" },
        "east":  { "uv": [ 5.5, 13.5, 6.5, 14.5 ], "texture": "#sandstone_smooth" }
    }
},
{
    "__comment": "Potato",
    "from": [ 6, 4.5, 9.5 ],
    "to": [ 10, 5, 10.5 ],
    "faces": {
        "down":  { "uv": [ 10, 10.5, 6, 9.5 ], "texture": "#sandstone_smooth" },
        "up":    { "uv": [ 6, 9.5, 10, 10.5 ], "texture": "#sandstone_smooth" },
        "north": { "uv": [ 6, 11, 10, 11.5 ], "texture": "#sandstone_smooth" },
        "south": { "uv": [ 6, 11, 10, 11.5 ], "texture": "#sandstone_smooth" },
        "west":  { "uv": [ 9.5, 11, 10.5, 11.5 ], "texture": "#sandstone_smooth" },
        "east":  { "uv": [ 5.5, 11, 6.5, 11.5 ], "texture": "#sandstone_smooth" }
    }
},
{
    "__comment": "Potato",
    "from": [ 6, 2.5, 10 ],
    "to": [ 10, 4.5, 10.5 ],
    "faces": {
        "down":  { "uv": [ 10, 10.5, 6, 10 ], "texture": "#sandstone_smooth" },
        "up":    { "uv": [ 6, 10, 10, 10.5 ], "texture": "#sandstone_smooth" },
        "north": { "uv": [ 6, 11.5, 10, 13.5 ], "texture": "#sandstone_smooth" },
        "south": { "uv": [ 6, 11.5, 10, 13.5 ], "texture": "#sandstone_smooth" },
        "west":  { "uv": [ 10, 11.5, 10.5, 13.5 ], "texture": "#sandstone_smooth" },
        "east":  { "uv": [ 5.5, 11.5, 6, 13.5 ], "texture": "#sandstone_smooth" }
    }
},
{
    "__comment": "Potato",
    "from": [ 6.5, 0.5, 5.5 ],
    "to": [ 9.5, 1, 6.5 ],
    "faces": {
        "down":  { "uv": [ 9.5, 6.5, 6.5, 5.5 ], "texture": "#texture" },
        "up":    { "uv": [ 6.5, 5.5, 9.5, 6.5 ], "texture": "#texture" },
        "north": { "uv": [ 6.5, 15, 9.5, 15.5 ], "texture": "#texture" },
        "south": { "uv": [ 6.5, 15, 9.5, 15.5 ], "texture": "#texture" },
        "west":  { "uv": [ 5.5, 15, 6.5, 15.5 ], "texture": "#texture" },
        "east":  { "uv": [ 9.5, 15, 10.5, 15.5 ], "texture": "#texture" }
    }
},
{
    "__comment": "Potato",
    "from": [ 6.5, 5, 5.5 ],
    "to": [ 9.5, 6, 6 ],
    "faces": {
        "down":  { "uv": [ 9.5, 6, 6.5, 5.5 ], "texture": "#texture" },
        "up":    { "uv": [ 6.5, 5.5, 9.5, 6 ], "texture": "#texture" },
        "north": { "uv": [ 6.5, 10, 9.5, 11 ], "texture": "#texture" },
        "south": { "uv": [ 6.5, 10, 9.5, 11 ], "texture": "#texture" },
        "west":  { "uv": [ 5.5, 10, 6, 11 ], "texture": "#texture" },
        "east":  { "uv": [ 10, 10, 10.5, 11 ], "texture": "#texture" }
    }
},
{
    "__comment": "Potato",
    "from": [ 6.5, 0, 6 ],
    "to": [ 9.5, 0.5, 7.5 ],
    "faces": {
        "down":  { "uv": [ 9.5, 7.5, 6.5, 6 ], "texture": "#texture" },
        "up":    { "uv": [ 6.5, 6, 9.5, 7.5 ], "texture": "#texture" },
        "north": { "uv": [ 6.5, 15.5, 9.5, 16 ], "texture": "#texture" },
        "south": { "uv": [ 6.5, 15.5, 9.5, 16 ], "texture": "#texture" },
        "west":  { "uv": [ 6, 15.5, 7.5, 16 ], "texture": "#texture" },
        "east":  { "uv": [ 8.5, 15.5, 10, 16 ], "texture": "#texture" }
    }
},
{
    "__comment": "Potato",
    "from": [ 6.5, 6, 6 ],
    "to": [ 9.5, 7, 6.5 ],
    "faces": {
        "down":  { "uv": [ 9.5, 6.5, 6.5, 6 ], "texture": "#texture" },
        "up":    { "uv": [ 6.5, 6, 9.5, 6.5 ], "texture": "#texture" },
        "north": { "uv": [ 6.5, 9, 9.5, 10 ], "texture": "#texture" },
        "south": { "uv": [ 6.5, 9, 9.5, 10 ], "texture": "#texture" },
        "west":  { "uv": [ 6, 9, 6.5, 10 ], "texture": "#texture" },
        "east":  { "uv": [ 9.5, 9, 10, 10 ], "texture": "#texture" }
    }
},
{
    "__comment": "Potato",
    "from": [ 6.5, 6.5, 6.5 ],
    "to": [ 9.5, 7.5, 7 ],
    "faces": {
        "down":  { "uv": [ 9.5, 7, 6.5, 6.5 ], "texture": "#texture" },
        "up":    { "uv": [ 6.5, 6.5, 9.5, 7 ], "texture": "#texture" },
        "north": { "uv": [ 6.5, 8.5, 9.5, 9.5 ], "texture": "#texture" },
        "south": { "uv": [ 6.5, 8.5, 9.5, 9.5 ], "texture": "#texture" },
        "west":  { "uv": [ 6.5, 8.5, 7, 9.5 ], "texture": "#texture" },
        "east":  { "uv": [ 9, 8.5, 9.5, 9.5 ], "texture": "#texture" }
    }
},
{
    "__comment": "Potato",
    "from": [ 6.5, 7, 7 ],
    "to": [ 9.5, 7.5, 9 ],
    "faces": {
        "down":  { "uv": [ 9.5, 9, 6.5, 7 ], "texture": "#texture" },
        "up":    { "uv": [ 6.5, 7, 9.5, 9 ], "texture": "#texture" },
        "north": { "uv": [ 6.5, 8.5, 9.5, 9 ], "texture": "#texture" },
        "south": { "uv": [ 6.5, 8.5, 9.5, 9 ], "texture": "#texture" },
        "west":  { "uv": [ 7, 8.5, 9, 9 ], "texture": "#texture" },
        "east":  { "uv": [ 7, 8.5, 9, 9 ], "texture": "#texture" }
    }
},
{
    "__comment": "Potato",
    "from": [ 6.5, 0, 9 ],
    "to": [ 9.5, 0.5, 9.5 ],
    "faces": {
        "down":  { "uv": [ 9.5, 9.5, 6.5, 9 ], "texture": "#texture" },
        "up":    { "uv": [ 6.5, 9, 9.5, 9.5 ], "texture": "#texture" },
        "north": { "uv": [ 6.5, 15.5, 9.5, 16 ], "texture": "#texture" },
        "south": { "uv": [ 6.5, 15.5, 9.5, 16 ], "texture": "#texture" },
        "west":  { "uv": [ 9, 15.5, 9.5, 16 ], "texture": "#texture" },
        "east":  { "uv": [ 6.5, 15.5, 7, 16 ], "texture": "#texture" }
    }
},
{
    "__comment": "Potato",
    "from": [ 6.5, 6.5, 9 ],
    "to": [ 9.5, 7, 9.5 ],
    "faces": {
        "down":  { "uv": [ 9.5, 9.5, 6.5, 9 ], "texture": "#texture" },
        "up":    { "uv": [ 6.5, 9, 9.5, 9.5 ], "texture": "#texture" },
        "north": { "uv": [ 6.5, 9, 9.5, 9.5 ], "texture": "#texture" },
        "south": { "uv": [ 6.5, 9, 9.5, 9.5 ], "texture": "#texture" },
        "west":  { "uv": [ 9, 9, 9.5, 9.5 ], "texture": "#texture" },
        "east":  { "uv": [ 6.5, 9, 7, 9.5 ], "texture": "#texture" }
    }
},
{
    "__comment": "Potato",
    "from": [ 6.5, 0.5, 9.5 ],
    "to": [ 9.5, 1, 10 ],
    "faces": {
        "down":  { "uv": [ 9.5, 10, 6.5, 9.5 ], "texture": "#texture" },
        "up":    { "uv": [ 6.5, 9.5, 9.5, 10 ], "texture": "#texture" },
        "north": { "uv": [ 6.5, 15, 9.5, 15.5 ], "texture": "#texture" },
        "south": { "uv": [ 6.5, 15, 9.5, 15.5 ], "texture": "#texture" },
        "west":  { "uv": [ 9.5, 15, 10, 15.5 ], "texture": "#texture" },
        "east":  { "uv": [ 6, 15, 6.5, 15.5 ], "texture": "#texture" }
    }
},
{
    "__comment": "Potato",
    "from": [ 6.5, 6, 9.5 ],
    "to": [ 9.5, 6.5, 10 ],
    "faces": {
        "down":  { "uv": [ 9.5, 10, 6.5, 9.5 ], "texture": "#texture" },
        "up":    { "uv": [ 6.5, 9.5, 9.5, 10 ], "texture": "#texture" },
        "north": { "uv": [ 6.5, 9.5, 9.5, 10 ], "texture": "#texture" },
        "south": { "uv": [ 6.5, 9.5, 9.5, 10 ], "texture": "#texture" },
        "west":  { "uv": [ 9.5, 9.5, 10, 10 ], "texture": "#texture" },
        "east":  { "uv": [ 6, 9.5, 6.5, 10 ], "texture": "#texture" }
    }
},
{
    "__comment": "Potato",
    "from": [ 6.5, 1, 10 ],
    "to": [ 9.5, 1.5, 10.5 ],
    "faces": {
        "down":  { "uv": [ 9.5, 10.5, 6.5, 10 ], "texture": "#sandstone_smooth" },
        "up":    { "uv": [ 6.5, 10, 9.5, 10.5 ], "texture": "#sandstone_smooth" },
        "north": { "uv": [ 6.5, 14.5, 9.5, 15 ], "texture": "#sandstone_smooth" },
        "south": { "uv": [ 6.5, 14.5, 9.5, 15 ], "texture": "#sandstone_smooth" },
        "west":  { "uv": [ 10, 14.5, 10.5, 15 ], "texture": "#sandstone_smooth" },
        "east":  { "uv": [ 5.5, 14.5, 6, 15 ], "texture": "#sandstone_smooth" }
    }
},
{
    "__comment": "Potato",
    "from": [ 6.5, 5, 10 ],
    "to": [ 10, 5.5, 10.5 ],
    "faces": {
        "down":  { "uv": [ 9.5, 10.5, 6, 10 ], "texture": "#sandstone_smooth" },
        "up":    { "uv": [ 6.5, 10, 10, 10.5 ], "texture": "#sandstone_smooth" },
        "north": { "uv": [ 6, 10.5, 9.5, 11 ], "texture": "#sandstone_smooth" },
        "south": { "uv": [ 6.5, 10.5, 10, 11 ], "texture": "#sandstone_smooth" },
        "west":  { "uv": [ 10, 10.5, 10.5, 11 ], "texture": "#sandstone_smooth" },
        "east":  { "uv": [ 5.5, 10.5, 6, 11 ], "texture": "#sandstone_smooth" }
    }
},
{
    "__comment": "Potato",
    "from": [ 6.5, 2, 10.5 ],
    "to": [ 10, 3.5, 11 ],
    "faces": {
        "down":  { "uv": [ 9.5, 11, 6, 10.5 ], "texture": "#sandstone_smooth" },
        "up":    { "uv": [ 6.5, 10.5, 10, 11 ], "texture": "#sandstone_smooth" },
        "north": { "uv": [ 6, 12.5, 9.5, 14 ], "texture": "#sandstone_smooth" },
        "south": { "uv": [ 6.5, 12.5, 10, 14 ], "texture": "#sandstone_smooth" },
        "west":  { "uv": [ 10.5, 12.5, 11, 14 ], "texture": "#sandstone_smooth" },
        "east":  { "uv": [ 5, 12.5, 5.5, 14 ], "texture": "#sandstone_smooth" }
    }
},
{
    "__comment": "Potato",
    "from": [ 7, 6, 5.5 ],
    "to": [ 9.5, 6.5, 6 ],
    "faces": {
        "down":  { "uv": [ 9, 6, 6.5, 5.5 ], "texture": "#texture" },
        "up":    { "uv": [ 7, 5.5, 9.5, 6 ], "texture": "#texture" },
        "north": { "uv": [ 6.5, 9.5, 9, 10 ], "texture": "#texture" },
        "south": { "uv": [ 7, 9.5, 9.5, 10 ], "texture": "#texture" },
        "west":  { "uv": [ 5.5, 9.5, 6, 10 ], "texture": "#texture" },
        "east":  { "uv": [ 10, 9.5, 10.5, 10 ], "texture": "#texture" }
    }
},
{
    "__comment": "Potato",
    "from": [ 7, 7.5, 7 ],
    "to": [ 9, 8, 9 ],
    "faces": {
        "down":  { "uv": [ 9, 9, 7, 7 ], "texture": "#texture" },
        "up":    { "uv": [ 7, 7, 9, 9 ], "texture": "#texture" },
        "north": { "uv": [ 7, 8, 9, 8.5 ], "texture": "#texture" },
        "south": { "uv": [ 7, 8, 9, 8.5 ], "texture": "#texture" },
        "west":  { "uv": [ 7, 8, 9, 8.5 ], "texture": "#texture" },
        "east":  { "uv": [ 7, 8, 9, 8.5 ], "texture": "#texture" }
    }
},
{
    "__comment": "Potato",
    "from": [ 7, 0, 9.5 ],
    "to": [ 9.5, 0.5, 10 ],
    "faces": {
        "down":  { "uv": [ 9, 10, 6.5, 9.5 ], "texture": "#texture" },
        "up":    { "uv": [ 7, 9.5, 9.5, 10 ], "texture": "#texture" },
        "north": { "uv": [ 6.5, 15.5, 9, 16 ], "texture": "#texture" },
        "south": { "uv": [ 7, 15.5, 9.5, 16 ], "texture": "#texture" },
        "west":  { "uv": [ 9.5, 15.5, 10, 16 ], "texture": "#texture" },
        "east":  { "uv": [ 6, 15.5, 6.5, 16 ], "texture": "#texture" }
    }
},
{
    "__comment": "Potato",
    "from": [ 7, 5.5, 10 ],
    "to": [ 9.5, 6, 10.5 ],
    "faces": {
        "down":  { "uv": [ 9, 10.5, 6.5, 10 ], "texture": "#texture" },
        "up":    { "uv": [ 7, 10, 9.5, 10.5 ], "texture": "#texture" },
        "north": { "uv": [ 6.5, 10, 9, 10.5 ], "texture": "#texture" },
        "south": { "uv": [ 7, 10, 9.5, 10.5 ], "texture": "#texture" },
        "west":  { "uv": [ 10, 10, 10.5, 10.5 ], "texture": "#texture" },
        "east":  { "uv": [ 5.5, 10, 6, 10.5 ], "texture": "#texture" }
    }
},
{
    "__comment": "Potato",
    "from": [ 7, 4.5, 10.5 ],
    "to": [ 7.5, 5.5, 11 ],
    "faces": {
        "down":  { "uv": [ 9, 11, 8.5, 10.5 ], "texture": "#sandstone_smooth" },
        "up":    { "uv": [ 7, 10.5, 7.5, 11 ], "texture": "#sandstone_smooth" },
        "north": { "uv": [ 8.5, 10.5, 9, 11.5 ], "texture": "#sandstone_smooth" },
        "south": { "uv": [ 7, 10.5, 7.5, 11.5 ], "texture": "#sandstone_smooth" },
        "west":  { "uv": [ 10.5, 10.5, 11, 11.5 ], "texture": "#sandstone_smooth" },
        "east":  { "uv": [ 5, 10.5, 5.5, 11.5 ], "texture": "#sandstone_smooth" }
    }
},
{
    "__comment": "Potato",
    "from": [ 7.5, 7, 6 ],
    "to": [ 9, 7.5, 6.5 ],
    "faces": {
        "down":  { "uv": [ 8.5, 6.5, 7, 6 ], "texture": "#texture" },
        "up":    { "uv": [ 7.5, 6, 9, 6.5 ], "texture": "#texture" },
        "north": { "uv": [ 7, 8.5, 8.5, 9 ], "texture": "#texture" },
        "south": { "uv": [ 7.5, 8.5, 9, 9 ], "texture": "#texture" },
        "west":  { "uv": [ 6, 8.5, 6.5, 9 ], "texture": "#texture" },
        "east":  { "uv": [ 9.5, 8.5, 10, 9 ], "texture": "#texture" }
    }
},
{
    "__comment": "Potato",
    "from": [ 7.5, 7.5, 6.5 ],
    "to": [ 9, 8, 7 ],
    "faces": {
        "down":  { "uv": [ 8.5, 7, 7, 6.5 ], "texture": "#texture" },
        "up":    { "uv": [ 7.5, 6.5, 9, 7 ], "texture": "#texture" },
        "north": { "uv": [ 7, 8, 8.5, 8.5 ], "texture": "#texture" },
        "south": { "uv": [ 7.5, 8, 9, 8.5 ], "texture": "#texture" },
        "west":  { "uv": [ 6.5, 8, 7, 8.5 ], "texture": "#texture" },
        "east":  { "uv": [ 9, 8, 9.5, 8.5 ], "texture": "#texture" }
    }
},
{
    "__comment": "Potato",
    "from": [ 8, 3.5, 10.5 ],
    "to": [ 10, 4, 11 ],
    "faces": {
        "down":  { "uv": [ 8, 11, 6, 10.5 ], "texture": "#sandstone_smooth" },
        "up":    { "uv": [ 8, 10.5, 10, 11 ], "texture": "#sandstone_smooth" },
        "north": { "uv": [ 6, 12, 8, 12.5 ], "texture": "#sandstone_smooth" },
        "south": { "uv": [ 8, 12, 10, 12.5 ], "texture": "#sandstone_smooth" },
        "west":  { "uv": [ 10.5, 12, 11, 12.5 ], "texture": "#sandstone_smooth" },
        "east":  { "uv": [ 5, 12, 5.5, 12.5 ], "texture": "#sandstone_smooth" }
    }
},
{
    "__comment": "Potato",
    "from": [ 8.5, 3, 5 ],
    "to": [ 9.5, 4, 5.5 ],
    "faces": {
        "down":  { "uv": [ 7.5, 5.5, 6.5, 5 ], "texture": "#texture" },
        "up":    { "uv": [ 8.5, 5, 9.5, 5.5 ], "texture": "#texture" },
        "north": { "uv": [ 6.5, 12, 7.5, 13 ], "texture": "#texture" },
        "south": { "uv": [ 8.5, 12, 9.5, 13 ], "texture": "#texture" },
        "west":  { "uv": [ 5, 12, 5.5, 13 ], "texture": "#texture" },
        "east":  { "uv": [ 10.5, 12, 11, 13 ], "texture": "#texture" }
    }
},
{
    "__comment": "Potato",
    "from": [ 8.5, 6, 10 ],
    "to": [ 9, 6.5, 10.5 ],
    "faces": {
        "down":  { "uv": [ 7.5, 10.5, 7, 10 ], "texture": "#texture" },
        "up":    { "uv": [ 8.5, 10, 9, 10.5 ], "texture": "#texture" },
        "north": { "uv": [ 7, 9.5, 7.5, 10 ], "texture": "#texture" },
        "south": { "uv": [ 8.5, 9.5, 9, 10 ], "texture": "#texture" },
        "west":  { "uv": [ 10, 9.5, 10.5, 10 ], "texture": "#texture" },
        "east":  { "uv": [ 5.5, 9.5, 6, 10 ], "texture": "#texture" }
    }
},
{
    "__comment": "Potato",
    "from": [ 9, 2, 5 ],
    "to": [ 9.5, 3, 5.5 ],
    "faces": {
        "down":  { "uv": [ 7, 5.5, 6.5, 5 ], "texture": "#texture" },
        "up":    { "uv": [ 9, 5, 9.5, 5.5 ], "texture": "#texture" },
        "north": { "uv": [ 6.5, 13, 7, 14 ], "texture": "#texture" },
        "south": { "uv": [ 9, 13, 9.5, 14 ], "texture": "#texture" },
        "west":  { "uv": [ 5, 13, 5.5, 14 ], "texture": "#texture" },
        "east":  { "uv": [ 10.5, 13, 11, 14 ], "texture": "#texture" }
    }
},
{
    "__comment": "Potato",
    "from": [ 9, 7.5, 7 ],
    "to": [ 9.5, 8, 8.5 ],
    "faces": {
        "down":  { "uv": [ 7, 8.5, 6.5, 7 ], "texture": "#texture" },
        "up":    { "uv": [ 9, 7, 9.5, 8.5 ], "texture": "#texture" },
        "north": { "uv": [ 6.5, 8, 7, 8.5 ], "texture": "#texture" },
        "south": { "uv": [ 9, 8, 9.5, 8.5 ], "texture": "#texture" },
        "west":  { "uv": [ 7, 8, 8.5, 8.5 ], "texture": "#texture" },
        "east":  { "uv": [ 7.5, 8, 9, 8.5 ], "texture": "#texture" }
    }
},
{
    "__comment": "Potato",
    "from": [ 9.5, 0.5, 6 ],
    "to": [ 10, 1, 6.5 ],
    "faces": {
        "down":  { "uv": [ 6.5, 6.5, 6, 6 ], "texture": "#texture" },
        "up":    { "uv": [ 9.5, 6, 10, 6.5 ], "texture": "#texture" },
        "north": { "uv": [ 6, 15, 6.5, 15.5 ], "texture": "#texture" },
        "south": { "uv": [ 9.5, 15, 10, 15.5 ], "texture": "#texture" },
        "west":  { "uv": [ 6, 15, 6.5, 15.5 ], "texture": "#texture" },
        "east":  { "uv": [ 9.5, 15, 10, 15.5 ], "texture": "#texture" }
    }
},
{
    "__comment": "Potato",
    "from": [ 9.5, 6, 6 ],
    "to": [ 10, 6.5, 6.5 ],
    "faces": {
        "down":  { "uv": [ 6.5, 6.5, 6, 6 ], "texture": "#texture" },
        "up":    { "uv": [ 9.5, 6, 10, 6.5 ], "texture": "#texture" },
        "north": { "uv": [ 6, 9.5, 6.5, 10 ], "texture": "#texture" },
        "south": { "uv": [ 9.5, 9.5, 10, 10 ], "texture": "#texture" },
        "west":  { "uv": [ 6, 9.5, 6.5, 10 ], "texture": "#texture" },
        "east":  { "uv": [ 9.5, 9.5, 10, 10 ], "texture": "#texture" }
    }
},
{
    "__comment": "Potato",
    "from": [ 9.5, 6.5, 6.5 ],
    "to": [ 10, 7, 7 ],
    "faces": {
        "down":  { "uv": [ 6.5, 7, 6, 6.5 ], "texture": "#texture" },
        "up":    { "uv": [ 9.5, 6.5, 10, 7 ], "texture": "#texture" },
        "north": { "uv": [ 6, 9, 6.5, 9.5 ], "texture": "#texture" },
        "south": { "uv": [ 9.5, 9, 10, 9.5 ], "texture": "#texture" },
        "west":  { "uv": [ 6.5, 9, 7, 9.5 ], "texture": "#texture" },
        "east":  { "uv": [ 9, 9, 9.5, 9.5 ], "texture": "#texture" }
    }
},
{
    "__comment": "Potato",
    "from": [ 9.5, 0, 7 ],
    "to": [ 10, 0.5, 7.5 ],
    "faces": {
        "down":  { "uv": [ 6.5, 7.5, 6, 7 ], "texture": "#texture" },
        "up":    { "uv": [ 9.5, 7, 10, 7.5 ], "texture": "#texture" },
        "north": { "uv": [ 6, 15.5, 6.5, 16 ], "texture": "#texture" },
        "south": { "uv": [ 9.5, 15.5, 10, 16 ], "texture": "#texture" },
        "west":  { "uv": [ 7, 15.5, 7.5, 16 ], "texture": "#texture" },
        "east":  { "uv": [ 8.5, 15.5, 9, 16 ], "texture": "#texture" }
    }
},
{
    "__comment": "Potato",
    "from": [ 9.5, 7, 7 ],
    "to": [ 10, 7.5, 8.5 ],
    "faces": {
        "down":  { "uv": [ 6.5, 8.5, 6, 7 ], "texture": "#texture" },
        "up":    { "uv": [ 9.5, 7, 10, 8.5 ], "texture": "#texture" },
        "north": { "uv": [ 6, 8.5, 6.5, 9 ], "texture": "#texture" },
        "south": { "uv": [ 9.5, 8.5, 10, 9 ], "texture": "#texture" },
        "west":  { "uv": [ 7, 8.5, 8.5, 9 ], "texture": "#texture" },
        "east":  { "uv": [ 7.5, 8.5, 9, 9 ], "texture": "#texture" }
    }
},
{
    "__comment": "Potato",
    "from": [ 10, 3, 6 ],
    "to": [ 10.5, 4.5, 7 ],
    "faces": {
        "down":  { "uv": [ 6, 7, 5.5, 6 ], "texture": "#texture" },
        "up":    { "uv": [ 10, 6, 10.5, 7 ], "texture": "#texture" },
        "north": { "uv": [ 5.5, 11.5, 6, 13 ], "texture": "#texture" },
        "south": { "uv": [ 10, 11.5, 10.5, 13 ], "texture": "#texture" },
        "west":  { "uv": [ 6, 11.5, 7, 13 ], "texture": "#texture" },
        "east":  { "uv": [ 9, 11.5, 10, 13 ], "texture": "#texture" }
    }
},
{
    "__comment": "Potato",
    "from": [ 10, 2.5, 6.5 ],
    "to": [ 10.5, 3, 7 ],
    "faces": {
        "down":  { "uv": [ 6, 7, 5.5, 6.5 ], "texture": "#texture" },
        "up":    { "uv": [ 10, 6.5, 10.5, 7 ], "texture": "#texture" },
        "north": { "uv": [ 5.5, 13, 6, 13.5 ], "texture": "#texture" },
        "south": { "uv": [ 10, 13, 10.5, 13.5 ], "texture": "#texture" },
        "west":  { "uv": [ 6.5, 13, 7, 13.5 ], "texture": "#texture" },
        "east":  { "uv": [ 9, 13, 9.5, 13.5 ], "texture": "#texture" }
    }
},
{
    "__comment": "Potato",
    "from": [ 10, 5.5, 6.5 ],
    "to": [ 10.5, 6, 7 ],
    "faces": {
        "down":  { "uv": [ 6, 7, 5.5, 6.5 ], "texture": "#texture" },
        "up":    { "uv": [ 10, 6.5, 10.5, 7 ], "texture": "#texture" },
        "north": { "uv": [ 5.5, 10, 6, 10.5 ], "texture": "#texture" },
        "south": { "uv": [ 10, 10, 10.5, 10.5 ], "texture": "#texture" },
        "west":  { "uv": [ 6.5, 10, 7, 10.5 ], "texture": "#texture" },
        "east":  { "uv": [ 9, 10, 9.5, 10.5 ], "texture": "#texture" }
    }
},
{
    "__comment": "Potato",
    "from": [ 10, 1, 7 ],
    "to": [ 10.5, 1.5, 8 ],
    "faces": {
        "down":  { "uv": [ 6, 8, 5.5, 7 ], "texture": "#texture" },
        "up":    { "uv": [ 10, 7, 10.5, 8 ], "texture": "#texture" },
        "north": { "uv": [ 5.5, 14.5, 6, 15 ], "texture": "#texture" },
        "south": { "uv": [ 10, 14.5, 10.5, 15 ], "texture": "#texture" },
        "west":  { "uv": [ 7, 14.5, 8, 15 ], "texture": "#texture" },
        "east":  { "uv": [ 8, 14.5, 9, 15 ], "texture": "#texture" }
    }
},
{
    "__comment": "Potato",
    "from": [ 10, 6.5, 7 ],
    "to": [ 10.5, 7, 8 ],
    "faces": {
        "down":  { "uv": [ 6, 8, 5.5, 7 ], "texture": "#texture" },
        "up":    { "uv": [ 10, 7, 10.5, 8 ], "texture": "#texture" },
        "north": { "uv": [ 5.5, 9, 6, 9.5 ], "texture": "#texture" },
        "south": { "uv": [ 10, 9, 10.5, 9.5 ], "texture": "#texture" },
        "west":  { "uv": [ 7, 9, 8, 9.5 ], "texture": "#texture" },
        "east":  { "uv": [ 8, 9, 9, 9.5 ], "texture": "#texture" }
    }
},
{
    "__comment": "Potato",
    "from": [ 10, 5, 9 ],
    "to": [ 10.5, 5.5, 9.5 ],
    "faces": {
        "down":  { "uv": [ 6, 9.5, 5.5, 9 ], "texture": "#texture" },
        "up":    { "uv": [ 10, 9, 10.5, 9.5 ], "texture": "#texture" },
        "north": { "uv": [ 5.5, 10.5, 6, 11 ], "texture": "#texture" },
        "south": { "uv": [ 10, 10.5, 10.5, 11 ], "texture": "#texture" },
        "west":  { "uv": [ 9, 10.5, 9.5, 11 ], "texture": "#texture" },
        "east":  { "uv": [ 6.5, 10.5, 7, 11 ], "texture": "#texture" }
    }
},
{
    "__comment": "Potato",
    "from": [ 10, 2, 9.5 ],
    "to": [ 10.5, 2.5, 10 ],
    "faces": {
        "down":  { "uv": [ 6, 10, 5.5, 9.5 ], "texture": "#texture" },
        "up":    { "uv": [ 10, 9.5, 10.5, 10 ], "texture": "#texture" },
        "north": { "uv": [ 5.5, 13.5, 6, 14 ], "texture": "#texture" },
        "south": { "uv": [ 10, 13.5, 10.5, 14 ], "texture": "#texture" },
        "west":  { "uv": [ 9.5, 13.5, 10, 14 ], "texture": "#texture" },
        "east":  { "uv": [ 6, 13.5, 6.5, 14 ], "texture": "#texture" }
    }
},
{
    "__comment": "Potato",
    "from": [ 10, 4.5, 9.5 ],
    "to": [ 10.5, 5, 10 ],
    "faces": {
        "down":  { "uv": [ 6, 10, 5.5, 9.5 ], "texture": "#texture" },
        "up":    { "uv": [ 10, 9.5, 10.5, 10 ], "texture": "#texture" },
        "north": { "uv": [ 5.5, 11, 6, 11.5 ], "texture": "#texture" },
        "south": { "uv": [ 10, 11, 10.5, 11.5 ], "texture": "#texture" },
        "west":  { "uv": [ 9.5, 11, 10, 11.5 ], "texture": "#texture" },
        "east":  { "uv": [ 6, 11, 6.5, 11.5 ], "texture": "#texture" }
    }
},
{
    "__comment": "Potato",
    "from": [ 10.5, 2.5, 7 ],
    "to": [ 11, 4.5, 9 ],
    "faces": {
        "down":  { "uv": [ 5.5, 9, 5, 7 ], "texture": "#texture" },
        "up":    { "uv": [ 10.5, 7, 11, 9 ], "texture": "#texture" },
        "north": { "uv": [ 5, 11.5, 5.5, 13.5 ], "texture": "#texture" },
        "south": { "uv": [ 10.5, 11.5, 11, 13.5 ], "texture": "#texture" },
        "west":  { "uv": [ 7, 11.5, 9, 13.5 ], "texture": "#texture" },
        "east":  { "uv": [ 7, 11.5, 9, 13.5 ], "texture": "#texture" }
    }
},
{
    "__comment": "Potato",
    "from": [ 10.5, 1.5, 7.5 ],
    "to": [ 11, 2.5, 8.5 ],
    "faces": {
        "down":  { "uv": [ 5.5, 8.5, 5, 7.5 ], "texture": "#texture" },
        "up":    { "uv": [ 10.5, 7.5, 11, 8.5 ], "texture": "#texture" },
        "north": { "uv": [ 5, 13.5, 5.5, 14.5 ], "texture": "#texture" },
        "south": { "uv": [ 10.5, 13.5, 11, 14.5 ], "texture": "#texture" },
        "west":  { "uv": [ 7.5, 13.5, 8.5, 14.5 ], "texture": "#texture" },
        "east":  { "uv": [ 7.5, 13.5, 8.5, 14.5 ], "texture": "#texture" }
    }
},
{
    "__comment": "Potato",
    "from": [ 10.5, 5.5, 7.5 ],
    "to": [ 11, 6, 8 ],
    "faces": {
        "down":  { "uv": [ 5.5, 8, 5, 7.5 ], "texture": "#texture" },
        "up":    { "uv": [ 10.5, 7.5, 11, 8 ], "texture": "#texture" },
        "north": { "uv": [ 5, 10, 5.5, 10.5 ], "texture": "#texture" },
        "south": { "uv": [ 10.5, 10, 11, 10.5 ], "texture": "#texture" },
        "west":  { "uv": [ 7.5, 10, 8, 10.5 ], "texture": "#texture" },
        "east":  { "uv": [ 8, 10, 8.5, 10.5 ], "texture": "#texture" }
    }
},
{
    "__comment": "Potato",
    "from": [ 10.5, 2, 8.5 ],
    "to": [ 11, 2.5, 9 ],
    "faces": {
        "down":  { "uv": [ 5.5, 9, 5, 8.5 ], "texture": "#texture" },
        "up":    { "uv": [ 10.5, 8.5, 11, 9 ], "texture": "#texture" },
        "north": { "uv": [ 5, 13.5, 5.5, 14 ], "texture": "#texture" },
        "south": { "uv": [ 10.5, 13.5, 11, 14 ], "texture": "#texture" },
        "west":  { "uv": [ 8.5, 13.5, 9, 14 ], "texture": "#texture" },
        "east":  { "uv": [ 7, 13.5, 7.5, 14 ], "texture": "#texture" }
    }
},
{
    "__comment": "Potato",
    "from": [ 10.5, 4.5, 8.5 ],
    "to": [ 11, 5, 9 ],
    "faces": {
        "down":  { "uv": [ 5.5, 9, 5, 8.5 ], "texture": "#texture" },
        "up":    { "uv": [ 10.5, 8.5, 11, 9 ], "texture": "#texture" },
        "north": { "uv": [ 5, 11, 5.5, 11.5 ], "texture": "#texture" },
        "south": { "uv": [ 10.5, 11, 11, 11.5 ], "texture": "#texture" },
        "west":  { "uv": [ 8.5, 11, 9, 11.5 ], "texture": "#texture" },
        "east":  { "uv": [ 7, 11, 7.5, 11.5 ], "texture": "#texture" }
    }
}
],
"display": {
    "thirdperson_righthand": {
        "rotation": [ 0, 0, 0 ],
        "translation": [ 0, 4.72, 0 ],
        "scale": [ 0.52, 0.68, 0.68 ]
    },
    "thirdperson_lefthand": {
        "rotation": [ 0, 0, 0 ],
        "translation": [ 0, 4.72, 0 ],
        "scale": [ 0.52, 0.68, 0.68 ]
    },
    "head": {
        "rotation": [ 95, 180, -88 ],
        "translation": [ -3.78, 8.5, 1.7 ],
        "scale": [ 1, 1, 1 ]
    },
    "ground": {
        "rotation": [ -88, -21, -81 ],
        "translation": [ 0.76, 0.56, 0 ],
        "scale": [ 0.52, 0.52, 0.52 ]
    },
    "fixed": {
        "rotation": [ 92, 180, -81 ],
        "translation": [ -3.21, -0.57, -1.13 ],
        "scale": [ 1, 1, 1 ]
    },
    "firstperson_righthand": {
        "rotation": [ -30, -21, -7 ],
        "translation": [ -0.56, 4.72, 1.32 ],
        "scale": [ 0.52, 0.52, 0.68 ]
    },
    "firstperson_lefthand": {
        "rotation": [ -30, -21, -7 ],
        "translation": [ 2.65, 4.72, 1.32 ],
        "scale": [ 0.52, 0.52, 0.68 ]
    },
    "gui": {
        "rotation": [ -64, -28, -82 ],
        "translation": [ 3.78, 1.51, 0 ],
        "scale": [ 1, 1, 1 ]
    }
}
}