{
"__comment": "CoolScreenName http://www.planetminecraft.com/member/coolscreenname/",
"textures": {
    "particle": "blocks/bed_head_end",
    "texture": "blocks/planks_oak",
    "log_oak": "blocks/log_oak",
    "bed_feet_top": "blocks/bed_feet_top",
    "wool_colored_white": "blocks/wool_colored_white"
},
"elements": [ 
{
    "from": [ 0.5, 4, -14 ],
    "to": [ 1, 7, 0 ],
    "faces": {
        "down":  { "uv": [ 15.5, 16, 15, 2 ], "texture": "#texture" },
        "up":    { "uv": [ 0.5, 2, 1, 16 ], "texture": "#texture" },
        "north": { "uv": [ 15, 9, 15.5, 12 ], "texture": "#texture" },
        "south": { "uv": [ 0.5, 9, 1, 12 ], "texture": "#texture" },
        "west":  { "uv": [ 2, 9, 16, 12 ], "texture": "#texture" },
        "east":  { "uv": [ 0, 9, 14, 12 ], "texture": "#texture" }
    }
},
{
    "from": [ 15, 4, -14 ],
    "to": [ 15.5, 7, 0 ],
    "faces": {
        "down":  { "uv": [ 1, 16, 0.5, 2 ], "texture": "#texture" },
        "up":    { "uv": [ 15, 2, 15.5, 16 ], "texture": "#texture" },
        "north": { "uv": [ 0.5, 9, 1, 12 ], "texture": "#texture" },
        "south": { "uv": [ 15, 9, 15.5, 12 ], "texture": "#texture" },
        "west":  { "uv": [ 2, 9, 16, 12 ], "texture": "#texture" },
        "east":  { "uv": [ 0, 9, 14, 12 ], "texture": "#texture" }
    }
},
{
    "__comment": "bed post",
    "from": [ 14, 0, -16 ],
    "to": [ 16, 13, -14 ],
    "faces": {
        "down":  { "uv": [ 11, 0, 16, 5 ], "texture": "#log_oak" },
        "up":    { "uv": [ 11, 0, 16, 5 ], "texture": "#log_oak" },
        "north": { "uv": [ 0, 0, 6, 16 ], "texture": "#log_oak" },
        "south": { "uv": [ 0, 0, 6, 16 ], "texture": "#log_oak" },
        "west":  { "uv": [ 0, 0, 6, 16 ], "texture": "#log_oak" },
        "east":  { "uv": [ 0, 0, 6, 16 ], "texture": "#log_oak" }
    }
},
{
    "__comment": "bed post",
    "from": [ 0, 0, -16 ],
    "to": [ 2, 13, -14 ],
    "faces": {
        "down":  { "uv": [ 11, 0, 16, 5 ], "texture": "#log_oak" },
        "up":    { "uv": [ 11, 0, 16, 5 ], "texture": "#log_oak" },
        "north": { "uv": [ 0, 0, 6, 16 ], "texture": "#log_oak" },
        "south": { "uv": [ 0, 0, 6, 16 ], "texture": "#log_oak" },
        "west":  { "uv": [ 0, 0, 6, 16 ], "texture": "#log_oak" },
        "east":  { "uv": [ 0, 0, 6, 16 ], "texture": "#log_oak" }
    }
},
{
    "__comment": "bed",
    "from": [ 1, 5, -13.75 ],
    "to": [ 15, 8, 0 ],
    "faces": {
        "down":  { "uv": [ 0, 0, 16, 16 ], "texture": "#bed_feet_top" },
        "up":    { "uv": [ 0, 0, 16, 16 ], "texture": "#bed_feet_top" },
        "north": { "uv": [ 0, 8, 16, 11 ], "texture": "#bed_feet_top" },
        "south": { "uv": [ 0, 8, 16, 11 ], "texture": "#bed_feet_top" },
        "west":  { "uv": [ 0, 8, 16, 11 ], "texture": "#bed_feet_top" },
        "east":  { "uv": [ 0, 8, 16, 11 ], "texture": "#bed_feet_top" }
    }
},
{
    "from": [ -0.5, 2, -15.25 ],
    "to": [ 16.5, 3, -14.75 ],
    "faces": {
        "down":  { "uv": [ 16, 1.25, 0, 0.75 ], "texture": "#texture" },
        "up":    { "uv": [ 0, 0.75, 16, 1.25 ], "texture": "#texture" },
        "north": { "uv": [ 0, 13, 16, 14 ], "texture": "#texture" },
        "south": { "uv": [ 0, 13, 16, 14 ], "texture": "#texture" },
        "west":  { "uv": [ 0.75, 13, 1.25, 14 ], "texture": "#texture" },
        "east":  { "uv": [ 14.75, 13, 15.25, 14 ], "texture": "#texture" }
    }
},
{
    "from": [ -0.5, 10.5, -15.25 ],
    "to": [ 16.5, 11.5, -14.75 ],
    "faces": {
        "down":  { "uv": [ 16, 1.25, 0, 0.75 ], "texture": "#texture" },
        "up":    { "uv": [ 0, 0.75, 16, 1.25 ], "texture": "#texture" },
        "north": { "uv": [ 0, 4.5, 16, 5.5 ], "texture": "#texture" },
        "south": { "uv": [ 0, 4.5, 16, 5.5 ], "texture": "#texture" },
        "west":  { "uv": [ 0.75, 4.5, 1.25, 5.5 ], "texture": "#texture" },
        "east":  { "uv": [ 14.75, 4.5, 15.25, 5.5 ], "texture": "#texture" }
    }
},
{
    "from": [ 2.25, 1.5, -15.5 ],
    "to": [ 3.5, 11.75, -14.5 ],
    "faces": {
        "down":  { "uv": [ 13.75, 1.5, 12.5, 0.5 ], "texture": "#texture" },
        "up":    { "uv": [ 2.25, 0.5, 3.5, 1.5 ], "texture": "#texture" },
        "north": { "uv": [ 12.5, 4.25, 13.75, 14.5 ], "texture": "#texture" },
        "south": { "uv": [ 2.25, 4.25, 3.5, 14.5 ], "texture": "#texture" },
        "west":  { "uv": [ 0.5, 4.25, 1.5, 14.5 ], "texture": "#texture" },
        "east":  { "uv": [ 14.5, 4.25, 15.5, 14.5 ], "texture": "#texture" }
    }
},
{
    "from": [ 12.5, 1.5, -15.5 ],
    "to": [ 13.75, 11.75, -14.5 ],
    "faces": {
        "down":  { "uv": [ 3.5, 1.5, 2.25, 0.5 ], "texture": "#texture" },
        "up":    { "uv": [ 12.5, 0.5, 13.75, 1.5 ], "texture": "#texture" },
        "north": { "uv": [ 2.25, 4.25, 3.5, 14.5 ], "texture": "#texture" },
        "south": { "uv": [ 12.5, 4.25, 13.75, 14.5 ], "texture": "#texture" },
        "west":  { "uv": [ 0.5, 4.25, 1.5, 14.5 ], "texture": "#texture" },
        "east":  { "uv": [ 14.5, 4.25, 15.5, 14.5 ], "texture": "#texture" }
    }
},
{
    "from": [ 10.75, 1.5, -15.5 ],
    "to": [ 12.25, 12.25, -14.5 ],
    "faces": {
        "down":  { "uv": [ 5.25, 1.5, 3.75, 0.5 ], "texture": "#texture" },
        "up":    { "uv": [ 10.75, 0.5, 12.25, 1.5 ], "texture": "#texture" },
        "north": { "uv": [ 3.75, 3.75, 5.25, 14.5 ], "texture": "#texture" },
        "south": { "uv": [ 10.75, 3.75, 12.25, 14.5 ], "texture": "#texture" },
        "west":  { "uv": [ 0.5, 3.75, 1.5, 14.5 ], "texture": "#texture" },
        "east":  { "uv": [ 14.5, 3.75, 15.5, 14.5 ], "texture": "#texture" }
    }
},
{
    "from": [ 3.75, 1.5, -15.5 ],
    "to": [ 5.25, 12.25, -14.5 ],
    "faces": {
        "down":  { "uv": [ 12.25, 1.5, 10.75, 0.5 ], "texture": "#texture" },
        "up":    { "uv": [ 3.75, 0.5, 5.25, 1.5 ], "texture": "#texture" },
        "north": { "uv": [ 10.75, 3.75, 12.25, 14.5 ], "texture": "#texture" },
        "south": { "uv": [ 3.75, 3.75, 5.25, 14.5 ], "texture": "#texture" },
        "west":  { "uv": [ 0.5, 3.75, 1.5, 14.5 ], "texture": "#texture" },
        "east":  { "uv": [ 14.5, 3.75, 15.5, 14.5 ], "texture": "#texture" }
    }
},
{
    "from": [ 5.5, 1.5, -15.5 ],
    "to": [ 7, 12.5, -14.5 ],
    "faces": {
        "down":  { "uv": [ 10.5, 1.5, 9, 0.5 ], "texture": "#texture" },
        "up":    { "uv": [ 5.5, 0.5, 7, 1.5 ], "texture": "#texture" },
        "north": { "uv": [ 9, 3.5, 10.5, 14.5 ], "texture": "#texture" },
        "south": { "uv": [ 5.5, 3.5, 7, 14.5 ], "texture": "#texture" },
        "west":  { "uv": [ 0.5, 3.5, 1.5, 14.5 ], "texture": "#texture" },
        "east":  { "uv": [ 14.5, 3.5, 15.5, 14.5 ], "texture": "#texture" }
    }
},
{
    "from": [ 9, 1.5, -15.5 ],
    "to": [ 10.5, 12.5, -14.5 ],
    "faces": {
        "down":  { "uv": [ 7, 1.5, 5.5, 0.5 ], "texture": "#texture" },
        "up":    { "uv": [ 9, 0.5, 10.5, 1.5 ], "texture": "#texture" },
        "north": { "uv": [ 5.5, 3.5, 7, 14.5 ], "texture": "#texture" },
        "south": { "uv": [ 9, 3.5, 10.5, 14.5 ], "texture": "#texture" },
        "west":  { "uv": [ 0.5, 3.5, 1.5, 14.5 ], "texture": "#texture" },
        "east":  { "uv": [ 14.5, 3.5, 15.5, 14.5 ], "texture": "#texture" }
    }
},
{
    "from": [ 7.25, 1.5, -15.5 ],
    "to": [ 8.75, 12.5, -14.5 ],
    "faces": {
        "down":  { "uv": [ 8.75, 1.5, 7.25, 0.5 ], "texture": "#texture" },
        "up":    { "uv": [ 7.25, 0.5, 8.75, 1.5 ], "texture": "#texture" },
        "north": { "uv": [ 7.25, 3.5, 8.75, 14.5 ], "texture": "#texture" },
        "south": { "uv": [ 7.25, 3.5, 8.75, 14.5 ], "texture": "#texture" },
        "west":  { "uv": [ 0.5, 3.5, 1.5, 14.5 ], "texture": "#texture" },
        "east":  { "uv": [ 14.5, 3.5, 15.5, 14.5 ], "texture": "#texture" }
    }
},
{
    "from": [ 2, 4, -14.5 ],
    "to": [ 14, 7, -13.5 ],
    "faces": {
        "down":  { "uv": [ 14, 2.5, 2, 1.5 ], "texture": "#texture" },
        "up":    { "uv": [ 2, 1.5, 14, 2.5 ], "texture": "#texture" },
        "north": { "uv": [ 2, 9, 14, 12 ], "texture": "#texture" },
        "south": { "uv": [ 2, 9, 14, 12 ], "texture": "#texture" },
        "west":  { "uv": [ 1.5, 9, 2.5, 12 ], "texture": "#texture" },
        "east":  { "uv": [ 13.5, 9, 14.5, 12 ], "texture": "#texture" }
    }
},
{
    "from": [ 1, 4.5, -1.5 ],
    "to": [ 15, 5, -0.5 ],
    "faces": {
        "down":  { "uv": [ 15, 15.5, 1, 14.5 ], "texture": "#texture" },
        "up":    { "uv": [ 1, 14.5, 15, 15.5 ], "texture": "#texture" },
        "north": { "uv": [ 1, 11, 15, 11.5 ], "texture": "#texture" },
        "south": { "uv": [ 1, 11, 15, 11.5 ], "texture": "#texture" },
        "west":  { "uv": [ 14.5, 11, 15.5, 11.5 ], "texture": "#texture" },
        "east":  { "uv": [ 0.5, 11, 1.5, 11.5 ], "texture": "#texture" }
    }
},
{
    "from": [ 1, 4.5, -3.5 ],
    "to": [ 15, 5, -2.5 ],
    "faces": {
        "down":  { "uv": [ 15, 13.5, 1, 12.5 ], "texture": "#texture" },
        "up":    { "uv": [ 1, 12.5, 15, 13.5 ], "texture": "#texture" },
        "north": { "uv": [ 1, 11, 15, 11.5 ], "texture": "#texture" },
        "south": { "uv": [ 1, 11, 15, 11.5 ], "texture": "#texture" },
        "west":  { "uv": [ 12.5, 11, 13.5, 11.5 ], "texture": "#texture" },
        "east":  { "uv": [ 2.5, 11, 3.5, 11.5 ], "texture": "#texture" }
    }
},
{
    "from": [ 1, 4.5, -5.5 ],
    "to": [ 15, 5, -4.5 ],
    "faces": {
        "down":  { "uv": [ 15, 11.5, 1, 10.5 ], "texture": "#texture" },
        "up":    { "uv": [ 1, 10.5, 15, 11.5 ], "texture": "#texture" },
        "north": { "uv": [ 1, 11, 15, 11.5 ], "texture": "#texture" },
        "south": { "uv": [ 1, 11, 15, 11.5 ], "texture": "#texture" },
        "west":  { "uv": [ 10.5, 11, 11.5, 11.5 ], "texture": "#texture" },
        "east":  { "uv": [ 4.5, 11, 5.5, 11.5 ], "texture": "#texture" }
    }
},
{
    "from": [ 1, 4.5, -7.5 ],
    "to": [ 15, 5, -6.5 ],
    "faces": {
        "down":  { "uv": [ 15, 9.5, 1, 8.5 ], "texture": "#texture" },
        "up":    { "uv": [ 1, 8.5, 15, 9.5 ], "texture": "#texture" },
        "north": { "uv": [ 1, 11, 15, 11.5 ], "texture": "#texture" },
        "south": { "uv": [ 1, 11, 15, 11.5 ], "texture": "#texture" },
        "west":  { "uv": [ 8.5, 11, 9.5, 11.5 ], "texture": "#texture" },
        "east":  { "uv": [ 6.5, 11, 7.5, 11.5 ], "texture": "#texture" }
    }
},
{
    "from": [ 1, 4.5, -9.5 ],
    "to": [ 15, 5, -8.5 ],
    "faces": {
        "down":  { "uv": [ 15, 7.5, 1, 6.5 ], "texture": "#texture" },
        "up":    { "uv": [ 1, 6.5, 15, 7.5 ], "texture": "#texture" },
        "north": { "uv": [ 1, 11, 15, 11.5 ], "texture": "#texture" },
        "south": { "uv": [ 1, 11, 15, 11.5 ], "texture": "#texture" },
        "west":  { "uv": [ 6.5, 11, 7.5, 11.5 ], "texture": "#texture" },
        "east":  { "uv": [ 8.5, 11, 9.5, 11.5 ], "texture": "#texture" }
    }
},
{
    "from": [ 1, 4.5, -11.5 ],
    "to": [ 15, 5, -10.5 ],
    "faces": {
        "down":  { "uv": [ 15, 5.5, 1, 4.5 ], "texture": "#texture" },
        "up":    { "uv": [ 1, 4.5, 15, 5.5 ], "texture": "#texture" },
        "north": { "uv": [ 1, 11, 15, 11.5 ], "texture": "#texture" },
        "south": { "uv": [ 1, 11, 15, 11.5 ], "texture": "#texture" },
        "west":  { "uv": [ 4.5, 11, 5.5, 11.5 ], "texture": "#texture" },
        "east":  { "uv": [ 10.5, 11, 11.5, 11.5 ], "texture": "#texture" }
    }
},
{
    "from": [ 1, 4.5, -13.25 ],
    "to": [ 15, 5, -12.25 ],
    "faces": {
        "down":  { "uv": [ 15, 3.75, 1, 2.75 ], "texture": "#texture" },
        "up":    { "uv": [ 1, 2.75, 15, 3.75 ], "texture": "#texture" },
        "north": { "uv": [ 1, 11, 15, 11.5 ], "texture": "#texture" },
        "south": { "uv": [ 1, 11, 15, 11.5 ], "texture": "#texture" },
        "west":  { "uv": [ 2.75, 11, 3.75, 11.5 ], "texture": "#texture" },
        "east":  { "uv": [ 12.25, 11, 13.25, 11.5 ], "texture": "#texture" }
    }
},
{
    "from": [ 15, 4, 0 ],
    "to": [ 15.5, 7, 14 ],
    "faces": {
        "down":  { "uv": [ 1, 14, 0.5, 0 ], "texture": "#texture" },
        "up":    { "uv": [ 15, 0, 15.5, 14 ], "texture": "#texture" },
        "north": { "uv": [ 0.5, 9, 1, 12 ], "texture": "#texture" },
        "south": { "uv": [ 15, 9, 15.5, 12 ], "texture": "#texture" },
        "west":  { "uv": [ 0, 9, 14, 12 ], "texture": "#texture" },
        "east":  { "uv": [ 2, 9, 16, 12 ], "texture": "#texture" }
    }
},
{
    "from": [ 0.5, 4, 0 ],
    "to": [ 1, 7, 14 ],
    "faces": {
        "down":  { "uv": [ 15.5, 14, 15, 0 ], "texture": "#texture" },
        "up":    { "uv": [ 0.5, 0, 1, 14 ], "texture": "#texture" },
        "north": { "uv": [ 15, 9, 15.5, 12 ], "texture": "#texture" },
        "south": { "uv": [ 0.5, 9, 1, 12 ], "texture": "#texture" },
        "west":  { "uv": [ 0, 9, 14, 12 ], "texture": "#texture" },
        "east":  { "uv": [ 2, 9, 16, 12 ], "texture": "#texture" }
    }
},
{
    "__comment": "bed post",
    "from": [ 0, 0, 14 ],
    "to": [ 2, 16, 16 ],
    "faces": {
        "down":  { "uv": [ 11, 0, 16, 5 ], "rotation": 180, "texture": "#log_oak" },
        "up":    { "uv": [ 11, 0, 16, 5 ], "rotation": 180, "texture": "#log_oak" },
        "north": { "uv": [ 0, 0, 6, 16 ], "texture": "#log_oak" },
        "south": { "uv": [ 0, 0, 6, 16 ], "texture": "#log_oak" },
        "west":  { "uv": [ 0, 0, 6, 16 ], "texture": "#log_oak" },
        "east":  { "uv": [ 0, 0, 6, 16 ], "texture": "#log_oak" }
    }
},
{
    "__comment": "bed post",
    "from": [ 14, 0, 14 ],
    "to": [ 16, 16, 16 ],
    "faces": {
        "down":  { "uv": [ 11, 0, 16, 5 ], "rotation": 180, "texture": "#log_oak" },
        "up":    { "uv": [ 11, 0, 16, 5 ], "rotation": 180, "texture": "#log_oak" },
        "north": { "uv": [ 0, 0, 6, 16 ], "texture": "#log_oak" },
        "south": { "uv": [ 0, 0, 6, 16 ], "texture": "#log_oak" },
        "west":  { "uv": [ 0, 0, 6, 16 ], "texture": "#log_oak" },
        "east":  { "uv": [ 0, 0, 6, 16 ], "texture": "#log_oak" }
    }
},
{
    "__comment": "bed",
    "from": [ 1, 5, 0 ],
    "to": [ 15, 8, 13.75 ],
    "faces": {
        "down":  { "uv": [ 0, 0, 16, 16 ], "rotation": 180, "texture": "#bed_feet_top" },
        "up":    { "uv": [ 0, 0, 16, 16 ], "rotation": 180, "texture": "#bed_feet_top" },
        "north": { "uv": [ 0, 8, 16, 11 ], "texture": "#bed_feet_top" },
        "south": { "uv": [ 0, 8, 16, 11 ], "texture": "#bed_feet_top" },
        "west":  { "uv": [ 0, 8, 16, 11 ], "texture": "#bed_feet_top" },
        "east":  { "uv": [ 0, 8, 16, 11 ], "texture": "#bed_feet_top" }
    }
},
{
    "from": [ -0.5, 2, 14.75 ],
    "to": [ 16.5, 3, 15.25 ],
    "faces": {
        "down":  { "uv": [ 16, 15.25, 0, 14.75 ], "texture": "#texture" },
        "up":    { "uv": [ 0, 14.75, 16, 15.25 ], "texture": "#texture" },
        "north": { "uv": [ 0, 13, 16, 14 ], "texture": "#texture" },
        "south": { "uv": [ 0, 13, 16, 14 ], "texture": "#texture" },
        "west":  { "uv": [ 14.75, 13, 15.25, 14 ], "texture": "#texture" },
        "east":  { "uv": [ 0.75, 13, 1.25, 14 ], "texture": "#texture" }
    }
},
{
    "from": [ -0.5, 10.5, 14.75 ],
    "to": [ 16.5, 11.5, 15.25 ],
    "faces": {
        "down":  { "uv": [ 16, 15.25, 0, 14.75 ], "texture": "#texture" },
        "up":    { "uv": [ 0, 14.75, 16, 15.25 ], "texture": "#texture" },
        "north": { "uv": [ 0, 4.5, 16, 5.5 ], "texture": "#texture" },
        "south": { "uv": [ 0, 4.5, 16, 5.5 ], "texture": "#texture" },
        "west":  { "uv": [ 14.75, 4.5, 15.25, 5.5 ], "texture": "#texture" },
        "east":  { "uv": [ 0.75, 4.5, 1.25, 5.5 ], "texture": "#texture" }
    }
},
{
    "from": [ 12.5, 1.5, 14.5 ],
    "to": [ 13.75, 14.75, 15.5 ],
    "faces": {
        "down":  { "uv": [ 3.5, 15.5, 2.25, 14.5 ], "texture": "#texture" },
        "up":    { "uv": [ 12.5, 14.5, 13.75, 15.5 ], "texture": "#texture" },
        "north": { "uv": [ 2.25, 1.25, 3.5, 14.5 ], "texture": "#texture" },
        "south": { "uv": [ 12.5, 1.25, 13.75, 14.5 ], "texture": "#texture" },
        "west":  { "uv": [ 14.5, 1.25, 15.5, 14.5 ], "texture": "#texture" },
        "east":  { "uv": [ 0.5, 1.25, 1.5, 14.5 ], "texture": "#texture" }
    }
},
{
    "from": [ 2.25, 1.5, 14.5 ],
    "to": [ 3.5, 14.75, 15.5 ],
    "faces": {
        "down":  { "uv": [ 13.75, 15.5, 12.5, 14.5 ], "texture": "#texture" },
        "up":    { "uv": [ 2.25, 14.5, 3.5, 15.5 ], "texture": "#texture" },
        "north": { "uv": [ 12.5, 1.25, 13.75, 14.5 ], "texture": "#texture" },
        "south": { "uv": [ 2.25, 1.25, 3.5, 14.5 ], "texture": "#texture" },
        "west":  { "uv": [ 14.5, 1.25, 15.5, 14.5 ], "texture": "#texture" },
        "east":  { "uv": [ 0.5, 1.25, 1.5, 14.5 ], "texture": "#texture" }
    }
},
{
    "from": [ 3.75, 1.5, 14.5 ],
    "to": [ 5.25, 15.25, 15.5 ],
    "faces": {
        "down":  { "uv": [ 12.25, 15.5, 10.75, 14.5 ], "texture": "#texture" },
        "up":    { "uv": [ 3.75, 14.5, 5.25, 15.5 ], "texture": "#texture" },
        "north": { "uv": [ 10.75, 0.75, 12.25, 14.5 ], "texture": "#texture" },
        "south": { "uv": [ 3.75, 0.75, 5.25, 14.5 ], "texture": "#texture" },
        "west":  { "uv": [ 14.5, 0.75, 15.5, 14.5 ], "texture": "#texture" },
        "east":  { "uv": [ 0.5, 0.75, 1.5, 14.5 ], "texture": "#texture" }
    }
},
{
    "from": [ 10.75, 1.5, 14.5 ],
    "to": [ 12.25, 15.25, 15.5 ],
    "faces": {
        "down":  { "uv": [ 5.25, 15.5, 3.75, 14.5 ], "texture": "#texture" },
        "up":    { "uv": [ 10.75, 14.5, 12.25, 15.5 ], "texture": "#texture" },
        "north": { "uv": [ 3.75, 0.75, 5.25, 14.5 ], "texture": "#texture" },
        "south": { "uv": [ 10.75, 0.75, 12.25, 14.5 ], "texture": "#texture" },
        "west":  { "uv": [ 14.5, 0.75, 15.5, 14.5 ], "texture": "#texture" },
        "east":  { "uv": [ 0.5, 0.75, 1.5, 14.5 ], "texture": "#texture" }
    }
},
{
    "from": [ 9, 1.5, 14.5 ],
    "to": [ 10.5, 15.5, 15.5 ],
    "faces": {
        "down":  { "uv": [ 7, 15.5, 5.5, 14.5 ], "texture": "#texture" },
        "up":    { "uv": [ 9, 14.5, 10.5, 15.5 ], "texture": "#texture" },
        "north": { "uv": [ 5.5, 0.5, 7, 14.5 ], "texture": "#texture" },
        "south": { "uv": [ 9, 0.5, 10.5, 14.5 ], "texture": "#texture" },
        "west":  { "uv": [ 14.5, 0.5, 15.5, 14.5 ], "texture": "#texture" },
        "east":  { "uv": [ 0.5, 0.5, 1.5, 14.5 ], "texture": "#texture" }
    }
},
{
    "from": [ 5.5, 1.5, 14.5 ],
    "to": [ 7, 15.5, 15.5 ],
    "faces": {
        "down":  { "uv": [ 10.5, 15.5, 9, 14.5 ], "texture": "#texture" },
        "up":    { "uv": [ 5.5, 14.5, 7, 15.5 ], "texture": "#texture" },
        "north": { "uv": [ 9, 0.5, 10.5, 14.5 ], "texture": "#texture" },
        "south": { "uv": [ 5.5, 0.5, 7, 14.5 ], "texture": "#texture" },
        "west":  { "uv": [ 14.5, 0.5, 15.5, 14.5 ], "texture": "#texture" },
        "east":  { "uv": [ 0.5, 0.5, 1.5, 14.5 ], "texture": "#texture" }
    }
},
{
    "from": [ 7.25, 1.5, 14.5 ],
    "to": [ 8.75, 15.5, 15.5 ],
    "faces": {
        "down":  { "uv": [ 8.75, 15.5, 7.25, 14.5 ], "texture": "#texture" },
        "up":    { "uv": [ 7.25, 14.5, 8.75, 15.5 ], "texture": "#texture" },
        "north": { "uv": [ 7.25, 0.5, 8.75, 14.5 ], "texture": "#texture" },
        "south": { "uv": [ 7.25, 0.5, 8.75, 14.5 ], "texture": "#texture" },
        "west":  { "uv": [ 14.5, 0.5, 15.5, 14.5 ], "texture": "#texture" },
        "east":  { "uv": [ 0.5, 0.5, 1.5, 14.5 ], "texture": "#texture" }
    }
},
{
    "from": [ 2, 4, 13.5 ],
    "to": [ 14, 7, 14.5 ],
    "faces": {
        "down":  { "uv": [ 14, 14.5, 2, 13.5 ], "texture": "#texture" },
        "up":    { "uv": [ 2, 13.5, 14, 14.5 ], "texture": "#texture" },
        "north": { "uv": [ 2, 9, 14, 12 ], "texture": "#texture" },
        "south": { "uv": [ 2, 9, 14, 12 ], "texture": "#texture" },
        "west":  { "uv": [ 13.5, 9, 14.5, 12 ], "texture": "#texture" },
        "east":  { "uv": [ 1.5, 9, 2.5, 12 ], "texture": "#texture" }
    }
},
{
    "from": [ 1, 4.5, 0.5 ],
    "to": [ 15, 5, 1.5 ],
    "faces": {
        "down":  { "uv": [ 15, 1.5, 1, 0.5 ], "texture": "#texture" },
        "up":    { "uv": [ 1, 0.5, 15, 1.5 ], "texture": "#texture" },
        "north": { "uv": [ 1, 11, 15, 11.5 ], "texture": "#texture" },
        "south": { "uv": [ 1, 11, 15, 11.5 ], "texture": "#texture" },
        "west":  { "uv": [ 0.5, 11, 1.5, 11.5 ], "texture": "#texture" },
        "east":  { "uv": [ 14.5, 11, 15.5, 11.5 ], "texture": "#texture" }
    }
},
{
    "from": [ 1, 4.5, 2.5 ],
    "to": [ 15, 5, 3.5 ],
    "faces": {
        "down":  { "uv": [ 15, 3.5, 1, 2.5 ], "texture": "#texture" },
        "up":    { "uv": [ 1, 2.5, 15, 3.5 ], "texture": "#texture" },
        "north": { "uv": [ 1, 11, 15, 11.5 ], "texture": "#texture" },
        "south": { "uv": [ 1, 11, 15, 11.5 ], "texture": "#texture" },
        "west":  { "uv": [ 2.5, 11, 3.5, 11.5 ], "texture": "#texture" },
        "east":  { "uv": [ 12.5, 11, 13.5, 11.5 ], "texture": "#texture" }
    }
},
{
    "from": [ 1, 4.5, 4.5 ],
    "to": [ 15, 5, 5.5 ],
    "faces": {
        "down":  { "uv": [ 15, 5.5, 1, 4.5 ], "texture": "#texture" },
        "up":    { "uv": [ 1, 4.5, 15, 5.5 ], "texture": "#texture" },
        "north": { "uv": [ 1, 11, 15, 11.5 ], "texture": "#texture" },
        "south": { "uv": [ 1, 11, 15, 11.5 ], "texture": "#texture" },
        "west":  { "uv": [ 4.5, 11, 5.5, 11.5 ], "texture": "#texture" },
        "east":  { "uv": [ 10.5, 11, 11.5, 11.5 ], "texture": "#texture" }
    }
},
{
    "from": [ 1, 4.5, 6.5 ],
    "to": [ 15, 5, 7.5 ],
    "faces": {
        "down":  { "uv": [ 15, 7.5, 1, 6.5 ], "texture": "#texture" },
        "up":    { "uv": [ 1, 6.5, 15, 7.5 ], "texture": "#texture" },
        "north": { "uv": [ 1, 11, 15, 11.5 ], "texture": "#texture" },
        "south": { "uv": [ 1, 11, 15, 11.5 ], "texture": "#texture" },
        "west":  { "uv": [ 6.5, 11, 7.5, 11.5 ], "texture": "#texture" },
        "east":  { "uv": [ 8.5, 11, 9.5, 11.5 ], "texture": "#texture" }
    }
},
{
    "from": [ 1, 4.5, 8.5 ],
    "to": [ 15, 5, 9.5 ],
    "faces": {
        "down":  { "uv": [ 15, 9.5, 1, 8.5 ], "texture": "#texture" },
        "up":    { "uv": [ 1, 8.5, 15, 9.5 ], "texture": "#texture" },
        "north": { "uv": [ 1, 11, 15, 11.5 ], "texture": "#texture" },
        "south": { "uv": [ 1, 11, 15, 11.5 ], "texture": "#texture" },
        "west":  { "uv": [ 8.5, 11, 9.5, 11.5 ], "texture": "#texture" },
        "east":  { "uv": [ 6.5, 11, 7.5, 11.5 ], "texture": "#texture" }
    }
},
{
    "from": [ 1, 4.5, 10.5 ],
    "to": [ 15, 5, 11.5 ],
    "faces": {
        "down":  { "uv": [ 15, 11.5, 1, 10.5 ], "texture": "#texture" },
        "up":    { "uv": [ 1, 10.5, 15, 11.5 ], "texture": "#texture" },
        "north": { "uv": [ 1, 11, 15, 11.5 ], "texture": "#texture" },
        "south": { "uv": [ 1, 11, 15, 11.5 ], "texture": "#texture" },
        "west":  { "uv": [ 10.5, 11, 11.5, 11.5 ], "texture": "#texture" },
        "east":  { "uv": [ 4.5, 11, 5.5, 11.5 ], "texture": "#texture" }
    }
},
{
    "from": [ 1, 4.5, 12.25 ],
    "to": [ 15, 5, 13.25 ],
    "faces": {
        "down":  { "uv": [ 15, 13.25, 1, 12.25 ], "texture": "#texture" },
        "up":    { "uv": [ 1, 12.25, 15, 13.25 ], "texture": "#texture" },
        "north": { "uv": [ 1, 11, 15, 11.5 ], "texture": "#texture" },
        "south": { "uv": [ 1, 11, 15, 11.5 ], "texture": "#texture" },
        "west":  { "uv": [ 12.25, 11, 13.25, 11.5 ], "texture": "#texture" },
        "east":  { "uv": [ 2.75, 11, 3.75, 11.5 ], "texture": "#texture" }
    }
},
{
    "from": [ 2, 8, 8 ],
    "to": [ 14, 8.25, 13.25 ],
    "faces": {
        "down":  { "uv": [ 14, 13.25, 2, 8 ], "texture": "#wool_colored_white" },
        "up":    { "uv": [ 2, 8, 14, 13.25 ], "texture": "#wool_colored_white" },
        "north": { "uv": [ 2, 7.75, 14, 8 ], "texture": "#wool_colored_white" },
        "south": { "uv": [ 2, 7.75, 14, 8 ], "texture": "#wool_colored_white" },
        "west":  { "uv": [ 8, 7.75, 13.25, 8 ], "texture": "#wool_colored_white" },
        "east":  { "uv": [ 2.75, 7.75, 8, 8 ], "texture": "#wool_colored_white" }
    }
},
{
    "from": [ 2.25, 8.25, 8.25 ],
    "to": [ 13.75, 8.75, 13 ],
    "faces": {
        "down":  { "uv": [ 13.75, 13, 2.25, 8.25 ], "texture": "#wool_colored_white" },
        "up":    { "uv": [ 2.25, 8.25, 13.75, 13 ], "texture": "#wool_colored_white" },
        "north": { "uv": [ 2.25, 7.25, 13.75, 7.75 ], "texture": "#wool_colored_white" },
        "south": { "uv": [ 2.25, 7.25, 13.75, 7.75 ], "texture": "#wool_colored_white" },
        "west":  { "uv": [ 8.25, 7.25, 13, 7.75 ], "texture": "#wool_colored_white" },
        "east":  { "uv": [ 3, 7.25, 7.75, 7.75 ], "texture": "#wool_colored_white" }
    }
}
],
"display": {
    "thirdperson_righthand": {
        "rotation": [ 75, 45, 0 ],
        "translation": [ 0, 2.5, 0 ],
        "scale": [ 0.21, 0.21, 0.21 ]
    },
    "thirdperson_lefthand": {
        "rotation": [ 75, 45, 0 ],
        "translation": [ 0, 2.5, 0 ],
        "scale": [ 0.21, 0.21, 0.21 ]
    },
    "head": {
        "rotation": [ 0, 0, 0 ],
        "translation": [ 0, 13, 0 ],
        "scale": [ 1, 1, 1 ]
    },
    "ground": {
        "rotation": [ 0, 0, 0 ],
        "translation": [ 0, 3, 0 ],
        "scale": [ 0.25, 0.25, 0.25 ]
    },
    "fixed": {
        "rotation": [ 0, 91, 0 ],
        "translation": [ 3.84, 0, -3.84 ],
        "scale": [ 0.5, 0.5, 0.5 ]
    },
    "firstperson_righthand": {
        "rotation": [ 0, 45, 0 ],
        "translation": [ 0, 0, 0 ],
        "scale": [ 0.4, 0.4, 0.24 ]
    },
    "firstperson_lefthand": {
        "rotation": [ 0, 45, 0 ],
        "translation": [ 0, 0, 0 ],
        "scale": [ 0.4, 0.4, 0.24 ]
    },
    "gui": {
        "rotation": [ 30, 225, 0 ],
        "translation": [ -0.96, 0, 0 ],
        "scale": [ 0.3, 0.3, 0.3 ]
    }
}
}