{
"__comment": "CoolScreenName http://www.planetminecraft.com/member/coolscreenname/",
"textures": {
    "particle": "items/bowl",
    "texture": "blocks/log_oak",
    "beetroot": "blocks/debug"
},
"elements": [ 
{
    "__comment": "Bowl",
    "from": [ 0, 10, 4 ],
    "to": [ 1, 13, 12 ],
    "faces": {
        "down":  { "uv": [ 16, 12, 15, 4 ], "texture": "#texture" },
        "up":    { "uv": [ 0, 4, 1, 12 ], "texture": "#texture" },
        "north": { "uv": [ 15, 3, 16, 6 ], "texture": "#texture" },
        "south": { "uv": [ 0, 3, 1, 6 ], "texture": "#texture" },
        "west":  { "uv": [ 4, 3, 12, 6 ], "texture": "#texture" },
        "east":  { "uv": [ 4, 3, 12, 6 ], "texture": "#texture" }
    }
},
{
    "__comment": "Bowl",
    "from": [ 0, 9, 5 ],
    "to": [ 2, 10, 11 ],
    "faces": {
        "down":  { "uv": [ 16, 11, 14, 5 ], "texture": "#texture" },
        "up":    { "uv": [ 0, 5, 2, 11 ], "texture": "#texture" },
        "north": { "uv": [ 14, 6, 16, 7 ], "texture": "#texture" },
        "south": { "uv": [ 0, 6, 2, 7 ], "texture": "#texture" },
        "west":  { "uv": [ 5, 6, 11, 7 ], "texture": "#texture" },
        "east":  { "uv": [ 5, 6, 11, 7 ], "texture": "#texture" }
    }
},
{
    "__comment": "Bowl",
    "from": [ 0, 8, 6 ],
    "to": [ 3, 9, 10 ],
    "faces": {
        "down":  { "uv": [ 16, 10, 13, 6 ], "texture": "#texture" },
        "up":    { "uv": [ 0, 6, 3, 10 ], "texture": "#texture" },
        "north": { "uv": [ 13, 7, 16, 8 ], "texture": "#texture" },
        "south": { "uv": [ 0, 7, 3, 8 ], "texture": "#texture" },
        "west":  { "uv": [ 6, 7, 10, 8 ], "texture": "#texture" },
        "east":  { "uv": [ 6, 7, 10, 8 ], "texture": "#texture" }
    }
},
{
    "__comment": "Bowl",
    "from": [ 1, 11, 2 ],
    "to": [ 2, 12, 14 ],
    "faces": {
        "down":  { "uv": [ 15, 14, 14, 2 ], "texture": "#texture" },
        "up":    { "uv": [ 1, 2, 2, 14 ], "texture": "#texture" },
        "north": { "uv": [ 14, 4, 15, 5 ], "texture": "#texture" },
        "south": { "uv": [ 1, 4, 2, 5 ], "texture": "#texture" },
        "west":  { "uv": [ 2, 4, 14, 5 ], "texture": "#texture" },
        "east":  { "uv": [ 2, 4, 14, 5 ], "texture": "#texture" }
    }
},
{
    "__comment": "Bowl",
    "from": [ 1, 12, 2 ],
    "to": [ 2, 13, 7 ],
    "faces": {
        "down":  { "uv": [ 15, 7, 14, 2 ], "texture": "#texture" },
        "up":    { "uv": [ 1, 2, 2, 7 ], "texture": "#texture" },
        "north": { "uv": [ 14, 3, 15, 4 ], "texture": "#texture" },
        "south": { "uv": [ 1, 3, 2, 4 ], "texture": "#texture" },
        "west":  { "uv": [ 2, 3, 7, 4 ], "texture": "#texture" },
        "east":  { "uv": [ 9, 3, 14, 4 ], "texture": "#texture" }
    }
},
{
    "__comment": "Bowl",
    "from": [ 1, 8, 3 ],
    "to": [ 3, 9, 6 ],
    "faces": {
        "down":  { "uv": [ 15, 6, 13, 3 ], "texture": "#texture" },
        "up":    { "uv": [ 1, 3, 3, 6 ], "texture": "#texture" },
        "north": { "uv": [ 13, 7, 15, 8 ], "texture": "#texture" },
        "south": { "uv": [ 1, 7, 3, 8 ], "texture": "#texture" },
        "west":  { "uv": [ 3, 7, 6, 8 ], "texture": "#texture" },
        "east":  { "uv": [ 10, 7, 13, 8 ], "texture": "#texture" }
    }
},
{
    "__comment": "Bowl",
    "from": [ 1, 9, 3 ],
    "to": [ 3, 11, 5 ],
    "faces": {
        "down":  { "uv": [ 15, 5, 13, 3 ], "texture": "#texture" },
        "up":    { "uv": [ 1, 3, 3, 5 ], "texture": "#texture" },
        "north": { "uv": [ 13, 5, 15, 7 ], "texture": "#texture" },
        "south": { "uv": [ 1, 5, 3, 7 ], "texture": "#texture" },
        "west":  { "uv": [ 3, 5, 5, 7 ], "texture": "#texture" },
        "east":  { "uv": [ 11, 5, 13, 7 ], "texture": "#texture" }
    }
},
{
    "__comment": "Bowl",
    "from": [ 1, 7, 4 ],
    "to": [ 3, 8, 12 ],
    "faces": {
        "down":  { "uv": [ 15, 12, 13, 4 ], "texture": "#texture" },
        "up":    { "uv": [ 1, 4, 3, 12 ], "texture": "#texture" },
        "north": { "uv": [ 13, 8, 15, 9 ], "texture": "#texture" },
        "south": { "uv": [ 1, 8, 3, 9 ], "texture": "#texture" },
        "west":  { "uv": [ 4, 8, 12, 9 ], "texture": "#texture" },
        "east":  { "uv": [ 4, 8, 12, 9 ], "texture": "#texture" }
    }
},
{
    "__comment": "Bowl",
    "from": [ 1, 10, 5 ],
    "to": [ 2, 11, 13 ],
    "faces": {
        "down":  { "uv": [ 15, 13, 14, 5 ], "texture": "#texture" },
        "up":    { "uv": [ 1, 5, 2, 13 ], "texture": "#texture" },
        "north": { "uv": [ 14, 5, 15, 6 ], "texture": "#texture" },
        "south": { "uv": [ 1, 5, 2, 6 ], "texture": "#texture" },
        "west":  { "uv": [ 5, 5, 13, 6 ], "texture": "#texture" },
        "east":  { "uv": [ 3, 5, 11, 6 ], "texture": "#texture" }
    }
},
{
    "__comment": "Bowl",
    "from": [ 1, 6, 7 ],
    "to": [ 5, 7, 9 ],
    "faces": {
        "down":  { "uv": [ 15, 9, 11, 7 ], "texture": "#texture" },
        "up":    { "uv": [ 1, 7, 5, 9 ], "texture": "#texture" },
        "north": { "uv": [ 11, 9, 15, 10 ], "texture": "#texture" },
        "south": { "uv": [ 1, 9, 5, 10 ], "texture": "#texture" },
        "west":  { "uv": [ 7, 9, 9, 10 ], "texture": "#texture" },
        "east":  { "uv": [ 7, 9, 9, 10 ], "texture": "#texture" }
    }
},
{
    "__comment": "Bowl",
    "from": [ 1, 12, 9 ],
    "to": [ 2, 13, 14 ],
    "faces": {
        "down":  { "uv": [ 15, 14, 14, 9 ], "texture": "#texture" },
        "up":    { "uv": [ 1, 9, 2, 14 ], "texture": "#texture" },
        "north": { "uv": [ 14, 3, 15, 4 ], "texture": "#texture" },
        "south": { "uv": [ 1, 3, 2, 4 ], "texture": "#texture" },
        "west":  { "uv": [ 9, 3, 14, 4 ], "texture": "#texture" },
        "east":  { "uv": [ 2, 3, 7, 4 ], "texture": "#texture" }
    }
},
{
    "__comment": "Bowl",
    "from": [ 1, 8, 10 ],
    "to": [ 3, 9, 13 ],
    "faces": {
        "down":  { "uv": [ 15, 13, 13, 10 ], "texture": "#texture" },
        "up":    { "uv": [ 1, 10, 3, 13 ], "texture": "#texture" },
        "north": { "uv": [ 13, 7, 15, 8 ], "texture": "#texture" },
        "south": { "uv": [ 1, 7, 3, 8 ], "texture": "#texture" },
        "west":  { "uv": [ 10, 7, 13, 8 ], "texture": "#texture" },
        "east":  { "uv": [ 3, 7, 6, 8 ], "texture": "#texture" }
    }
},
{
    "__comment": "Bowl",
    "from": [ 1, 9, 11 ],
    "to": [ 3, 10, 13 ],
    "faces": {
        "down":  { "uv": [ 15, 13, 13, 11 ], "texture": "#texture" },
        "up":    { "uv": [ 1, 11, 3, 13 ], "texture": "#texture" },
        "north": { "uv": [ 13, 6, 15, 7 ], "texture": "#texture" },
        "south": { "uv": [ 1, 6, 3, 7 ], "texture": "#texture" },
        "west":  { "uv": [ 11, 6, 13, 7 ], "texture": "#texture" },
        "east":  { "uv": [ 3, 6, 5, 7 ], "texture": "#texture" }
    }
},
{
    "__comment": "Bowl",
    "from": [ 2, 11, 1 ],
    "to": [ 3, 12, 5 ],
    "faces": {
        "down":  { "uv": [ 14, 5, 13, 1 ], "texture": "#texture" },
        "up":    { "uv": [ 2, 1, 3, 5 ], "texture": "#texture" },
        "north": { "uv": [ 13, 4, 14, 5 ], "texture": "#texture" },
        "south": { "uv": [ 2, 4, 3, 5 ], "texture": "#texture" },
        "west":  { "uv": [ 1, 4, 5, 5 ], "texture": "#texture" },
        "east":  { "uv": [ 11, 4, 15, 5 ], "texture": "#texture" }
    }
},
{
    "__comment": "Bowl",
    "from": [ 2, 12, 1 ],
    "to": [ 3, 13, 4 ],
    "faces": {
        "down":  { "uv": [ 14, 4, 13, 1 ], "texture": "#texture" },
        "up":    { "uv": [ 2, 1, 3, 4 ], "texture": "#texture" },
        "north": { "uv": [ 13, 3, 14, 4 ], "texture": "#texture" },
        "south": { "uv": [ 2, 3, 3, 4 ], "texture": "#texture" },
        "west":  { "uv": [ 1, 3, 4, 4 ], "texture": "#texture" },
        "east":  { "uv": [ 12, 3, 15, 4 ], "texture": "#texture" }
    }
},
{
    "__comment": "Bowl",
    "from": [ 2, 8, 2 ],
    "to": [ 5, 11, 3 ],
    "faces": {
        "down":  { "uv": [ 14, 3, 11, 2 ], "texture": "#texture" },
        "up":    { "uv": [ 2, 2, 5, 3 ], "texture": "#texture" },
        "north": { "uv": [ 11, 5, 14, 8 ], "texture": "#texture" },
        "south": { "uv": [ 2, 5, 5, 8 ], "texture": "#texture" },
        "west":  { "uv": [ 2, 5, 3, 8 ], "texture": "#texture" },
        "east":  { "uv": [ 13, 5, 14, 8 ], "texture": "#texture" }
    }
},
{
    "__comment": "Bowl",
    "from": [ 2, 7, 3 ],
    "to": [ 7, 8, 4 ],
    "faces": {
        "down":  { "uv": [ 14, 4, 9, 3 ], "texture": "#texture" },
        "up":    { "uv": [ 2, 3, 7, 4 ], "texture": "#texture" },
        "north": { "uv": [ 9, 8, 14, 9 ], "texture": "#texture" },
        "south": { "uv": [ 2, 8, 7, 9 ], "texture": "#texture" },
        "west":  { "uv": [ 3, 8, 4, 9 ], "texture": "#texture" },
        "east":  { "uv": [ 12, 8, 13, 9 ], "texture": "#texture" }
    }
},
{
    "__comment": "Bowl",
    "from": [ 2, 6, 4 ],
    "to": [ 5, 7, 7 ],
    "faces": {
        "down":  { "uv": [ 14, 7, 11, 4 ], "texture": "#texture" },
        "up":    { "uv": [ 2, 4, 5, 7 ], "texture": "#texture" },
        "north": { "uv": [ 11, 9, 14, 10 ], "texture": "#texture" },
        "south": { "uv": [ 2, 9, 5, 10 ], "texture": "#texture" },
        "west":  { "uv": [ 4, 9, 7, 10 ], "texture": "#texture" },
        "east":  { "uv": [ 9, 9, 12, 10 ], "texture": "#texture" }
    }
},
{
    "__comment": "Bowl",
    "from": [ 2, 9, 5 ],
    "to": [ 3, 10, 6 ],
    "faces": {
        "down":  { "uv": [ 14, 6, 13, 5 ], "texture": "#texture" },
        "up":    { "uv": [ 2, 5, 3, 6 ], "texture": "#texture" },
        "north": { "uv": [ 13, 6, 14, 7 ], "texture": "#texture" },
        "south": { "uv": [ 2, 6, 3, 7 ], "texture": "#texture" },
        "west":  { "uv": [ 5, 6, 6, 7 ], "texture": "#texture" },
        "east":  { "uv": [ 10, 6, 11, 7 ], "texture": "#texture" }
    }
},
{
    "__comment": "Bowl",
    "from": [ 2, 5, 6 ],
    "to": [ 7, 6, 10 ],
    "faces": {
        "down":  { "uv": [ 14, 10, 9, 6 ], "texture": "#texture" },
        "up":    { "uv": [ 2, 6, 7, 10 ], "texture": "#texture" },
        "north": { "uv": [ 9, 10, 14, 11 ], "texture": "#texture" },
        "south": { "uv": [ 2, 10, 7, 11 ], "texture": "#texture" },
        "west":  { "uv": [ 6, 10, 10, 11 ], "texture": "#texture" },
        "east":  { "uv": [ 6, 10, 10, 11 ], "texture": "#texture" }
    }
},
{
    "__comment": "Bowl",
    "from": [ 2, 6, 9 ],
    "to": [ 5, 7, 12 ],
    "faces": {
        "down":  { "uv": [ 14, 12, 11, 9 ], "texture": "#texture" },
        "up":    { "uv": [ 2, 9, 5, 12 ], "texture": "#texture" },
        "north": { "uv": [ 11, 9, 14, 10 ], "texture": "#texture" },
        "south": { "uv": [ 2, 9, 5, 10 ], "texture": "#texture" },
        "west":  { "uv": [ 9, 9, 12, 10 ], "texture": "#texture" },
        "east":  { "uv": [ 4, 9, 7, 10 ], "texture": "#texture" }
    }
},
{
    "__comment": "Bowl",
    "from": [ 2, 9, 10 ],
    "to": [ 3, 10, 11 ],
    "faces": {
        "down":  { "uv": [ 14, 11, 13, 10 ], "texture": "#texture" },
        "up":    { "uv": [ 2, 10, 3, 11 ], "texture": "#texture" },
        "north": { "uv": [ 13, 6, 14, 7 ], "texture": "#texture" },
        "south": { "uv": [ 2, 6, 3, 7 ], "texture": "#texture" },
        "west":  { "uv": [ 10, 6, 11, 7 ], "texture": "#texture" },
        "east":  { "uv": [ 5, 6, 6, 7 ], "texture": "#texture" }
    }
},
{
    "__comment": "Bowl",
    "from": [ 2, 10, 11 ],
    "to": [ 3, 12, 14 ],
    "faces": {
        "down":  { "uv": [ 14, 14, 13, 11 ], "texture": "#texture" },
        "up":    { "uv": [ 2, 11, 3, 14 ], "texture": "#texture" },
        "north": { "uv": [ 13, 4, 14, 6 ], "texture": "#texture" },
        "south": { "uv": [ 2, 4, 3, 6 ], "texture": "#texture" },
        "west":  { "uv": [ 11, 4, 14, 6 ], "texture": "#texture" },
        "east":  { "uv": [ 2, 4, 5, 6 ], "texture": "#texture" }
    }
},
{
    "__comment": "Bowl",
    "from": [ 2, 7, 12 ],
    "to": [ 7, 8, 13 ],
    "faces": {
        "down":  { "uv": [ 14, 13, 9, 12 ], "texture": "#texture" },
        "up":    { "uv": [ 2, 12, 7, 13 ], "texture": "#texture" },
        "north": { "uv": [ 9, 8, 14, 9 ], "texture": "#texture" },
        "south": { "uv": [ 2, 8, 7, 9 ], "texture": "#texture" },
        "west":  { "uv": [ 12, 8, 13, 9 ], "texture": "#texture" },
        "east":  { "uv": [ 3, 8, 4, 9 ], "texture": "#texture" }
    }
},
{
    "__comment": "Bowl",
    "from": [ 2, 12, 12 ],
    "to": [ 3, 13, 15 ],
    "faces": {
        "down":  { "uv": [ 14, 15, 13, 12 ], "texture": "#texture" },
        "up":    { "uv": [ 2, 12, 3, 15 ], "texture": "#texture" },
        "north": { "uv": [ 13, 3, 14, 4 ], "texture": "#texture" },
        "south": { "uv": [ 2, 3, 3, 4 ], "texture": "#texture" },
        "west":  { "uv": [ 12, 3, 15, 4 ], "texture": "#texture" },
        "east":  { "uv": [ 1, 3, 4, 4 ], "texture": "#texture" }
    }
},
{
    "__comment": "Bowl",
    "from": [ 2, 8, 13 ],
    "to": [ 6, 10, 14 ],
    "faces": {
        "down":  { "uv": [ 14, 14, 10, 13 ], "texture": "#texture" },
        "up":    { "uv": [ 2, 13, 6, 14 ], "texture": "#texture" },
        "north": { "uv": [ 10, 6, 14, 8 ], "texture": "#texture" },
        "south": { "uv": [ 2, 6, 6, 8 ], "texture": "#texture" },
        "west":  { "uv": [ 13, 6, 14, 8 ], "texture": "#texture" },
        "east":  { "uv": [ 2, 6, 3, 8 ], "texture": "#texture" }
    }
},
{
    "__comment": "Bowl",
    "from": [ 2, 11, 14 ],
    "to": [ 14, 12, 15 ],
    "faces": {
        "down":  { "uv": [ 14, 15, 2, 14 ], "texture": "#texture" },
        "up":    { "uv": [ 2, 14, 14, 15 ], "texture": "#texture" },
        "north": { "uv": [ 2, 4, 14, 5 ], "texture": "#texture" },
        "south": { "uv": [ 2, 4, 14, 5 ], "texture": "#texture" },
        "west":  { "uv": [ 14, 4, 15, 5 ], "texture": "#texture" },
        "east":  { "uv": [ 1, 4, 2, 5 ], "texture": "#texture" }
    }
},
{
    "__comment": "Bowl",
    "from": [ 3, 8, 1 ],
    "to": [ 7, 13, 2 ],
    "faces": {
        "down":  { "uv": [ 13, 2, 9, 1 ], "texture": "#texture" },
        "up":    { "uv": [ 3, 1, 7, 2 ], "texture": "#texture" },
        "north": { "uv": [ 9, 3, 13, 8 ], "texture": "#texture" },
        "south": { "uv": [ 3, 3, 7, 8 ], "texture": "#texture" },
        "west":  { "uv": [ 1, 3, 2, 8 ], "texture": "#texture" },
        "east":  { "uv": [ 14, 3, 15, 8 ], "texture": "#texture" }
    }
},
{
    "__comment": "Bowl",
    "from": [ 3, 7, 2 ],
    "to": [ 13, 8, 3 ],
    "faces": {
        "down":  { "uv": [ 13, 3, 3, 2 ], "texture": "#texture" },
        "up":    { "uv": [ 3, 2, 13, 3 ], "texture": "#texture" },
        "north": { "uv": [ 3, 8, 13, 9 ], "texture": "#texture" },
        "south": { "uv": [ 3, 8, 13, 9 ], "texture": "#texture" },
        "west":  { "uv": [ 2, 8, 3, 9 ], "texture": "#texture" },
        "east":  { "uv": [ 13, 8, 14, 9 ], "texture": "#texture" }
    }
},
{
    "__comment": "Bowl",
    "from": [ 3, 11, 2 ],
    "to": [ 4, 13, 3 ],
    "faces": {
        "down":  { "uv": [ 13, 3, 12, 2 ], "texture": "#texture" },
        "up":    { "uv": [ 3, 2, 4, 3 ], "texture": "#texture" },
        "north": { "uv": [ 12, 3, 13, 5 ], "texture": "#texture" },
        "south": { "uv": [ 3, 3, 4, 5 ], "texture": "#texture" },
        "west":  { "uv": [ 2, 3, 3, 5 ], "texture": "#texture" },
        "east":  { "uv": [ 13, 3, 14, 5 ], "texture": "#texture" }
    }
},
{
    "__comment": "Bowl",
    "from": [ 3, 6, 3 ],
    "to": [ 13, 7, 4 ],
    "faces": {
        "down":  { "uv": [ 13, 4, 3, 3 ], "texture": "#texture" },
        "up":    { "uv": [ 3, 3, 13, 4 ], "texture": "#texture" },
        "north": { "uv": [ 3, 9, 13, 10 ], "texture": "#texture" },
        "south": { "uv": [ 3, 9, 13, 10 ], "texture": "#texture" },
        "west":  { "uv": [ 3, 9, 4, 10 ], "texture": "#texture" },
        "east":  { "uv": [ 12, 9, 13, 10 ], "texture": "#texture" }
    }
},
{
    "__comment": "Bowl",
    "from": [ 3, 8, 3 ],
    "to": [ 4, 9, 5 ],
    "faces": {
        "down":  { "uv": [ 13, 5, 12, 3 ], "texture": "#texture" },
        "up":    { "uv": [ 3, 3, 4, 5 ], "texture": "#texture" },
        "north": { "uv": [ 12, 7, 13, 8 ], "texture": "#texture" },
        "south": { "uv": [ 3, 7, 4, 8 ], "texture": "#texture" },
        "west":  { "uv": [ 3, 7, 5, 8 ], "texture": "#texture" },
        "east":  { "uv": [ 11, 7, 13, 8 ], "texture": "#texture" }
    }
},
{
    "__comment": "Bowl",
    "from": [ 3, 9, 3 ],
    "to": [ 4, 11, 4 ],
    "faces": {
        "down":  { "uv": [ 13, 4, 12, 3 ], "texture": "#texture" },
        "up":    { "uv": [ 3, 3, 4, 4 ], "texture": "#texture" },
        "north": { "uv": [ 12, 5, 13, 7 ], "texture": "#texture" },
        "south": { "uv": [ 3, 5, 4, 7 ], "texture": "#texture" },
        "west":  { "uv": [ 3, 5, 4, 7 ], "texture": "#texture" },
        "east":  { "uv": [ 12, 5, 13, 7 ], "texture": "#texture" }
    }
},
{
    "__comment": "Bowl",
    "from": [ 3, 5, 4 ],
    "to": [ 13, 6, 6 ],
    "faces": {
        "down":  { "uv": [ 13, 6, 3, 4 ], "texture": "#texture" },
        "up":    { "uv": [ 3, 4, 13, 6 ], "texture": "#texture" },
        "north": { "uv": [ 3, 10, 13, 11 ], "texture": "#texture" },
        "south": { "uv": [ 3, 10, 13, 11 ], "texture": "#texture" },
        "west":  { "uv": [ 4, 10, 6, 11 ], "texture": "#texture" },
        "east":  { "uv": [ 10, 10, 12, 11 ], "texture": "#texture" }
    }
},
{
    "__comment": "Bowl",
    "from": [ 3, 7, 4 ],
    "to": [ 4, 8, 7 ],
    "faces": {
        "down":  { "uv": [ 13, 7, 12, 4 ], "texture": "#texture" },
        "up":    { "uv": [ 3, 4, 4, 7 ], "texture": "#texture" },
        "north": { "uv": [ 12, 8, 13, 9 ], "texture": "#texture" },
        "south": { "uv": [ 3, 8, 4, 9 ], "texture": "#texture" },
        "west":  { "uv": [ 4, 8, 7, 9 ], "texture": "#texture" },
        "east":  { "uv": [ 9, 8, 12, 9 ], "texture": "#texture" }
    }
},
{
    "__comment": "Bowl",
    "from": [ 3, 7, 9 ],
    "to": [ 4, 8, 12 ],
    "faces": {
        "down":  { "uv": [ 13, 12, 12, 9 ], "texture": "#texture" },
        "up":    { "uv": [ 3, 9, 4, 12 ], "texture": "#texture" },
        "north": { "uv": [ 12, 8, 13, 9 ], "texture": "#texture" },
        "south": { "uv": [ 3, 8, 4, 9 ], "texture": "#texture" },
        "west":  { "uv": [ 9, 8, 12, 9 ], "texture": "#texture" },
        "east":  { "uv": [ 4, 8, 7, 9 ], "texture": "#texture" }
    }
},
{
    "__comment": "Bowl",
    "from": [ 3, 5, 10 ],
    "to": [ 13, 6, 12 ],
    "faces": {
        "down":  { "uv": [ 13, 12, 3, 10 ], "texture": "#texture" },
        "up":    { "uv": [ 3, 10, 13, 12 ], "texture": "#texture" },
        "north": { "uv": [ 3, 10, 13, 11 ], "texture": "#texture" },
        "south": { "uv": [ 3, 10, 13, 11 ], "texture": "#texture" },
        "west":  { "uv": [ 10, 10, 12, 11 ], "texture": "#texture" },
        "east":  { "uv": [ 4, 10, 6, 11 ], "texture": "#texture" }
    }
},
{
    "__comment": "Bowl",
    "from": [ 3, 8, 11 ],
    "to": [ 4, 9, 13 ],
    "faces": {
        "down":  { "uv": [ 13, 13, 12, 11 ], "texture": "#texture" },
        "up":    { "uv": [ 3, 11, 4, 13 ], "texture": "#texture" },
        "north": { "uv": [ 12, 7, 13, 8 ], "texture": "#texture" },
        "south": { "uv": [ 3, 7, 4, 8 ], "texture": "#texture" },
        "west":  { "uv": [ 11, 7, 13, 8 ], "texture": "#texture" },
        "east":  { "uv": [ 3, 7, 5, 8 ], "texture": "#texture" }
    }
},
{
    "__comment": "Bowl",
    "from": [ 3, 6, 12 ],
    "to": [ 13, 7, 13 ],
    "faces": {
        "down":  { "uv": [ 13, 13, 3, 12 ], "texture": "#texture" },
        "up":    { "uv": [ 3, 12, 13, 13 ], "texture": "#texture" },
        "north": { "uv": [ 3, 9, 13, 10 ], "texture": "#texture" },
        "south": { "uv": [ 3, 9, 13, 10 ], "texture": "#texture" },
        "west":  { "uv": [ 12, 9, 13, 10 ], "texture": "#texture" },
        "east":  { "uv": [ 3, 9, 4, 10 ], "texture": "#texture" }
    }
},
{
    "__comment": "Bowl",
    "from": [ 3, 9, 12 ],
    "to": [ 4, 11, 13 ],
    "faces": {
        "down":  { "uv": [ 13, 13, 12, 12 ], "texture": "#texture" },
        "up":    { "uv": [ 3, 12, 4, 13 ], "texture": "#texture" },
        "north": { "uv": [ 12, 5, 13, 7 ], "texture": "#texture" },
        "south": { "uv": [ 3, 5, 4, 7 ], "texture": "#texture" },
        "west":  { "uv": [ 12, 5, 13, 7 ], "texture": "#texture" },
        "east":  { "uv": [ 3, 5, 4, 7 ], "texture": "#texture" }
    }
},
{
    "__comment": "Bowl",
    "from": [ 3, 7, 13 ],
    "to": [ 13, 8, 14 ],
    "faces": {
        "down":  { "uv": [ 13, 14, 3, 13 ], "texture": "#texture" },
        "up":    { "uv": [ 3, 13, 13, 14 ], "texture": "#texture" },
        "north": { "uv": [ 3, 8, 13, 9 ], "texture": "#texture" },
        "south": { "uv": [ 3, 8, 13, 9 ], "texture": "#texture" },
        "west":  { "uv": [ 13, 8, 14, 9 ], "texture": "#texture" },
        "east":  { "uv": [ 2, 8, 3, 9 ], "texture": "#texture" }
    }
},
{
    "__comment": "Bowl",
    "from": [ 3, 10, 13 ],
    "to": [ 5, 11, 15 ],
    "faces": {
        "down":  { "uv": [ 13, 15, 11, 13 ], "texture": "#texture" },
        "up":    { "uv": [ 3, 13, 5, 15 ], "texture": "#texture" },
        "north": { "uv": [ 11, 5, 13, 6 ], "texture": "#texture" },
        "south": { "uv": [ 3, 5, 5, 6 ], "texture": "#texture" },
        "west":  { "uv": [ 13, 5, 15, 6 ], "texture": "#texture" },
        "east":  { "uv": [ 1, 5, 3, 6 ], "texture": "#texture" }
    }
},
{
    "__comment": "Bowl",
    "from": [ 3, 11, 13 ],
    "to": [ 4, 13, 14 ],
    "faces": {
        "down":  { "uv": [ 13, 14, 12, 13 ], "texture": "#texture" },
        "up":    { "uv": [ 3, 13, 4, 14 ], "texture": "#texture" },
        "north": { "uv": [ 12, 3, 13, 5 ], "texture": "#texture" },
        "south": { "uv": [ 3, 3, 4, 5 ], "texture": "#texture" },
        "west":  { "uv": [ 13, 3, 14, 5 ], "texture": "#texture" },
        "east":  { "uv": [ 2, 3, 3, 5 ], "texture": "#texture" }
    }
},
{
    "__comment": "Bowl",
    "from": [ 3, 8, 14 ],
    "to": [ 13, 10, 15 ],
    "faces": {
        "down":  { "uv": [ 13, 15, 3, 14 ], "texture": "#texture" },
        "up":    { "uv": [ 3, 14, 13, 15 ], "texture": "#texture" },
        "north": { "uv": [ 3, 6, 13, 8 ], "texture": "#texture" },
        "south": { "uv": [ 3, 6, 13, 8 ], "texture": "#texture" },
        "west":  { "uv": [ 14, 6, 15, 8 ], "texture": "#texture" },
        "east":  { "uv": [ 1, 6, 2, 8 ], "texture": "#texture" }
    }
},
{
    "__comment": "Bowl",
    "from": [ 3, 12, 14 ],
    "to": [ 7, 13, 15 ],
    "faces": {
        "down":  { "uv": [ 13, 15, 9, 14 ], "texture": "#texture" },
        "up":    { "uv": [ 3, 14, 7, 15 ], "texture": "#texture" },
        "north": { "uv": [ 9, 3, 13, 4 ], "texture": "#texture" },
        "south": { "uv": [ 3, 3, 7, 4 ], "texture": "#texture" },
        "west":  { "uv": [ 14, 3, 15, 4 ], "texture": "#texture" },
        "east":  { "uv": [ 1, 3, 2, 4 ], "texture": "#texture" }
    }
},
{
    "__comment": "Bowl",
    "from": [ 4, 10, 0 ],
    "to": [ 12, 13, 1 ],
    "faces": {
        "down":  { "uv": [ 12, 1, 4, 0 ], "texture": "#texture" },
        "up":    { "uv": [ 4, 0, 12, 1 ], "texture": "#texture" },
        "north": { "uv": [ 4, 3, 12, 6 ], "texture": "#texture" },
        "south": { "uv": [ 4, 3, 12, 6 ], "texture": "#texture" },
        "west":  { "uv": [ 0, 3, 1, 6 ], "texture": "#texture" },
        "east":  { "uv": [ 15, 3, 16, 6 ], "texture": "#texture" }
    }
},
{
    "__comment": "Bowl",
    "from": [ 4, 7, 1 ],
    "to": [ 12, 8, 2 ],
    "faces": {
        "down":  { "uv": [ 12, 2, 4, 1 ], "texture": "#texture" },
        "up":    { "uv": [ 4, 1, 12, 2 ], "texture": "#texture" },
        "north": { "uv": [ 4, 8, 12, 9 ], "texture": "#texture" },
        "south": { "uv": [ 4, 8, 12, 9 ], "texture": "#texture" },
        "west":  { "uv": [ 1, 8, 2, 9 ], "texture": "#texture" },
        "east":  { "uv": [ 14, 8, 15, 9 ], "texture": "#texture" }
    }
},
{
    "__comment": "Bowl",
    "from": [ 4, 6, 2 ],
    "to": [ 12, 7, 3 ],
    "faces": {
        "down":  { "uv": [ 12, 3, 4, 2 ], "texture": "#texture" },
        "up":    { "uv": [ 4, 2, 12, 3 ], "texture": "#texture" },
        "north": { "uv": [ 4, 9, 12, 10 ], "texture": "#texture" },
        "south": { "uv": [ 4, 9, 12, 10 ], "texture": "#texture" },
        "west":  { "uv": [ 2, 9, 3, 10 ], "texture": "#texture" },
        "east":  { "uv": [ 13, 9, 14, 10 ], "texture": "#texture" }
    }
},
{
    "__comment": "Bowl",
    "from": [ 4, 11, 2 ],
    "to": [ 5, 12, 3 ],
    "faces": {
        "down":  { "uv": [ 12, 3, 11, 2 ], "texture": "#texture" },
        "up":    { "uv": [ 4, 2, 5, 3 ], "texture": "#texture" },
        "north": { "uv": [ 11, 4, 12, 5 ], "texture": "#texture" },
        "south": { "uv": [ 4, 4, 5, 5 ], "texture": "#texture" },
        "west":  { "uv": [ 2, 4, 3, 5 ], "texture": "#texture" },
        "east":  { "uv": [ 13, 4, 14, 5 ], "texture": "#texture" }
    }
},
{
    "__comment": "Bowl",
    "from": [ 4, 5, 3 ],
    "to": [ 12, 6, 4 ],
    "faces": {
        "down":  { "uv": [ 12, 4, 4, 3 ], "texture": "#texture" },
        "up":    { "uv": [ 4, 3, 12, 4 ], "texture": "#texture" },
        "north": { "uv": [ 4, 10, 12, 11 ], "texture": "#texture" },
        "south": { "uv": [ 4, 10, 12, 11 ], "texture": "#texture" },
        "west":  { "uv": [ 3, 10, 4, 11 ], "texture": "#texture" },
        "east":  { "uv": [ 12, 10, 13, 11 ], "texture": "#texture" }
    }
},
{
    "__comment": "Bowl",
    "from": [ 4, 8, 3 ],
    "to": [ 5, 9, 4 ],
    "faces": {
        "down":  { "uv": [ 12, 4, 11, 3 ], "texture": "#texture" },
        "up":    { "uv": [ 4, 3, 5, 4 ], "texture": "#texture" },
        "north": { "uv": [ 11, 7, 12, 8 ], "texture": "#texture" },
        "south": { "uv": [ 4, 7, 5, 8 ], "texture": "#texture" },
        "west":  { "uv": [ 3, 7, 4, 8 ], "texture": "#texture" },
        "east":  { "uv": [ 12, 7, 13, 8 ], "texture": "#texture" }
    }
},
{
    "__comment": "Bowl",
    "from": [ 4, 7, 4 ],
    "to": [ 5, 8, 5 ],
    "faces": {
        "down":  { "uv": [ 12, 5, 11, 4 ], "texture": "#texture" },
        "up":    { "uv": [ 4, 4, 5, 5 ], "texture": "#texture" },
        "north": { "uv": [ 11, 8, 12, 9 ], "texture": "#texture" },
        "south": { "uv": [ 4, 8, 5, 9 ], "texture": "#texture" },
        "west":  { "uv": [ 4, 8, 5, 9 ], "texture": "#texture" },
        "east":  { "uv": [ 11, 8, 12, 9 ], "texture": "#texture" }
    }
},
{
    "__comment": "Bowl",
    "from": [ 4, 4, 5 ],
    "to": [ 12, 5, 11 ],
    "faces": {
        "down":  { "uv": [ 12, 11, 4, 5 ], "texture": "#texture" },
        "up":    { "uv": [ 4, 5, 12, 11 ], "texture": "#texture" },
        "north": { "uv": [ 4, 11, 12, 12 ], "texture": "#texture" },
        "south": { "uv": [ 4, 11, 12, 12 ], "texture": "#texture" },
        "west":  { "uv": [ 5, 11, 11, 12 ], "texture": "#texture" },
        "east":  { "uv": [ 5, 11, 11, 12 ], "texture": "#texture" }
    }
},
{
    "__comment": "Bowl",
    "from": [ 4, 7, 11 ],
    "to": [ 5, 8, 12 ],
    "faces": {
        "down":  { "uv": [ 12, 12, 11, 11 ], "texture": "#texture" },
        "up":    { "uv": [ 4, 11, 5, 12 ], "texture": "#texture" },
        "north": { "uv": [ 11, 8, 12, 9 ], "texture": "#texture" },
        "south": { "uv": [ 4, 8, 5, 9 ], "texture": "#texture" },
        "west":  { "uv": [ 11, 8, 12, 9 ], "texture": "#texture" },
        "east":  { "uv": [ 4, 8, 5, 9 ], "texture": "#texture" }
    }
},
{
    "__comment": "Bowl",
    "from": [ 4, 5, 12 ],
    "to": [ 12, 6, 13 ],
    "faces": {
        "down":  { "uv": [ 12, 13, 4, 12 ], "texture": "#texture" },
        "up":    { "uv": [ 4, 12, 12, 13 ], "texture": "#texture" },
        "north": { "uv": [ 4, 10, 12, 11 ], "texture": "#texture" },
        "south": { "uv": [ 4, 10, 12, 11 ], "texture": "#texture" },
        "west":  { "uv": [ 12, 10, 13, 11 ], "texture": "#texture" },
        "east":  { "uv": [ 3, 10, 4, 11 ], "texture": "#texture" }
    }
},
{
    "__comment": "Bowl",
    "from": [ 4, 8, 12 ],
    "to": [ 5, 9, 13 ],
    "faces": {
        "down":  { "uv": [ 12, 13, 11, 12 ], "texture": "#texture" },
        "up":    { "uv": [ 4, 12, 5, 13 ], "texture": "#texture" },
        "north": { "uv": [ 11, 7, 12, 8 ], "texture": "#texture" },
        "south": { "uv": [ 4, 7, 5, 8 ], "texture": "#texture" },
        "west":  { "uv": [ 12, 7, 13, 8 ], "texture": "#texture" },
        "east":  { "uv": [ 3, 7, 4, 8 ], "texture": "#texture" }
    }
},
{
    "__comment": "Bowl",
    "from": [ 4, 6, 13 ],
    "to": [ 12, 7, 14 ],
    "faces": {
        "down":  { "uv": [ 12, 14, 4, 13 ], "texture": "#texture" },
        "up":    { "uv": [ 4, 13, 12, 14 ], "texture": "#texture" },
        "north": { "uv": [ 4, 9, 12, 10 ], "texture": "#texture" },
        "south": { "uv": [ 4, 9, 12, 10 ], "texture": "#texture" },
        "west":  { "uv": [ 13, 9, 14, 10 ], "texture": "#texture" },
        "east":  { "uv": [ 2, 9, 3, 10 ], "texture": "#texture" }
    }
},
{
    "__comment": "Bowl",
    "from": [ 4, 11, 13 ],
    "to": [ 5, 12, 14 ],
    "faces": {
        "down":  { "uv": [ 12, 14, 11, 13 ], "texture": "#texture" },
        "up":    { "uv": [ 4, 13, 5, 14 ], "texture": "#texture" },
        "north": { "uv": [ 11, 4, 12, 5 ], "texture": "#texture" },
        "south": { "uv": [ 4, 4, 5, 5 ], "texture": "#texture" },
        "west":  { "uv": [ 13, 4, 14, 5 ], "texture": "#texture" },
        "east":  { "uv": [ 2, 4, 3, 5 ], "texture": "#texture" }
    }
},
{
    "__comment": "Bowl",
    "from": [ 4, 7, 14 ],
    "to": [ 12, 8, 15 ],
    "faces": {
        "down":  { "uv": [ 12, 15, 4, 14 ], "texture": "#texture" },
        "up":    { "uv": [ 4, 14, 12, 15 ], "texture": "#texture" },
        "north": { "uv": [ 4, 8, 12, 9 ], "texture": "#texture" },
        "south": { "uv": [ 4, 8, 12, 9 ], "texture": "#texture" },
        "west":  { "uv": [ 14, 8, 15, 9 ], "texture": "#texture" },
        "east":  { "uv": [ 1, 8, 2, 9 ], "texture": "#texture" }
    }
},
{
    "__comment": "Bowl",
    "from": [ 4, 10, 15 ],
    "to": [ 12, 13, 16 ],
    "faces": {
        "down":  { "uv": [ 12, 16, 4, 15 ], "texture": "#texture" },
        "up":    { "uv": [ 4, 15, 12, 16 ], "texture": "#texture" },
        "north": { "uv": [ 4, 3, 12, 6 ], "texture": "#texture" },
        "south": { "uv": [ 4, 3, 12, 6 ], "texture": "#texture" },
        "west":  { "uv": [ 15, 3, 16, 6 ], "texture": "#texture" },
        "east":  { "uv": [ 0, 3, 1, 6 ], "texture": "#texture" }
    }
},
{
    "__comment": "Bowl",
    "from": [ 5, 9, 0 ],
    "to": [ 11, 10, 1 ],
    "faces": {
        "down":  { "uv": [ 11, 1, 5, 0 ], "texture": "#texture" },
        "up":    { "uv": [ 5, 0, 11, 1 ], "texture": "#texture" },
        "north": { "uv": [ 5, 6, 11, 7 ], "texture": "#texture" },
        "south": { "uv": [ 5, 6, 11, 7 ], "texture": "#texture" },
        "west":  { "uv": [ 0, 6, 1, 7 ], "texture": "#texture" },
        "east":  { "uv": [ 15, 6, 16, 7 ], "texture": "#texture" }
    }
},
{
    "__comment": "Bowl",
    "from": [ 5, 8, 2 ],
    "to": [ 6, 10, 3 ],
    "faces": {
        "down":  { "uv": [ 11, 3, 10, 2 ], "texture": "#texture" },
        "up":    { "uv": [ 5, 2, 6, 3 ], "texture": "#texture" },
        "north": { "uv": [ 10, 6, 11, 8 ], "texture": "#texture" },
        "south": { "uv": [ 5, 6, 6, 8 ], "texture": "#texture" },
        "west":  { "uv": [ 2, 6, 3, 8 ], "texture": "#texture" },
        "east":  { "uv": [ 13, 6, 14, 8 ], "texture": "#texture" }
    }
},
{
    "__comment": "Bowl",
    "from": [ 5, 4, 4 ],
    "to": [ 11, 5, 5 ],
    "faces": {
        "down":  { "uv": [ 11, 5, 5, 4 ], "texture": "#texture" },
        "up":    { "uv": [ 5, 4, 11, 5 ], "texture": "#texture" },
        "north": { "uv": [ 5, 11, 11, 12 ], "texture": "#texture" },
        "south": { "uv": [ 5, 11, 11, 12 ], "texture": "#texture" },
        "west":  { "uv": [ 4, 11, 5, 12 ], "texture": "#texture" },
        "east":  { "uv": [ 11, 11, 12, 12 ], "texture": "#texture" }
    }
},
{
    "__comment": "Bowl",
    "from": [ 5, 6, 4 ],
    "to": [ 6, 7, 6 ],
    "faces": {
        "down":  { "uv": [ 11, 6, 10, 4 ], "texture": "#texture" },
        "up":    { "uv": [ 5, 4, 6, 6 ], "texture": "#texture" },
        "north": { "uv": [ 10, 9, 11, 10 ], "texture": "#texture" },
        "south": { "uv": [ 5, 9, 6, 10 ], "texture": "#texture" },
        "west":  { "uv": [ 4, 9, 6, 10 ], "texture": "#texture" },
        "east":  { "uv": [ 10, 9, 12, 10 ], "texture": "#texture" }
    }
},
{
    "__comment": "Bowl",
    "from": [ 5, 6, 10 ],
    "to": [ 6, 7, 12 ],
    "faces": {
        "down":  { "uv": [ 11, 12, 10, 10 ], "texture": "#texture" },
        "up":    { "uv": [ 5, 10, 6, 12 ], "texture": "#texture" },
        "north": { "uv": [ 10, 9, 11, 10 ], "texture": "#texture" },
        "south": { "uv": [ 5, 9, 6, 10 ], "texture": "#texture" },
        "west":  { "uv": [ 10, 9, 12, 10 ], "texture": "#texture" },
        "east":  { "uv": [ 4, 9, 6, 10 ], "texture": "#texture" }
    }
},
{
    "__comment": "Bowl",
    "from": [ 5, 4, 11 ],
    "to": [ 11, 5, 12 ],
    "faces": {
        "down":  { "uv": [ 11, 12, 5, 11 ], "texture": "#texture" },
        "up":    { "uv": [ 5, 11, 11, 12 ], "texture": "#texture" },
        "north": { "uv": [ 5, 11, 11, 12 ], "texture": "#texture" },
        "south": { "uv": [ 5, 11, 11, 12 ], "texture": "#texture" },
        "west":  { "uv": [ 11, 11, 12, 12 ], "texture": "#texture" },
        "east":  { "uv": [ 4, 11, 5, 12 ], "texture": "#texture" }
    }
},
{
    "__comment": "Bowl",
    "from": [ 5, 10, 14 ],
    "to": [ 13, 11, 15 ],
    "faces": {
        "down":  { "uv": [ 11, 15, 3, 14 ], "texture": "#texture" },
        "up":    { "uv": [ 5, 14, 13, 15 ], "texture": "#texture" },
        "north": { "uv": [ 3, 5, 11, 6 ], "texture": "#texture" },
        "south": { "uv": [ 5, 5, 13, 6 ], "texture": "#texture" },
        "west":  { "uv": [ 14, 5, 15, 6 ], "texture": "#texture" },
        "east":  { "uv": [ 1, 5, 2, 6 ], "texture": "#texture" }
    }
},
{
    "__comment": "Bowl",
    "from": [ 5, 9, 15 ],
    "to": [ 11, 10, 16 ],
    "faces": {
        "down":  { "uv": [ 11, 16, 5, 15 ], "texture": "#texture" },
        "up":    { "uv": [ 5, 15, 11, 16 ], "texture": "#texture" },
        "north": { "uv": [ 5, 6, 11, 7 ], "texture": "#texture" },
        "south": { "uv": [ 5, 6, 11, 7 ], "texture": "#texture" },
        "west":  { "uv": [ 15, 6, 16, 7 ], "texture": "#texture" },
        "east":  { "uv": [ 0, 6, 1, 7 ], "texture": "#texture" }
    }
},
{
    "__comment": "Bowl",
    "from": [ 6, 8, 0 ],
    "to": [ 10, 9, 1 ],
    "faces": {
        "down":  { "uv": [ 10, 1, 6, 0 ], "texture": "#texture" },
        "up":    { "uv": [ 6, 0, 10, 1 ], "texture": "#texture" },
        "north": { "uv": [ 6, 7, 10, 8 ], "texture": "#texture" },
        "south": { "uv": [ 6, 7, 10, 8 ], "texture": "#texture" },
        "west":  { "uv": [ 0, 7, 1, 8 ], "texture": "#texture" },
        "east":  { "uv": [ 15, 7, 16, 8 ], "texture": "#texture" }
    }
},
{
    "__comment": "Bowl",
    "from": [ 6, 5, 2 ],
    "to": [ 10, 6, 3 ],
    "faces": {
        "down":  { "uv": [ 10, 3, 6, 2 ], "texture": "#texture" },
        "up":    { "uv": [ 6, 2, 10, 3 ], "texture": "#texture" },
        "north": { "uv": [ 6, 10, 10, 11 ], "texture": "#texture" },
        "south": { "uv": [ 6, 10, 10, 11 ], "texture": "#texture" },
        "west":  { "uv": [ 2, 10, 3, 11 ], "texture": "#texture" },
        "east":  { "uv": [ 13, 10, 14, 11 ], "texture": "#texture" }
    }
},
{
    "__comment": "Bowl",
    "from": [ 6, 8, 2 ],
    "to": [ 14, 9, 3 ],
    "faces": {
        "down":  { "uv": [ 10, 3, 2, 2 ], "texture": "#texture" },
        "up":    { "uv": [ 6, 2, 14, 3 ], "texture": "#texture" },
        "north": { "uv": [ 2, 7, 10, 8 ], "texture": "#texture" },
        "south": { "uv": [ 6, 7, 14, 8 ], "texture": "#texture" },
        "west":  { "uv": [ 2, 7, 3, 8 ], "texture": "#texture" },
        "east":  { "uv": [ 13, 7, 14, 8 ], "texture": "#texture" }
    }
},
{
    "__comment": "Bowl",
    "from": [ 6, 6, 4 ],
    "to": [ 14, 7, 5 ],
    "faces": {
        "down":  { "uv": [ 10, 5, 2, 4 ], "texture": "#texture" },
        "up":    { "uv": [ 6, 4, 14, 5 ], "texture": "#texture" },
        "north": { "uv": [ 2, 9, 10, 10 ], "texture": "#texture" },
        "south": { "uv": [ 6, 9, 14, 10 ], "texture": "#texture" },
        "west":  { "uv": [ 4, 9, 5, 10 ], "texture": "#texture" },
        "east":  { "uv": [ 11, 9, 12, 10 ], "texture": "#texture" }
    }
},
{
    "__comment": "Bowl",
    "from": [ 6, 6, 11 ],
    "to": [ 14, 7, 12 ],
    "faces": {
        "down":  { "uv": [ 10, 12, 2, 11 ], "texture": "#texture" },
        "up":    { "uv": [ 6, 11, 14, 12 ], "texture": "#texture" },
        "north": { "uv": [ 2, 9, 10, 10 ], "texture": "#texture" },
        "south": { "uv": [ 6, 9, 14, 10 ], "texture": "#texture" },
        "west":  { "uv": [ 11, 9, 12, 10 ], "texture": "#texture" },
        "east":  { "uv": [ 4, 9, 5, 10 ], "texture": "#texture" }
    }
},
{
    "__comment": "Bowl",
    "from": [ 6, 5, 13 ],
    "to": [ 10, 6, 14 ],
    "faces": {
        "down":  { "uv": [ 10, 14, 6, 13 ], "texture": "#texture" },
        "up":    { "uv": [ 6, 13, 10, 14 ], "texture": "#texture" },
        "north": { "uv": [ 6, 10, 10, 11 ], "texture": "#texture" },
        "south": { "uv": [ 6, 10, 10, 11 ], "texture": "#texture" },
        "west":  { "uv": [ 13, 10, 14, 11 ], "texture": "#texture" },
        "east":  { "uv": [ 2, 10, 3, 11 ], "texture": "#texture" }
    }
},
{
    "__comment": "Bowl",
    "from": [ 6, 8, 13 ],
    "to": [ 14, 9, 14 ],
    "faces": {
        "down":  { "uv": [ 10, 14, 2, 13 ], "texture": "#texture" },
        "up":    { "uv": [ 6, 13, 14, 14 ], "texture": "#texture" },
        "north": { "uv": [ 2, 7, 10, 8 ], "texture": "#texture" },
        "south": { "uv": [ 6, 7, 14, 8 ], "texture": "#texture" },
        "west":  { "uv": [ 13, 7, 14, 8 ], "texture": "#texture" },
        "east":  { "uv": [ 2, 7, 3, 8 ], "texture": "#texture" }
    }
},
{
    "__comment": "Bowl",
    "from": [ 6, 8, 15 ],
    "to": [ 10, 9, 16 ],
    "faces": {
        "down":  { "uv": [ 10, 16, 6, 15 ], "texture": "#texture" },
        "up":    { "uv": [ 6, 15, 10, 16 ], "texture": "#texture" },
        "north": { "uv": [ 6, 7, 10, 8 ], "texture": "#texture" },
        "south": { "uv": [ 6, 7, 10, 8 ], "texture": "#texture" },
        "west":  { "uv": [ 15, 7, 16, 8 ], "texture": "#texture" },
        "east":  { "uv": [ 0, 7, 1, 8 ], "texture": "#texture" }
    }
},
{
    "__comment": "Bowl",
    "from": [ 7, 6, 1 ],
    "to": [ 9, 7, 2 ],
    "faces": {
        "down":  { "uv": [ 9, 2, 7, 1 ], "texture": "#texture" },
        "up":    { "uv": [ 7, 1, 9, 2 ], "texture": "#texture" },
        "north": { "uv": [ 7, 9, 9, 10 ], "texture": "#texture" },
        "south": { "uv": [ 7, 9, 9, 10 ], "texture": "#texture" },
        "west":  { "uv": [ 1, 9, 2, 10 ], "texture": "#texture" },
        "east":  { "uv": [ 14, 9, 15, 10 ], "texture": "#texture" }
    }
},
{
    "__comment": "Bowl",
    "from": [ 7, 8, 1 ],
    "to": [ 13, 12, 2 ],
    "faces": {
        "down":  { "uv": [ 9, 2, 3, 1 ], "texture": "#texture" },
        "up":    { "uv": [ 7, 1, 13, 2 ], "texture": "#texture" },
        "north": { "uv": [ 3, 4, 9, 8 ], "texture": "#texture" },
        "south": { "uv": [ 7, 4, 13, 8 ], "texture": "#texture" },
        "west":  { "uv": [ 1, 4, 2, 8 ], "texture": "#texture" },
        "east":  { "uv": [ 14, 4, 15, 8 ], "texture": "#texture" }
    }
},
{
    "__comment": "Bowl",
    "from": [ 7, 5, 6 ],
    "to": [ 14, 6, 7 ],
    "faces": {
        "down":  { "uv": [ 9, 7, 2, 6 ], "texture": "#texture" },
        "up":    { "uv": [ 7, 6, 14, 7 ], "texture": "#texture" },
        "north": { "uv": [ 2, 10, 9, 11 ], "texture": "#texture" },
        "south": { "uv": [ 7, 10, 14, 11 ], "texture": "#texture" },
        "west":  { "uv": [ 6, 10, 7, 11 ], "texture": "#texture" },
        "east":  { "uv": [ 9, 10, 10, 11 ], "texture": "#texture" }
    }
},
{
    "__comment": "Bowl",
    "from": [ 7, 5, 9 ],
    "to": [ 14, 6, 10 ],
    "faces": {
        "down":  { "uv": [ 9, 10, 2, 9 ], "texture": "#texture" },
        "up":    { "uv": [ 7, 9, 14, 10 ], "texture": "#texture" },
        "north": { "uv": [ 2, 10, 9, 11 ], "texture": "#texture" },
        "south": { "uv": [ 7, 10, 14, 11 ], "texture": "#texture" },
        "west":  { "uv": [ 9, 10, 10, 11 ], "texture": "#texture" },
        "east":  { "uv": [ 6, 10, 7, 11 ], "texture": "#texture" }
    }
},
{
    "__comment": "Bowl",
    "from": [ 7, 6, 14 ],
    "to": [ 9, 7, 15 ],
    "faces": {
        "down":  { "uv": [ 9, 15, 7, 14 ], "texture": "#texture" },
        "up":    { "uv": [ 7, 14, 9, 15 ], "texture": "#texture" },
        "north": { "uv": [ 7, 9, 9, 10 ], "texture": "#texture" },
        "south": { "uv": [ 7, 9, 9, 10 ], "texture": "#texture" },
        "west":  { "uv": [ 14, 9, 15, 10 ], "texture": "#texture" },
        "east":  { "uv": [ 1, 9, 2, 10 ], "texture": "#texture" }
    }
},
{
    "__comment": "Bowl",
    "from": [ 9, 12, 1 ],
    "to": [ 14, 13, 2 ],
    "faces": {
        "down":  { "uv": [ 7, 2, 2, 1 ], "texture": "#texture" },
        "up":    { "uv": [ 9, 1, 14, 2 ], "texture": "#texture" },
        "north": { "uv": [ 2, 3, 7, 4 ], "texture": "#texture" },
        "south": { "uv": [ 9, 3, 14, 4 ], "texture": "#texture" },
        "west":  { "uv": [ 1, 3, 2, 4 ], "texture": "#texture" },
        "east":  { "uv": [ 14, 3, 15, 4 ], "texture": "#texture" }
    }
},
{
    "__comment": "Bowl",
    "from": [ 9, 7, 3 ],
    "to": [ 14, 8, 4 ],
    "faces": {
        "down":  { "uv": [ 7, 4, 2, 3 ], "texture": "#texture" },
        "up":    { "uv": [ 9, 3, 14, 4 ], "texture": "#texture" },
        "north": { "uv": [ 2, 8, 7, 9 ], "texture": "#texture" },
        "south": { "uv": [ 9, 8, 14, 9 ], "texture": "#texture" },
        "west":  { "uv": [ 3, 8, 4, 9 ], "texture": "#texture" },
        "east":  { "uv": [ 12, 8, 13, 9 ], "texture": "#texture" }
    }
},
{
    "__comment": "Bowl",
    "from": [ 9, 5, 7 ],
    "to": [ 14, 6, 9 ],
    "faces": {
        "down":  { "uv": [ 7, 9, 2, 7 ], "texture": "#texture" },
        "up":    { "uv": [ 9, 7, 14, 9 ], "texture": "#texture" },
        "north": { "uv": [ 2, 10, 7, 11 ], "texture": "#texture" },
        "south": { "uv": [ 9, 10, 14, 11 ], "texture": "#texture" },
        "west":  { "uv": [ 7, 10, 9, 11 ], "texture": "#texture" },
        "east":  { "uv": [ 7, 10, 9, 11 ], "texture": "#texture" }
    }
},
{
    "__comment": "Bowl",
    "from": [ 9, 7, 12 ],
    "to": [ 14, 8, 13 ],
    "faces": {
        "down":  { "uv": [ 7, 13, 2, 12 ], "texture": "#texture" },
        "up":    { "uv": [ 9, 12, 14, 13 ], "texture": "#texture" },
        "north": { "uv": [ 2, 8, 7, 9 ], "texture": "#texture" },
        "south": { "uv": [ 9, 8, 14, 9 ], "texture": "#texture" },
        "west":  { "uv": [ 12, 8, 13, 9 ], "texture": "#texture" },
        "east":  { "uv": [ 3, 8, 4, 9 ], "texture": "#texture" }
    }
},
{
    "__comment": "Bowl",
    "from": [ 9, 12, 14 ],
    "to": [ 14, 13, 15 ],
    "faces": {
        "down":  { "uv": [ 7, 15, 2, 14 ], "texture": "#texture" },
        "up":    { "uv": [ 9, 14, 14, 15 ], "texture": "#texture" },
        "north": { "uv": [ 2, 3, 7, 4 ], "texture": "#texture" },
        "south": { "uv": [ 9, 3, 14, 4 ], "texture": "#texture" },
        "west":  { "uv": [ 14, 3, 15, 4 ], "texture": "#texture" },
        "east":  { "uv": [ 1, 3, 2, 4 ], "texture": "#texture" }
    }
},
{
    "__comment": "Bowl",
    "from": [ 10, 9, 2 ],
    "to": [ 14, 10, 3 ],
    "faces": {
        "down":  { "uv": [ 6, 3, 2, 2 ], "texture": "#texture" },
        "up":    { "uv": [ 10, 2, 14, 3 ], "texture": "#texture" },
        "north": { "uv": [ 2, 6, 6, 7 ], "texture": "#texture" },
        "south": { "uv": [ 10, 6, 14, 7 ], "texture": "#texture" },
        "west":  { "uv": [ 2, 6, 3, 7 ], "texture": "#texture" },
        "east":  { "uv": [ 13, 6, 14, 7 ], "texture": "#texture" }
    }
},
{
    "__comment": "Bowl",
    "from": [ 10, 6, 5 ],
    "to": [ 14, 7, 6 ],
    "faces": {
        "down":  { "uv": [ 6, 6, 2, 5 ], "texture": "#texture" },
        "up":    { "uv": [ 10, 5, 14, 6 ], "texture": "#texture" },
        "north": { "uv": [ 2, 9, 6, 10 ], "texture": "#texture" },
        "south": { "uv": [ 10, 9, 14, 10 ], "texture": "#texture" },
        "west":  { "uv": [ 5, 9, 6, 10 ], "texture": "#texture" },
        "east":  { "uv": [ 10, 9, 11, 10 ], "texture": "#texture" }
    }
},
{
    "__comment": "Bowl",
    "from": [ 10, 6, 10 ],
    "to": [ 14, 7, 11 ],
    "faces": {
        "down":  { "uv": [ 6, 11, 2, 10 ], "texture": "#texture" },
        "up":    { "uv": [ 10, 10, 14, 11 ], "texture": "#texture" },
        "north": { "uv": [ 2, 9, 6, 10 ], "texture": "#texture" },
        "south": { "uv": [ 10, 9, 14, 10 ], "texture": "#texture" },
        "west":  { "uv": [ 10, 9, 11, 10 ], "texture": "#texture" },
        "east":  { "uv": [ 5, 9, 6, 10 ], "texture": "#texture" }
    }
},
{
    "__comment": "Bowl",
    "from": [ 10, 9, 13 ],
    "to": [ 14, 10, 14 ],
    "faces": {
        "down":  { "uv": [ 6, 14, 2, 13 ], "texture": "#texture" },
        "up":    { "uv": [ 10, 13, 14, 14 ], "texture": "#texture" },
        "north": { "uv": [ 2, 6, 6, 7 ], "texture": "#texture" },
        "south": { "uv": [ 10, 6, 14, 7 ], "texture": "#texture" },
        "west":  { "uv": [ 13, 6, 14, 7 ], "texture": "#texture" },
        "east":  { "uv": [ 2, 6, 3, 7 ], "texture": "#texture" }
    }
},
{
    "__comment": "Bowl",
    "from": [ 11, 10, 2 ],
    "to": [ 14, 12, 3 ],
    "faces": {
        "down":  { "uv": [ 5, 3, 2, 2 ], "texture": "#texture" },
        "up":    { "uv": [ 11, 2, 14, 3 ], "texture": "#texture" },
        "north": { "uv": [ 2, 4, 5, 6 ], "texture": "#texture" },
        "south": { "uv": [ 11, 4, 14, 6 ], "texture": "#texture" },
        "west":  { "uv": [ 2, 4, 3, 6 ], "texture": "#texture" },
        "east":  { "uv": [ 13, 4, 14, 6 ], "texture": "#texture" }
    }
},
{
    "__comment": "Bowl",
    "from": [ 11, 8, 3 ],
    "to": [ 15, 9, 4 ],
    "faces": {
        "down":  { "uv": [ 5, 4, 1, 3 ], "texture": "#texture" },
        "up":    { "uv": [ 11, 3, 15, 4 ], "texture": "#texture" },
        "north": { "uv": [ 1, 7, 5, 8 ], "texture": "#texture" },
        "south": { "uv": [ 11, 7, 15, 8 ], "texture": "#texture" },
        "west":  { "uv": [ 3, 7, 4, 8 ], "texture": "#texture" },
        "east":  { "uv": [ 12, 7, 13, 8 ], "texture": "#texture" }
    }
},
{
    "__comment": "Bowl",
    "from": [ 11, 7, 4 ],
    "to": [ 15, 8, 5 ],
    "faces": {
        "down":  { "uv": [ 5, 5, 1, 4 ], "texture": "#texture" },
        "up":    { "uv": [ 11, 4, 15, 5 ], "texture": "#texture" },
        "north": { "uv": [ 1, 8, 5, 9 ], "texture": "#texture" },
        "south": { "uv": [ 11, 8, 15, 9 ], "texture": "#texture" },
        "west":  { "uv": [ 4, 8, 5, 9 ], "texture": "#texture" },
        "east":  { "uv": [ 11, 8, 12, 9 ], "texture": "#texture" }
    }
},
{
    "__comment": "Bowl",
    "from": [ 11, 6, 6 ],
    "to": [ 14, 7, 10 ],
    "faces": {
        "down":  { "uv": [ 5, 10, 2, 6 ], "texture": "#texture" },
        "up":    { "uv": [ 11, 6, 14, 10 ], "texture": "#texture" },
        "north": { "uv": [ 2, 9, 5, 10 ], "texture": "#texture" },
        "south": { "uv": [ 11, 9, 14, 10 ], "texture": "#texture" },
        "west":  { "uv": [ 6, 9, 10, 10 ], "texture": "#texture" },
        "east":  { "uv": [ 6, 9, 10, 10 ], "texture": "#texture" }
    }
},
{
    "__comment": "Bowl",
    "from": [ 11, 7, 11 ],
    "to": [ 15, 8, 12 ],
    "faces": {
        "down":  { "uv": [ 5, 12, 1, 11 ], "texture": "#texture" },
        "up":    { "uv": [ 11, 11, 15, 12 ], "texture": "#texture" },
        "north": { "uv": [ 1, 8, 5, 9 ], "texture": "#texture" },
        "south": { "uv": [ 11, 8, 15, 9 ], "texture": "#texture" },
        "west":  { "uv": [ 11, 8, 12, 9 ], "texture": "#texture" },
        "east":  { "uv": [ 4, 8, 5, 9 ], "texture": "#texture" }
    }
},
{
    "__comment": "Bowl",
    "from": [ 11, 8, 12 ],
    "to": [ 15, 9, 13 ],
    "faces": {
        "down":  { "uv": [ 5, 13, 1, 12 ], "texture": "#texture" },
        "up":    { "uv": [ 11, 12, 15, 13 ], "texture": "#texture" },
        "north": { "uv": [ 1, 7, 5, 8 ], "texture": "#texture" },
        "south": { "uv": [ 11, 7, 15, 8 ], "texture": "#texture" },
        "west":  { "uv": [ 12, 7, 13, 8 ], "texture": "#texture" },
        "east":  { "uv": [ 3, 7, 4, 8 ], "texture": "#texture" }
    }
},
{
    "__comment": "Bowl",
    "from": [ 11, 10, 13 ],
    "to": [ 14, 12, 14 ],
    "faces": {
        "down":  { "uv": [ 5, 14, 2, 13 ], "texture": "#texture" },
        "up":    { "uv": [ 11, 13, 14, 14 ], "texture": "#texture" },
        "north": { "uv": [ 2, 4, 5, 6 ], "texture": "#texture" },
        "south": { "uv": [ 11, 4, 14, 6 ], "texture": "#texture" },
        "west":  { "uv": [ 13, 4, 14, 6 ], "texture": "#texture" },
        "east":  { "uv": [ 2, 4, 3, 6 ], "texture": "#texture" }
    }
},
{
    "__comment": "Bowl",
    "from": [ 12, 12, 2 ],
    "to": [ 15, 13, 3 ],
    "faces": {
        "down":  { "uv": [ 4, 3, 1, 2 ], "texture": "#texture" },
        "up":    { "uv": [ 12, 2, 15, 3 ], "texture": "#texture" },
        "north": { "uv": [ 1, 3, 4, 4 ], "texture": "#texture" },
        "south": { "uv": [ 12, 3, 15, 4 ], "texture": "#texture" },
        "west":  { "uv": [ 2, 3, 3, 4 ], "texture": "#texture" },
        "east":  { "uv": [ 13, 3, 14, 4 ], "texture": "#texture" }
    }
},
{
    "__comment": "Bowl",
    "from": [ 12, 9, 3 ],
    "to": [ 15, 11, 4 ],
    "faces": {
        "down":  { "uv": [ 4, 4, 1, 3 ], "texture": "#texture" },
        "up":    { "uv": [ 12, 3, 15, 4 ], "texture": "#texture" },
        "north": { "uv": [ 1, 5, 4, 7 ], "texture": "#texture" },
        "south": { "uv": [ 12, 5, 15, 7 ], "texture": "#texture" },
        "west":  { "uv": [ 3, 5, 4, 7 ], "texture": "#texture" },
        "east":  { "uv": [ 12, 5, 13, 7 ], "texture": "#texture" }
    }
},
{
    "__comment": "Bowl",
    "from": [ 12, 8, 4 ],
    "to": [ 15, 9, 5 ],
    "faces": {
        "down":  { "uv": [ 4, 5, 1, 4 ], "texture": "#texture" },
        "up":    { "uv": [ 12, 4, 15, 5 ], "texture": "#texture" },
        "north": { "uv": [ 1, 7, 4, 8 ], "texture": "#texture" },
        "south": { "uv": [ 12, 7, 15, 8 ], "texture": "#texture" },
        "west":  { "uv": [ 4, 7, 5, 8 ], "texture": "#texture" },
        "east":  { "uv": [ 11, 7, 12, 8 ], "texture": "#texture" }
    }
},
{
    "__comment": "Bowl",
    "from": [ 12, 7, 5 ],
    "to": [ 15, 8, 7 ],
    "faces": {
        "down":  { "uv": [ 4, 7, 1, 5 ], "texture": "#texture" },
        "up":    { "uv": [ 12, 5, 15, 7 ], "texture": "#texture" },
        "north": { "uv": [ 1, 8, 4, 9 ], "texture": "#texture" },
        "south": { "uv": [ 12, 8, 15, 9 ], "texture": "#texture" },
        "west":  { "uv": [ 5, 8, 7, 9 ], "texture": "#texture" },
        "east":  { "uv": [ 9, 8, 11, 9 ], "texture": "#texture" }
    }
},
{
    "__comment": "Bowl",
    "from": [ 12, 7, 9 ],
    "to": [ 15, 8, 11 ],
    "faces": {
        "down":  { "uv": [ 4, 11, 1, 9 ], "texture": "#texture" },
        "up":    { "uv": [ 12, 9, 15, 11 ], "texture": "#texture" },
        "north": { "uv": [ 1, 8, 4, 9 ], "texture": "#texture" },
        "south": { "uv": [ 12, 8, 15, 9 ], "texture": "#texture" },
        "west":  { "uv": [ 9, 8, 11, 9 ], "texture": "#texture" },
        "east":  { "uv": [ 5, 8, 7, 9 ], "texture": "#texture" }
    }
},
{
    "__comment": "Bowl",
    "from": [ 12, 8, 11 ],
    "to": [ 15, 9, 12 ],
    "faces": {
        "down":  { "uv": [ 4, 12, 1, 11 ], "texture": "#texture" },
        "up":    { "uv": [ 12, 11, 15, 12 ], "texture": "#texture" },
        "north": { "uv": [ 1, 7, 4, 8 ], "texture": "#texture" },
        "south": { "uv": [ 12, 7, 15, 8 ], "texture": "#texture" },
        "west":  { "uv": [ 11, 7, 12, 8 ], "texture": "#texture" },
        "east":  { "uv": [ 4, 7, 5, 8 ], "texture": "#texture" }
    }
},
{
    "__comment": "Bowl",
    "from": [ 12, 9, 12 ],
    "to": [ 15, 11, 13 ],
    "faces": {
        "down":  { "uv": [ 4, 13, 1, 12 ], "texture": "#texture" },
        "up":    { "uv": [ 12, 12, 15, 13 ], "texture": "#texture" },
        "north": { "uv": [ 1, 5, 4, 7 ], "texture": "#texture" },
        "south": { "uv": [ 12, 5, 15, 7 ], "texture": "#texture" },
        "west":  { "uv": [ 12, 5, 13, 7 ], "texture": "#texture" },
        "east":  { "uv": [ 3, 5, 4, 7 ], "texture": "#texture" }
    }
},
{
    "__comment": "Bowl",
    "from": [ 12, 12, 13 ],
    "to": [ 15, 13, 14 ],
    "faces": {
        "down":  { "uv": [ 4, 14, 1, 13 ], "texture": "#texture" },
        "up":    { "uv": [ 12, 13, 15, 14 ], "texture": "#texture" },
        "north": { "uv": [ 1, 3, 4, 4 ], "texture": "#texture" },
        "south": { "uv": [ 12, 3, 15, 4 ], "texture": "#texture" },
        "west":  { "uv": [ 13, 3, 14, 4 ], "texture": "#texture" },
        "east":  { "uv": [ 2, 3, 3, 4 ], "texture": "#texture" }
    }
},
{
    "__comment": "Bowl",
    "from": [ 13, 11, 1 ],
    "to": [ 14, 12, 2 ],
    "faces": {
        "down":  { "uv": [ 3, 2, 2, 1 ], "texture": "#texture" },
        "up":    { "uv": [ 13, 1, 14, 2 ], "texture": "#texture" },
        "north": { "uv": [ 2, 4, 3, 5 ], "texture": "#texture" },
        "south": { "uv": [ 13, 4, 14, 5 ], "texture": "#texture" },
        "west":  { "uv": [ 1, 4, 2, 5 ], "texture": "#texture" },
        "east":  { "uv": [ 14, 4, 15, 5 ], "texture": "#texture" }
    }
},
{
    "__comment": "Bowl",
    "from": [ 13, 11, 3 ],
    "to": [ 15, 12, 5 ],
    "faces": {
        "down":  { "uv": [ 3, 5, 1, 3 ], "texture": "#texture" },
        "up":    { "uv": [ 13, 3, 15, 5 ], "texture": "#texture" },
        "north": { "uv": [ 1, 4, 3, 5 ], "texture": "#texture" },
        "south": { "uv": [ 13, 4, 15, 5 ], "texture": "#texture" },
        "west":  { "uv": [ 3, 4, 5, 5 ], "texture": "#texture" },
        "east":  { "uv": [ 11, 4, 13, 5 ], "texture": "#texture" }
    }
},
{
    "__comment": "Bowl",
    "from": [ 13, 12, 3 ],
    "to": [ 15, 13, 4 ],
    "faces": {
        "down":  { "uv": [ 3, 4, 1, 3 ], "texture": "#texture" },
        "up":    { "uv": [ 13, 3, 15, 4 ], "texture": "#texture" },
        "north": { "uv": [ 1, 3, 3, 4 ], "texture": "#texture" },
        "south": { "uv": [ 13, 3, 15, 4 ], "texture": "#texture" },
        "west":  { "uv": [ 3, 3, 4, 4 ], "texture": "#texture" },
        "east":  { "uv": [ 12, 3, 13, 4 ], "texture": "#texture" }
    }
},
{
    "__comment": "Bowl",
    "from": [ 13, 9, 4 ],
    "to": [ 15, 10, 6 ],
    "faces": {
        "down":  { "uv": [ 3, 6, 1, 4 ], "texture": "#texture" },
        "up":    { "uv": [ 13, 4, 15, 6 ], "texture": "#texture" },
        "north": { "uv": [ 1, 6, 3, 7 ], "texture": "#texture" },
        "south": { "uv": [ 13, 6, 15, 7 ], "texture": "#texture" },
        "west":  { "uv": [ 4, 6, 6, 7 ], "texture": "#texture" },
        "east":  { "uv": [ 10, 6, 12, 7 ], "texture": "#texture" }
    }
},
{
    "__comment": "Bowl",
    "from": [ 13, 10, 4 ],
    "to": [ 16, 11, 5 ],
    "faces": {
        "down":  { "uv": [ 3, 5, 0, 4 ], "texture": "#texture" },
        "up":    { "uv": [ 13, 4, 16, 5 ], "texture": "#texture" },
        "north": { "uv": [ 0, 5, 3, 6 ], "texture": "#texture" },
        "south": { "uv": [ 13, 5, 16, 6 ], "texture": "#texture" },
        "west":  { "uv": [ 4, 5, 5, 6 ], "texture": "#texture" },
        "east":  { "uv": [ 11, 5, 12, 6 ], "texture": "#texture" }
    }
},
{
    "__comment": "Bowl",
    "from": [ 13, 8, 5 ],
    "to": [ 15, 9, 11 ],
    "faces": {
        "down":  { "uv": [ 3, 11, 1, 5 ], "texture": "#texture" },
        "up":    { "uv": [ 13, 5, 15, 11 ], "texture": "#texture" },
        "north": { "uv": [ 1, 7, 3, 8 ], "texture": "#texture" },
        "south": { "uv": [ 13, 7, 15, 8 ], "texture": "#texture" },
        "west":  { "uv": [ 5, 7, 11, 8 ], "texture": "#texture" },
        "east":  { "uv": [ 5, 7, 11, 8 ], "texture": "#texture" }
    }
},
{
    "__comment": "Bowl",
    "from": [ 13, 7, 7 ],
    "to": [ 15, 8, 9 ],
    "faces": {
        "down":  { "uv": [ 3, 9, 1, 7 ], "texture": "#texture" },
        "up":    { "uv": [ 13, 7, 15, 9 ], "texture": "#texture" },
        "north": { "uv": [ 1, 8, 3, 9 ], "texture": "#texture" },
        "south": { "uv": [ 13, 8, 15, 9 ], "texture": "#texture" },
        "west":  { "uv": [ 7, 8, 9, 9 ], "texture": "#texture" },
        "east":  { "uv": [ 7, 8, 9, 9 ], "texture": "#texture" }
    }
},
{
    "__comment": "Bowl",
    "from": [ 13, 9, 10 ],
    "to": [ 15, 10, 12 ],
    "faces": {
        "down":  { "uv": [ 3, 12, 1, 10 ], "texture": "#texture" },
        "up":    { "uv": [ 13, 10, 15, 12 ], "texture": "#texture" },
        "north": { "uv": [ 1, 6, 3, 7 ], "texture": "#texture" },
        "south": { "uv": [ 13, 6, 15, 7 ], "texture": "#texture" },
        "west":  { "uv": [ 10, 6, 12, 7 ], "texture": "#texture" },
        "east":  { "uv": [ 4, 6, 6, 7 ], "texture": "#texture" }
    }
},
{
    "__comment": "Bowl",
    "from": [ 13, 10, 11 ],
    "to": [ 16, 12, 12 ],
    "faces": {
        "down":  { "uv": [ 3, 12, 0, 11 ], "texture": "#texture" },
        "up":    { "uv": [ 13, 11, 16, 12 ], "texture": "#texture" },
        "north": { "uv": [ 0, 4, 3, 6 ], "texture": "#texture" },
        "south": { "uv": [ 13, 4, 16, 6 ], "texture": "#texture" },
        "west":  { "uv": [ 11, 4, 12, 6 ], "texture": "#texture" },
        "east":  { "uv": [ 4, 4, 5, 6 ], "texture": "#texture" }
    }
},
{
    "__comment": "Bowl",
    "from": [ 13, 11, 12 ],
    "to": [ 15, 13, 13 ],
    "faces": {
        "down":  { "uv": [ 3, 13, 1, 12 ], "texture": "#texture" },
        "up":    { "uv": [ 13, 12, 15, 13 ], "texture": "#texture" },
        "north": { "uv": [ 1, 3, 3, 5 ], "texture": "#texture" },
        "south": { "uv": [ 13, 3, 15, 5 ], "texture": "#texture" },
        "west":  { "uv": [ 12, 3, 13, 5 ], "texture": "#texture" },
        "east":  { "uv": [ 3, 3, 4, 5 ], "texture": "#texture" }
    }
},
{
    "__comment": "Bowl",
    "from": [ 14, 11, 2 ],
    "to": [ 15, 12, 3 ],
    "faces": {
        "down":  { "uv": [ 2, 3, 1, 2 ], "texture": "#texture" },
        "up":    { "uv": [ 14, 2, 15, 3 ], "texture": "#texture" },
        "north": { "uv": [ 1, 4, 2, 5 ], "texture": "#texture" },
        "south": { "uv": [ 14, 4, 15, 5 ], "texture": "#texture" },
        "west":  { "uv": [ 2, 4, 3, 5 ], "texture": "#texture" },
        "east":  { "uv": [ 13, 4, 14, 5 ], "texture": "#texture" }
    }
},
{
    "__comment": "Bowl",
    "from": [ 14, 12, 4 ],
    "to": [ 16, 13, 7 ],
    "faces": {
        "down":  { "uv": [ 2, 7, 0, 4 ], "texture": "#texture" },
        "up":    { "uv": [ 14, 4, 16, 7 ], "texture": "#texture" },
        "north": { "uv": [ 0, 3, 2, 4 ], "texture": "#texture" },
        "south": { "uv": [ 14, 3, 16, 4 ], "texture": "#texture" },
        "west":  { "uv": [ 4, 3, 7, 4 ], "texture": "#texture" },
        "east":  { "uv": [ 9, 3, 12, 4 ], "texture": "#texture" }
    }
},
{
    "__comment": "Bowl",
    "from": [ 14, 10, 5 ],
    "to": [ 16, 12, 11 ],
    "faces": {
        "down":  { "uv": [ 2, 11, 0, 5 ], "texture": "#texture" },
        "up":    { "uv": [ 14, 5, 16, 11 ], "texture": "#texture" },
        "north": { "uv": [ 0, 4, 2, 6 ], "texture": "#texture" },
        "south": { "uv": [ 14, 4, 16, 6 ], "texture": "#texture" },
        "west":  { "uv": [ 5, 4, 11, 6 ], "texture": "#texture" },
        "east":  { "uv": [ 5, 4, 11, 6 ], "texture": "#texture" }
    }
},
{
    "__comment": "Bowl",
    "from": [ 14, 9, 6 ],
    "to": [ 16, 10, 10 ],
    "faces": {
        "down":  { "uv": [ 2, 10, 0, 6 ], "texture": "#texture" },
        "up":    { "uv": [ 14, 6, 16, 10 ], "texture": "#texture" },
        "north": { "uv": [ 0, 6, 2, 7 ], "texture": "#texture" },
        "south": { "uv": [ 14, 6, 16, 7 ], "texture": "#texture" },
        "west":  { "uv": [ 6, 6, 10, 7 ], "texture": "#texture" },
        "east":  { "uv": [ 6, 6, 10, 7 ], "texture": "#texture" }
    }
},
{
    "__comment": "Bowl",
    "from": [ 14, 6, 7 ],
    "to": [ 15, 7, 9 ],
    "faces": {
        "down":  { "uv": [ 2, 9, 1, 7 ], "texture": "#texture" },
        "up":    { "uv": [ 14, 7, 15, 9 ], "texture": "#texture" },
        "north": { "uv": [ 1, 9, 2, 10 ], "texture": "#texture" },
        "south": { "uv": [ 14, 9, 15, 10 ], "texture": "#texture" },
        "west":  { "uv": [ 7, 9, 9, 10 ], "texture": "#texture" },
        "east":  { "uv": [ 7, 9, 9, 10 ], "texture": "#texture" }
    }
},
{
    "__comment": "Bowl",
    "from": [ 14, 12, 9 ],
    "to": [ 16, 13, 12 ],
    "faces": {
        "down":  { "uv": [ 2, 12, 0, 9 ], "texture": "#texture" },
        "up":    { "uv": [ 14, 9, 16, 12 ], "texture": "#texture" },
        "north": { "uv": [ 0, 3, 2, 4 ], "texture": "#texture" },
        "south": { "uv": [ 14, 3, 16, 4 ], "texture": "#texture" },
        "west":  { "uv": [ 9, 3, 12, 4 ], "texture": "#texture" },
        "east":  { "uv": [ 4, 3, 7, 4 ], "texture": "#texture" }
    }
},
{
    "__comment": "Bowl",
    "from": [ 14, 11, 13 ],
    "to": [ 15, 12, 14 ],
    "faces": {
        "down":  { "uv": [ 2, 14, 1, 13 ], "texture": "#texture" },
        "up":    { "uv": [ 14, 13, 15, 14 ], "texture": "#texture" },
        "north": { "uv": [ 1, 4, 2, 5 ], "texture": "#texture" },
        "south": { "uv": [ 14, 4, 15, 5 ], "texture": "#texture" },
        "west":  { "uv": [ 13, 4, 14, 5 ], "texture": "#texture" },
        "east":  { "uv": [ 2, 4, 3, 5 ], "texture": "#texture" }
    }
},
{
    "__comment": "Bowl",
    "from": [ 15, 11, 4 ],
    "to": [ 16, 12, 5 ],
    "faces": {
        "down":  { "uv": [ 1, 5, 0, 4 ], "texture": "#texture" },
        "up":    { "uv": [ 15, 4, 16, 5 ], "texture": "#texture" },
        "north": { "uv": [ 0, 4, 1, 5 ], "texture": "#texture" },
        "south": { "uv": [ 15, 4, 16, 5 ], "texture": "#texture" },
        "west":  { "uv": [ 4, 4, 5, 5 ], "texture": "#texture" },
        "east":  { "uv": [ 11, 4, 12, 5 ], "texture": "#texture" }
    }
},
{
    "__comment": "Bowl",
    "from": [ 15, 9, 5 ],
    "to": [ 16, 10, 6 ],
    "faces": {
        "down":  { "uv": [ 1, 6, 0, 5 ], "texture": "#texture" },
        "up":    { "uv": [ 15, 5, 16, 6 ], "texture": "#texture" },
        "north": { "uv": [ 0, 6, 1, 7 ], "texture": "#texture" },
        "south": { "uv": [ 15, 6, 16, 7 ], "texture": "#texture" },
        "west":  { "uv": [ 5, 6, 6, 7 ], "texture": "#texture" },
        "east":  { "uv": [ 10, 6, 11, 7 ], "texture": "#texture" }
    }
},
{
    "__comment": "Bowl",
    "from": [ 15, 8, 6 ],
    "to": [ 16, 9, 10 ],
    "faces": {
        "down":  { "uv": [ 1, 10, 0, 6 ], "texture": "#texture" },
        "up":    { "uv": [ 15, 6, 16, 10 ], "texture": "#texture" },
        "north": { "uv": [ 0, 7, 1, 8 ], "texture": "#texture" },
        "south": { "uv": [ 15, 7, 16, 8 ], "texture": "#texture" },
        "west":  { "uv": [ 6, 7, 10, 8 ], "texture": "#texture" },
        "east":  { "uv": [ 6, 7, 10, 8 ], "texture": "#texture" }
    }
},
{
    "__comment": "Bowl",
    "from": [ 15, 12, 7 ],
    "to": [ 16, 13, 9 ],
    "faces": {
        "down":  { "uv": [ 1, 9, 0, 7 ], "texture": "#texture" },
        "up":    { "uv": [ 15, 7, 16, 9 ], "texture": "#texture" },
        "north": { "uv": [ 0, 3, 1, 4 ], "texture": "#texture" },
        "south": { "uv": [ 15, 3, 16, 4 ], "texture": "#texture" },
        "west":  { "uv": [ 7, 3, 9, 4 ], "texture": "#texture" },
        "east":  { "uv": [ 7, 3, 9, 4 ], "texture": "#texture" }
    }
},
{
    "__comment": "Bowl",
    "from": [ 15, 9, 10 ],
    "to": [ 16, 10, 11 ],
    "faces": {
        "down":  { "uv": [ 1, 11, 0, 10 ], "texture": "#texture" },
        "up":    { "uv": [ 15, 10, 16, 11 ], "texture": "#texture" },
        "north": { "uv": [ 0, 6, 1, 7 ], "texture": "#texture" },
        "south": { "uv": [ 15, 6, 16, 7 ], "texture": "#texture" },
        "west":  { "uv": [ 10, 6, 11, 7 ], "texture": "#texture" },
        "east":  { "uv": [ 5, 6, 6, 7 ], "texture": "#texture" }
    }
},
{
    "__comment": "soup",
    "from": [ 2, 11.001, 4 ],
    "to": [ 14, 12.001, 12 ],
    "faces": {
        "down":  { "uv": [ 5.25, 15.25, 5.75, 15.75 ], "texture": "#beetroot" },
        "up":    { "uv": [ 5.25, 15.25, 5.75, 15.75 ], "texture": "#beetroot" },
        "north": { "uv": [ 5.25, 15.25, 5.75, 15.75 ], "texture": "#beetroot" },
        "south": { "uv": [ 5.25, 15.25, 5.75, 15.75 ], "texture": "#beetroot" },
        "west":  { "uv": [ 5.25, 15.25, 5.75, 15.5 ], "texture": "#beetroot" },
        "east":  { "uv": [ 5.25, 15.25, 5.75, 15.5 ], "texture": "#beetroot" }
    }
},
{
    "__comment": "soup",
    "from": [ 3, 11.001, 2 ],
    "to": [ 13, 12.001, 4 ],
    "faces": {
        "down":  { "uv": [ 5.25, 15.25, 5.75, 15.75 ], "texture": "#beetroot" },
        "up":    { "uv": [ 5.25, 15.25, 5.75, 15.75 ], "texture": "#beetroot" },
        "north": { "uv": [ 5.25, 15.25, 5.75, 15.75 ], "texture": "#beetroot" },
        "south": { "uv": [ 5.25, 15.25, 5.75, 15.75 ], "texture": "#beetroot" },
        "west":  { "uv": [ 5.25, 15.25, 5.75, 15.5 ], "texture": "#beetroot" },
        "east":  { "uv": [ 5.25, 15.25, 5.75, 15.5 ], "texture": "#beetroot" }
    }
},
{
    "__comment": "soup",
    "from": [ 3, 11.001, 12 ],
    "to": [ 13, 12.001, 14 ],
    "faces": {
        "down":  { "uv": [ 5.25, 15.25, 5.75, 15.75 ], "texture": "#beetroot" },
        "up":    { "uv": [ 5.25, 15.25, 5.75, 15.75 ], "texture": "#beetroot" },
        "north": { "uv": [ 5.25, 15.25, 5.75, 15.75 ], "texture": "#beetroot" },
        "south": { "uv": [ 5.25, 15.25, 5.75, 15.75 ], "texture": "#beetroot" },
        "west":  { "uv": [ 5.25, 15.25, 5.75, 15.5 ], "texture": "#beetroot" },
        "east":  { "uv": [ 5.25, 15.25, 5.75, 15.5 ], "texture": "#beetroot" }
    }
},
{
    "__comment": "soup",
    "from": [ 7, 11.001, 1 ],
    "to": [ 9, 12.001, 2 ],
    "faces": {
        "down":  { "uv": [ 5.25, 15.25, 5.75, 15.75 ], "texture": "#beetroot" },
        "up":    { "uv": [ 5.25, 15.25, 5.75, 15.75 ], "texture": "#beetroot" },
        "north": { "uv": [ 5.25, 15.25, 5.75, 15.75 ], "texture": "#beetroot" },
        "south": { "uv": [ 5.25, 15.25, 5.75, 15.75 ], "texture": "#beetroot" },
        "west":  { "uv": [ 5.25, 15.25, 5.75, 15.5 ], "texture": "#beetroot" },
        "east":  { "uv": [ 5.25, 15.25, 5.75, 15.5 ], "texture": "#beetroot" }
    }
},
{
    "__comment": "soup",
    "from": [ 7, 11.001, 14 ],
    "to": [ 9, 12.001, 15 ],
    "faces": {
        "down":  { "uv": [ 5.25, 15.25, 5.75, 15.75 ], "texture": "#beetroot" },
        "up":    { "uv": [ 5.25, 15.25, 5.75, 15.75 ], "texture": "#beetroot" },
        "north": { "uv": [ 5.25, 15.25, 5.75, 15.75 ], "texture": "#beetroot" },
        "south": { "uv": [ 5.25, 15.25, 5.75, 15.75 ], "texture": "#beetroot" },
        "west":  { "uv": [ 5.25, 15.25, 5.75, 15.5 ], "texture": "#beetroot" },
        "east":  { "uv": [ 5.25, 15.25, 5.75, 15.5 ], "texture": "#beetroot" }
    }
},
{
    "__comment": "soup",
    "from": [ 14, 11.001, 7 ],
    "to": [ 15, 12.001, 9 ],
    "faces": {
        "down":  { "uv": [ 5.25, 15.25, 5.75, 15.75 ], "texture": "#beetroot" },
        "up":    { "uv": [ 5.25, 15.25, 5.75, 15.75 ], "texture": "#beetroot" },
        "north": { "uv": [ 5.25, 15.25, 5.75, 15.75 ], "texture": "#beetroot" },
        "south": { "uv": [ 5.25, 15.25, 5.75, 15.75 ], "texture": "#beetroot" },
        "west":  { "uv": [ 5.25, 15.25, 5.75, 15.5 ], "texture": "#beetroot" },
        "east":  { "uv": [ 5.25, 15.25, 5.75, 15.5 ], "texture": "#beetroot" }
    }
},
{
    "__comment": "soup",
    "from": [ 1, 11.001, 7 ],
    "to": [ 2, 12.001, 9 ],
    "faces": {
        "down":  { "uv": [ 5.25, 15.25, 5.75, 15.75 ], "texture": "#beetroot" },
        "up":    { "uv": [ 5.25, 15.25, 5.75, 15.75 ], "texture": "#beetroot" },
        "north": { "uv": [ 5.25, 15.25, 5.75, 15.75 ], "texture": "#beetroot" },
        "south": { "uv": [ 5.25, 15.25, 5.75, 15.75 ], "texture": "#beetroot" },
        "west":  { "uv": [ 5.25, 15.25, 5.75, 15.5 ], "texture": "#beetroot" },
        "east":  { "uv": [ 5.25, 15.25, 5.75, 15.5 ], "texture": "#beetroot" }
    }
}
],
"display": {
    "thirdperson_righthand": {
        "rotation": [ 75, 45, 0 ],
        "translation": [ 0, 2.5, 0 ],
        "scale": [ 0.375, 0.375, 0.375 ]
    },
    "thirdperson_lefthand": {
        "rotation": [ 75, 45, 0 ],
        "translation": [ 0, 2.5, 0 ],
        "scale": [ 0.375, 0.375, 0.375 ]
    },
    "head": {
        "rotation": [ 0, 0, 0 ],
        "translation": [ 0, 9.83, 0 ],
        "scale": [ 1, 1, 1 ]
    },
    "ground": {
        "rotation": [ 0, 0, 0 ],
        "translation": [ 0, 3, 0 ],
        "scale": [ 0.25, 0.25, 0.25 ]
    },
    "fixed": {
        "rotation": [ 0, 0, 0 ],
        "translation": [ 0, 0, 0 ],
        "scale": [ 0.5, 0.5, 0.5 ]
    },
    "firstperson_righthand": {
        "rotation": [ 0, 47, 0 ],
        "translation": [ 0.94, 0, 0 ],
        "scale": [ 0.4, 0.4, 0.4 ]
    },
    "firstperson_lefthand": {
        "rotation": [ -11, 47, 9 ],
        "translation": [ 0.94, 0, 0 ],
        "scale": [ 0.4, 0.4, 0.4 ]
    },
    "gui": {
        "rotation": [ 30, 225, 0 ],
        "translation": [ 0, 0, 0 ],
        "scale": [ 0.625, 0.625, 0.625 ]
    }
}
}