{
"__comment": "CoolScreenName http://www.planetminecraft.com/member/coolscreenname/",
"textures": {
    "particle": "blocks/door_birch_lower",
    "texture": "blocks/planks_birch",
    "wool_colored_white": "blocks/wool_colored_white",
    "log_oak": "blocks/log_oak"
},
"elements": [ 
{
    "from": [ 0, 16, 14 ],
    "to": [ 3, 32, 16 ],
    "faces": {
        "down":  { "uv": [ 0, 0, 3, 2 ], "texture": "#texture" },
        "up":    { "uv": [ 16, 2, 13, 0 ], "texture": "#texture" },
        "north": { "uv": [ 0, 0, 3, 16 ], "rotation": 180, "texture": "#texture" },
        "south": { "uv": [ 13, 0, 16, 16 ], "rotation": 180, "texture": "#texture" },
        "west":  { "uv": [ 0, 0, 2, 16 ], "rotation": 180, "texture": "#texture" },
        "east":  { "uv": [ 14, 0, 16, 16 ], "rotation": 180, "texture": "#texture" }
    }
},
{
    "from": [ 0, 16, 0 ],
    "to": [ 3, 32, 2 ],
    "faces": {
        "down":  { "uv": [ 0, 14, 3, 16 ], "texture": "#texture" },
        "up":    { "uv": [ 16, 16, 13, 14 ], "texture": "#texture" },
        "north": { "uv": [ 0, 0, 3, 16 ], "rotation": 180, "texture": "#texture" },
        "south": { "uv": [ 13, 0, 16, 16 ], "rotation": 180, "texture": "#texture" },
        "west":  { "uv": [ 14, 0, 16, 16 ], "rotation": 180, "texture": "#texture" },
        "east":  { "uv": [ 0, 0, 2, 16 ], "rotation": 180, "texture": "#texture" }
    }
},
{
    "from": [ 0, 30, 2 ],
    "to": [ 3, 32, 14 ],
    "faces": {
        "down":  { "uv": [ 0, 2, 3, 14 ], "texture": "#texture" },
        "up":    { "uv": [ 16, 14, 13, 2 ], "texture": "#texture" },
        "north": { "uv": [ 0, 14, 3, 16 ], "rotation": 180, "texture": "#texture" },
        "south": { "uv": [ 13, 14, 16, 16 ], "rotation": 180, "texture": "#texture" },
        "west":  { "uv": [ 2, 14, 14, 16 ], "rotation": 180, "texture": "#texture" },
        "east":  { "uv": [ 2, 14, 14, 16 ], "rotation": 180, "texture": "#texture" }
    }
},
{
    "from": [ 0, 16, 7 ],
    "to": [ 3, 30, 9 ],
    "faces": {
        "down":  { "uv": [ 0, 7, 3, 9 ], "texture": "#texture" },
        "up":    { "uv": [ 16, 9, 13, 7 ], "texture": "#texture" },
        "north": { "uv": [ 0, 0, 3, 14 ], "rotation": 180, "texture": "#texture" },
        "south": { "uv": [ 13, 0, 16, 14 ], "rotation": 180, "texture": "#texture" },
        "west":  { "uv": [ 7, 0, 9, 14 ], "rotation": 180, "texture": "#texture" },
        "east":  { "uv": [ 7, 0, 9, 14 ], "rotation": 180, "texture": "#texture" }
    }
},
{
    "from": [ 1, 16, 9 ],
    "to": [ 2, 30, 14 ],
    "faces": {
        "down":  { "uv": [ 1, 2, 2, 7 ], "texture": "#wool_colored_white" },
        "up":    { "uv": [ 15, 7, 14, 2 ], "texture": "#wool_colored_white" },
        "north": { "uv": [ 1, 0, 2, 1 ], "rotation": 180, "texture": "#wool_colored_white" },
        "south": { "uv": [ 14, 0, 15, 1 ], "rotation": 180, "texture": "#wool_colored_white" },
        "west":  { "uv": [ 2, 0, 7, 1 ], "rotation": 180, "texture": "#wool_colored_white" },
        "east":  { "uv": [ 9, 0, 14, 1 ], "rotation": 180, "texture": "#wool_colored_white" }
    }
},
{
    "from": [ 1, 16, 2 ],
    "to": [ 2, 30, 7 ],
    "faces": {
        "down":  { "uv": [ 1, 9, 2, 14 ], "texture": "#wool_colored_white" },
        "up":    { "uv": [ 15, 14, 14, 9 ], "texture": "#wool_colored_white" },
        "north": { "uv": [ 1, 0, 2, 1 ], "rotation": 180, "texture": "#wool_colored_white" },
        "south": { "uv": [ 14, 0, 15, 1 ], "rotation": 180, "texture": "#wool_colored_white" },
        "west":  { "uv": [ 9, 0, 14, 1 ], "rotation": 180, "texture": "#wool_colored_white" },
        "east":  { "uv": [ 2, 0, 7, 1 ], "rotation": 180, "texture": "#wool_colored_white" }
    }
},
{
    "from": [ 0, 16, 12.5 ],
    "to": [ 3, 30, 13 ],
    "faces": {
        "down":  { "uv": [ 0, 3.25, 3, 3.75 ], "texture": "#texture" },
        "up":    { "uv": [ 16, 3.75, 13, 3.25 ], "texture": "#texture" },
        "north": { "uv": [ 0, 0, 3, 1 ], "rotation": 180, "texture": "#texture" },
        "south": { "uv": [ 13, 0, 16, 1 ], "rotation": 180, "texture": "#texture" },
        "west":  { "uv": [ 3.25, 0, 3.75, 1 ], "rotation": 180, "texture": "#texture" },
        "east":  { "uv": [ 12.25, 0, 12.75, 1 ], "rotation": 180, "texture": "#texture" }
    }
},
{
    "from": [ 0, 16, 10 ],
    "to": [ 3, 30, 10.5 ],
    "faces": {
        "down":  { "uv": [ 0, 5.5, 3, 6 ], "texture": "#texture" },
        "up":    { "uv": [ 16, 6, 13, 5.5 ], "texture": "#texture" },
        "north": { "uv": [ 0, 0, 3, 1 ], "rotation": 180, "texture": "#texture" },
        "south": { "uv": [ 13, 0, 16, 1 ], "rotation": 180, "texture": "#texture" },
        "west":  { "uv": [ 5.5, 0, 6, 1 ], "rotation": 180, "texture": "#texture" },
        "east":  { "uv": [ 10, 0, 10.5, 1 ], "rotation": 180, "texture": "#texture" }
    }
},
{
    "from": [ 0, 16, 3 ],
    "to": [ 3, 30, 3.5 ],
    "faces": {
        "down":  { "uv": [ 0, 12.5, 3, 13 ], "texture": "#texture" },
        "up":    { "uv": [ 16, 13, 13, 12.5 ], "texture": "#texture" },
        "north": { "uv": [ 0, 0, 3, 1 ], "rotation": 180, "texture": "#texture" },
        "south": { "uv": [ 13, 0, 16, 1 ], "rotation": 180, "texture": "#texture" },
        "west":  { "uv": [ 12.5, 0, 13, 1 ], "rotation": 180, "texture": "#texture" },
        "east":  { "uv": [ 3, 0, 3.5, 1 ], "rotation": 180, "texture": "#texture" }
    }
},
{
    "from": [ 0, 16, 5.5 ],
    "to": [ 3, 30, 6 ],
    "faces": {
        "down":  { "uv": [ 0, 10, 3, 10.5 ], "texture": "#texture" },
        "up":    { "uv": [ 16, 10.5, 13, 10 ], "texture": "#texture" },
        "north": { "uv": [ 0, 0, 3, 1 ], "rotation": 180, "texture": "#texture" },
        "south": { "uv": [ 13, 0, 16, 1 ], "rotation": 180, "texture": "#texture" },
        "west":  { "uv": [ 10, 0, 10.5, 1 ], "rotation": 180, "texture": "#texture" },
        "east":  { "uv": [ 5.5, 0, 6, 1 ], "rotation": 180, "texture": "#texture" }
    }
},
{
    "from": [ -0.25, 26, -0.25 ],
    "to": [ 3.25, 28, 0.75 ],
    "faces": {
        "down":  { "uv": [ 0, 0, 3.25, 0.75 ], "texture": "#log_oak" },
        "up":    { "uv": [ 16, 0.75, 12.75, 0 ], "texture": "#log_oak" },
        "north": { "uv": [ 0, 10.25, 3.25, 12.25 ], "rotation": 180, "texture": "#log_oak" },
        "south": { "uv": [ 12.75, 10.25, 16, 12.25 ], "rotation": 180, "texture": "#log_oak" },
        "west":  { "uv": [ 0, 10.25, 0.75, 12.25 ], "rotation": 180, "texture": "#log_oak" },
        "east":  { "uv": [ 15.25, 10.25, 16, 12.25 ], "rotation": 180, "texture": "#log_oak" }
    }
},
{
    "from": [ -0.25, 16, -0.25 ],
    "to": [ 3.25, 17, 0.75 ],
    "faces": {
        "down":  { "uv": [ 0, 0, 3.25, 0.75 ], "texture": "#log_oak" },
        "up":    { "uv": [ 16, 0.75, 12.75, 0 ], "texture": "#log_oak" },
        "north": { "uv": [ 0, 0, 3.25, 1 ], "rotation": 180, "texture": "#log_oak" },
        "south": { "uv": [ 12.75, 0, 16, 1 ], "rotation": 180, "texture": "#log_oak" },
        "west":  { "uv": [ 0, 0, 0.75, 1 ], "rotation": 180, "texture": "#log_oak" },
        "east":  { "uv": [ 15.25, 0, 16, 1 ], "rotation": 180, "texture": "#log_oak" }
    }
},
{
    "from": [ 0.5, 17.25, 2 ],
    "to": [ 2.5, 17.75, 5 ],
    "faces": {
        "down":  { "uv": [ 15.5, 5, 13.5, 2 ], "texture": "#texture" },
        "up":    { "uv": [ 0.5, 2, 2.5, 5 ], "texture": "#texture" },
        "north": { "uv": [ 13.5, 0, 15.5, 0 ], "texture": "#texture" },
        "south": { "uv": [ 0.5, 0, 2.5, 0 ], "texture": "#texture" },
        "west":  { "uv": [ 2, 0, 5, 0 ], "texture": "#texture" },
        "east":  { "uv": [ 11, 0, 14, 0 ], "texture": "#texture" }
    }
},
{
    "from": [ 0.5, 17.25, 11 ],
    "to": [ 2.5, 17.75, 14 ],
    "faces": {
        "down":  { "uv": [ 15.5, 14, 13.5, 11 ], "texture": "#texture" },
        "up":    { "uv": [ 0.5, 11, 2.5, 14 ], "texture": "#texture" },
        "north": { "uv": [ 13.5, 0, 15.5, 0 ], "texture": "#texture" },
        "south": { "uv": [ 0.5, 0, 2.5, 0 ], "texture": "#texture" },
        "west":  { "uv": [ 11, 0, 14, 0 ], "texture": "#texture" },
        "east":  { "uv": [ 2, 0, 5, 0 ], "texture": "#texture" }
    }
},
{
    "from": [ 0.5, 19.5, 9.5 ],
    "to": [ 2.5, 20, 14 ],
    "faces": {
        "down":  { "uv": [ 15.5, 14, 13.5, 9.5 ], "texture": "#texture" },
        "up":    { "uv": [ 0.5, 9.5, 2.5, 14 ], "texture": "#texture" },
        "north": { "uv": [ 13.5, 0, 15.5, 0 ], "texture": "#texture" },
        "south": { "uv": [ 0.5, 0, 2.5, 0 ], "texture": "#texture" },
        "west":  { "uv": [ 9.5, 0, 14, 0 ], "texture": "#texture" },
        "east":  { "uv": [ 2, 0, 6.5, 0 ], "texture": "#texture" }
    }
},
{
    "from": [ 0.5, 19.5, 2 ],
    "to": [ 2.5, 20, 6.5 ],
    "faces": {
        "down":  { "uv": [ 15.5, 6.5, 13.5, 2 ], "texture": "#texture" },
        "up":    { "uv": [ 0.5, 2, 2.5, 6.5 ], "texture": "#texture" },
        "north": { "uv": [ 13.5, 0, 15.5, 0 ], "texture": "#texture" },
        "south": { "uv": [ 0.5, 0, 2.5, 0 ], "texture": "#texture" },
        "west":  { "uv": [ 2, 0, 6.5, 0 ], "texture": "#texture" },
        "east":  { "uv": [ 9.5, 0, 14, 0 ], "texture": "#texture" }
    }
},
{
    "from": [ 0.5, 22.5, 4.75 ],
    "to": [ 2.5, 23, 7 ],
    "faces": {
        "down":  { "uv": [ 15.5, 7, 13.5, 4.75 ], "texture": "#texture" },
        "up":    { "uv": [ 0.5, 4.75, 2.5, 7 ], "texture": "#texture" },
        "north": { "uv": [ 13.5, 0, 15.5, 0 ], "texture": "#texture" },
        "south": { "uv": [ 0.5, 0, 2.5, 0 ], "texture": "#texture" },
        "west":  { "uv": [ 4.75, 0, 7, 0 ], "texture": "#texture" },
        "east":  { "uv": [ 9, 0, 11.25, 0 ], "texture": "#texture" }
    }
},
{
    "from": [ 0.5, 22.5, 9 ],
    "to": [ 2.5, 23, 11.25 ],
    "faces": {
        "down":  { "uv": [ 15.5, 11.25, 13.5, 9 ], "texture": "#texture" },
        "up":    { "uv": [ 0.5, 9, 2.5, 11.25 ], "texture": "#texture" },
        "north": { "uv": [ 13.5, 0, 15.5, 0 ], "texture": "#texture" },
        "south": { "uv": [ 0.5, 0, 2.5, 0 ], "texture": "#texture" },
        "west":  { "uv": [ 9, 0, 11.25, 0 ], "texture": "#texture" },
        "east":  { "uv": [ 4.75, 0, 7, 0 ], "texture": "#texture" }
    }
},
{
    "from": [ 0.5, 25.25, 2.5 ],
    "to": [ 2.5, 25.75, 7 ],
    "faces": {
        "down":  { "uv": [ 15.5, 7, 13.5, 2.5 ], "texture": "#texture" },
        "up":    { "uv": [ 0.5, 2.5, 2.5, 7 ], "texture": "#texture" },
        "north": { "uv": [ 13.5, 0, 15.5, 0 ], "texture": "#texture" },
        "south": { "uv": [ 0.5, 0, 2.5, 0 ], "texture": "#texture" },
        "west":  { "uv": [ 2.5, 0, 7, 0 ], "texture": "#texture" },
        "east":  { "uv": [ 9, 0, 13.5, 0 ], "texture": "#texture" }
    }
},
{
    "from": [ 0.5, 25.25, 9 ],
    "to": [ 2.5, 25.75, 13.5 ],
    "faces": {
        "down":  { "uv": [ 15.5, 13.5, 13.5, 9 ], "texture": "#texture" },
        "up":    { "uv": [ 0.5, 9, 2.5, 13.5 ], "texture": "#texture" },
        "north": { "uv": [ 13.5, 0, 15.5, 0 ], "texture": "#texture" },
        "south": { "uv": [ 0.5, 0, 2.5, 0 ], "texture": "#texture" },
        "west":  { "uv": [ 9, 0, 13.5, 0 ], "texture": "#texture" },
        "east":  { "uv": [ 2.5, 0, 7, 0 ], "texture": "#texture" }
    }
},
{
    "from": [ 0.5, 28.5, 2 ],
    "to": [ 2.5, 29, 5 ],
    "faces": {
        "down":  { "uv": [ 15.5, 5, 13.5, 2 ], "texture": "#texture" },
        "up":    { "uv": [ 0.5, 2, 2.5, 5 ], "texture": "#texture" },
        "north": { "uv": [ 13.5, 0, 15.5, 0 ], "texture": "#texture" },
        "south": { "uv": [ 0.5, 0, 2.5, 0 ], "texture": "#texture" },
        "west":  { "uv": [ 2, 0, 5, 0 ], "texture": "#texture" },
        "east":  { "uv": [ 11, 0, 14, 0 ], "texture": "#texture" }
    }
},
{
    "from": [ 0.5, 28.5, 11 ],
    "to": [ 2.5, 29, 14 ],
    "faces": {
        "down":  { "uv": [ 15.5, 14, 13.5, 11 ], "texture": "#texture" },
        "up":    { "uv": [ 0.5, 11, 2.5, 14 ], "texture": "#texture" },
        "north": { "uv": [ 13.5, 0, 15.5, 0 ], "texture": "#texture" },
        "south": { "uv": [ 0.5, 0, 2.5, 0 ], "texture": "#texture" },
        "west":  { "uv": [ 11, 0, 14, 0 ], "texture": "#texture" },
        "east":  { "uv": [ 2, 0, 5, 0 ], "texture": "#texture" }
    }
},
{
    "from": [ 0, 0, 0 ],
    "to": [ 3, 16, 2 ],
    "faces": {
        "down":  { "uv": [ 16, 2, 13, 0 ], "texture": "#texture" },
        "up":    { "uv": [ 0, 0, 3, 2 ], "texture": "#texture" },
        "north": { "uv": [ 13, 0, 16, 16 ], "texture": "#texture" },
        "south": { "uv": [ 0, 0, 3, 16 ], "texture": "#texture" },
        "west":  { "uv": [ 0, 0, 2, 16 ], "texture": "#texture" },
        "east":  { "uv": [ 14, 0, 16, 16 ], "texture": "#texture" }
    }
},
{
    "from": [ 0, 0, 14 ],
    "to": [ 3, 16, 16 ],
    "faces": {
        "down":  { "uv": [ 16, 16, 13, 14 ], "texture": "#texture" },
        "up":    { "uv": [ 0, 14, 3, 16 ], "texture": "#texture" },
        "north": { "uv": [ 13, 0, 16, 16 ], "texture": "#texture" },
        "south": { "uv": [ 0, 0, 3, 16 ], "texture": "#texture" },
        "west":  { "uv": [ 14, 0, 16, 16 ], "texture": "#texture" },
        "east":  { "uv": [ 0, 0, 2, 16 ], "texture": "#texture" }
    }
},
{
    "from": [ 0, 0, 2 ],
    "to": [ 3, 2, 14 ],
    "faces": {
        "down":  { "uv": [ 16, 14, 13, 2 ], "texture": "#texture" },
        "up":    { "uv": [ 0, 2, 3, 14 ], "texture": "#texture" },
        "north": { "uv": [ 13, 14, 16, 16 ], "texture": "#texture" },
        "south": { "uv": [ 0, 14, 3, 16 ], "texture": "#texture" },
        "west":  { "uv": [ 2, 14, 14, 16 ], "texture": "#texture" },
        "east":  { "uv": [ 2, 14, 14, 16 ], "texture": "#texture" }
    }
},
{
    "from": [ 0, 2, 7 ],
    "to": [ 3, 16, 9 ],
    "faces": {
        "down":  { "uv": [ 16, 9, 13, 7 ], "texture": "#texture" },
        "up":    { "uv": [ 0, 7, 3, 9 ], "texture": "#texture" },
        "north": { "uv": [ 13, 0, 16, 14 ], "texture": "#texture" },
        "south": { "uv": [ 0, 0, 3, 14 ], "texture": "#texture" },
        "west":  { "uv": [ 7, 0, 9, 14 ], "texture": "#texture" },
        "east":  { "uv": [ 7, 0, 9, 14 ], "texture": "#texture" }
    }
},
{
    "from": [ 0, 13, 2 ],
    "to": [ 3, 15, 7 ],
    "faces": {
        "down":  { "uv": [ 16, 7, 13, 2 ], "texture": "#texture" },
        "up":    { "uv": [ 0, 2, 3, 7 ], "texture": "#texture" },
        "north": { "uv": [ 13, 1, 16, 3 ], "texture": "#texture" },
        "south": { "uv": [ 0, 1, 3, 3 ], "texture": "#texture" },
        "west":  { "uv": [ 2, 1, 7, 3 ], "texture": "#texture" },
        "east":  { "uv": [ 9, 1, 14, 3 ], "texture": "#texture" }
    }
},
{
    "from": [ 0, 13, 9 ],
    "to": [ 3, 15, 14 ],
    "faces": {
        "down":  { "uv": [ 16, 14, 13, 9 ], "texture": "#texture" },
        "up":    { "uv": [ 0, 9, 3, 14 ], "texture": "#texture" },
        "north": { "uv": [ 13, 1, 16, 3 ], "texture": "#texture" },
        "south": { "uv": [ 0, 1, 3, 3 ], "texture": "#texture" },
        "west":  { "uv": [ 9, 1, 14, 3 ], "texture": "#texture" },
        "east":  { "uv": [ 2, 1, 7, 3 ], "texture": "#texture" }
    }
},
{
    "from": [ 0.5, 2, 2 ],
    "to": [ 2.5, 13, 7 ],
    "faces": {
        "down":  { "uv": [ 0, 0, 16, 16 ], "texture": "#texture" },
        "up":    { "uv": [ 0, 0, 16, 16 ], "texture": "#texture" },
        "north": { "uv": [ 0, 0, 16, 16 ], "texture": "#texture" },
        "south": { "uv": [ 0, 0, 16, 16 ], "texture": "#texture" },
        "west":  { "uv": [ 0, 0, 16, 16 ], "texture": "#texture" },
        "east":  { "uv": [ 0, 0, 16, 16 ], "texture": "#texture" }
    }
},
{
    "from": [ 0.5, 2, 9 ],
    "to": [ 2.5, 13, 14 ],
    "faces": {
        "down":  { "uv": [ 0, 0, 16, 16 ], "texture": "#texture" },
        "up":    { "uv": [ 0, 0, 16, 16 ], "texture": "#texture" },
        "north": { "uv": [ 0, 0, 16, 16 ], "texture": "#texture" },
        "south": { "uv": [ 0, 0, 16, 16 ], "texture": "#texture" },
        "west":  { "uv": [ 0, 0, 16, 16 ], "texture": "#texture" },
        "east":  { "uv": [ 0, 0, 16, 16 ], "texture": "#texture" }
    }
},
{
    "from": [ 1, 15, 2 ],
    "to": [ 2, 16, 7 ],
    "faces": {
        "down":  { "uv": [ 15, 7, 14, 2 ], "texture": "#wool_colored_white" },
        "up":    { "uv": [ 1, 2, 2, 7 ], "texture": "#wool_colored_white" },
        "north": { "uv": [ 14, 0, 15, 1 ], "texture": "#wool_colored_white" },
        "south": { "uv": [ 1, 0, 2, 1 ], "texture": "#wool_colored_white" },
        "west":  { "uv": [ 2, 0, 7, 1 ], "texture": "#wool_colored_white" },
        "east":  { "uv": [ 9, 0, 14, 1 ], "texture": "#wool_colored_white" }
    }
},
{
    "from": [ 1, 15, 9 ],
    "to": [ 2, 16, 14 ],
    "faces": {
        "down":  { "uv": [ 15, 14, 14, 9 ], "texture": "#wool_colored_white" },
        "up":    { "uv": [ 1, 9, 2, 14 ], "texture": "#wool_colored_white" },
        "north": { "uv": [ 14, 0, 15, 1 ], "texture": "#wool_colored_white" },
        "south": { "uv": [ 1, 0, 2, 1 ], "texture": "#wool_colored_white" },
        "west":  { "uv": [ 9, 0, 14, 1 ], "texture": "#wool_colored_white" },
        "east":  { "uv": [ 2, 0, 7, 1 ], "texture": "#wool_colored_white" }
    }
},
{
    "from": [ 0, 15, 3 ],
    "to": [ 3, 16, 3.5 ],
    "faces": {
        "down":  { "uv": [ 16, 3.5, 13, 3 ], "texture": "#texture" },
        "up":    { "uv": [ 0, 3, 3, 3.5 ], "texture": "#texture" },
        "north": { "uv": [ 13, 0, 16, 1 ], "texture": "#texture" },
        "south": { "uv": [ 0, 0, 3, 1 ], "texture": "#texture" },
        "west":  { "uv": [ 3, 0, 3.5, 1 ], "texture": "#texture" },
        "east":  { "uv": [ 12.5, 0, 13, 1 ], "texture": "#texture" }
    }
},
{
    "from": [ 0, 15, 5.5 ],
    "to": [ 3, 16, 6 ],
    "faces": {
        "down":  { "uv": [ 16, 6, 13, 5.5 ], "texture": "#texture" },
        "up":    { "uv": [ 0, 5.5, 3, 6 ], "texture": "#texture" },
        "north": { "uv": [ 13, 0, 16, 1 ], "texture": "#texture" },
        "south": { "uv": [ 0, 0, 3, 1 ], "texture": "#texture" },
        "west":  { "uv": [ 5.5, 0, 6, 1 ], "texture": "#texture" },
        "east":  { "uv": [ 10, 0, 10.5, 1 ], "texture": "#texture" }
    }
},
{
    "from": [ 0, 15, 12.5 ],
    "to": [ 3, 16, 13 ],
    "faces": {
        "down":  { "uv": [ 16, 13, 13, 12.5 ], "texture": "#texture" },
        "up":    { "uv": [ 0, 12.5, 3, 13 ], "texture": "#texture" },
        "north": { "uv": [ 13, 0, 16, 1 ], "texture": "#texture" },
        "south": { "uv": [ 0, 0, 3, 1 ], "texture": "#texture" },
        "west":  { "uv": [ 12.5, 0, 13, 1 ], "texture": "#texture" },
        "east":  { "uv": [ 3, 0, 3.5, 1 ], "texture": "#texture" }
    }
},
{
    "from": [ 0, 15, 10 ],
    "to": [ 3, 16, 10.5 ],
    "faces": {
        "down":  { "uv": [ 16, 10.5, 13, 10 ], "texture": "#texture" },
        "up":    { "uv": [ 0, 10, 3, 10.5 ], "texture": "#texture" },
        "north": { "uv": [ 13, 0, 16, 1 ], "texture": "#texture" },
        "south": { "uv": [ 0, 0, 3, 1 ], "texture": "#texture" },
        "west":  { "uv": [ 10, 0, 10.5, 1 ], "texture": "#texture" },
        "east":  { "uv": [ 5.5, 0, 6, 1 ], "texture": "#texture" }
    }
},
{
    "from": [ -0.25, 3.75, -0.25 ],
    "to": [ 3.25, 5.75, 0.75 ],
    "faces": {
        "down":  { "uv": [ 16, 0.75, 12.75, 0 ], "texture": "#log_oak" },
        "up":    { "uv": [ 0, 0, 3.25, 0.75 ], "texture": "#log_oak" },
        "north": { "uv": [ 12.75, 10.25, 16, 12.25 ], "texture": "#log_oak" },
        "south": { "uv": [ 0, 10.25, 3.25, 12.25 ], "texture": "#log_oak" },
        "west":  { "uv": [ 0, 10.25, 0.75, 12.25 ], "texture": "#log_oak" },
        "east":  { "uv": [ 15.25, 10.25, 16, 12.25 ], "texture": "#log_oak" }
    }
},
{
    "from": [ -0.25, 15, -0.25 ],
    "to": [ 3.25, 16, 0.75 ],
    "faces": {
        "down":  { "uv": [ 16, 0.75, 12.75, 0 ], "texture": "#log_oak" },
        "up":    { "uv": [ 0, 0, 3.25, 0.75 ], "texture": "#log_oak" },
        "north": { "uv": [ 12.75, 0, 16, 1 ], "texture": "#log_oak" },
        "south": { "uv": [ 0, 0, 3.25, 1 ], "texture": "#log_oak" },
        "west":  { "uv": [ 0, 0, 0.75, 1 ], "texture": "#log_oak" },
        "east":  { "uv": [ 15.25, 0, 16, 1 ], "texture": "#log_oak" }
    }
}
],
"display": {
    "thirdperson_righthand": {
        "rotation": [ 0, 0, 0 ],
        "translation": [ 0, 0, 0 ],
        "scale": [ 0.36, 0.36, 0.36 ]
    },
    "thirdperson_lefthand": {
        "rotation": [ 0, 0, 0 ],
        "translation": [ 4.16, 0, 0 ],
        "scale": [ 0.36, 0.36, 0.36 ]
    },
    "head": {
        "rotation": [ 0, 90, 0 ],
        "translation": [ -0.19, -24, -1.32 ],
        "scale": [ 1, 1, 1 ]
    },
    "ground": {
        "rotation": [ 0, 0, 0 ],
        "translation": [ 0.96, 1.92, 0.96 ],
        "scale": [ 0.25, 0.25, 0.25 ]
    },
    "fixed": {
        "rotation": [ 0, -90, 0 ],
        "translation": [ 0.38, -3.59, 2.94 ],
        "scale": [ 0.5, 0.5, 0.5 ]
    },
    "firstperson_righthand": {
        "rotation": [ 0, -137, 0 ],
        "translation": [ 0.19, -0.96, -0.96 ],
        "scale": [ 0.24, 0.24, 0.24 ]
    },
    "firstperson_lefthand": {
        "rotation": [ 0, -137, 0 ],
        "translation": [ 0.19, -0.96, -0.96 ],
        "scale": [ 0.24, 0.24, 0.24 ]
    },
    "gui": {
        "rotation": [ 30, 106, 0 ],
        "translation": [ 0, -1.92, 0 ],
        "scale": [ 0.46, 0.46, 0.46 ]
    }
}
}