{
"__comment": "CoolScreenName http://www.planetminecraft.com/member/coolscreenname/",
"textures": {
    "particle": "blocks/planks_birch",
    "texture": "blocks/planks_birch",
    "cauldron_inner": "blocks/cauldron_inner"
},
"elements": [ 
{
    "__comment": "Left-hand post",
    "from": [ 0, 2, 7 ],
    "to": [ 2, 13, 9 ],
    "faces": {
        "down":  { "uv": [ 0, 7, 2, 9 ], "texture": "#texture" },
        "up":    { "uv": [ 0, 7, 2, 9 ], "texture": "#texture" },
        "north": { "uv": [ 0, 0, 2, 11 ], "texture": "#texture" },
        "south": { "uv": [ 0, 0, 2, 11 ], "texture": "#texture" },
        "west":  { "uv": [ 7, 0, 9, 11 ], "texture": "#texture", "cullface": "west" },
        "east":  { "uv": [ 7, 0, 9, 11 ], "texture": "#texture" }
    }
},
{
    "__comment": "Right-hand post",
    "from": [ 14, 2, 7 ],
    "to": [ 16, 13, 9 ],
    "faces": {
        "down":  { "uv": [ 14, 7, 16, 9 ], "texture": "#texture" },
        "up":    { "uv": [ 14, 7, 16, 9 ], "texture": "#texture" },
        "north": { "uv": [ 14, 0, 16, 11 ], "texture": "#texture" },
        "south": { "uv": [ 14, 0, 16, 11 ], "texture": "#texture" },
        "west":  { "uv": [ 7, 0, 9, 11 ], "texture": "#texture" },
        "east":  { "uv": [ 7, 0, 9, 11 ], "texture": "#texture", "cullface": "east" }
    }
},
{
    "__comment": "Inner vertical post of left-hand gate door",
    "from": [ 7, 3, 7 ],
    "to": [ 8, 12, 9 ],
    "faces": {
        "down":  { "uv": [ 6, 7, 8, 9 ], "texture": "#texture" },
        "up":    { "uv": [ 6, 7, 8, 9 ], "texture": "#texture" },
        "north": { "uv": [ 6, 1, 8, 10 ], "texture": "#texture" },
        "south": { "uv": [ 6, 1, 8, 10 ], "texture": "#texture" },
        "west":  { "uv": [ 7, 1, 9, 10 ], "texture": "#texture" },
        "east":  { "uv": [ 7, 1, 9, 10 ], "texture": "#texture" }
    }
},
{
    "__comment": "Inner vertical post of right-hand gate door",
    "from": [ 8, 3, 7 ],
    "to": [ 9, 12, 9 ],
    "faces": {
        "down":  { "uv": [ 8, 7, 10, 9 ], "texture": "#texture" },
        "up":    { "uv": [ 8, 7, 10, 9 ], "texture": "#texture" },
        "north": { "uv": [ 8, 1, 10, 10 ], "texture": "#texture" },
        "south": { "uv": [ 8, 1, 10, 10 ], "texture": "#texture" },
        "west":  { "uv": [ 7, 1, 9, 10 ], "texture": "#texture" },
        "east":  { "uv": [ 7, 1, 9, 10 ], "texture": "#texture" }
    }
},
{
    "__comment": "Lower horizontal bar of left-hand gate door",
    "from": [ 2, 3, 7 ],
    "to": [ 7, 5, 9 ],
    "faces": {
        "down":  { "uv": [ 2, 7, 6, 9 ], "texture": "#texture" },
        "up":    { "uv": [ 2, 7, 6, 9 ], "texture": "#texture" },
        "north": { "uv": [ 2, 7, 6, 10 ], "texture": "#texture" },
        "south": { "uv": [ 2, 7, 6, 10 ], "texture": "#texture" }
    }
},
{
    "__comment": "Upper horizontal bar of left-hand gate door",
    "from": [ 2, 10, 7 ],
    "to": [ 7, 12, 9 ],
    "faces": {
        "down":  { "uv": [ 2, 7, 6, 9 ], "texture": "#texture" },
        "up":    { "uv": [ 2, 7, 6, 9 ], "texture": "#texture" },
        "north": { "uv": [ 2, 1, 6, 4 ], "texture": "#texture" },
        "south": { "uv": [ 2, 1, 6, 4 ], "texture": "#texture" }
    }
},
{
    "__comment": "Lower horizontal bar of right-hand gate door",
    "from": [ 9, 3, 7 ],
    "to": [ 14, 5, 9 ],
    "faces": {
        "down":  { "uv": [ 10, 7, 14, 9 ], "texture": "#texture" },
        "up":    { "uv": [ 10, 7, 14, 9 ], "texture": "#texture" },
        "north": { "uv": [ 10, 7, 14, 10 ], "texture": "#texture" },
        "south": { "uv": [ 10, 7, 14, 10 ], "texture": "#texture" }
    }
},
{
    "__comment": "Upper horizontal bar of right-hand gate door",
    "from": [ 9, 10, 7 ],
    "to": [ 14, 12, 9 ],
    "faces": {
        "down":  { "uv": [ 10, 7, 14, 9 ], "texture": "#texture" },
        "up":    { "uv": [ 10, 7, 14, 9 ], "texture": "#texture" },
        "north": { "uv": [ 10, 1, 14, 4 ], "texture": "#texture" },
        "south": { "uv": [ 10, 1, 14, 4 ], "texture": "#texture" }
    }
},
{
    "from": [ 1.75, 4.25, 7.5 ],
    "to": [ 9, 5.25, 8.5 ],
    "rotation": { "origin": [ 1.75, 5.25, 7.5 ], "axis": "z", "angle": 45 },
    "faces": {
        "down":  { "uv": [ 13, 8.5, 7.25, 7.5 ], "texture": "#texture" },
        "up":    { "uv": [ 3, 7.5, 8.75, 8.5 ], "texture": "#texture" },
        "north": { "uv": [ 7.25, 2, 13, 3 ], "texture": "#texture" },
        "south": { "uv": [ 3, 2, 8.75, 3 ], "texture": "#texture" },
        "west":  { "uv": [ 7.5, 2, 8.5, 3 ], "texture": "#texture" },
        "east":  { "uv": [ 7.5, 2, 8.5, 3 ], "texture": "#texture" }
    }
},
{
    "from": [ 9, 9.5, 7.5 ],
    "to": [ 16.5, 10.5, 8.5 ],
    "rotation": { "origin": [ 9, 10.5, 7.5 ], "axis": "z", "angle": -45 },
    "faces": {
        "down":  { "uv": [ 13, 8.5, 7.25, 7.5 ], "texture": "#texture" },
        "up":    { "uv": [ 3, 7.5, 8.75, 8.5 ], "texture": "#texture" },
        "north": { "uv": [ 7.25, 2, 13, 3 ], "texture": "#texture" },
        "south": { "uv": [ 3, 2, 8.75, 3 ], "texture": "#texture" },
        "west":  { "uv": [ 7.5, 2, 8.5, 3 ], "texture": "#texture" },
        "east":  { "uv": [ 7.5, 2, 8.5, 3 ], "texture": "#texture" }
    }
},
{
    "from": [ -0.25, 3.5, 6.75 ],
    "to": [ 2, 4.5, 9.25 ],
    "faces": {
        "down":  { "uv": [ 16, 9.25, 14, 6.75 ], "texture": "#cauldron_inner" },
        "up":    { "uv": [ 0, 6.75, 2, 9.25 ], "texture": "#cauldron_inner" },
        "north": { "uv": [ 14, 11.5, 16, 12.5 ], "texture": "#cauldron_inner" },
        "south": { "uv": [ 0, 11.5, 2, 12.5 ], "texture": "#cauldron_inner" },
        "west":  { "uv": [ 6.75, 11.5, 9.25, 12.5 ], "texture": "#cauldron_inner" },
        "east":  { "uv": [ 6.75, 11.5, 9.25, 12.5 ], "texture": "#cauldron_inner" }
    }
},
{
    "from": [ 14, 10.5, 6.75 ],
    "to": [ 16.25, 11.5, 9.25 ],
    "faces": {
        "down":  { "uv": [ 2, 9.25, 0, 6.75 ], "texture": "#cauldron_inner" },
        "up":    { "uv": [ 14, 6.75, 16, 9.25 ], "texture": "#cauldron_inner" },
        "north": { "uv": [ 0, 4.5, 2, 5.5 ], "texture": "#cauldron_inner" },
        "south": { "uv": [ 14, 4.5, 16, 5.5 ], "texture": "#cauldron_inner" },
        "west":  { "uv": [ 6.75, 4.5, 9.25, 5.5 ], "texture": "#cauldron_inner" },
        "east":  { "uv": [ 6.75, 4.5, 9.25, 5.5 ], "texture": "#cauldron_inner" }
    }
},
{
    "from": [ 14, 3.5, 6.75 ],
    "to": [ 16.25, 4.5, 9.25 ],
    "faces": {
        "down":  { "uv": [ 2, 9.25, 0, 6.75 ], "texture": "#cauldron_inner" },
        "up":    { "uv": [ 14, 6.75, 16, 9.25 ], "texture": "#cauldron_inner" },
        "north": { "uv": [ 0, 11.5, 2, 12.5 ], "texture": "#cauldron_inner" },
        "south": { "uv": [ 14, 11.5, 16, 12.5 ], "texture": "#cauldron_inner" },
        "west":  { "uv": [ 6.75, 11.5, 9.25, 12.5 ], "texture": "#cauldron_inner" },
        "east":  { "uv": [ 6.75, 11.5, 9.25, 12.5 ], "texture": "#cauldron_inner" }
    }
},
{
    "from": [ -0.25, 10.5, 6.75 ],
    "to": [ 2, 11.5, 9.25 ],
    "faces": {
        "down":  { "uv": [ 16, 9.25, 14, 6.75 ], "texture": "#cauldron_inner" },
        "up":    { "uv": [ 0, 6.75, 2, 9.25 ], "texture": "#cauldron_inner" },
        "north": { "uv": [ 14, 4.5, 16, 5.5 ], "texture": "#cauldron_inner" },
        "south": { "uv": [ 0, 4.5, 2, 5.5 ], "texture": "#cauldron_inner" },
        "west":  { "uv": [ 6.75, 4.5, 9.25, 5.5 ], "texture": "#cauldron_inner" },
        "east":  { "uv": [ 6.75, 4.5, 9.25, 5.5 ], "texture": "#cauldron_inner" }
    }
},
{
    "from": [ 2, 3.75, 6.7435 ],
    "to": [ 3, 4.75, 9.2435 ],
    "rotation": { "origin": [ 2, 4.75, 6.7435 ], "axis": "z", "angle": -45 },
    "faces": {
        "down":  { "uv": [ 14, 9.25, 13, 6.75 ], "texture": "#cauldron_inner" },
        "up":    { "uv": [ 2, 6.75, 3, 9.25 ], "texture": "#cauldron_inner" },
        "north": { "uv": [ 13, 4.5, 14, 5.5 ], "texture": "#cauldron_inner" },
        "south": { "uv": [ 2, 4.5, 3, 5.5 ], "texture": "#cauldron_inner" },
        "west":  { "uv": [ 6.75, 4.5, 9.25, 5.5 ], "texture": "#cauldron_inner" },
        "east":  { "uv": [ 6.75, 4.5, 9.25, 5.5 ], "texture": "#cauldron_inner" }
    }
},
{
    "from": [ 2, 10.75, 6.75 ],
    "to": [ 3, 11.75, 9.25 ],
    "rotation": { "origin": [ 2, 11.75, 6.75 ], "axis": "z", "angle": -45 },
    "faces": {
        "down":  { "uv": [ 14, 9.25, 13, 6.75 ], "texture": "#cauldron_inner" },
        "up":    { "uv": [ 2, 6.75, 3, 9.25 ], "texture": "#cauldron_inner" },
        "north": { "uv": [ 13, 4.5, 14, 5.5 ], "texture": "#cauldron_inner" },
        "south": { "uv": [ 2, 4.5, 3, 5.5 ], "texture": "#cauldron_inner" },
        "west":  { "uv": [ 6.75, 4.5, 9.25, 5.5 ], "texture": "#cauldron_inner" },
        "east":  { "uv": [ 6.75, 4.5, 9.25, 5.5 ], "texture": "#cauldron_inner" }
    }
},
{
    "from": [ 14, 10.75, 6.7435 ],
    "to": [ 15, 11.75, 9.2435 ],
    "rotation": { "origin": [ 14, 11.75, 6.7435 ], "axis": "z", "angle": -45 },
    "faces": {
        "down":  { "uv": [ 14, 9.25, 13, 6.75 ], "texture": "#cauldron_inner" },
        "up":    { "uv": [ 2, 6.75, 3, 9.25 ], "texture": "#cauldron_inner" },
        "north": { "uv": [ 13, 4.5, 14, 5.5 ], "texture": "#cauldron_inner" },
        "south": { "uv": [ 2, 4.5, 3, 5.5 ], "texture": "#cauldron_inner" },
        "west":  { "uv": [ 6.75, 4.5, 9.25, 5.5 ], "texture": "#cauldron_inner" },
        "east":  { "uv": [ 6.75, 4.5, 9.25, 5.5 ], "texture": "#cauldron_inner" }
    }
},
{
    "from": [ 14, 3.75, 6.7435 ],
    "to": [ 15, 4.75, 9.2435 ],
    "rotation": { "origin": [ 14, 4.75, 6.7435 ], "axis": "z", "angle": -45 },
    "faces": {
        "down":  { "uv": [ 14, 9.25, 13, 6.75 ], "texture": "#cauldron_inner" },
        "up":    { "uv": [ 2, 6.75, 3, 9.25 ], "texture": "#cauldron_inner" },
        "north": { "uv": [ 13, 4.5, 14, 5.5 ], "texture": "#cauldron_inner" },
        "south": { "uv": [ 2, 4.5, 3, 5.5 ], "texture": "#cauldron_inner" },
        "west":  { "uv": [ 6.75, 4.5, 9.25, 5.5 ], "texture": "#cauldron_inner" },
        "east":  { "uv": [ 6.75, 4.5, 9.25, 5.5 ], "texture": "#cauldron_inner" }
    }
}
],
"display": {
    "thirdperson_righthand": {
        "rotation": [ 75, 45, 0 ],
        "translation": [ 0, 2.5, 0 ],
        "scale": [ 0.375, 0.375, 0.375 ]
    },
    "thirdperson_lefthand": {
        "rotation": [ 75, 45, 0 ],
        "translation": [ 0, 2.5, 0 ],
        "scale": [ 0.375, 0.375, 0.375 ]
    },
    "head": {
        "rotation": [ 0, 0, 0 ],
        "translation": [ 0, 12.04, 0 ],
        "scale": [ 1, 1, 1 ]
    },
    "ground": {
        "rotation": [ 0, 0, 0 ],
        "translation": [ 0, 2, 0 ],
        "scale": [ 0.5, 0.5, 0.5 ]
    },
    "fixed": {
        "rotation": [ 0, 0, 0 ],
        "translation": [ 0, 0, 0 ],
        "scale": [ 0.82, 0.82, 0.82 ]
    },
    "firstperson_righthand": {
        "rotation": [ 0, -90, 25 ],
        "translation": [ 1.13, 3.2, 1.13 ],
        "scale": [ 0.68, 0.68, 0.68 ]
    },
    "firstperson_lefthand": {
        "rotation": [ 0, -90, 25 ],
        "translation": [ 1.13, 3.2, 1.13 ],
        "scale": [ 0.68, 0.68, 0.68 ]
    },
    "gui": {
        "rotation": [ 30, 225, 0 ],
        "translation": [ 0, 0, 0 ],
        "scale": [ 0.625, 0.625, 0.625 ]
    }
}
}