{
"__comment": "Designed by CoolScreenName http://www.planetminecraft.com/member/coolscreenname/",
"textures": {
    "particle": "blocks/lava_still",
    "texture": "blocks/cauldron_inner",
    "cauldron_inner": "blocks/cauldron_inner"
},
"elements": [ 
{
    "__comment": "glass",
    "from": [ 4.75, 6.75, 0 ],
    "to": [ 5, 7, 16 ],
    "faces": {
        "down":  { "uv": [ 0, 0, 16, 16 ], "texture": "#cauldron_inner" },
        "up":    { "uv": [ 0, 0, 16, 16 ], "texture": "#cauldron_inner" },
        "north": { "uv": [ 0, 0, 16, 16 ], "texture": "#cauldron_inner" },
        "south": { "uv": [ 0, 0, 16, 16 ], "texture": "#cauldron_inner" },
        "west":  { "uv": [ 0, 0, 16, 16 ], "texture": "#cauldron_inner" },
        "east":  { "uv": [ 0, 0, 16, 16 ], "texture": "#cauldron_inner" }
    }
},
{
    "__comment": "glass",
    "from": [ 6, 6.75, 0 ],
    "to": [ 6.25, 7, 16 ],
    "faces": {
        "down":  { "uv": [ 0, 0, 16, 16 ], "texture": "#cauldron_inner" },
        "up":    { "uv": [ 0, 0, 16, 16 ], "texture": "#cauldron_inner" },
        "north": { "uv": [ 0, 0, 16, 16 ], "texture": "#cauldron_inner" },
        "south": { "uv": [ 0, 0, 16, 16 ], "texture": "#cauldron_inner" },
        "west":  { "uv": [ 0, 0, 16, 16 ], "texture": "#cauldron_inner" },
        "east":  { "uv": [ 0, 0, 16, 16 ], "texture": "#cauldron_inner" }
    }
},
{
    "__comment": "glass",
    "from": [ 6, 8, 0 ],
    "to": [ 6.25, 8.25, 16 ],
    "faces": {
        "down":  { "uv": [ 0, 0, 16, 16 ], "texture": "#cauldron_inner" },
        "up":    { "uv": [ 0, 0, 16, 16 ], "texture": "#cauldron_inner" },
        "north": { "uv": [ 0, 0, 16, 16 ], "texture": "#cauldron_inner" },
        "south": { "uv": [ 0, 0, 16, 16 ], "texture": "#cauldron_inner" },
        "west":  { "uv": [ 0, 0, 16, 16 ], "texture": "#cauldron_inner" },
        "east":  { "uv": [ 0, 0, 16, 16 ], "texture": "#cauldron_inner" }
    }
},
{
    "__comment": "glass",
    "from": [ 4.75, 8, 0 ],
    "to": [ 5, 8.25, 16 ],
    "faces": {
        "down":  { "uv": [ 0, 0, 16, 16 ], "texture": "#cauldron_inner" },
        "up":    { "uv": [ 0, 0, 16, 16 ], "texture": "#cauldron_inner" },
        "north": { "uv": [ 0, 0, 16, 16 ], "texture": "#cauldron_inner" },
        "south": { "uv": [ 0, 0, 16, 16 ], "texture": "#cauldron_inner" },
        "west":  { "uv": [ 0, 0, 16, 16 ], "texture": "#cauldron_inner" },
        "east":  { "uv": [ 0, 0, 16, 16 ], "texture": "#cauldron_inner" }
    }
},
{
    "__comment": "glass",
    "from": [ 5, 7, 16 ],
    "to": [ 6, 8, 16.25 ],
    "faces": {
        "down":  { "uv": [ 0, 0, 16, 16 ], "texture": "#texture" },
        "up":    { "uv": [ 0, 0, 16, 16 ], "texture": "#texture" },
        "north": { "uv": [ 0, 0, 16, 16 ], "texture": "#texture" },
        "south": { "uv": [ 0, 0, 16, 16 ], "texture": "#texture" },
        "west":  { "uv": [ 0, 0, 16, 16 ], "texture": "#texture" },
        "east":  { "uv": [ 0, 0, 16, 16 ], "texture": "#texture" }
    }
},
{
    "__comment": "glass",
    "from": [ 5, 7, -0.25 ],
    "to": [ 6, 8, 0 ],
    "faces": {
        "down":  { "uv": [ 0, 0, 16, 16 ], "texture": "#texture" },
        "up":    { "uv": [ 0, 0, 16, 16 ], "texture": "#texture" },
        "north": { "uv": [ 0, 0, 16, 16 ], "texture": "#texture" },
        "south": { "uv": [ 0, 0, 16, 16 ], "texture": "#texture" },
        "west":  { "uv": [ 0, 0, 16, 16 ], "texture": "#texture" },
        "east":  { "uv": [ 0, 0, 16, 16 ], "texture": "#texture" }
    }
},
{
    "from": [ 5, 7, 0 ],
    "to": [ 6, 8, 16 ],
    "faces": {
        "down":  { "uv": [ 0, 0, 16, 16 ], "texture": "#particle" },
        "up":    { "uv": [ 0, 0, 16, 16 ], "texture": "#particle" },
        "north": { "uv": [ 0, 0, 16, 16 ], "texture": "#particle" },
        "south": { "uv": [ 0, 0, 16, 16 ], "texture": "#particle" },
        "west":  { "uv": [ 0, 0, 16, 16 ], "texture": "#particle" },
        "east":  { "uv": [ 0, 0, 16, 16 ], "texture": "#particle" }
    }
}
],
"display": {
    "thirdperson_righthand": {
        "rotation": [ -85, 1, 11 ],
        "translation": [ 1.89, 2.65, -0.38 ],
        "scale": [ 1, 1, 1 ]
    },
    "thirdperson_lefthand": {
        "rotation": [ -85, 1, 11 ],
        "translation": [ 2.65, 2.83, 0.38 ],
        "scale": [ 1, 1, 1 ]
    },
    "head": {
        "rotation": [ -84, -133, -82 ],
        "translation": [ -2.27, -15.31, 8.88 ],
        "scale": [ 1.76, 1.63, 1.95 ]
    },
    "ground": {
        "rotation": [ 0, 0, 0 ],
        "translation": [ 0, 2, 0 ],
        "scale": [ 0.5, 0.5, 0.5 ]
    },
    "fixed": {
        "rotation": [ 94, 43, 159 ],
        "translation": [ -1.7, -2.27, -0.38 ],
        "scale": [ 1, 1, 1 ]
    },
    "firstperson_righthand": {
        "rotation": [ 78, -1, 1 ],
        "translation": [ 2.46, 1.7, 0 ],
        "scale": [ 1, 1, 1 ]
    },
    "firstperson_lefthand": {
        "rotation": [ 78, -1, 1 ],
        "translation": [ 2.46, 1.7, 0 ],
        "scale": [ 1, 1, 1 ]
    },
    "gui": {
        "rotation": [ 92, 135, 0 ],
        "translation": [ -1.32, 1.13, 0 ],
        "scale": [ 0.94, 0.94, 0.94 ]
    }
}
}