{
"__comment": "Designed by CoolScreenName http://www.planetminecraft.com/member/coolscreenname/",
"textures": {
    "particle": "blocks/log_big_oak",
    "log_big_oak": "blocks/log_big_oak",
    "cauldron_inner": "blocks/cauldron_inner",
    "wool_colored_white": "blocks/wool_colored_white"
},
"elements": [ 
{
    "__comment": "Bow",
    "from": [ 7.625, 11.875, 8.375 ],
    "to": [ 8.25, 12.125, 8.75 ],
    "faces": {
        "down":  { "uv": [ 8.375, 8.75, 7.75, 8.375 ], "texture": "#log_big_oak" },
        "up":    { "uv": [ 7.625, 8.375, 8.25, 8.75 ], "texture": "#log_big_oak" },
        "north": { "uv": [ 7.75, 3.875, 8.375, 4.125 ], "texture": "#log_big_oak" },
        "south": { "uv": [ 7.625, 3.875, 8.25, 4.125 ], "texture": "#log_big_oak" },
        "west":  { "uv": [ 8.375, 3.875, 8.75, 4.125 ], "texture": "#log_big_oak" },
        "east":  { "uv": [ 7.25, 3.875, 7.625, 4.125 ], "texture": "#log_big_oak" }
    }
},
{
    "__comment": "Bow",
    "from": [ 7.625, 3.875, 8.5 ],
    "to": [ 8.375, 4, 8.75 ],
    "faces": {
        "down":  { "uv": [ 8.375, 8.75, 7.625, 8.5 ], "texture": "#log_big_oak" },
        "up":    { "uv": [ 7.625, 8.5, 8.375, 8.75 ], "texture": "#log_big_oak" },
        "north": { "uv": [ 7.625, 12, 8.375, 12.125 ], "texture": "#log_big_oak" },
        "south": { "uv": [ 7.625, 12, 8.375, 12.125 ], "texture": "#log_big_oak" },
        "west":  { "uv": [ 8.5, 12, 8.75, 12.125 ], "texture": "#log_big_oak" },
        "east":  { "uv": [ 7.25, 12, 7.5, 12.125 ], "texture": "#log_big_oak" }
    }
},
{
    "__comment": "Bow",
    "from": [ 7.625, 11.375, 8.5 ],
    "to": [ 8.25, 11.5, 9 ],
    "faces": {
        "down":  { "uv": [ 8.375, 9, 7.75, 8.5 ], "texture": "#log_big_oak" },
        "up":    { "uv": [ 7.625, 8.5, 8.25, 9 ], "texture": "#log_big_oak" },
        "north": { "uv": [ 7.75, 4.5, 8.375, 4.625 ], "texture": "#log_big_oak" },
        "south": { "uv": [ 7.625, 4.5, 8.25, 4.625 ], "texture": "#log_big_oak" },
        "west":  { "uv": [ 8.5, 4.5, 9, 4.625 ], "texture": "#log_big_oak" },
        "east":  { "uv": [ 7, 4.5, 7.5, 4.625 ], "texture": "#log_big_oak" }
    }
},
{
    "__comment": "Bow",
    "from": [ 7.625, 11.5, 8.5 ],
    "to": [ 8.25, 11.75, 8.875 ],
    "faces": {
        "up":    { "uv": [ 7.625, 8.5, 8.25, 8.875 ], "texture": "#log_big_oak" },
        "north": { "uv": [ 7.75, 4.25, 8.375, 4.5 ], "texture": "#log_big_oak" },
        "south": { "uv": [ 7.625, 4.25, 8.25, 4.5 ], "texture": "#log_big_oak" },
        "west":  { "uv": [ 8.5, 4.25, 8.875, 4.5 ], "texture": "#log_big_oak" },
        "east":  { "uv": [ 7.125, 4.25, 7.5, 4.5 ], "texture": "#log_big_oak" }
    }
},
{
    "__comment": "Bow",
    "from": [ 7.625, 11.75, 8.5 ],
    "to": [ 8.25, 11.875, 8.625 ],
    "faces": {
        "north": { "uv": [ 7.75, 4.125, 8.375, 4.25 ], "texture": "#log_big_oak" },
        "south": { "uv": [ 7.625, 4.125, 8.25, 4.25 ], "texture": "#log_big_oak" },
        "west":  { "uv": [ 8.5, 4.125, 8.625, 4.25 ], "texture": "#log_big_oak" },
        "east":  { "uv": [ 7.375, 4.125, 7.5, 4.25 ], "texture": "#log_big_oak" }
    }
},
{
    "__comment": "Bow",
    "from": [ 7.625, 4, 8.625 ],
    "to": [ 8.25, 4.625, 8.75 ],
    "faces": {
        "up":    { "uv": [ 7.625, 8.625, 8.25, 8.75 ], "texture": "#log_big_oak" },
        "north": { "uv": [ 7.75, 11.375, 8.375, 12 ], "texture": "#log_big_oak" },
        "south": { "uv": [ 7.625, 11.375, 8.25, 12 ], "texture": "#log_big_oak" },
        "west":  { "uv": [ 8.625, 11.375, 8.75, 12 ], "texture": "#log_big_oak" },
        "east":  { "uv": [ 7.25, 11.375, 7.375, 12 ], "texture": "#log_big_oak" }
    }
},
{
    "__comment": "Bow",
    "from": [ 7.625, 11.25, 8.625 ],
    "to": [ 8.25, 11.375, 9 ],
    "faces": {
        "down":  { "uv": [ 8.375, 9, 7.75, 8.625 ], "texture": "#log_big_oak" },
        "north": { "uv": [ 7.75, 4.625, 8.375, 4.75 ], "texture": "#log_big_oak" },
        "south": { "uv": [ 7.625, 4.625, 8.25, 4.75 ], "texture": "#log_big_oak" },
        "west":  { "uv": [ 8.625, 4.625, 9, 4.75 ], "texture": "#log_big_oak" },
        "east":  { "uv": [ 7, 4.625, 7.375, 4.75 ], "texture": "#log_big_oak" }
    }
},
{
    "__comment": "Bow",
    "from": [ 7.625, 4.25, 8.75 ],
    "to": [ 8.25, 4.875, 9 ],
    "faces": {
        "down":  { "uv": [ 8.375, 9, 7.75, 8.75 ], "texture": "#log_big_oak" },
        "up":    { "uv": [ 7.625, 8.75, 8.25, 9 ], "texture": "#log_big_oak" },
        "north": { "uv": [ 7.75, 11.125, 8.375, 11.75 ], "texture": "#log_big_oak" },
        "south": { "uv": [ 7.625, 11.125, 8.25, 11.75 ], "texture": "#log_big_oak" },
        "west":  { "uv": [ 8.75, 11.125, 9, 11.75 ], "texture": "#log_big_oak" },
        "east":  { "uv": [ 7, 11.125, 7.25, 11.75 ], "texture": "#log_big_oak" }
    }
},
{
    "__comment": "Bow",
    "from": [ 7.625, 11, 8.75 ],
    "to": [ 8.375, 11.25, 9.125 ],
    "faces": {
        "down":  { "uv": [ 8.375, 9.125, 7.625, 8.75 ], "texture": "#log_big_oak" },
        "up":    { "uv": [ 7.625, 8.75, 8.375, 9.125 ], "texture": "#log_big_oak" },
        "north": { "uv": [ 7.625, 4.75, 8.375, 5 ], "texture": "#log_big_oak" },
        "south": { "uv": [ 7.625, 4.75, 8.375, 5 ], "texture": "#log_big_oak" },
        "west":  { "uv": [ 8.75, 4.75, 9.125, 5 ], "texture": "#log_big_oak" },
        "east":  { "uv": [ 6.875, 4.75, 7.25, 5 ], "texture": "#log_big_oak" }
    }
},
{
    "__comment": "Bow",
    "from": [ 7.625, 4.875, 8.875 ],
    "to": [ 8.25, 5.125, 9.25 ],
    "faces": {
        "down":  { "uv": [ 8.375, 9.25, 7.75, 8.875 ], "texture": "#log_big_oak" },
        "up":    { "uv": [ 7.625, 8.875, 8.25, 9.25 ], "texture": "#log_big_oak" },
        "north": { "uv": [ 7.75, 10.875, 8.375, 11.125 ], "texture": "#log_big_oak" },
        "south": { "uv": [ 7.625, 10.875, 8.25, 11.125 ], "texture": "#log_big_oak" },
        "west":  { "uv": [ 8.875, 10.875, 9.25, 11.125 ], "texture": "#log_big_oak" },
        "east":  { "uv": [ 6.75, 10.875, 7.125, 11.125 ], "texture": "#log_big_oak" }
    }
},
{
    "__comment": "Bow",
    "from": [ 7.625, 10.375, 8.875 ],
    "to": [ 8.375, 10.5, 9.25 ],
    "faces": {
        "down":  { "uv": [ 8.375, 9.25, 7.625, 8.875 ], "texture": "#log_big_oak" },
        "up":    { "uv": [ 7.625, 8.875, 8.375, 9.25 ], "texture": "#log_big_oak" },
        "north": { "uv": [ 7.625, 5.5, 8.375, 5.625 ], "texture": "#log_big_oak" },
        "south": { "uv": [ 7.625, 5.5, 8.375, 5.625 ], "texture": "#log_big_oak" },
        "west":  { "uv": [ 8.875, 5.5, 9.25, 5.625 ], "texture": "#log_big_oak" },
        "east":  { "uv": [ 6.75, 5.5, 7.125, 5.625 ], "texture": "#log_big_oak" }
    }
},
{
    "__comment": "Bow",
    "from": [ 7.625, 10.5, 8.875 ],
    "to": [ 8.375, 11, 9.125 ],
    "faces": {
        "north": { "uv": [ 7.625, 5, 8.375, 5.5 ], "texture": "#log_big_oak" },
        "south": { "uv": [ 7.625, 5, 8.375, 5.5 ], "texture": "#log_big_oak" },
        "west":  { "uv": [ 8.875, 5, 9.125, 5.5 ], "texture": "#log_big_oak" },
        "east":  { "uv": [ 6.875, 5, 7.125, 5.5 ], "texture": "#log_big_oak" }
    }
},
{
    "__comment": "Bow",
    "from": [ 7.625, 4.625, 9 ],
    "to": [ 8.25, 4.875, 9.125 ],
    "faces": {
        "down":  { "uv": [ 8.375, 9.125, 7.75, 9 ], "texture": "#log_big_oak" },
        "south": { "uv": [ 7.625, 11.125, 8.25, 11.375 ], "texture": "#log_big_oak" },
        "west":  { "uv": [ 9, 11.125, 9.125, 11.375 ], "texture": "#log_big_oak" },
        "east":  { "uv": [ 6.875, 11.125, 7, 11.375 ], "texture": "#log_big_oak" }
    }
},
{
    "__comment": "Bow",
    "from": [ 7.625, 5.125, 9 ],
    "to": [ 8.25, 5.75, 9.25 ],
    "faces": {
        "up":    { "uv": [ 7.625, 9, 8.25, 9.25 ], "texture": "#log_big_oak" },
        "north": { "uv": [ 7.75, 10.25, 8.375, 10.875 ], "texture": "#log_big_oak" },
        "south": { "uv": [ 7.625, 10.25, 8.25, 10.875 ], "texture": "#log_big_oak" },
        "west":  { "uv": [ 9, 10.25, 9.25, 10.875 ], "texture": "#log_big_oak" },
        "east":  { "uv": [ 6.75, 10.25, 7, 10.875 ], "texture": "#log_big_oak" }
    }
},
{
    "__comment": "Bow",
    "from": [ 7.625, 10.125, 9 ],
    "to": [ 8.25, 10.375, 9.125 ],
    "faces": {
        "down":  { "uv": [ 8.375, 9.125, 7.75, 9 ], "texture": "#log_big_oak" },
        "north": { "uv": [ 7.75, 5.625, 8.375, 5.875 ], "texture": "#log_big_oak" },
        "south": { "uv": [ 7.625, 5.625, 8.25, 5.875 ], "texture": "#log_big_oak" },
        "west":  { "uv": [ 9, 5.625, 9.125, 5.875 ], "texture": "#log_big_oak" },
        "east":  { "uv": [ 6.875, 5.625, 7, 5.875 ], "texture": "#log_big_oak" }
    }
},
{
    "__comment": "Bow",
    "from": [ 7.625, 5.75, 9.125 ],
    "to": [ 8.25, 6, 9.375 ],
    "faces": {
        "down":  { "uv": [ 8.375, 9.375, 7.75, 9.125 ], "texture": "#log_big_oak" },
        "up":    { "uv": [ 7.625, 9.125, 8.25, 9.375 ], "texture": "#log_big_oak" },
        "north": { "uv": [ 7.75, 10, 8.375, 10.25 ], "texture": "#log_big_oak" },
        "south": { "uv": [ 7.625, 10, 8.25, 10.25 ], "texture": "#log_big_oak" },
        "west":  { "uv": [ 9.125, 10, 9.375, 10.25 ], "texture": "#log_big_oak" },
        "east":  { "uv": [ 6.625, 10, 6.875, 10.25 ], "texture": "#log_big_oak" }
    }
},
{
    "__comment": "Bow",
    "from": [ 7.625, 6.125, 9.125 ],
    "to": [ 8.25, 6.25, 9.25 ],
    "faces": {
        "down":  { "uv": [ 8.375, 9.25, 7.75, 9.125 ], "texture": "#log_big_oak" },
        "up":    { "uv": [ 7.625, 9.125, 8.25, 9.25 ], "texture": "#log_big_oak" },
        "north": { "uv": [ 7.75, 9.75, 8.375, 9.875 ], "texture": "#log_big_oak" },
        "south": { "uv": [ 7.625, 9.75, 8.25, 9.875 ], "texture": "#log_big_oak" },
        "west":  { "uv": [ 9.125, 9.75, 9.25, 9.875 ], "texture": "#log_big_oak" },
        "east":  { "uv": [ 6.75, 9.75, 6.875, 9.875 ], "texture": "#log_big_oak" }
    }
},
{
    "__comment": "Bow",
    "from": [ 7.625, 10.25, 9.125 ],
    "to": [ 8.25, 10.375, 9.25 ],
    "faces": {
        "down":  { "uv": [ 8.375, 9.25, 7.75, 9.125 ], "texture": "#log_big_oak" },
        "south": { "uv": [ 7.625, 5.625, 8.25, 5.75 ], "texture": "#log_big_oak" },
        "west":  { "uv": [ 9.125, 5.625, 9.25, 5.75 ], "texture": "#log_big_oak" },
        "east":  { "uv": [ 6.75, 5.625, 6.875, 5.75 ], "texture": "#log_big_oak" }
    }
},
{
    "__comment": "Bow",
    "from": [ 7.625, 5.375, 9.25 ],
    "to": [ 8.25, 5.75, 9.375 ],
    "faces": {
        "down":  { "uv": [ 8.375, 9.375, 7.75, 9.25 ], "texture": "#log_big_oak" },
        "south": { "uv": [ 7.625, 10.25, 8.25, 10.625 ], "texture": "#log_big_oak" },
        "west":  { "uv": [ 9.25, 10.25, 9.375, 10.625 ], "texture": "#log_big_oak" },
        "east":  { "uv": [ 6.625, 10.25, 6.75, 10.625 ], "texture": "#log_big_oak" }
    }
},
{
    "__comment": "Bow",
    "from": [ 7.75, 13.75, 7.625 ],
    "to": [ 8.125, 13.875, 7.875 ],
    "faces": {
        "down":  { "uv": [ 8.25, 7.875, 7.875, 7.625 ], "texture": "#log_big_oak" },
        "up":    { "uv": [ 7.75, 7.625, 8.125, 7.875 ], "texture": "#log_big_oak" },
        "north": { "uv": [ 7.875, 2.125, 8.25, 2.25 ], "texture": "#log_big_oak" },
        "south": { "uv": [ 7.75, 2.125, 8.125, 2.25 ], "texture": "#log_big_oak" },
        "west":  { "uv": [ 7.625, 2.125, 7.875, 2.25 ], "texture": "#log_big_oak" },
        "east":  { "uv": [ 8.125, 2.125, 8.375, 2.25 ], "texture": "#log_big_oak" }
    }
},
{
    "__comment": "Bow",
    "from": [ 7.75, 13.875, 7.625 ],
    "to": [ 8.25, 14, 7.75 ],
    "faces": {
        "down":  { "uv": [ 8.25, 7.75, 7.75, 7.625 ], "texture": "#log_big_oak" },
        "up":    { "uv": [ 7.75, 7.625, 8.25, 7.75 ], "texture": "#log_big_oak" },
        "north": { "uv": [ 7.75, 2, 8.25, 2.125 ], "texture": "#log_big_oak" },
        "south": { "uv": [ 7.75, 2, 8.25, 2.125 ], "texture": "#log_big_oak" },
        "west":  { "uv": [ 7.625, 2, 7.75, 2.125 ], "texture": "#log_big_oak" },
        "east":  { "uv": [ 8.25, 2, 8.375, 2.125 ], "texture": "#log_big_oak" }
    }
},
{
    "__comment": "Bow",
    "from": [ 7.75, 13.5, 7.75 ],
    "to": [ 8.125, 13.625, 8 ],
    "faces": {
        "down":  { "uv": [ 8.25, 8, 7.875, 7.75 ], "texture": "#log_big_oak" },
        "up":    { "uv": [ 7.75, 7.75, 8.125, 8 ], "texture": "#log_big_oak" },
        "north": { "uv": [ 7.875, 2.375, 8.25, 2.5 ], "texture": "#log_big_oak" },
        "south": { "uv": [ 7.75, 2.375, 8.125, 2.5 ], "texture": "#log_big_oak" },
        "west":  { "uv": [ 7.75, 2.375, 8, 2.5 ], "texture": "#log_big_oak" },
        "east":  { "uv": [ 8, 2.375, 8.25, 2.5 ], "texture": "#log_big_oak" }
    }
},
{
    "__comment": "Bow",
    "from": [ 7.75, 13.625, 7.75 ],
    "to": [ 8.25, 13.75, 7.875 ],
    "faces": {
        "down":  { "uv": [ 8.25, 7.875, 7.75, 7.75 ], "texture": "#log_big_oak" },
        "up":    { "uv": [ 7.75, 7.75, 8.25, 7.875 ], "texture": "#log_big_oak" },
        "north": { "uv": [ 7.75, 2.25, 8.25, 2.375 ], "texture": "#log_big_oak" },
        "south": { "uv": [ 7.75, 2.25, 8.25, 2.375 ], "texture": "#log_big_oak" },
        "west":  { "uv": [ 7.75, 2.25, 7.875, 2.375 ], "texture": "#log_big_oak" },
        "east":  { "uv": [ 8.125, 2.25, 8.25, 2.375 ], "texture": "#log_big_oak" }
    }
},
{
    "__comment": "Bow",
    "from": [ 7.75, 2.25, 7.875 ],
    "to": [ 8.25, 2.5, 8 ],
    "faces": {
        "down":  { "uv": [ 8.25, 8, 7.75, 7.875 ], "texture": "#log_big_oak" },
        "up":    { "uv": [ 7.75, 7.875, 8.25, 8 ], "texture": "#log_big_oak" },
        "north": { "uv": [ 7.75, 13.5, 8.25, 13.75 ], "texture": "#log_big_oak" },
        "south": { "uv": [ 7.75, 13.5, 8.25, 13.75 ], "texture": "#log_big_oak" },
        "west":  { "uv": [ 7.875, 13.5, 8, 13.75 ], "texture": "#log_big_oak" },
        "east":  { "uv": [ 8, 13.5, 8.125, 13.75 ], "texture": "#log_big_oak" }
    }
},
{
    "__comment": "Bow",
    "from": [ 7.75, 13.25, 7.875 ],
    "to": [ 8.125, 13.375, 8.125 ],
    "faces": {
        "down":  { "uv": [ 8.25, 8.125, 7.875, 7.875 ], "texture": "#log_big_oak" },
        "up":    { "uv": [ 7.75, 7.875, 8.125, 8.125 ], "texture": "#log_big_oak" },
        "north": { "uv": [ 7.875, 2.625, 8.25, 2.75 ], "texture": "#log_big_oak" },
        "south": { "uv": [ 7.75, 2.625, 8.125, 2.75 ], "texture": "#log_big_oak" },
        "west":  { "uv": [ 7.875, 2.625, 8.125, 2.75 ], "texture": "#log_big_oak" },
        "east":  { "uv": [ 7.875, 2.625, 8.125, 2.75 ], "texture": "#log_big_oak" }
    }
},
{
    "__comment": "Bow",
    "from": [ 7.75, 13.375, 7.875 ],
    "to": [ 8.25, 13.5, 8 ],
    "faces": {
        "down":  { "uv": [ 8.25, 8, 7.75, 7.875 ], "texture": "#log_big_oak" },
        "up":    { "uv": [ 7.75, 7.875, 8.25, 8 ], "texture": "#log_big_oak" },
        "north": { "uv": [ 7.75, 2.5, 8.25, 2.625 ], "texture": "#log_big_oak" },
        "south": { "uv": [ 7.75, 2.5, 8.25, 2.625 ], "texture": "#log_big_oak" },
        "west":  { "uv": [ 7.875, 2.5, 8, 2.625 ], "texture": "#log_big_oak" },
        "east":  { "uv": [ 8, 2.5, 8.125, 2.625 ], "texture": "#log_big_oak" }
    }
},
{
    "__comment": "Bow",
    "from": [ 7.75, 2.5, 8 ],
    "to": [ 8.25, 2.75, 8.125 ],
    "faces": {
        "down":  { "uv": [ 8.25, 8.125, 7.75, 8 ], "texture": "#log_big_oak" },
        "up":    { "uv": [ 7.75, 8, 8.25, 8.125 ], "texture": "#log_big_oak" },
        "north": { "uv": [ 7.75, 13.25, 8.25, 13.5 ], "texture": "#log_big_oak" },
        "south": { "uv": [ 7.75, 13.25, 8.25, 13.5 ], "texture": "#log_big_oak" },
        "west":  { "uv": [ 8, 13.25, 8.125, 13.5 ], "texture": "#log_big_oak" },
        "east":  { "uv": [ 7.875, 13.25, 8, 13.5 ], "texture": "#log_big_oak" }
    }
},
{
    "__comment": "Bow",
    "from": [ 7.75, 13, 8 ],
    "to": [ 8.125, 13.125, 8.25 ],
    "faces": {
        "down":  { "uv": [ 8.25, 8.25, 7.875, 8 ], "texture": "#log_big_oak" },
        "up":    { "uv": [ 7.75, 8, 8.125, 8.25 ], "texture": "#log_big_oak" },
        "north": { "uv": [ 7.875, 2.875, 8.25, 3 ], "texture": "#log_big_oak" },
        "south": { "uv": [ 7.75, 2.875, 8.125, 3 ], "texture": "#log_big_oak" },
        "west":  { "uv": [ 8, 2.875, 8.25, 3 ], "texture": "#log_big_oak" },
        "east":  { "uv": [ 7.75, 2.875, 8, 3 ], "texture": "#log_big_oak" }
    }
},
{
    "__comment": "Bow",
    "from": [ 7.75, 13.125, 8 ],
    "to": [ 8.25, 13.25, 8.125 ],
    "faces": {
        "down":  { "uv": [ 8.25, 8.125, 7.75, 8 ], "texture": "#log_big_oak" },
        "up":    { "uv": [ 7.75, 8, 8.25, 8.125 ], "texture": "#log_big_oak" },
        "north": { "uv": [ 7.75, 2.75, 8.25, 2.875 ], "texture": "#log_big_oak" },
        "south": { "uv": [ 7.75, 2.75, 8.25, 2.875 ], "texture": "#log_big_oak" },
        "west":  { "uv": [ 8, 2.75, 8.125, 2.875 ], "texture": "#log_big_oak" },
        "east":  { "uv": [ 7.875, 2.75, 8, 2.875 ], "texture": "#log_big_oak" }
    }
},
{
    "__comment": "Bow",
    "from": [ 7.75, 2.75, 8.125 ],
    "to": [ 8.25, 3.125, 8.25 ],
    "faces": {
        "down":  { "uv": [ 8.25, 8.25, 7.75, 8.125 ], "texture": "#log_big_oak" },
        "up":    { "uv": [ 7.75, 8.125, 8.25, 8.25 ], "texture": "#log_big_oak" },
        "north": { "uv": [ 7.75, 12.875, 8.25, 13.25 ], "texture": "#log_big_oak" },
        "south": { "uv": [ 7.75, 12.875, 8.25, 13.25 ], "texture": "#log_big_oak" },
        "west":  { "uv": [ 8.125, 12.875, 8.25, 13.25 ], "texture": "#log_big_oak" },
        "east":  { "uv": [ 7.75, 12.875, 7.875, 13.25 ], "texture": "#log_big_oak" }
    }
},
{
    "__comment": "Bow",
    "from": [ 7.75, 12.625, 8.125 ],
    "to": [ 8.125, 12.875, 8.375 ],
    "faces": {
        "down":  { "uv": [ 8.25, 8.375, 7.875, 8.125 ], "texture": "#log_big_oak" },
        "up":    { "uv": [ 7.75, 8.125, 8.125, 8.375 ], "texture": "#log_big_oak" },
        "north": { "uv": [ 7.875, 3.125, 8.25, 3.375 ], "texture": "#log_big_oak" },
        "south": { "uv": [ 7.75, 3.125, 8.125, 3.375 ], "texture": "#log_big_oak" },
        "west":  { "uv": [ 8.125, 3.125, 8.375, 3.375 ], "texture": "#log_big_oak" },
        "east":  { "uv": [ 7.625, 3.125, 7.875, 3.375 ], "texture": "#log_big_oak" }
    }
},
{
    "__comment": "Bow",
    "from": [ 7.75, 12.875, 8.125 ],
    "to": [ 8.25, 13, 8.25 ],
    "faces": {
        "down":  { "uv": [ 8.25, 8.25, 7.75, 8.125 ], "texture": "#log_big_oak" },
        "up":    { "uv": [ 7.75, 8.125, 8.25, 8.25 ], "texture": "#log_big_oak" },
        "north": { "uv": [ 7.75, 3, 8.25, 3.125 ], "texture": "#log_big_oak" },
        "south": { "uv": [ 7.75, 3, 8.25, 3.125 ], "texture": "#log_big_oak" },
        "west":  { "uv": [ 8.125, 3, 8.25, 3.125 ], "texture": "#log_big_oak" },
        "east":  { "uv": [ 7.75, 3, 7.875, 3.125 ], "texture": "#log_big_oak" }
    }
},
{
    "__comment": "Bow",
    "from": [ 7.75, 3, 8.25 ],
    "to": [ 8.25, 3.375, 8.375 ],
    "faces": {
        "down":  { "uv": [ 8.25, 8.375, 7.75, 8.25 ], "texture": "#log_big_oak" },
        "up":    { "uv": [ 7.75, 8.25, 8.25, 8.375 ], "texture": "#log_big_oak" },
        "north": { "uv": [ 7.75, 12.625, 8.25, 13 ], "texture": "#log_big_oak" },
        "south": { "uv": [ 7.75, 12.625, 8.25, 13 ], "texture": "#log_big_oak" },
        "west":  { "uv": [ 8.25, 12.625, 8.375, 13 ], "texture": "#log_big_oak" },
        "east":  { "uv": [ 7.625, 12.625, 7.75, 13 ], "texture": "#log_big_oak" }
    }
},
{
    "__comment": "Bow",
    "from": [ 7.75, 11.75, 8.25 ],
    "to": [ 8.25, 11.875, 8.5 ],
    "faces": {
        "down":  { "uv": [ 8.25, 8.5, 7.75, 8.25 ], "texture": "#log_big_oak" },
        "up":    { "uv": [ 7.75, 8.25, 8.25, 8.5 ], "texture": "#log_big_oak" },
        "north": { "uv": [ 7.75, 4.125, 8.25, 4.25 ], "texture": "#log_big_oak" },
        "west":  { "uv": [ 8.25, 4.125, 8.5, 4.25 ], "texture": "#log_big_oak" },
        "east":  { "uv": [ 7.5, 4.125, 7.75, 4.25 ], "texture": "#log_big_oak" }
    }
},
{
    "__comment": "Bow",
    "from": [ 7.75, 11.875, 8.25 ],
    "to": [ 8.125, 12.625, 8.375 ],
    "faces": {
        "north": { "uv": [ 7.875, 3.375, 8.25, 4.125 ], "texture": "#log_big_oak" },
        "south": { "uv": [ 7.75, 3.375, 8.125, 4.125 ], "texture": "#log_big_oak" },
        "west":  { "uv": [ 8.25, 3.375, 8.375, 4.125 ], "texture": "#log_big_oak" },
        "east":  { "uv": [ 7.625, 3.375, 7.75, 4.125 ], "texture": "#log_big_oak" }
    }
},
{
    "__comment": "Bow",
    "from": [ 7.75, 3.125, 8.375 ],
    "to": [ 8.125, 4.375, 8.5 ],
    "faces": {
        "down":  { "uv": [ 8.25, 8.5, 7.875, 8.375 ], "texture": "#log_big_oak" },
        "up":    { "uv": [ 7.75, 8.375, 8.125, 8.5 ], "texture": "#log_big_oak" },
        "north": { "uv": [ 7.875, 11.625, 8.25, 12.875 ], "texture": "#log_big_oak" },
        "south": { "uv": [ 7.75, 11.625, 8.125, 12.875 ], "texture": "#log_big_oak" },
        "west":  { "uv": [ 8.375, 11.625, 8.5, 12.875 ], "texture": "#log_big_oak" },
        "east":  { "uv": [ 7.5, 11.625, 7.625, 12.875 ], "texture": "#log_big_oak" }
    }
},
{
    "__comment": "Bow",
    "from": [ 7.75, 11.375, 8.375 ],
    "to": [ 8.125, 11.75, 8.5 ],
    "faces": {
        "down":  { "uv": [ 8.25, 8.5, 7.875, 8.375 ], "texture": "#log_big_oak" },
        "north": { "uv": [ 7.875, 4.25, 8.25, 4.625 ], "texture": "#log_big_oak" },
        "south": { "uv": [ 7.75, 4.25, 8.125, 4.625 ], "texture": "#log_big_oak" },
        "west":  { "uv": [ 8.375, 4.25, 8.5, 4.625 ], "texture": "#log_big_oak" },
        "east":  { "uv": [ 7.5, 4.25, 7.625, 4.625 ], "texture": "#log_big_oak" }
    }
},
{
    "__comment": "Bow",
    "from": [ 7.75, 12.125, 8.375 ],
    "to": [ 8.25, 12.25, 8.75 ],
    "faces": {
        "up":    { "uv": [ 7.75, 8.375, 8.25, 8.75 ], "texture": "#log_big_oak" },
        "north": { "uv": [ 7.75, 3.75, 8.25, 3.875 ], "texture": "#log_big_oak" },
        "south": { "uv": [ 7.75, 3.75, 8.25, 3.875 ], "texture": "#log_big_oak" },
        "west":  { "uv": [ 8.375, 3.75, 8.75, 3.875 ], "texture": "#log_big_oak" },
        "east":  { "uv": [ 7.25, 3.75, 7.625, 3.875 ], "texture": "#log_big_oak" }
    }
},
{
    "__comment": "Bow",
    "from": [ 7.75, 12.25, 8.375 ],
    "to": [ 8.25, 12.375, 8.625 ],
    "faces": {
        "up":    { "uv": [ 7.75, 8.375, 8.25, 8.625 ], "texture": "#log_big_oak" },
        "north": { "uv": [ 7.75, 3.625, 8.25, 3.75 ], "texture": "#log_big_oak" },
        "south": { "uv": [ 7.75, 3.625, 8.25, 3.75 ], "texture": "#log_big_oak" },
        "west":  { "uv": [ 8.375, 3.625, 8.625, 3.75 ], "texture": "#log_big_oak" },
        "east":  { "uv": [ 7.375, 3.625, 7.625, 3.75 ], "texture": "#log_big_oak" }
    }
},
{
    "__comment": "Bow",
    "from": [ 7.75, 12.375, 8.375 ],
    "to": [ 8.25, 12.625, 8.5 ],
    "faces": {
        "up":    { "uv": [ 7.75, 8.375, 8.25, 8.5 ], "texture": "#log_big_oak" },
        "north": { "uv": [ 7.75, 3.375, 8.25, 3.625 ], "texture": "#log_big_oak" },
        "south": { "uv": [ 7.75, 3.375, 8.25, 3.625 ], "texture": "#log_big_oak" },
        "west":  { "uv": [ 8.375, 3.375, 8.5, 3.625 ], "texture": "#log_big_oak" },
        "east":  { "uv": [ 7.5, 3.375, 7.625, 3.625 ], "texture": "#log_big_oak" }
    }
},
{
    "__comment": "Bow",
    "from": [ 7.75, 3.375, 8.5 ],
    "to": [ 8.25, 3.875, 8.625 ],
    "faces": {
        "down":  { "uv": [ 8.25, 8.625, 7.75, 8.5 ], "texture": "#log_big_oak" },
        "north": { "uv": [ 7.75, 12.125, 8.25, 12.625 ], "texture": "#log_big_oak" },
        "south": { "uv": [ 7.75, 12.125, 8.25, 12.625 ], "texture": "#log_big_oak" },
        "west":  { "uv": [ 8.5, 12.125, 8.625, 12.625 ], "texture": "#log_big_oak" },
        "east":  { "uv": [ 7.375, 12.125, 7.5, 12.625 ], "texture": "#log_big_oak" }
    }
},
{
    "__comment": "Bow",
    "from": [ 7.75, 4, 8.5 ],
    "to": [ 8.25, 4.625, 8.625 ],
    "faces": {
        "up":    { "uv": [ 7.75, 8.5, 8.25, 8.625 ], "texture": "#log_big_oak" },
        "north": { "uv": [ 7.75, 11.375, 8.25, 12 ], "texture": "#log_big_oak" },
        "west":  { "uv": [ 8.5, 11.375, 8.625, 12 ], "texture": "#log_big_oak" },
        "east":  { "uv": [ 7.375, 11.375, 7.5, 12 ], "texture": "#log_big_oak" }
    }
},
{
    "__comment": "Bow",
    "from": [ 7.75, 11.125, 8.5 ],
    "to": [ 8.25, 11.25, 8.75 ],
    "faces": {
        "down":  { "uv": [ 8.25, 8.75, 7.75, 8.5 ], "texture": "#log_big_oak" },
        "up":    { "uv": [ 7.75, 8.5, 8.25, 8.75 ], "texture": "#log_big_oak" },
        "north": { "uv": [ 7.75, 4.75, 8.25, 4.875 ], "texture": "#log_big_oak" },
        "west":  { "uv": [ 8.5, 4.75, 8.75, 4.875 ], "texture": "#log_big_oak" },
        "east":  { "uv": [ 7.25, 4.75, 7.5, 4.875 ], "texture": "#log_big_oak" }
    }
},
{
    "__comment": "Bow",
    "from": [ 7.75, 11.25, 8.5 ],
    "to": [ 8.25, 11.375, 8.625 ],
    "faces": {
        "north": { "uv": [ 7.75, 4.625, 8.25, 4.75 ], "texture": "#log_big_oak" },
        "west":  { "uv": [ 8.5, 4.625, 8.625, 4.75 ], "texture": "#log_big_oak" },
        "east":  { "uv": [ 7.375, 4.625, 7.5, 4.75 ], "texture": "#log_big_oak" }
    }
},
{
    "__comment": "Bow",
    "from": [ 7.75, 3.75, 8.625 ],
    "to": [ 8.25, 3.875, 8.75 ],
    "faces": {
        "down":  { "uv": [ 8.25, 8.75, 7.75, 8.625 ], "texture": "#log_big_oak" },
        "south": { "uv": [ 7.75, 12.125, 8.25, 12.25 ], "texture": "#log_big_oak" },
        "west":  { "uv": [ 8.625, 12.125, 8.75, 12.25 ], "texture": "#log_big_oak" },
        "east":  { "uv": [ 7.25, 12.125, 7.375, 12.25 ], "texture": "#log_big_oak" }
    }
},
{
    "__comment": "Bow",
    "from": [ 7.75, 4.625, 8.625 ],
    "to": [ 8.25, 4.875, 8.75 ],
    "faces": {
        "up":    { "uv": [ 7.75, 8.625, 8.25, 8.75 ], "texture": "#log_big_oak" },
        "north": { "uv": [ 7.75, 11.125, 8.25, 11.375 ], "texture": "#log_big_oak" },
        "west":  { "uv": [ 8.625, 11.125, 8.75, 11.375 ], "texture": "#log_big_oak" },
        "east":  { "uv": [ 7.25, 11.125, 7.375, 11.375 ], "texture": "#log_big_oak" }
    }
},
{
    "__comment": "Bow",
    "from": [ 7.75, 10.875, 8.625 ],
    "to": [ 8.25, 11, 8.875 ],
    "faces": {
        "down":  { "uv": [ 8.25, 8.875, 7.75, 8.625 ], "texture": "#log_big_oak" },
        "up":    { "uv": [ 7.75, 8.625, 8.25, 8.875 ], "texture": "#log_big_oak" },
        "north": { "uv": [ 7.75, 5, 8.25, 5.125 ], "texture": "#log_big_oak" },
        "west":  { "uv": [ 8.625, 5, 8.875, 5.125 ], "texture": "#log_big_oak" },
        "east":  { "uv": [ 7.125, 5, 7.375, 5.125 ], "texture": "#log_big_oak" }
    }
},
{
    "__comment": "Bow",
    "from": [ 7.75, 11, 8.625 ],
    "to": [ 8.25, 11.125, 8.75 ],
    "faces": {
        "north": { "uv": [ 7.75, 4.875, 8.25, 5 ], "texture": "#log_big_oak" },
        "west":  { "uv": [ 8.625, 4.875, 8.75, 5 ], "texture": "#log_big_oak" },
        "east":  { "uv": [ 7.25, 4.875, 7.375, 5 ], "texture": "#log_big_oak" }
    }
},
{
    "__comment": "Bow",
    "from": [ 7.75, 11.75, 8.625 ],
    "to": [ 8.25, 11.875, 8.75 ],
    "faces": {
        "south": { "uv": [ 7.75, 4.125, 8.25, 4.25 ], "texture": "#log_big_oak" },
        "west":  { "uv": [ 8.625, 4.125, 8.75, 4.25 ], "texture": "#log_big_oak" },
        "east":  { "uv": [ 7.25, 4.125, 7.375, 4.25 ], "texture": "#log_big_oak" }
    }
},
{
    "__comment": "Bow",
    "from": [ 7.75, 3.875, 8.75 ],
    "to": [ 8.25, 4.25, 8.875 ],
    "faces": {
        "down":  { "uv": [ 8.25, 8.875, 7.75, 8.75 ], "texture": "#log_big_oak" },
        "north": { "uv": [ 7.75, 11.75, 8.25, 12.125 ], "texture": "#log_big_oak" },
        "south": { "uv": [ 7.75, 11.75, 8.25, 12.125 ], "texture": "#log_big_oak" },
        "west":  { "uv": [ 8.75, 11.75, 8.875, 12.125 ], "texture": "#log_big_oak" },
        "east":  { "uv": [ 7.125, 11.75, 7.25, 12.125 ], "texture": "#log_big_oak" }
    }
},
{
    "__comment": "Bow",
    "from": [ 7.75, 4.875, 8.75 ],
    "to": [ 8.25, 5.125, 8.875 ],
    "faces": {
        "up":    { "uv": [ 7.75, 8.75, 8.25, 8.875 ], "texture": "#log_big_oak" },
        "north": { "uv": [ 7.75, 10.875, 8.25, 11.125 ], "texture": "#log_big_oak" },
        "west":  { "uv": [ 8.75, 10.875, 8.875, 11.125 ], "texture": "#log_big_oak" },
        "east":  { "uv": [ 7.125, 10.875, 7.25, 11.125 ], "texture": "#log_big_oak" }
    }
},
{
    "__comment": "Bow",
    "from": [ 7.75, 9.5, 8.75 ],
    "to": [ 8.25, 9.625, 9.375 ],
    "faces": {
        "down":  { "uv": [ 8.25, 9.375, 7.75, 8.75 ], "texture": "#log_big_oak" },
        "up":    { "uv": [ 7.75, 8.75, 8.25, 9.375 ], "texture": "#log_big_oak" },
        "north": { "uv": [ 7.75, 6.375, 8.25, 6.5 ], "texture": "#log_big_oak" },
        "south": { "uv": [ 7.75, 6.375, 8.25, 6.5 ], "texture": "#log_big_oak" },
        "west":  { "uv": [ 8.75, 6.375, 9.375, 6.5 ], "texture": "#log_big_oak" },
        "east":  { "uv": [ 6.625, 6.375, 7.25, 6.5 ], "texture": "#log_big_oak" }
    }
},
{
    "__comment": "Bow",
    "from": [ 7.75, 10.375, 8.75 ],
    "to": [ 8.25, 10.875, 8.875 ],
    "faces": {
        "down":  { "uv": [ 8.25, 8.875, 7.75, 8.75 ], "texture": "#log_big_oak" },
        "north": { "uv": [ 7.75, 5.125, 8.25, 5.625 ], "texture": "#log_big_oak" },
        "south": { "uv": [ 7.75, 5.125, 8.25, 5.625 ], "texture": "#log_big_oak" },
        "west":  { "uv": [ 8.75, 5.125, 8.875, 5.625 ], "texture": "#log_big_oak" },
        "east":  { "uv": [ 7.125, 5.125, 7.25, 5.625 ], "texture": "#log_big_oak" }
    }
},
{
    "__comment": "Bow",
    "from": [ 7.75, 5.125, 8.875 ],
    "to": [ 8.125, 5.625, 9 ],
    "faces": {
        "up":    { "uv": [ 7.75, 8.875, 8.125, 9 ], "texture": "#log_big_oak" },
        "north": { "uv": [ 7.875, 10.375, 8.25, 10.875 ], "texture": "#log_big_oak" },
        "west":  { "uv": [ 8.875, 10.375, 9, 10.875 ], "texture": "#log_big_oak" },
        "east":  { "uv": [ 7, 10.375, 7.125, 10.875 ], "texture": "#log_big_oak" }
    }
},
{
    "__comment": "Bow",
    "from": [ 7.75, 6.375, 8.875 ],
    "to": [ 8.125, 6.5, 9.5 ],
    "faces": {
        "down":  { "uv": [ 8.25, 9.5, 7.875, 8.875 ], "texture": "#log_big_oak" },
        "up":    { "uv": [ 7.75, 8.875, 8.125, 9.5 ], "texture": "#log_big_oak" },
        "north": { "uv": [ 7.875, 9.5, 8.25, 9.625 ], "texture": "#log_big_oak" },
        "south": { "uv": [ 7.75, 9.5, 8.125, 9.625 ], "texture": "#log_big_oak" },
        "west":  { "uv": [ 8.875, 9.5, 9.5, 9.625 ], "texture": "#log_big_oak" },
        "east":  { "uv": [ 6.5, 9.5, 7.125, 9.625 ], "texture": "#log_big_oak" }
    }
},
{
    "__comment": "Bow",
    "from": [ 7.75, 9.375, 8.875 ],
    "to": [ 8.25, 9.5, 9.375 ],
    "faces": {
        "down":  { "uv": [ 8.25, 9.375, 7.75, 8.875 ], "texture": "#log_big_oak" },
        "north": { "uv": [ 7.75, 6.5, 8.25, 6.625 ], "texture": "#log_big_oak" },
        "south": { "uv": [ 7.75, 6.5, 8.25, 6.625 ], "texture": "#log_big_oak" },
        "west":  { "uv": [ 8.875, 6.5, 9.375, 6.625 ], "texture": "#log_big_oak" },
        "east":  { "uv": [ 6.625, 6.5, 7.125, 6.625 ], "texture": "#log_big_oak" }
    }
},
{
    "__comment": "Bow",
    "from": [ 7.75, 9.625, 8.875 ],
    "to": [ 7.875, 9.75, 9.5 ],
    "faces": {
        "down":  { "uv": [ 8.25, 9.5, 8.125, 8.875 ], "texture": "#log_big_oak" },
        "up":    { "uv": [ 7.75, 8.875, 7.875, 9.5 ], "texture": "#log_big_oak" },
        "north": { "uv": [ 8.125, 6.25, 8.25, 6.375 ], "texture": "#log_big_oak" },
        "south": { "uv": [ 7.75, 6.25, 7.875, 6.375 ], "texture": "#log_big_oak" },
        "west":  { "uv": [ 8.875, 6.25, 9.5, 6.375 ], "texture": "#log_big_oak" },
        "east":  { "uv": [ 6.5, 6.25, 7.125, 6.375 ], "texture": "#log_big_oak" }
    }
},
{
    "__comment": "Bow",
    "from": [ 7.75, 9.75, 8.875 ],
    "to": [ 8.25, 10.125, 9.375 ],
    "faces": {
        "down":  { "uv": [ 8.25, 9.375, 7.75, 8.875 ], "texture": "#log_big_oak" },
        "up":    { "uv": [ 7.75, 8.875, 8.25, 9.375 ], "texture": "#log_big_oak" },
        "north": { "uv": [ 7.75, 5.875, 8.25, 6.25 ], "texture": "#log_big_oak" },
        "south": { "uv": [ 7.75, 5.875, 8.25, 6.25 ], "texture": "#log_big_oak" },
        "west":  { "uv": [ 8.875, 5.875, 9.375, 6.25 ], "texture": "#log_big_oak" },
        "east":  { "uv": [ 6.625, 5.875, 7.125, 6.25 ], "texture": "#log_big_oak" }
    }
},
{
    "__comment": "Bow",
    "from": [ 7.75, 10.125, 8.875 ],
    "to": [ 8.25, 10.375, 9 ],
    "faces": {
        "north": { "uv": [ 7.75, 5.625, 8.25, 5.875 ], "texture": "#log_big_oak" },
        "west":  { "uv": [ 8.875, 5.625, 9, 5.875 ], "texture": "#log_big_oak" },
        "east":  { "uv": [ 7, 5.625, 7.125, 5.875 ], "texture": "#log_big_oak" }
    }
},
{
    "__comment": "Bow",
    "from": [ 7.75, 5.75, 9 ],
    "to": [ 8.125, 6.375, 9.125 ],
    "faces": {
        "north": { "uv": [ 7.875, 9.625, 8.25, 10.25 ], "texture": "#log_big_oak" },
        "south": { "uv": [ 7.75, 9.625, 8.125, 10.25 ], "texture": "#log_big_oak" },
        "west":  { "uv": [ 9, 9.625, 9.125, 10.25 ], "texture": "#log_big_oak" },
        "east":  { "uv": [ 6.875, 9.625, 7, 10.25 ], "texture": "#log_big_oak" }
    }
},
{
    "__comment": "Bow",
    "from": [ 7.75, 6.5, 9 ],
    "to": [ 8.125, 6.75, 9.5 ],
    "faces": {
        "up":    { "uv": [ 7.75, 9, 8.125, 9.5 ], "texture": "#log_big_oak" },
        "north": { "uv": [ 7.875, 9.25, 8.25, 9.5 ], "texture": "#log_big_oak" },
        "south": { "uv": [ 7.75, 9.25, 8.125, 9.5 ], "texture": "#log_big_oak" },
        "west":  { "uv": [ 9, 9.25, 9.5, 9.5 ], "texture": "#log_big_oak" },
        "east":  { "uv": [ 6.5, 9.25, 7, 9.5 ], "texture": "#log_big_oak" }
    }
},
{
    "__comment": "Bow",
    "from": [ 7.75, 8.875, 9 ],
    "to": [ 8.25, 9, 9.5 ],
    "faces": {
        "down":  { "uv": [ 8.25, 9.5, 7.75, 9 ], "texture": "#log_big_oak" },
        "up":    { "uv": [ 7.75, 9, 8.25, 9.5 ], "texture": "#log_big_oak" },
        "north": { "uv": [ 7.75, 7, 8.25, 7.125 ], "texture": "#log_big_oak" },
        "south": { "uv": [ 7.75, 7, 8.25, 7.125 ], "texture": "#log_big_oak" },
        "west":  { "uv": [ 9, 7, 9.5, 7.125 ], "texture": "#log_big_oak" },
        "east":  { "uv": [ 6.5, 7, 7, 7.125 ], "texture": "#log_big_oak" }
    }
},
{
    "__comment": "Bow",
    "from": [ 7.75, 9, 9 ],
    "to": [ 8.25, 9.375, 9.375 ],
    "faces": {
        "north": { "uv": [ 7.75, 6.625, 8.25, 7 ], "texture": "#log_big_oak" },
        "south": { "uv": [ 7.75, 6.625, 8.25, 7 ], "texture": "#log_big_oak" },
        "west":  { "uv": [ 9, 6.625, 9.375, 7 ], "texture": "#log_big_oak" },
        "east":  { "uv": [ 6.625, 6.625, 7, 7 ], "texture": "#log_big_oak" }
    }
},
{
    "__comment": "Bow",
    "from": [ 7.75, 6, 9.125 ],
    "to": [ 8.125, 6.125, 9.5 ],
    "faces": {
        "down":  { "uv": [ 8.25, 9.5, 7.875, 9.125 ], "texture": "#log_big_oak" },
        "up":    { "uv": [ 7.75, 9.125, 8.125, 9.5 ], "texture": "#log_big_oak" },
        "south": { "uv": [ 7.75, 9.875, 8.125, 10 ], "texture": "#log_big_oak" },
        "west":  { "uv": [ 9.125, 9.875, 9.5, 10 ], "texture": "#log_big_oak" },
        "east":  { "uv": [ 6.5, 9.875, 6.875, 10 ], "texture": "#log_big_oak" }
    }
},
{
    "__comment": "Bow",
    "from": [ 7.75, 6.25, 9.125 ],
    "to": [ 8.25, 6.375, 9.5 ],
    "faces": {
        "down":  { "uv": [ 8.25, 9.5, 7.75, 9.125 ], "texture": "#log_big_oak" },
        "up":    { "uv": [ 7.75, 9.125, 8.25, 9.5 ], "texture": "#log_big_oak" },
        "north": { "uv": [ 7.75, 9.625, 8.25, 9.75 ], "texture": "#log_big_oak" },
        "south": { "uv": [ 7.75, 9.625, 8.25, 9.75 ], "texture": "#log_big_oak" },
        "west":  { "uv": [ 9.125, 9.625, 9.5, 9.75 ], "texture": "#log_big_oak" },
        "east":  { "uv": [ 6.5, 9.625, 6.875, 9.75 ], "texture": "#log_big_oak" }
    }
},
{
    "__comment": "Bow",
    "from": [ 7.75, 6.75, 9.125 ],
    "to": [ 8.125, 8.875, 9.5 ],
    "faces": {
        "north": { "uv": [ 7.875, 7.125, 8.25, 9.25 ], "texture": "#cauldron_inner" },
        "south": { "uv": [ 7.75, 7.125, 8.125, 9.25 ], "texture": "#cauldron_inner" },
        "west":  { "uv": [ 9.125, 7.125, 9.5, 9.25 ], "texture": "#cauldron_inner" },
        "east":  { "uv": [ 6.5, 7.125, 6.875, 9.25 ], "texture": "#cauldron_inner" }
    }
},
{
    "__comment": "Bow",
    "from": [ 7.75, 10.125, 9.125 ],
    "to": [ 8.25, 10.25, 9.25 ],
    "faces": {
        "south": { "uv": [ 7.75, 5.75, 8.25, 5.875 ], "texture": "#log_big_oak" },
        "west":  { "uv": [ 9.125, 5.75, 9.25, 5.875 ], "texture": "#log_big_oak" },
        "east":  { "uv": [ 6.75, 5.75, 6.875, 5.875 ], "texture": "#log_big_oak" }
    }
},
{
    "__comment": "Bow",
    "from": [ 7.75, 10.5, 9.125 ],
    "to": [ 8.25, 10.875, 9.25 ],
    "faces": {
        "up":    { "uv": [ 7.75, 9.125, 8.25, 9.25 ], "texture": "#log_big_oak" },
        "south": { "uv": [ 7.75, 5.125, 8.25, 5.5 ], "texture": "#log_big_oak" },
        "west":  { "uv": [ 9.125, 5.125, 9.25, 5.5 ], "texture": "#log_big_oak" },
        "east":  { "uv": [ 6.75, 5.125, 6.875, 5.5 ], "texture": "#log_big_oak" }
    }
},
{
    "__comment": "Bow",
    "from": [ 7.75, 5.25, 9.25 ],
    "to": [ 8.125, 5.375, 9.375 ],
    "faces": {
        "down":  { "uv": [ 8.25, 9.375, 7.875, 9.25 ], "texture": "#log_big_oak" },
        "south": { "uv": [ 7.75, 10.625, 8.125, 10.75 ], "texture": "#log_big_oak" },
        "west":  { "uv": [ 9.25, 10.625, 9.375, 10.75 ], "texture": "#log_big_oak" },
        "east":  { "uv": [ 6.625, 10.625, 6.75, 10.75 ], "texture": "#log_big_oak" }
    }
},
{
    "__comment": "Bow",
    "from": [ 7.75, 6.125, 9.25 ],
    "to": [ 8.25, 6.25, 9.5 ],
    "faces": {
        "down":  { "uv": [ 8.25, 9.5, 7.75, 9.25 ], "texture": "#log_big_oak" },
        "south": { "uv": [ 7.75, 9.75, 8.25, 9.875 ], "texture": "#log_big_oak" },
        "west":  { "uv": [ 9.25, 9.75, 9.5, 9.875 ], "texture": "#log_big_oak" },
        "east":  { "uv": [ 6.5, 9.75, 6.75, 9.875 ], "texture": "#log_big_oak" }
    }
},
{
    "__comment": "Bow",
    "from": [ 7.75, 10.25, 9.25 ],
    "to": [ 8.125, 10.375, 9.375 ],
    "faces": {
        "down":  { "uv": [ 8.25, 9.375, 7.875, 9.25 ], "texture": "#log_big_oak" },
        "up":    { "uv": [ 7.75, 9.25, 8.125, 9.375 ], "texture": "#log_big_oak" },
        "south": { "uv": [ 7.75, 5.625, 8.125, 5.75 ], "texture": "#log_big_oak" },
        "west":  { "uv": [ 9.25, 5.625, 9.375, 5.75 ], "texture": "#log_big_oak" },
        "east":  { "uv": [ 6.625, 5.625, 6.75, 5.75 ], "texture": "#log_big_oak" }
    }
},
{
    "__comment": "Bow",
    "from": [ 7.75, 5.75, 9.375 ],
    "to": [ 8.125, 6, 9.5 ],
    "faces": {
        "down":  { "uv": [ 8.25, 9.5, 7.875, 9.375 ], "texture": "#log_big_oak" },
        "south": { "uv": [ 7.75, 10, 8.125, 10.25 ], "texture": "#log_big_oak" },
        "west":  { "uv": [ 9.375, 10, 9.5, 10.25 ], "texture": "#log_big_oak" },
        "east":  { "uv": [ 6.5, 10, 6.625, 10.25 ], "texture": "#log_big_oak" }
    }
},
{
    "__comment": "Bow",
    "from": [ 7.75, 6.875, 9.5 ],
    "to": [ 8.125, 7.625, 9.625 ],
    "faces": {
        "down":  { "uv": [ 8.25, 9.625, 7.875, 9.5 ], "texture": "#cauldron_inner" },
        "up":    { "uv": [ 7.75, 9.5, 8.125, 9.625 ], "texture": "#cauldron_inner" },
        "south": { "uv": [ 7.75, 8.375, 8.125, 9.125 ], "texture": "#cauldron_inner" },
        "west":  { "uv": [ 9.5, 8.375, 9.625, 9.125 ], "texture": "#cauldron_inner" },
        "east":  { "uv": [ 6.375, 8.375, 6.5, 9.125 ], "texture": "#cauldron_inner" }
    }
},
{
    "__comment": "Bow",
    "from": [ 7.875, 14.75, 6.375 ],
    "to": [ 8.125, 14.875, 7.25 ],
    "faces": {
        "down":  { "uv": [ 8.125, 7.25, 7.875, 6.375 ], "texture": "#cauldron_inner" },
        "up":    { "uv": [ 7.875, 6.375, 8.125, 7.25 ], "texture": "#cauldron_inner" },
        "north": { "uv": [ 7.875, 1.125, 8.125, 1.25 ], "texture": "#cauldron_inner" },
        "south": { "uv": [ 7.875, 1.125, 8.125, 1.25 ], "texture": "#cauldron_inner" },
        "west":  { "uv": [ 6.375, 1.125, 7.25, 1.25 ], "texture": "#cauldron_inner" },
        "east":  { "uv": [ 8.75, 1.125, 9.625, 1.25 ], "texture": "#cauldron_inner" }
    }
},
{
    "__comment": "Bow",
    "from": [ 7.875, 15.125, 6.5 ],
    "to": [ 8.125, 15.25, 7 ],
    "faces": {
        "down":  { "uv": [ 8.125, 7, 7.875, 6.5 ], "texture": "#cauldron_inner" },
        "up":    { "uv": [ 7.875, 6.5, 8.125, 7 ], "texture": "#cauldron_inner" },
        "north": { "uv": [ 7.875, 0.75, 8.125, 0.875 ], "texture": "#cauldron_inner" },
        "south": { "uv": [ 7.875, 0.75, 8.125, 0.875 ], "texture": "#cauldron_inner" },
        "west":  { "uv": [ 6.5, 0.75, 7, 0.875 ], "texture": "#cauldron_inner" },
        "east":  { "uv": [ 9, 0.75, 9.5, 0.875 ], "texture": "#cauldron_inner" }
    }
},
{
    "__comment": "Bow",
    "from": [ 7.875, 15.25, 6.5 ],
    "to": [ 8.125, 15.375, 6.875 ],
    "faces": {
        "up":    { "uv": [ 7.875, 6.5, 8.125, 6.875 ], "texture": "#cauldron_inner" },
        "north": { "uv": [ 7.875, 0.625, 8.125, 0.75 ], "texture": "#cauldron_inner" },
        "south": { "uv": [ 7.875, 0.625, 8.125, 0.75 ], "texture": "#cauldron_inner" },
        "west":  { "uv": [ 6.5, 0.625, 6.875, 0.75 ], "texture": "#cauldron_inner" },
        "east":  { "uv": [ 9.125, 0.625, 9.5, 0.75 ], "texture": "#cauldron_inner" }
    }
},
{
    "__comment": "Bow",
    "from": [ 7.875, 14.875, 6.625 ],
    "to": [ 8.125, 15, 7.125 ],
    "faces": {
        "up":    { "uv": [ 7.875, 6.625, 8.125, 7.125 ], "texture": "#cauldron_inner" },
        "north": { "uv": [ 7.875, 1, 8.125, 1.125 ], "texture": "#cauldron_inner" },
        "south": { "uv": [ 7.875, 1, 8.125, 1.125 ], "texture": "#cauldron_inner" },
        "west":  { "uv": [ 6.625, 1, 7.125, 1.125 ], "texture": "#cauldron_inner" },
        "east":  { "uv": [ 8.875, 1, 9.375, 1.125 ], "texture": "#cauldron_inner" }
    }
},
{
    "__comment": "Bow",
    "from": [ 7.875, 15, 6.625 ],
    "to": [ 8.125, 15.125, 7 ],
    "faces": {
        "north": { "uv": [ 7.875, 0.875, 8.125, 1 ], "texture": "#cauldron_inner" },
        "south": { "uv": [ 7.875, 0.875, 8.125, 1 ], "texture": "#cauldron_inner" },
        "west":  { "uv": [ 6.625, 0.875, 7, 1 ], "texture": "#cauldron_inner" },
        "east":  { "uv": [ 9, 0.875, 9.375, 1 ], "texture": "#cauldron_inner" }
    }
},
{
    "__comment": "Bow",
    "from": [ 7.875, 15.375, 6.625 ],
    "to": [ 8.125, 15.5, 6.875 ],
    "faces": {
        "up":    { "uv": [ 7.875, 6.625, 8.125, 6.875 ], "texture": "#cauldron_inner" },
        "north": { "uv": [ 7.875, 0.5, 8.125, 0.625 ], "texture": "#cauldron_inner" },
        "south": { "uv": [ 7.875, 0.5, 8.125, 0.625 ], "texture": "#cauldron_inner" },
        "west":  { "uv": [ 6.625, 0.5, 6.875, 0.625 ], "texture": "#cauldron_inner" },
        "east":  { "uv": [ 9.125, 0.5, 9.375, 0.625 ], "texture": "#cauldron_inner" }
    }
},
{
    "__comment": "Bow",
    "from": [ 7.875, 15.625, 6.625 ],
    "to": [ 8.125, 15.75, 6.75 ],
    "faces": {
        "down":  { "uv": [ 8.125, 6.75, 7.875, 6.625 ], "texture": "#cauldron_inner" },
        "up":    { "uv": [ 7.875, 6.625, 8.125, 6.75 ], "texture": "#cauldron_inner" },
        "north": { "uv": [ 7.875, 0.25, 8.125, 0.375 ], "texture": "#cauldron_inner" },
        "south": { "uv": [ 7.875, 0.25, 8.125, 0.375 ], "texture": "#cauldron_inner" },
        "west":  { "uv": [ 6.625, 0.25, 6.75, 0.375 ], "texture": "#cauldron_inner" },
        "east":  { "uv": [ 9.25, 0.25, 9.375, 0.375 ], "texture": "#cauldron_inner" }
    }
},
{
    "__comment": "Bow",
    "from": [ 7.875, 1, 6.75 ],
    "to": [ 8.125, 1.25, 7.125 ],
    "faces": {
        "down":  { "uv": [ 8.125, 7.125, 7.875, 6.75 ], "texture": "#cauldron_inner" },
        "up":    { "uv": [ 7.875, 6.75, 8.125, 7.125 ], "texture": "#cauldron_inner" },
        "north": { "uv": [ 7.875, 14.75, 8.125, 15 ], "texture": "#cauldron_inner" },
        "south": { "uv": [ 7.875, 14.75, 8.125, 15 ], "texture": "#cauldron_inner" },
        "west":  { "uv": [ 6.75, 14.75, 7.125, 15 ], "texture": "#cauldron_inner" },
        "east":  { "uv": [ 8.875, 14.75, 9.25, 15 ], "texture": "#cauldron_inner" }
    }
},
{
    "__comment": "Bow",
    "from": [ 7.875, 0.875, 6.875 ],
    "to": [ 8.25, 1, 7.125 ],
    "faces": {
        "down":  { "uv": [ 8.125, 7.125, 7.75, 6.875 ], "texture": "#cauldron_inner" },
        "up":    { "uv": [ 7.875, 6.875, 8.25, 7.125 ], "texture": "#cauldron_inner" },
        "north": { "uv": [ 7.75, 15, 8.125, 15.125 ], "texture": "#cauldron_inner" },
        "south": { "uv": [ 7.875, 15, 8.25, 15.125 ], "texture": "#cauldron_inner" },
        "west":  { "uv": [ 6.875, 15, 7.125, 15.125 ], "texture": "#cauldron_inner" },
        "east":  { "uv": [ 8.875, 15, 9.125, 15.125 ], "texture": "#cauldron_inner" }
    }
},
{
    "__comment": "Bow",
    "from": [ 7.875, 1.25, 6.875 ],
    "to": [ 8.125, 1.375, 7.375 ],
    "faces": {
        "down":  { "uv": [ 8.125, 7.375, 7.875, 6.875 ], "texture": "#cauldron_inner" },
        "up":    { "uv": [ 7.875, 6.875, 8.125, 7.375 ], "texture": "#cauldron_inner" },
        "north": { "uv": [ 7.875, 14.625, 8.125, 14.75 ], "texture": "#cauldron_inner" },
        "south": { "uv": [ 7.875, 14.625, 8.125, 14.75 ], "texture": "#cauldron_inner" },
        "west":  { "uv": [ 6.875, 14.625, 7.375, 14.75 ], "texture": "#cauldron_inner" },
        "east":  { "uv": [ 8.625, 14.625, 9.125, 14.75 ], "texture": "#cauldron_inner" }
    }
},
{
    "__comment": "Bow",
    "from": [ 7.875, 14.625, 6.875 ],
    "to": [ 8, 14.75, 7.25 ],
    "faces": {
        "down":  { "uv": [ 8.125, 7.25, 8, 6.875 ], "texture": "#cauldron_inner" },
        "north": { "uv": [ 8, 1.25, 8.125, 1.375 ], "texture": "#cauldron_inner" },
        "south": { "uv": [ 7.875, 1.25, 8, 1.375 ], "texture": "#cauldron_inner" },
        "west":  { "uv": [ 6.875, 1.25, 7.25, 1.375 ], "texture": "#cauldron_inner" },
        "east":  { "uv": [ 8.75, 1.25, 9.125, 1.375 ], "texture": "#cauldron_inner" }
    }
},
{
    "__comment": "Bow",
    "from": [ 7.875, 1.375, 7 ],
    "to": [ 8.125, 1.5, 7.375 ],
    "faces": {
        "up":    { "uv": [ 7.875, 7, 8.125, 7.375 ], "texture": "#log_big_oak" },
        "north": { "uv": [ 7.875, 14.5, 8.125, 14.625 ], "texture": "#log_big_oak" },
        "south": { "uv": [ 7.875, 14.5, 8.125, 14.625 ], "texture": "#log_big_oak" },
        "west":  { "uv": [ 7, 14.5, 7.375, 14.625 ], "texture": "#log_big_oak" },
        "east":  { "uv": [ 8.625, 14.5, 9, 14.625 ], "texture": "#log_big_oak" }
    }
},
{
    "__comment": "Bow",
    "from": [ 7.875, 1.125, 7.125 ],
    "to": [ 8.25, 1.25, 7.25 ],
    "faces": {
        "down":  { "uv": [ 8.125, 7.25, 7.75, 7.125 ], "texture": "#log_big_oak" },
        "up":    { "uv": [ 7.875, 7.125, 8.25, 7.25 ], "texture": "#log_big_oak" },
        "north": { "uv": [ 7.75, 14.75, 8.125, 14.875 ], "texture": "#log_big_oak" },
        "south": { "uv": [ 7.875, 14.75, 8.25, 14.875 ], "texture": "#log_big_oak" },
        "west":  { "uv": [ 7.125, 14.75, 7.25, 14.875 ], "texture": "#log_big_oak" },
        "east":  { "uv": [ 8.75, 14.75, 8.875, 14.875 ], "texture": "#log_big_oak" }
    }
},
{
    "__comment": "Bow",
    "from": [ 7.875, 1.5, 7.125 ],
    "to": [ 8.125, 1.625, 7.5 ],
    "faces": {
        "down":  { "uv": [ 8.125, 7.5, 7.875, 7.125 ], "texture": "#log_big_oak" },
        "up":    { "uv": [ 7.875, 7.125, 8.125, 7.5 ], "texture": "#log_big_oak" },
        "north": { "uv": [ 7.875, 14.375, 8.125, 14.5 ], "texture": "#log_big_oak" },
        "south": { "uv": [ 7.875, 14.375, 8.125, 14.5 ], "texture": "#log_big_oak" },
        "west":  { "uv": [ 7.125, 14.375, 7.5, 14.5 ], "texture": "#log_big_oak" },
        "east":  { "uv": [ 8.5, 14.375, 8.875, 14.5 ], "texture": "#log_big_oak" }
    }
},
{
    "__comment": "Bow",
    "from": [ 7.875, 14.5, 7.125 ],
    "to": [ 8.125, 14.625, 7.375 ],
    "faces": {
        "down":  { "uv": [ 8.125, 7.375, 7.875, 7.125 ], "texture": "#log_big_oak" },
        "up":    { "uv": [ 7.875, 7.125, 8.125, 7.375 ], "texture": "#log_big_oak" },
        "north": { "uv": [ 7.875, 1.375, 8.125, 1.5 ], "texture": "#log_big_oak" },
        "south": { "uv": [ 7.875, 1.375, 8.125, 1.5 ], "texture": "#log_big_oak" },
        "west":  { "uv": [ 7.125, 1.375, 7.375, 1.5 ], "texture": "#log_big_oak" },
        "east":  { "uv": [ 8.625, 1.375, 8.875, 1.5 ], "texture": "#log_big_oak" }
    }
},
{
    "__comment": "Bow",
    "from": [ 7.875, 1.625, 7.25 ],
    "to": [ 8.125, 1.75, 7.625 ],
    "faces": {
        "down":  { "uv": [ 8.125, 7.625, 7.875, 7.25 ], "texture": "#log_big_oak" },
        "up":    { "uv": [ 7.875, 7.25, 8.125, 7.625 ], "texture": "#log_big_oak" },
        "north": { "uv": [ 7.875, 14.25, 8.125, 14.375 ], "texture": "#log_big_oak" },
        "south": { "uv": [ 7.875, 14.25, 8.125, 14.375 ], "texture": "#log_big_oak" },
        "west":  { "uv": [ 7.25, 14.25, 7.625, 14.375 ], "texture": "#log_big_oak" },
        "east":  { "uv": [ 8.375, 14.25, 8.75, 14.375 ], "texture": "#log_big_oak" }
    }
},
{
    "__comment": "Bow",
    "from": [ 7.875, 14.25, 7.25 ],
    "to": [ 8.125, 14.375, 7.5 ],
    "faces": {
        "down":  { "uv": [ 8.125, 7.5, 7.875, 7.25 ], "texture": "#log_big_oak" },
        "up":    { "uv": [ 7.875, 7.25, 8.125, 7.5 ], "texture": "#log_big_oak" },
        "north": { "uv": [ 7.875, 1.625, 8.125, 1.75 ], "texture": "#log_big_oak" },
        "south": { "uv": [ 7.875, 1.625, 8.125, 1.75 ], "texture": "#log_big_oak" },
        "west":  { "uv": [ 7.25, 1.625, 7.5, 1.75 ], "texture": "#log_big_oak" },
        "east":  { "uv": [ 8.5, 1.625, 8.75, 1.75 ], "texture": "#log_big_oak" }
    }
},
{
    "__comment": "Bow",
    "from": [ 7.875, 14.375, 7.25 ],
    "to": [ 8.125, 14.5, 7.375 ],
    "faces": {
        "north": { "uv": [ 7.875, 1.5, 8.125, 1.625 ], "texture": "#log_big_oak" },
        "south": { "uv": [ 7.875, 1.5, 8.125, 1.625 ], "texture": "#log_big_oak" },
        "west":  { "uv": [ 7.25, 1.5, 7.375, 1.625 ], "texture": "#log_big_oak" },
        "east":  { "uv": [ 8.625, 1.5, 8.75, 1.625 ], "texture": "#log_big_oak" }
    }
},
{
    "__comment": "Bow",
    "from": [ 7.875, 1.75, 7.375 ],
    "to": [ 8.25, 1.875, 7.625 ],
    "faces": {
        "down":  { "uv": [ 8.125, 7.625, 7.75, 7.375 ], "texture": "#log_big_oak" },
        "up":    { "uv": [ 7.875, 7.375, 8.25, 7.625 ], "texture": "#log_big_oak" },
        "north": { "uv": [ 7.75, 14.125, 8.125, 14.25 ], "texture": "#log_big_oak" },
        "south": { "uv": [ 7.875, 14.125, 8.25, 14.25 ], "texture": "#log_big_oak" },
        "west":  { "uv": [ 7.375, 14.125, 7.625, 14.25 ], "texture": "#log_big_oak" },
        "east":  { "uv": [ 8.375, 14.125, 8.625, 14.25 ], "texture": "#log_big_oak" }
    }
},
{
    "__comment": "Bow",
    "from": [ 7.875, 14.125, 7.375 ],
    "to": [ 8.125, 14.25, 7.625 ],
    "faces": {
        "down":  { "uv": [ 8.125, 7.625, 7.875, 7.375 ], "texture": "#log_big_oak" },
        "up":    { "uv": [ 7.875, 7.375, 8.125, 7.625 ], "texture": "#log_big_oak" },
        "north": { "uv": [ 7.875, 1.75, 8.125, 1.875 ], "texture": "#log_big_oak" },
        "south": { "uv": [ 7.875, 1.75, 8.125, 1.875 ], "texture": "#log_big_oak" },
        "west":  { "uv": [ 7.375, 1.75, 7.625, 1.875 ], "texture": "#log_big_oak" },
        "east":  { "uv": [ 8.375, 1.75, 8.625, 1.875 ], "texture": "#log_big_oak" }
    }
},
{
    "__comment": "Bow",
    "from": [ 7.875, 1.875, 7.5 ],
    "to": [ 8.25, 2, 7.75 ],
    "faces": {
        "down":  { "uv": [ 8.125, 7.75, 7.75, 7.5 ], "texture": "#log_big_oak" },
        "up":    { "uv": [ 7.875, 7.5, 8.25, 7.75 ], "texture": "#log_big_oak" },
        "north": { "uv": [ 7.75, 14, 8.125, 14.125 ], "texture": "#log_big_oak" },
        "south": { "uv": [ 7.875, 14, 8.25, 14.125 ], "texture": "#log_big_oak" },
        "west":  { "uv": [ 7.5, 14, 7.75, 14.125 ], "texture": "#log_big_oak" },
        "east":  { "uv": [ 8.25, 14, 8.5, 14.125 ], "texture": "#log_big_oak" }
    }
},
{
    "__comment": "Bow",
    "from": [ 7.875, 13.875, 7.5 ],
    "to": [ 8.125, 14.125, 7.625 ],
    "faces": {
        "down":  { "uv": [ 8.125, 7.625, 7.875, 7.5 ], "texture": "#log_big_oak" },
        "north": { "uv": [ 7.875, 1.875, 8.125, 2.125 ], "texture": "#log_big_oak" },
        "south": { "uv": [ 7.875, 1.875, 8.125, 2.125 ], "texture": "#log_big_oak" },
        "west":  { "uv": [ 7.5, 1.875, 7.625, 2.125 ], "texture": "#log_big_oak" },
        "east":  { "uv": [ 8.375, 1.875, 8.5, 2.125 ], "texture": "#log_big_oak" }
    }
},
{
    "__comment": "Bow",
    "from": [ 7.875, 2, 7.625 ],
    "to": [ 8.125, 2.25, 7.875 ],
    "faces": {
        "down":  { "uv": [ 8.125, 7.875, 7.875, 7.625 ], "texture": "#log_big_oak" },
        "up":    { "uv": [ 7.875, 7.625, 8.125, 7.875 ], "texture": "#log_big_oak" },
        "north": { "uv": [ 7.875, 13.75, 8.125, 14 ], "texture": "#log_big_oak" },
        "south": { "uv": [ 7.875, 13.75, 8.125, 14 ], "texture": "#log_big_oak" },
        "west":  { "uv": [ 7.625, 13.75, 7.875, 14 ], "texture": "#log_big_oak" },
        "east":  { "uv": [ 8.125, 13.75, 8.375, 14 ], "texture": "#log_big_oak" }
    }
},
{
    "__comment": "Bow",
    "from": [ 7.875, 2.25, 7.75 ],
    "to": [ 8.25, 2.375, 7.875 ],
    "faces": {
        "down":  { "uv": [ 8.125, 7.875, 7.75, 7.75 ], "texture": "#log_big_oak" },
        "up":    { "uv": [ 7.875, 7.75, 8.25, 7.875 ], "texture": "#log_big_oak" },
        "north": { "uv": [ 7.75, 13.625, 8.125, 13.75 ], "texture": "#log_big_oak" },
        "west":  { "uv": [ 7.75, 13.625, 7.875, 13.75 ], "texture": "#log_big_oak" },
        "east":  { "uv": [ 8.125, 13.625, 8.25, 13.75 ], "texture": "#log_big_oak" }
    }
},
{
    "__comment": "Bow",
    "from": [ 7.875, 2.5, 7.875 ],
    "to": [ 8.25, 2.625, 8 ],
    "faces": {
        "up":    { "uv": [ 7.875, 7.875, 8.25, 8 ], "texture": "#log_big_oak" },
        "north": { "uv": [ 7.75, 13.375, 8.125, 13.5 ], "texture": "#log_big_oak" },
        "west":  { "uv": [ 7.875, 13.375, 8, 13.5 ], "texture": "#log_big_oak" },
        "east":  { "uv": [ 8, 13.375, 8.125, 13.5 ], "texture": "#log_big_oak" }
    }
},
{
    "__comment": "Bow",
    "from": [ 7.875, 2.75, 8 ],
    "to": [ 8.25, 2.875, 8.125 ],
    "faces": {
        "up":    { "uv": [ 7.875, 8, 8.25, 8.125 ], "texture": "#log_big_oak" },
        "north": { "uv": [ 7.75, 13.125, 8.125, 13.25 ], "texture": "#log_big_oak" },
        "west":  { "uv": [ 8, 13.125, 8.125, 13.25 ], "texture": "#log_big_oak" },
        "east":  { "uv": [ 7.875, 13.125, 8, 13.25 ], "texture": "#log_big_oak" }
    }
},
{
    "__comment": "Bow",
    "from": [ 7.875, 12.875, 8 ],
    "to": [ 8.125, 13, 8.125 ],
    "faces": {
        "down":  { "uv": [ 8.125, 8.125, 7.875, 8 ], "texture": "#log_big_oak" },
        "north": { "uv": [ 7.875, 3, 8.125, 3.125 ], "texture": "#log_big_oak" },
        "west":  { "uv": [ 8, 3, 8.125, 3.125 ], "texture": "#log_big_oak" },
        "east":  { "uv": [ 7.875, 3, 8, 3.125 ], "texture": "#log_big_oak" }
    }
},
{
    "__comment": "Bow",
    "from": [ 7.875, 4, 8.25 ],
    "to": [ 8, 4.125, 8.375 ],
    "faces": {
        "down":  { "uv": [ 8.125, 8.375, 8, 8.25 ], "texture": "#log_big_oak" },
        "up":    { "uv": [ 7.875, 8.25, 8, 8.375 ], "texture": "#log_big_oak" },
        "north": { "uv": [ 8, 11.875, 8.125, 12 ], "texture": "#log_big_oak" },
        "west":  { "uv": [ 8.25, 11.875, 8.375, 12 ], "texture": "#log_big_oak" },
        "east":  { "uv": [ 7.625, 11.875, 7.75, 12 ], "texture": "#log_big_oak" }
    }
},
{
    "__comment": "Bow",
    "from": [ 7.875, 11.5, 8.25 ],
    "to": [ 8, 11.75, 8.375 ],
    "faces": {
        "down":  { "uv": [ 8.125, 8.375, 8, 8.25 ], "texture": "#log_big_oak" },
        "north": { "uv": [ 8, 4.25, 8.125, 4.5 ], "texture": "#log_big_oak" },
        "west":  { "uv": [ 8.25, 4.25, 8.375, 4.5 ], "texture": "#log_big_oak" },
        "east":  { "uv": [ 7.625, 4.25, 7.75, 4.5 ], "texture": "#log_big_oak" }
    }
},
{
    "__comment": "Bow",
    "from": [ 7.875, 4.375, 8.375 ],
    "to": [ 8.125, 4.5, 8.5 ],
    "faces": {
        "up":    { "uv": [ 7.875, 8.375, 8.125, 8.5 ], "texture": "#log_big_oak" },
        "north": { "uv": [ 7.875, 11.5, 8.125, 11.625 ], "texture": "#log_big_oak" },
        "west":  { "uv": [ 8.375, 11.5, 8.5, 11.625 ], "texture": "#log_big_oak" },
        "east":  { "uv": [ 7.5, 11.5, 7.625, 11.625 ], "texture": "#log_big_oak" }
    }
},
{
    "__comment": "Bow",
    "from": [ 7.875, 4.875, 8.625 ],
    "to": [ 8.125, 5, 8.75 ],
    "faces": {
        "up":    { "uv": [ 7.875, 8.625, 8.125, 8.75 ], "texture": "#log_big_oak" },
        "north": { "uv": [ 7.875, 11, 8.125, 11.125 ], "texture": "#log_big_oak" },
        "west":  { "uv": [ 8.625, 11, 8.75, 11.125 ], "texture": "#log_big_oak" },
        "east":  { "uv": [ 7.25, 11, 7.375, 11.125 ], "texture": "#log_big_oak" }
    }
},
{
    "__comment": "Bow",
    "from": [ 7.875, 5.125, 8.75 ],
    "to": [ 8.25, 5.25, 8.875 ],
    "faces": {
        "up":    { "uv": [ 7.875, 8.75, 8.25, 8.875 ], "texture": "#log_big_oak" },
        "north": { "uv": [ 7.75, 10.75, 8.125, 10.875 ], "texture": "#log_big_oak" },
        "south": { "uv": [ 7.875, 10.75, 8.25, 10.875 ], "texture": "#log_big_oak" },
        "west":  { "uv": [ 8.75, 10.75, 8.875, 10.875 ], "texture": "#log_big_oak" },
        "east":  { "uv": [ 7.125, 10.75, 7.25, 10.875 ], "texture": "#log_big_oak" }
    }
},
{
    "__comment": "Bow",
    "from": [ 7.875, 9.375, 8.75 ],
    "to": [ 8.125, 9.5, 8.875 ],
    "faces": {
        "down":  { "uv": [ 8.125, 8.875, 7.875, 8.75 ], "texture": "#log_big_oak" },
        "north": { "uv": [ 7.875, 6.5, 8.125, 6.625 ], "texture": "#log_big_oak" },
        "west":  { "uv": [ 8.75, 6.5, 8.875, 6.625 ], "texture": "#log_big_oak" },
        "east":  { "uv": [ 7.125, 6.5, 7.25, 6.625 ], "texture": "#log_big_oak" }
    }
},
{
    "__comment": "Bow",
    "from": [ 7.875, 9.625, 8.75 ],
    "to": [ 8.25, 9.75, 9.375 ],
    "faces": {
        "up":    { "uv": [ 7.875, 8.75, 8.25, 9.375 ], "texture": "#log_big_oak" },
        "north": { "uv": [ 7.75, 6.25, 8.125, 6.375 ], "texture": "#log_big_oak" },
        "south": { "uv": [ 7.875, 6.25, 8.25, 6.375 ], "texture": "#log_big_oak" },
        "west":  { "uv": [ 8.75, 6.25, 9.375, 6.375 ], "texture": "#log_big_oak" },
        "east":  { "uv": [ 6.625, 6.25, 7.25, 6.375 ], "texture": "#log_big_oak" }
    }
},
{
    "__comment": "Bow",
    "from": [ 7.875, 9.75, 8.75 ],
    "to": [ 8.125, 10.125, 8.875 ],
    "faces": {
        "up":    { "uv": [ 7.875, 8.75, 8.125, 8.875 ], "texture": "#log_big_oak" },
        "north": { "uv": [ 7.875, 5.875, 8.125, 6.25 ], "texture": "#log_big_oak" },
        "west":  { "uv": [ 8.75, 5.875, 8.875, 6.25 ], "texture": "#log_big_oak" },
        "east":  { "uv": [ 7.125, 5.875, 7.25, 6.25 ], "texture": "#log_big_oak" }
    }
},
{
    "__comment": "Bow",
    "from": [ 7.875, 11.75, 8.75 ],
    "to": [ 8, 12, 8.875 ],
    "faces": {
        "up":    { "uv": [ 7.875, 8.75, 8, 8.875 ], "texture": "#log_big_oak" },
        "north": { "uv": [ 8, 4, 8.125, 4.25 ], "texture": "#log_big_oak" },
        "south": { "uv": [ 7.875, 4, 8, 4.25 ], "texture": "#log_big_oak" },
        "west":  { "uv": [ 8.75, 4, 8.875, 4.25 ], "texture": "#log_big_oak" },
        "east":  { "uv": [ 7.125, 4, 7.25, 4.25 ], "texture": "#log_big_oak" }
    }
},
{
    "__comment": "Bow",
    "from": [ 7.875, 4.125, 8.875 ],
    "to": [ 8.125, 4.25, 9 ],
    "faces": {
        "down":  { "uv": [ 8.125, 9, 7.875, 8.875 ], "texture": "#log_big_oak" },
        "south": { "uv": [ 7.875, 11.75, 8.125, 11.875 ], "texture": "#log_big_oak" },
        "west":  { "uv": [ 8.875, 11.75, 9, 11.875 ], "texture": "#log_big_oak" },
        "east":  { "uv": [ 7, 11.75, 7.125, 11.875 ], "texture": "#log_big_oak" }
    }
},
{
    "__comment": "Bow",
    "from": [ 7.875, 6.25, 8.875 ],
    "to": [ 8.125, 6.375, 9 ],
    "faces": {
        "down":  { "uv": [ 8.125, 9, 7.875, 8.875 ], "texture": "#log_big_oak" },
        "north": { "uv": [ 7.875, 9.625, 8.125, 9.75 ], "texture": "#log_big_oak" },
        "west":  { "uv": [ 8.875, 9.625, 9, 9.75 ], "texture": "#log_big_oak" },
        "east":  { "uv": [ 7, 9.625, 7.125, 9.75 ], "texture": "#log_big_oak" }
    }
},
{
    "__comment": "Bow",
    "from": [ 7.875, 8.875, 8.875 ],
    "to": [ 8, 9.375, 9 ],
    "faces": {
        "down":  { "uv": [ 8.125, 9, 8, 8.875 ], "texture": "#log_big_oak" },
        "north": { "uv": [ 8, 6.625, 8.125, 7.125 ], "texture": "#log_big_oak" },
        "south": { "uv": [ 7.875, 6.625, 8, 7.125 ], "texture": "#log_big_oak" },
        "west":  { "uv": [ 8.875, 6.625, 9, 7.125 ], "texture": "#log_big_oak" },
        "east":  { "uv": [ 7, 6.625, 7.125, 7.125 ], "texture": "#log_big_oak" }
    }
},
{
    "__comment": "Bow",
    "from": [ 7.875, 11.5, 8.875 ],
    "to": [ 8.125, 11.625, 9 ],
    "faces": {
        "up":    { "uv": [ 7.875, 8.875, 8.125, 9 ], "texture": "#log_big_oak" },
        "south": { "uv": [ 7.875, 4.375, 8.125, 4.5 ], "texture": "#log_big_oak" },
        "west":  { "uv": [ 8.875, 4.375, 9, 4.5 ], "texture": "#log_big_oak" },
        "east":  { "uv": [ 7, 4.375, 7.125, 4.5 ], "texture": "#log_big_oak" }
    }
},
{
    "__comment": "Bow",
    "from": [ 7.875, 4.5, 9 ],
    "to": [ 8.125, 4.625, 9.125 ],
    "faces": {
        "down":  { "uv": [ 8.125, 9.125, 7.875, 9 ], "texture": "#log_big_oak" },
        "south": { "uv": [ 7.875, 11.375, 8.125, 11.5 ], "texture": "#log_big_oak" },
        "west":  { "uv": [ 9, 11.375, 9.125, 11.5 ], "texture": "#log_big_oak" },
        "east":  { "uv": [ 6.875, 11.375, 7, 11.5 ], "texture": "#log_big_oak" }
    }
},
{
    "__comment": "Bow",
    "from": [ 7.875, 6.75, 9 ],
    "to": [ 8, 8.875, 9.125 ],
    "faces": {
        "north": { "uv": [ 8, 7.125, 8.125, 9.25 ], "texture": "#cauldron_inner" },
        "west":  { "uv": [ 9, 7.125, 9.125, 9.25 ], "texture": "#cauldron_inner" },
        "east":  { "uv": [ 6.875, 7.125, 7, 9.25 ], "texture": "#cauldron_inner" }
    }
},
{
    "__comment": "Bow",
    "from": [ 7.875, 11.25, 9 ],
    "to": [ 8.125, 11.375, 9.125 ],
    "faces": {
        "up":    { "uv": [ 7.875, 9, 8.125, 9.125 ], "texture": "#log_big_oak" },
        "south": { "uv": [ 7.875, 4.625, 8.125, 4.75 ], "texture": "#log_big_oak" },
        "west":  { "uv": [ 9, 4.625, 9.125, 4.75 ], "texture": "#log_big_oak" },
        "east":  { "uv": [ 6.875, 4.625, 7, 4.75 ], "texture": "#log_big_oak" }
    }
},
{
    "__comment": "Bow",
    "from": [ 7.875, 10.125, 9.25 ],
    "to": [ 8.125, 10.25, 9.375 ],
    "faces": {
        "south": { "uv": [ 7.875, 5.75, 8.125, 5.875 ], "texture": "#log_big_oak" },
        "west":  { "uv": [ 9.25, 5.75, 9.375, 5.875 ], "texture": "#log_big_oak" },
        "east":  { "uv": [ 6.625, 5.75, 6.75, 5.875 ], "texture": "#log_big_oak" }
    }
},
{
    "__comment": "Bow",
    "from": [ 7.875, 9, 9.375 ],
    "to": [ 8.125, 9.25, 9.5 ],
    "faces": {
        "up":    { "uv": [ 7.875, 9.375, 8.125, 9.5 ], "texture": "#log_big_oak" },
        "south": { "uv": [ 7.875, 6.75, 8.125, 7 ], "texture": "#log_big_oak" },
        "west":  { "uv": [ 9.375, 6.75, 9.5, 7 ], "texture": "#log_big_oak" },
        "east":  { "uv": [ 6.5, 6.75, 6.625, 7 ], "texture": "#log_big_oak" }
    }
},
{
    "__comment": "Bow",
    "from": [ 7.875, 9.75, 9.375 ],
    "to": [ 8.125, 10, 9.5 ],
    "faces": {
        "down":  { "uv": [ 8.125, 9.5, 7.875, 9.375 ], "texture": "#log_big_oak" },
        "up":    { "uv": [ 7.875, 9.375, 8.125, 9.5 ], "texture": "#log_big_oak" },
        "south": { "uv": [ 7.875, 6, 8.125, 6.25 ], "texture": "#log_big_oak" },
        "west":  { "uv": [ 9.375, 6, 9.5, 6.25 ], "texture": "#log_big_oak" },
        "east":  { "uv": [ 6.5, 6, 6.625, 6.25 ], "texture": "#log_big_oak" }
    }
},
{
    "__comment": "Bow",
    "from": [ 7.875, 6, 9.5 ],
    "to": [ 8, 6.375, 9.625 ],
    "faces": {
        "down":  { "uv": [ 8.125, 9.625, 8, 9.5 ], "texture": "#log_big_oak" },
        "up":    { "uv": [ 7.875, 9.5, 8, 9.625 ], "texture": "#log_big_oak" },
        "north": { "uv": [ 8, 9.625, 8.125, 10 ], "texture": "#log_big_oak" },
        "south": { "uv": [ 7.875, 9.625, 8, 10 ], "texture": "#log_big_oak" },
        "west":  { "uv": [ 9.5, 9.625, 9.625, 10 ], "texture": "#log_big_oak" },
        "east":  { "uv": [ 6.375, 9.625, 6.5, 10 ], "texture": "#log_big_oak" }
    }
},
{
    "__comment": "Bow",
    "from": [ 7.875, 7.625, 9.5 ],
    "to": [ 8.125, 8.75, 9.625 ],
    "faces": {
        "up":    { "uv": [ 7.875, 9.5, 8.125, 9.625 ], "texture": "#cauldron_inner" },
        "south": { "uv": [ 7.875, 7.25, 8.125, 8.375 ], "texture": "#cauldron_inner" },
        "west":  { "uv": [ 9.5, 7.25, 9.625, 8.375 ], "texture": "#cauldron_inner" },
        "east":  { "uv": [ 6.375, 7.25, 6.5, 8.375 ], "texture": "#cauldron_inner" }
    }
},
{
    "__comment": "Bow",
    "from": [ 8, 0, 6.375 ],
    "to": [ 8.125, 0.125, 6.5 ],
    "faces": {
        "down":  { "uv": [ 8, 6.5, 7.875, 6.375 ], "texture": "#cauldron_inner", "cullface": "down" },
        "up":    { "uv": [ 8, 6.375, 8.125, 6.5 ], "texture": "#cauldron_inner" },
        "north": { "uv": [ 7.875, 15.875, 8, 16 ], "texture": "#cauldron_inner" },
        "south": { "uv": [ 8, 15.875, 8.125, 16 ], "texture": "#cauldron_inner" },
        "west":  { "uv": [ 6.375, 15.875, 6.5, 16 ], "texture": "#cauldron_inner" },
        "east":  { "uv": [ 9.5, 15.875, 9.625, 16 ], "texture": "#cauldron_inner" }
    }
},
{
    "__comment": "Bow",
    "from": [ 8, 1.125, 6.375 ],
    "to": [ 8.125, 1.25, 6.75 ],
    "faces": {
        "down":  { "uv": [ 8, 6.75, 7.875, 6.375 ], "texture": "#cauldron_inner" },
        "up":    { "uv": [ 8, 6.375, 8.125, 6.75 ], "texture": "#cauldron_inner" },
        "north": { "uv": [ 7.875, 14.75, 8, 14.875 ], "texture": "#cauldron_inner" },
        "west":  { "uv": [ 6.375, 14.75, 6.75, 14.875 ], "texture": "#cauldron_inner" },
        "east":  { "uv": [ 9.25, 14.75, 9.625, 14.875 ], "texture": "#cauldron_inner" }
    }
},
{
    "__comment": "Bow",
    "from": [ 8, 1.25, 6.375 ],
    "to": [ 8.125, 1.375, 6.625 ],
    "faces": {
        "up":    { "uv": [ 8, 6.375, 8.125, 6.625 ], "texture": "#cauldron_inner" },
        "north": { "uv": [ 7.875, 14.625, 8, 14.75 ], "texture": "#cauldron_inner" },
        "south": { "uv": [ 8, 14.625, 8.125, 14.75 ], "texture": "#cauldron_inner" },
        "west":  { "uv": [ 6.375, 14.625, 6.625, 14.75 ], "texture": "#cauldron_inner" },
        "east":  { "uv": [ 9.375, 14.625, 9.625, 14.75 ], "texture": "#cauldron_inner" }
    }
},
{
    "__comment": "Bow",
    "from": [ 8, 14.625, 6.375 ],
    "to": [ 8.125, 14.75, 6.5 ],
    "faces": {
        "down":  { "uv": [ 8, 6.5, 7.875, 6.375 ], "texture": "#cauldron_inner" },
        "north": { "uv": [ 7.875, 1.25, 8, 1.375 ], "texture": "#cauldron_inner" },
        "west":  { "uv": [ 6.375, 1.25, 6.5, 1.375 ], "texture": "#cauldron_inner" },
        "east":  { "uv": [ 9.5, 1.25, 9.625, 1.375 ], "texture": "#cauldron_inner" }
    }
},
{
    "__comment": "Bow",
    "from": [ 8, 15.75, 6.375 ],
    "to": [ 8.125, 15.875, 6.625 ],
    "faces": {
        "down":  { "uv": [ 8, 6.625, 7.875, 6.375 ], "texture": "#cauldron_inner" },
        "up":    { "uv": [ 8, 6.375, 8.125, 6.625 ], "texture": "#cauldron_inner" },
        "north": { "uv": [ 7.875, 0.125, 8, 0.25 ], "texture": "#cauldron_inner" },
        "south": { "uv": [ 8, 0.125, 8.125, 0.25 ], "texture": "#cauldron_inner" },
        "west":  { "uv": [ 6.375, 0.125, 6.625, 0.25 ], "texture": "#cauldron_inner" },
        "east":  { "uv": [ 9.375, 0.125, 9.625, 0.25 ], "texture": "#cauldron_inner" }
    }
},
{
    "__comment": "Bow",
    "from": [ 8, 15.875, 6.375 ],
    "to": [ 8.125, 16, 6.5 ],
    "faces": {
        "up":    { "uv": [ 8, 6.375, 8.125, 6.5 ], "texture": "#cauldron_inner", "cullface": "up" },
        "north": { "uv": [ 7.875, 0, 8, 0.125 ], "texture": "#cauldron_inner" },
        "south": { "uv": [ 8, 0, 8.125, 0.125 ], "texture": "#cauldron_inner" },
        "west":  { "uv": [ 6.375, 0, 6.5, 0.125 ], "texture": "#cauldron_inner" },
        "east":  { "uv": [ 9.5, 0, 9.625, 0.125 ], "texture": "#cauldron_inner" }
    }
},
{
    "__comment": "Bow",
    "from": [ 8, 0.125, 6.5 ],
    "to": [ 8.125, 0.625, 6.75 ],
    "faces": {
        "down":  { "uv": [ 8, 6.75, 7.875, 6.5 ], "texture": "#cauldron_inner" },
        "up":    { "uv": [ 8, 6.5, 8.125, 6.75 ], "texture": "#cauldron_inner" },
        "north": { "uv": [ 7.875, 15.375, 8, 15.875 ], "texture": "#cauldron_inner" },
        "south": { "uv": [ 8, 15.375, 8.125, 15.875 ], "texture": "#cauldron_inner" },
        "west":  { "uv": [ 6.5, 15.375, 6.75, 15.875 ], "texture": "#cauldron_inner" },
        "east":  { "uv": [ 9.25, 15.375, 9.5, 15.875 ], "texture": "#cauldron_inner" }
    }
},
{
    "__comment": "Bow",
    "from": [ 8, 1, 6.5 ],
    "to": [ 8.125, 1.125, 6.75 ],
    "faces": {
        "down":  { "uv": [ 8, 6.75, 7.875, 6.5 ], "texture": "#cauldron_inner" },
        "north": { "uv": [ 7.875, 14.875, 8, 15 ], "texture": "#cauldron_inner" },
        "west":  { "uv": [ 6.5, 14.875, 6.75, 15 ], "texture": "#cauldron_inner" },
        "east":  { "uv": [ 9.25, 14.875, 9.5, 15 ], "texture": "#cauldron_inner" }
    }
},
{
    "__comment": "Bow",
    "from": [ 8, 14.875, 6.5 ],
    "to": [ 8.125, 15, 6.625 ],
    "faces": {
        "up":    { "uv": [ 8, 6.5, 8.125, 6.625 ], "texture": "#cauldron_inner" },
        "north": { "uv": [ 7.875, 1, 8, 1.125 ], "texture": "#cauldron_inner" },
        "west":  { "uv": [ 6.5, 1, 6.625, 1.125 ], "texture": "#cauldron_inner" },
        "east":  { "uv": [ 9.375, 1, 9.5, 1.125 ], "texture": "#cauldron_inner" }
    }
},
{
    "__comment": "Bow",
    "from": [ 8, 15.375, 6.5 ],
    "to": [ 8.125, 15.75, 6.625 ],
    "faces": {
        "north": { "uv": [ 7.875, 0.25, 8, 0.625 ], "texture": "#cauldron_inner" },
        "south": { "uv": [ 8, 0.25, 8.125, 0.625 ], "texture": "#cauldron_inner" },
        "west":  { "uv": [ 6.5, 0.25, 6.625, 0.625 ], "texture": "#cauldron_inner" },
        "east":  { "uv": [ 9.375, 0.25, 9.5, 0.625 ], "texture": "#cauldron_inner" }
    }
},
{
    "__comment": "Bow",
    "from": [ 8, 0.625, 6.625 ],
    "to": [ 8.125, 0.875, 7 ],
    "faces": {
        "down":  { "uv": [ 8, 7, 7.875, 6.625 ], "texture": "#cauldron_inner" },
        "up":    { "uv": [ 8, 6.625, 8.125, 7 ], "texture": "#cauldron_inner" },
        "north": { "uv": [ 7.875, 15.125, 8, 15.375 ], "texture": "#cauldron_inner" },
        "south": { "uv": [ 8, 15.125, 8.125, 15.375 ], "texture": "#cauldron_inner" },
        "west":  { "uv": [ 6.625, 15.125, 7, 15.375 ], "texture": "#cauldron_inner" },
        "east":  { "uv": [ 9, 15.125, 9.375, 15.375 ], "texture": "#cauldron_inner" }
    }
},
{
    "__comment": "Bow",
    "from": [ 8, 0.875, 6.625 ],
    "to": [ 8.125, 1, 6.875 ],
    "faces": {
        "up":    { "uv": [ 8, 6.625, 8.125, 6.875 ], "texture": "#cauldron_inner" },
        "north": { "uv": [ 7.875, 15, 8, 15.125 ], "texture": "#cauldron_inner" },
        "west":  { "uv": [ 6.625, 15, 6.875, 15.125 ], "texture": "#cauldron_inner" },
        "east":  { "uv": [ 9.125, 15, 9.375, 15.125 ], "texture": "#cauldron_inner" }
    }
},
{
    "__comment": "Bow",
    "from": [ 8, 15.5, 6.625 ],
    "to": [ 8.125, 15.625, 6.75 ],
    "faces": {
        "south": { "uv": [ 8, 0.375, 8.125, 0.5 ], "texture": "#cauldron_inner" },
        "west":  { "uv": [ 6.625, 0.375, 6.75, 0.5 ], "texture": "#cauldron_inner" },
        "east":  { "uv": [ 9.25, 0.375, 9.375, 0.5 ], "texture": "#cauldron_inner" }
    }
},
{
    "__comment": "Bow",
    "from": [ 8, 0.375, 6.75 ],
    "to": [ 8.125, 0.625, 6.875 ],
    "faces": {
        "down":  { "uv": [ 8, 6.875, 7.875, 6.75 ], "texture": "#cauldron_inner" },
        "south": { "uv": [ 8, 15.375, 8.125, 15.625 ], "texture": "#cauldron_inner" },
        "west":  { "uv": [ 6.75, 15.375, 6.875, 15.625 ], "texture": "#cauldron_inner" },
        "east":  { "uv": [ 9.125, 15.375, 9.25, 15.625 ], "texture": "#cauldron_inner" }
    }
},
{
    "__comment": "Bow",
    "from": [ 8, 14.625, 7 ],
    "to": [ 8.125, 14.75, 7.25 ],
    "faces": {
        "down":  { "uv": [ 8, 7.25, 7.875, 7 ], "texture": "#log_big_oak" },
        "north": { "uv": [ 7.875, 1.25, 8, 1.375 ], "texture": "#log_big_oak" },
        "south": { "uv": [ 8, 1.25, 8.125, 1.375 ], "texture": "#log_big_oak" },
        "east":  { "uv": [ 8.75, 1.25, 9, 1.375 ], "texture": "#log_big_oak" }
    }
},
{
    "__comment": "Bow",
    "from": [ 8, 2, 7.5 ],
    "to": [ 8.125, 2.125, 7.625 ],
    "faces": {
        "up":    { "uv": [ 8, 7.5, 8.125, 7.625 ], "texture": "#log_big_oak" },
        "north": { "uv": [ 7.875, 13.875, 8, 14 ], "texture": "#log_big_oak" },
        "west":  { "uv": [ 7.5, 13.875, 7.625, 14 ], "texture": "#log_big_oak" },
        "east":  { "uv": [ 8.375, 13.875, 8.5, 14 ], "texture": "#log_big_oak" }
    }
},
{
    "__comment": "Bow",
    "from": [ 8, 2.375, 7.75 ],
    "to": [ 8.25, 2.5, 7.875 ],
    "faces": {
        "up":    { "uv": [ 8, 7.75, 8.25, 7.875 ], "texture": "#log_big_oak" },
        "north": { "uv": [ 7.75, 13.5, 8, 13.625 ], "texture": "#log_big_oak" },
        "west":  { "uv": [ 7.75, 13.5, 7.875, 13.625 ], "texture": "#log_big_oak" },
        "east":  { "uv": [ 8.125, 13.5, 8.25, 13.625 ], "texture": "#log_big_oak" }
    }
},
{
    "__comment": "Bow",
    "from": [ 8, 2.875, 8.25 ],
    "to": [ 8.25, 3, 8.375 ],
    "faces": {
        "down":  { "uv": [ 8, 8.375, 7.75, 8.25 ], "texture": "#log_big_oak" },
        "south": { "uv": [ 8, 13, 8.25, 13.125 ], "texture": "#log_big_oak" },
        "west":  { "uv": [ 8.25, 13, 8.375, 13.125 ], "texture": "#log_big_oak" },
        "east":  { "uv": [ 7.625, 13, 7.75, 13.125 ], "texture": "#log_big_oak" }
    }
},
{
    "__comment": "Bow",
    "from": [ 8, 3.375, 8.25 ],
    "to": [ 8.25, 3.5, 8.375 ],
    "faces": {
        "up":    { "uv": [ 8, 8.25, 8.25, 8.375 ], "texture": "#log_big_oak" },
        "north": { "uv": [ 7.75, 12.5, 8, 12.625 ], "texture": "#log_big_oak" },
        "south": { "uv": [ 8, 12.5, 8.25, 12.625 ], "texture": "#log_big_oak" },
        "west":  { "uv": [ 8.25, 12.5, 8.375, 12.625 ], "texture": "#log_big_oak" },
        "east":  { "uv": [ 7.625, 12.5, 7.75, 12.625 ], "texture": "#log_big_oak" }
    }
},
{
    "__comment": "Bow",
    "from": [ 8, 10.75, 8.625 ],
    "to": [ 8.25, 10.875, 8.75 ],
    "faces": {
        "down":  { "uv": [ 8, 8.75, 7.75, 8.625 ], "texture": "#log_big_oak" },
        "north": { "uv": [ 7.75, 5.125, 8, 5.25 ], "texture": "#log_big_oak" },
        "west":  { "uv": [ 8.625, 5.125, 8.75, 5.25 ], "texture": "#log_big_oak" },
        "east":  { "uv": [ 7.25, 5.125, 7.375, 5.25 ], "texture": "#log_big_oak" }
    }
},
{
    "__comment": "Bow",
    "from": [ 8, 9, 8.875 ],
    "to": [ 8.125, 9.375, 9 ],
    "faces": {
        "down":  { "uv": [ 8, 9, 7.875, 8.875 ], "texture": "#log_big_oak" },
        "north": { "uv": [ 7.875, 6.625, 8, 7 ], "texture": "#log_big_oak" },
        "east":  { "uv": [ 7, 6.625, 7.125, 7 ], "texture": "#log_big_oak" }
    }
},
{
    "__comment": "Bow",
    "from": [ 8, 6.75, 9 ],
    "to": [ 8.125, 7.25, 9.125 ],
    "faces": {
        "up":    { "uv": [ 8, 9, 8.125, 9.125 ], "texture": "#cauldron_inner" },
        "north": { "uv": [ 7.875, 8.75, 8, 9.25 ], "texture": "#cauldron_inner" },
        "east":  { "uv": [ 6.875, 8.75, 7, 9.25 ], "texture": "#cauldron_inner" }
    }
},
{
    "__comment": "Bow",
    "from": [ 8, 7.75, 9 ],
    "to": [ 8.125, 8.875, 9.125 ],
    "faces": {
        "down":  { "uv": [ 8, 9.125, 7.875, 9 ], "texture": "#cauldron_inner" },
        "north": { "uv": [ 7.875, 7.125, 8, 8.25 ], "texture": "#cauldron_inner" },
        "east":  { "uv": [ 6.875, 7.125, 7, 8.25 ], "texture": "#cauldron_inner" }
    }
},
{
    "__comment": "Bow",
    "from": [ 8, 6.125, 9.5 ],
    "to": [ 8.125, 6.375, 9.625 ],
    "faces": {
        "down":  { "uv": [ 8, 9.625, 7.875, 9.5 ], "texture": "#log_big_oak" },
        "up":    { "uv": [ 8, 9.5, 8.125, 9.625 ], "texture": "#log_big_oak" },
        "north": { "uv": [ 7.875, 9.625, 8, 9.875 ], "texture": "#log_big_oak" },
        "south": { "uv": [ 8, 9.625, 8.125, 9.875 ], "texture": "#log_big_oak" },
        "east":  { "uv": [ 6.375, 9.625, 6.5, 9.875 ], "texture": "#log_big_oak" }
    }
},
{
    "__comment": "Bow",
    "from": [ 8.125, 0.5, 6.75 ],
    "to": [ 8.25, 0.75, 6.875 ],
    "faces": {
        "down":  { "uv": [ 7.875, 6.875, 7.75, 6.75 ], "texture": "#cauldron_inner" },
        "up":    { "uv": [ 8.125, 6.75, 8.25, 6.875 ], "texture": "#cauldron_inner" },
        "north": { "uv": [ 7.75, 15.25, 7.875, 15.5 ], "texture": "#cauldron_inner" },
        "south": { "uv": [ 8.125, 15.25, 8.25, 15.5 ], "texture": "#cauldron_inner" },
        "west":  { "uv": [ 6.75, 15.25, 6.875, 15.5 ], "texture": "#cauldron_inner" },
        "east":  { "uv": [ 9.125, 15.25, 9.25, 15.5 ], "texture": "#cauldron_inner" }
    }
},
{
    "__comment": "Bow",
    "from": [ 8.125, 0.75, 6.875 ],
    "to": [ 8.25, 0.875, 7 ],
    "faces": {
        "down":  { "uv": [ 7.875, 7, 7.75, 6.875 ], "texture": "#cauldron_inner" },
        "north": { "uv": [ 7.75, 15.125, 7.875, 15.25 ], "texture": "#cauldron_inner" },
        "south": { "uv": [ 8.125, 15.125, 8.25, 15.25 ], "texture": "#cauldron_inner" },
        "east":  { "uv": [ 9, 15.125, 9.125, 15.25 ], "texture": "#cauldron_inner" }
    }
},
{
    "__comment": "Bow",
    "from": [ 8.125, 1.25, 7.25 ],
    "to": [ 8.25, 1.5, 7.375 ],
    "faces": {
        "down":  { "uv": [ 7.875, 7.375, 7.75, 7.25 ], "texture": "#log_big_oak" },
        "up":    { "uv": [ 8.125, 7.25, 8.25, 7.375 ], "texture": "#log_big_oak" },
        "north": { "uv": [ 7.75, 14.5, 7.875, 14.75 ], "texture": "#log_big_oak" },
        "south": { "uv": [ 8.125, 14.5, 8.25, 14.75 ], "texture": "#log_big_oak" },
        "west":  { "uv": [ 7.25, 14.5, 7.375, 14.75 ], "texture": "#log_big_oak" },
        "east":  { "uv": [ 8.625, 14.5, 8.75, 14.75 ], "texture": "#log_big_oak" }
    }
},
{
    "__comment": "Bow",
    "from": [ 8.125, 1.5, 7.375 ],
    "to": [ 8.25, 1.75, 7.5 ],
    "faces": {
        "down":  { "uv": [ 7.875, 7.5, 7.75, 7.375 ], "texture": "#log_big_oak" },
        "north": { "uv": [ 7.75, 14.25, 7.875, 14.5 ], "texture": "#log_big_oak" },
        "south": { "uv": [ 8.125, 14.25, 8.25, 14.5 ], "texture": "#log_big_oak" },
        "west":  { "uv": [ 7.375, 14.25, 7.5, 14.5 ], "texture": "#log_big_oak" },
        "east":  { "uv": [ 8.5, 14.25, 8.625, 14.5 ], "texture": "#log_big_oak" }
    }
},
{
    "__comment": "Bow",
    "from": [ 8.125, 1.625, 7.5 ],
    "to": [ 8.25, 1.75, 7.625 ],
    "faces": {
        "down":  { "uv": [ 7.875, 7.625, 7.75, 7.5 ], "texture": "#log_big_oak" },
        "south": { "uv": [ 8.125, 14.25, 8.25, 14.375 ], "texture": "#log_big_oak" },
        "east":  { "uv": [ 8.375, 14.25, 8.5, 14.375 ], "texture": "#log_big_oak" }
    }
},
{
    "__comment": "Bow",
    "from": [ 8.125, 2, 7.625 ],
    "to": [ 8.25, 2.25, 7.75 ],
    "faces": {
        "up":    { "uv": [ 8.125, 7.625, 8.25, 7.75 ], "texture": "#log_big_oak" },
        "north": { "uv": [ 7.75, 13.75, 7.875, 14 ], "texture": "#log_big_oak" },
        "south": { "uv": [ 8.125, 13.75, 8.25, 14 ], "texture": "#log_big_oak" },
        "east":  { "uv": [ 8.25, 13.75, 8.375, 14 ], "texture": "#log_big_oak" }
    }
},
{
    "__comment": "Bow",
    "from": [ 8.125, 2.125, 7.75 ],
    "to": [ 8.25, 2.25, 7.875 ],
    "faces": {
        "down":  { "uv": [ 7.875, 7.875, 7.75, 7.75 ], "texture": "#log_big_oak" },
        "south": { "uv": [ 8.125, 13.75, 8.25, 13.875 ], "texture": "#log_big_oak" },
        "east":  { "uv": [ 8.125, 13.75, 8.25, 13.875 ], "texture": "#log_big_oak" }
    }
},
{
    "__comment": "Bow",
    "from": [ 8.125, 13.5, 7.875 ],
    "to": [ 8.25, 13.625, 8 ],
    "faces": {
        "up":    { "uv": [ 8.125, 7.875, 8.25, 8 ], "texture": "#log_big_oak" },
        "north": { "uv": [ 7.75, 2.375, 7.875, 2.5 ], "texture": "#log_big_oak" },
        "south": { "uv": [ 8.125, 2.375, 8.25, 2.5 ], "texture": "#log_big_oak" },
        "east":  { "uv": [ 8, 2.375, 8.125, 2.5 ], "texture": "#log_big_oak" }
    }
},
{
    "__comment": "Bow",
    "from": [ 8.125, 13.25, 8 ],
    "to": [ 8.25, 13.375, 8.125 ],
    "faces": {
        "up":    { "uv": [ 8.125, 8, 8.25, 8.125 ], "texture": "#log_big_oak" },
        "north": { "uv": [ 7.75, 2.625, 7.875, 2.75 ], "texture": "#log_big_oak" },
        "south": { "uv": [ 8.125, 2.625, 8.25, 2.75 ], "texture": "#log_big_oak" },
        "east":  { "uv": [ 7.875, 2.625, 8, 2.75 ], "texture": "#log_big_oak" }
    }
},
{
    "__comment": "Bow",
    "from": [ 8.125, 3.125, 8.125 ],
    "to": [ 8.25, 3.25, 8.25 ],
    "faces": {
        "up":    { "uv": [ 8.125, 8.125, 8.25, 8.25 ], "texture": "#log_big_oak" },
        "north": { "uv": [ 7.75, 12.75, 7.875, 12.875 ], "texture": "#log_big_oak" },
        "west":  { "uv": [ 8.125, 12.75, 8.25, 12.875 ], "texture": "#log_big_oak" },
        "east":  { "uv": [ 7.75, 12.75, 7.875, 12.875 ], "texture": "#log_big_oak" }
    }
},
{
    "__comment": "Bow",
    "from": [ 8.125, 13, 8.125 ],
    "to": [ 8.25, 13.125, 8.25 ],
    "faces": {
        "up":    { "uv": [ 8.125, 8.125, 8.25, 8.25 ], "texture": "#log_big_oak" },
        "north": { "uv": [ 7.75, 2.875, 7.875, 3 ], "texture": "#log_big_oak" },
        "south": { "uv": [ 8.125, 2.875, 8.25, 3 ], "texture": "#log_big_oak" },
        "east":  { "uv": [ 7.75, 2.875, 7.875, 3 ], "texture": "#log_big_oak" }
    }
},
{
    "__comment": "Bow",
    "from": [ 8.125, 11.875, 8.25 ],
    "to": [ 8.25, 12, 8.375 ],
    "faces": {
        "up":    { "uv": [ 8.125, 8.25, 8.25, 8.375 ], "texture": "#log_big_oak" },
        "north": { "uv": [ 7.75, 4, 7.875, 4.125 ], "texture": "#log_big_oak" },
        "east":  { "uv": [ 7.625, 4, 7.75, 4.125 ], "texture": "#log_big_oak" }
    }
},
{
    "__comment": "Bow",
    "from": [ 8.125, 12.125, 8.25 ],
    "to": [ 8.25, 12.375, 8.375 ],
    "faces": {
        "down":  { "uv": [ 7.875, 8.375, 7.75, 8.25 ], "texture": "#log_big_oak" },
        "up":    { "uv": [ 8.125, 8.25, 8.25, 8.375 ], "texture": "#log_big_oak" },
        "north": { "uv": [ 7.75, 3.625, 7.875, 3.875 ], "texture": "#log_big_oak" },
        "south": { "uv": [ 8.125, 3.625, 8.25, 3.875 ], "texture": "#log_big_oak" },
        "east":  { "uv": [ 7.625, 3.625, 7.75, 3.875 ], "texture": "#log_big_oak" }
    }
},
{
    "__comment": "Bow",
    "from": [ 8.125, 12.5, 8.25 ],
    "to": [ 8.25, 12.875, 8.375 ],
    "faces": {
        "down":  { "uv": [ 7.875, 8.375, 7.75, 8.25 ], "texture": "#log_big_oak" },
        "up":    { "uv": [ 8.125, 8.25, 8.25, 8.375 ], "texture": "#log_big_oak" },
        "north": { "uv": [ 7.75, 3.125, 7.875, 3.5 ], "texture": "#log_big_oak" },
        "south": { "uv": [ 8.125, 3.125, 8.25, 3.5 ], "texture": "#log_big_oak" },
        "west":  { "uv": [ 8.25, 3.125, 8.375, 3.5 ], "texture": "#log_big_oak" },
        "east":  { "uv": [ 7.625, 3.125, 7.75, 3.5 ], "texture": "#log_big_oak" }
    }
},
{
    "__comment": "Bow",
    "from": [ 8.125, 3.125, 8.375 ],
    "to": [ 8.25, 4.25, 8.5 ],
    "faces": {
        "down":  { "uv": [ 7.875, 8.5, 7.75, 8.375 ], "texture": "#log_big_oak" },
        "up":    { "uv": [ 8.125, 8.375, 8.25, 8.5 ], "texture": "#log_big_oak" },
        "north": { "uv": [ 7.75, 11.75, 7.875, 12.875 ], "texture": "#log_big_oak" },
        "south": { "uv": [ 8.125, 11.75, 8.25, 12.875 ], "texture": "#log_big_oak" },
        "east":  { "uv": [ 7.5, 11.75, 7.625, 12.875 ], "texture": "#log_big_oak" }
    }
},
{
    "__comment": "Bow",
    "from": [ 8.125, 11.5, 8.375 ],
    "to": [ 8.25, 11.75, 8.5 ],
    "faces": {
        "down":  { "uv": [ 7.875, 8.5, 7.75, 8.375 ], "texture": "#log_big_oak" },
        "north": { "uv": [ 7.75, 4.25, 7.875, 4.5 ], "texture": "#log_big_oak" },
        "east":  { "uv": [ 7.5, 4.25, 7.625, 4.5 ], "texture": "#log_big_oak" }
    }
},
{
    "__comment": "Bow",
    "from": [ 8.125, 9.75, 8.75 ],
    "to": [ 8.25, 10, 8.875 ],
    "faces": {
        "up":    { "uv": [ 8.125, 8.75, 8.25, 8.875 ], "texture": "#log_big_oak" },
        "north": { "uv": [ 7.75, 6, 7.875, 6.25 ], "texture": "#log_big_oak" },
        "east":  { "uv": [ 7.125, 6, 7.25, 6.25 ], "texture": "#log_big_oak" }
    }
},
{
    "__comment": "Bow",
    "from": [ 8.125, 5.125, 8.875 ],
    "to": [ 8.25, 5.5, 9 ],
    "faces": {
        "up":    { "uv": [ 8.125, 8.875, 8.25, 9 ], "texture": "#log_big_oak" },
        "north": { "uv": [ 7.75, 10.5, 7.875, 10.875 ], "texture": "#log_big_oak" },
        "east":  { "uv": [ 7, 10.5, 7.125, 10.875 ], "texture": "#log_big_oak" }
    }
},
{
    "__comment": "Bow",
    "from": [ 8.125, 9.25, 8.875 ],
    "to": [ 8.25, 9.375, 9 ],
    "faces": {
        "down":  { "uv": [ 7.875, 9, 7.75, 8.875 ], "texture": "#log_big_oak" },
        "north": { "uv": [ 7.75, 6.625, 7.875, 6.75 ], "texture": "#log_big_oak" },
        "east":  { "uv": [ 7, 6.625, 7.125, 6.75 ], "texture": "#log_big_oak" }
    }
},
{
    "__comment": "Bow",
    "from": [ 8.125, 6.25, 9 ],
    "to": [ 8.25, 6.375, 9.125 ],
    "faces": {
        "down":  { "uv": [ 7.875, 9.125, 7.75, 9 ], "texture": "#log_big_oak" },
        "up":    { "uv": [ 8.125, 9, 8.25, 9.125 ], "texture": "#log_big_oak" },
        "north": { "uv": [ 7.75, 9.625, 7.875, 9.75 ], "texture": "#log_big_oak" },
        "east":  { "uv": [ 6.875, 9.625, 7, 9.75 ], "texture": "#log_big_oak" }
    }
},
{
    "__comment": "Bow",
    "from": [ 8.125, 8.5, 9 ],
    "to": [ 8.25, 8.875, 9.5 ],
    "faces": {
        "down":  { "uv": [ 7.875, 9.5, 7.75, 9 ], "texture": "#cauldron_inner" },
        "north": { "uv": [ 7.75, 7.125, 7.875, 7.5 ], "texture": "#cauldron_inner" },
        "south": { "uv": [ 8.125, 7.125, 8.25, 7.5 ], "texture": "#cauldron_inner" },
        "west":  { "uv": [ 9, 7.125, 9.5, 7.5 ], "texture": "#cauldron_inner" },
        "east":  { "uv": [ 6.5, 7.125, 7, 7.5 ], "texture": "#cauldron_inner" }
    }
},
{
    "__comment": "Bow",
    "from": [ 8.125, 6, 9.125 ],
    "to": [ 8.25, 6.125, 9.25 ],
    "faces": {
        "north": { "uv": [ 7.75, 9.875, 7.875, 10 ], "texture": "#log_big_oak" },
        "south": { "uv": [ 8.125, 9.875, 8.25, 10 ], "texture": "#log_big_oak" },
        "east":  { "uv": [ 6.75, 9.875, 6.875, 10 ], "texture": "#log_big_oak" }
    }
},
{
    "__comment": "Bow",
    "from": [ 8.125, 6.375, 9.125 ],
    "to": [ 8.25, 6.5, 9.375 ],
    "faces": {
        "up":    { "uv": [ 8.125, 9.125, 8.25, 9.375 ], "texture": "#log_big_oak" },
        "north": { "uv": [ 7.75, 9.5, 7.875, 9.625 ], "texture": "#log_big_oak" },
        "south": { "uv": [ 8.125, 9.5, 8.25, 9.625 ], "texture": "#log_big_oak" },
        "east":  { "uv": [ 6.625, 9.5, 6.875, 9.625 ], "texture": "#log_big_oak" }
    }
},
{
    "__comment": "Bow",
    "from": [ 8.125, 6.875, 9.125 ],
    "to": [ 8.25, 7.25, 9.5 ],
    "faces": {
        "down":  { "uv": [ 7.875, 9.5, 7.75, 9.125 ], "texture": "#cauldron_inner" },
        "up":    { "uv": [ 8.125, 9.125, 8.25, 9.5 ], "texture": "#cauldron_inner" },
        "north": { "uv": [ 7.75, 8.75, 7.875, 9.125 ], "texture": "#cauldron_inner" },
        "south": { "uv": [ 8.125, 8.75, 8.25, 9.125 ], "texture": "#cauldron_inner" },
        "east":  { "uv": [ 6.5, 8.75, 6.875, 9.125 ], "texture": "#cauldron_inner" }
    }
},
{
    "__comment": "Bow",
    "from": [ 8.125, 7.5, 9.125 ],
    "to": [ 8.25, 8.5, 9.625 ],
    "faces": {
        "down":  { "uv": [ 7.875, 9.625, 7.75, 9.125 ], "texture": "#cauldron_inner" },
        "up":    { "uv": [ 8.125, 9.125, 8.25, 9.625 ], "texture": "#cauldron_inner" },
        "north": { "uv": [ 7.75, 7.5, 7.875, 8.5 ], "texture": "#cauldron_inner" },
        "south": { "uv": [ 8.125, 7.5, 8.25, 8.5 ], "texture": "#cauldron_inner" },
        "west":  { "uv": [ 9.125, 7.5, 9.625, 8.5 ], "texture": "#cauldron_inner" },
        "east":  { "uv": [ 6.375, 7.5, 6.875, 8.5 ], "texture": "#cauldron_inner" }
    }
},
{
    "__comment": "Bow",
    "from": [ 8.125, 6.5, 9.25 ],
    "to": [ 8.25, 6.875, 9.5 ],
    "faces": {
        "down":  { "uv": [ 7.875, 9.5, 7.75, 9.25 ], "texture": "#log_big_oak" },
        "north": { "uv": [ 7.75, 9.125, 7.875, 9.5 ], "texture": "#log_big_oak" },
        "south": { "uv": [ 8.125, 9.125, 8.25, 9.5 ], "texture": "#log_big_oak" },
        "west":  { "uv": [ 9.25, 9.125, 9.5, 9.5 ], "texture": "#log_big_oak" },
        "east":  { "uv": [ 6.5, 9.125, 6.75, 9.5 ], "texture": "#log_big_oak" }
    }
},
{
    "__comment": "Bow",
    "from": [ 8.125, 7.25, 9.25 ],
    "to": [ 8.25, 7.5, 9.5 ],
    "faces": {
        "north": { "uv": [ 7.75, 8.5, 7.875, 8.75 ], "texture": "#cauldron_inner" },
        "south": { "uv": [ 8.125, 8.5, 8.25, 8.75 ], "texture": "#cauldron_inner" },
        "east":  { "uv": [ 6.5, 8.5, 6.75, 8.75 ], "texture": "#cauldron_inner" }
    }
},
{
    "__comment": "Bow",
    "from": [ 8.125, 5.75, 9.375 ],
    "to": [ 8.25, 5.875, 9.5 ],
    "faces": {
        "down":  { "uv": [ 7.875, 9.5, 7.75, 9.375 ], "texture": "#log_big_oak" },
        "up":    { "uv": [ 8.125, 9.375, 8.25, 9.5 ], "texture": "#log_big_oak" },
        "south": { "uv": [ 8.125, 10.125, 8.25, 10.25 ], "texture": "#log_big_oak" },
        "east":  { "uv": [ 6.5, 10.125, 6.625, 10.25 ], "texture": "#log_big_oak" }
    }
},
{
    "__comment": "Bow",
    "from": [ 8.25, 4, 8.625 ],
    "to": [ 8.375, 4.125, 8.75 ],
    "faces": {
        "up":    { "uv": [ 8.25, 8.625, 8.375, 8.75 ], "texture": "#log_big_oak" },
        "north": { "uv": [ 7.625, 11.875, 7.75, 12 ], "texture": "#log_big_oak" },
        "south": { "uv": [ 8.25, 11.875, 8.375, 12 ], "texture": "#log_big_oak" },
        "east":  { "uv": [ 7.25, 11.875, 7.375, 12 ], "texture": "#log_big_oak" }
    }
},
{
    "__comment": "Bow",
    "from": [ 8.25, 4.375, 8.75 ],
    "to": [ 8.375, 4.5, 8.875 ],
    "faces": {
        "down":  { "uv": [ 7.75, 8.875, 7.625, 8.75 ], "texture": "#log_big_oak" },
        "up":    { "uv": [ 8.25, 8.75, 8.375, 8.875 ], "texture": "#log_big_oak" },
        "north": { "uv": [ 7.625, 11.5, 7.75, 11.625 ], "texture": "#log_big_oak" },
        "south": { "uv": [ 8.25, 11.5, 8.375, 11.625 ], "texture": "#log_big_oak" },
        "east":  { "uv": [ 7.125, 11.5, 7.25, 11.625 ], "texture": "#log_big_oak" }
    }
},
{
    "__comment": "Bow",
    "from": [ 8.25, 11.25, 8.75 ],
    "to": [ 8.375, 11.375, 9 ],
    "faces": {
        "up":    { "uv": [ 8.25, 8.75, 8.375, 9 ], "texture": "#log_big_oak" },
        "north": { "uv": [ 7.625, 4.625, 7.75, 4.75 ], "texture": "#log_big_oak" },
        "south": { "uv": [ 8.25, 4.625, 8.375, 4.75 ], "texture": "#log_big_oak" },
        "east":  { "uv": [ 7, 4.625, 7.25, 4.75 ], "texture": "#log_big_oak" }
    }
},
{
    "__comment": "Bow",
    "from": [ 8.25, 9.625, 9 ],
    "to": [ 8.375, 9.875, 9.125 ],
    "faces": {
        "down":  { "uv": [ 7.75, 9.125, 7.625, 9 ], "texture": "#log_big_oak" },
        "up":    { "uv": [ 8.25, 9, 8.375, 9.125 ], "texture": "#log_big_oak" },
        "north": { "uv": [ 7.625, 6.125, 7.75, 6.375 ], "texture": "#log_big_oak" },
        "south": { "uv": [ 8.25, 6.125, 8.375, 6.375 ], "texture": "#log_big_oak" },
        "west":  { "uv": [ 9, 6.125, 9.125, 6.375 ], "texture": "#log_big_oak" },
        "east":  { "uv": [ 6.875, 6.125, 7, 6.375 ], "texture": "#log_big_oak" }
    }
},
{
    "__comment": "Bow",
    "from": [ 8.25, 10.25, 9 ],
    "to": [ 8.375, 10.375, 9.125 ],
    "faces": {
        "down":  { "uv": [ 7.75, 9.125, 7.625, 9 ], "texture": "#log_big_oak" },
        "north": { "uv": [ 7.625, 5.625, 7.75, 5.75 ], "texture": "#log_big_oak" },
        "south": { "uv": [ 8.25, 5.625, 8.375, 5.75 ], "texture": "#log_big_oak" },
        "east":  { "uv": [ 6.875, 5.625, 7, 5.75 ], "texture": "#log_big_oak" }
    }
},
{
    "__comment": "Bow",
    "from": [ 8.25, 10.5, 9.125 ],
    "to": [ 8.375, 10.75, 9.25 ],
    "faces": {
        "up":    { "uv": [ 8.25, 9.125, 8.375, 9.25 ], "texture": "#log_big_oak" },
        "south": { "uv": [ 8.25, 5.25, 8.375, 5.5 ], "texture": "#log_big_oak" },
        "east":  { "uv": [ 6.75, 5.25, 6.875, 5.5 ], "texture": "#log_big_oak" }
    }
},
{
    "from": [ 7.9375, 1.382, 6.5 ],
    "to": [ 8.1825, 14.75, 6.5625 ],
    "faces": {
        "down":  { "uv": [ 8.0625, 6.5625, 7.8175, 6.5 ], "texture": "#wool_colored_white" },
        "up":    { "uv": [ 7.9375, 6.5, 8.182499885559082, 6.5625 ], "texture": "#wool_colored_white" },
        "north": { "uv": [ 7.817500114440918, 1.25, 8.0625, 14.618000030517578 ], "texture": "#wool_colored_white" },
        "south": { "uv": [ 7.9375, 1.25, 8.182499885559082, 14.618000030517578 ], "texture": "#wool_colored_white" },
        "west":  { "uv": [ 6.5, 1.25, 6.5625, 14.618000030517578 ], "texture": "#wool_colored_white" },
        "east":  { "uv": [ 9.4375, 1.25, 9.5, 14.618000030517578 ], "texture": "#wool_colored_white" }
    }
}
],
"display": {
    "thirdperson_righthand": {
        "rotation": [ -6, 167, 1 ],
        "translation": [ -1.7, -1.32, 2.08 ],
        "scale": [ 1.95, 1.95, 1.95 ]
    },
    "thirdperson_lefthand": {
        "rotation": [ -6, 167, 1 ],
        "translation": [ 1.7, -1.32, 2.08 ],
        "scale": [ 1.95, 1.95, 1.95 ]
    },
    "head": {
        "rotation": [ -84, -48, -82 ],
        "translation": [ -1.51, -15.31, 4.16 ],
        "scale": [ 4, 2.11, 2.27 ]
    },
    "ground": {
        "rotation": [ 0, 0, 0 ],
        "translation": [ 0, 2, 0 ],
        "scale": [ 0.5, 0.5, 0.5 ]
    },
    "fixed": {
        "rotation": [ 79, 136, -81 ],
        "translation": [ 0.38, 0.38, -0.76 ],
        "scale": [ 1.25, 1.25, 1.25 ]
    },
    "firstperson_righthand": {
        "rotation": [ 6, 160, 0 ],
        "translation": [ 0, 2.65, 0.38 ],
        "scale": [ 1, 1, 1 ]
    },
    "firstperson_lefthand": {
        "rotation": [ 6, 167, 0 ],
        "translation": [ 2.46, 2.65, 0.38 ],
        "scale": [ 1, 1, 1 ]
    },
    "gui": {
        "rotation": [ -79, -48, -94 ],
        "translation": [ -0.57, 0.19, 0 ],
        "scale": [ 1.25, 1.25, 1.25 ]
    }
}
}