{
"__comment": "Designed by CoolScreenName http://www.planetminecraft.com/member/coolscreenname/",
"textures": {
    "particle": "blocks/cake_top",
    "texture": "blocks/iron_block",
    "cake_top": "blocks/cake_top",
    "cake_side": "blocks/cake_side",
    "cake_inner": "blocks/cake_inner",
    "cake_bottom": "blocks/cake_bottom"
},
"elements": [ 
{
    "__comment": "tray base",
    "from": [ 0.5, 0, 0.5 ],
    "to": [ 15.5, 1, 15.5 ],
    "faces": {
        "down":  { "uv": [ 15.5, 15.5, 0.5, 0.5 ], "texture": "#texture" },
        "up":    { "uv": [ 0.5, 0.5, 15.5, 15.5 ], "texture": "#texture" },
        "north": { "uv": [ 0.5, 15, 15.5, 16 ], "texture": "#texture" },
        "south": { "uv": [ 0.5, 15, 15.5, 16 ], "texture": "#texture" },
        "west":  { "uv": [ 0.5, 15, 15.5, 16 ], "texture": "#texture" },
        "east":  { "uv": [ 0.5, 15, 15.5, 16 ], "texture": "#texture" }
    }
},
{
    "__comment": "tray",
    "from": [ 15.5, 0.5, 0.5 ],
    "to": [ 16, 1.5, 15.5 ],
    "faces": {
        "down":  { "uv": [ 0.5, 15.5, 0, 0.5 ], "texture": "#texture" },
        "up":    { "uv": [ 15.5, 0.5, 16, 15.5 ], "texture": "#texture" },
        "north": { "uv": [ 0, 14.5, 0.5, 15.5 ], "texture": "#texture" },
        "south": { "uv": [ 15.5, 14.5, 16, 15.5 ], "texture": "#texture" },
        "west":  { "uv": [ 0.5, 14.5, 15.5, 15.5 ], "texture": "#texture" },
        "east":  { "uv": [ 0.5, 14.5, 15.5, 15.5 ], "texture": "#texture" }
    }
},
{
    "__comment": "tray",
    "from": [ 0, 0.5, 0.5 ],
    "to": [ 0.5, 1.5, 15.5 ],
    "faces": {
        "down":  { "uv": [ 16, 15.5, 15.5, 0.5 ], "texture": "#texture" },
        "up":    { "uv": [ 0, 0.5, 0.5, 15.5 ], "texture": "#texture" },
        "north": { "uv": [ 15.5, 14.5, 16, 15.5 ], "texture": "#texture" },
        "south": { "uv": [ 0, 14.5, 0.5, 15.5 ], "texture": "#texture" },
        "west":  { "uv": [ 0.5, 14.5, 15.5, 15.5 ], "texture": "#texture" },
        "east":  { "uv": [ 0.5, 14.5, 15.5, 15.5 ], "texture": "#texture" }
    }
},
{
    "__comment": "tray",
    "from": [ 0.5, 0.5, 15.5 ],
    "to": [ 15.5, 1.5, 16 ],
    "faces": {
        "down":  { "uv": [ 15.5, 16, 0.5, 15.5 ], "texture": "#texture" },
        "up":    { "uv": [ 0.5, 15.5, 15.5, 16 ], "texture": "#texture" },
        "north": { "uv": [ 0.5, 14.5, 15.5, 15.5 ], "texture": "#texture" },
        "south": { "uv": [ 0.5, 14.5, 15.5, 15.5 ], "texture": "#texture" },
        "west":  { "uv": [ 15.5, 14.5, 16, 15.5 ], "texture": "#texture" },
        "east":  { "uv": [ 0, 14.5, 0.5, 15.5 ], "texture": "#texture" }
    }
},
{
    "__comment": "tray",
    "from": [ 0.5, 0.501, 0 ],
    "to": [ 15.5, 1.501, 0.5 ],
    "faces": {
        "down":  { "uv": [ 15.5, 0.5, 0.5, 0 ], "texture": "#texture" },
        "up":    { "uv": [ 0.5, 0, 15.5, 0.5 ], "texture": "#texture" },
        "north": { "uv": [ 0.5, 14.499, 15.5, 15.499 ], "texture": "#texture" },
        "south": { "uv": [ 0.5, 14.499, 15.5, 15.499 ], "texture": "#texture" },
        "west":  { "uv": [ 0, 14.499, 0.5, 15.499 ], "texture": "#texture" },
        "east":  { "uv": [ 15.5, 14.499, 16, 15.499 ], "texture": "#texture" }
    }
},
{
    "__comment": "cake north",
    "from": [ 1, 1, 1 ],
    "to": [ 15, 8, 8 ],
    "faces": {
        "down":  { "uv": [ 15, 8, 1, 1 ], "texture": "#cake_bottom" },
        "up":    { "uv": [ 1, 1, 15, 8 ], "texture": "#cake_top" },
        "north": { "uv": [ 1, 8, 15, 15 ], "texture": "#cake_side" },
        "south": { "uv": [ 1, 8, 15, 15 ], "texture": "#cake_inner" },
        "west":  { "uv": [ 1, 8, 8, 15 ], "texture": "#cake_side" },
        "east":  { "uv": [ 8, 8, 15, 15 ], "texture": "#cake_side" }
    }
},
{
    "__comment": "cake south",
    "from": [ 1, 1, 8 ],
    "to": [ 15, 8, 15 ],
    "faces": {
        "down":  { "uv": [ 15, 15, 1, 8 ], "texture": "#cake_bottom" },
        "up":    { "uv": [ 1, 8, 15, 15 ], "texture": "#cake_top" },
        "north": { "uv": [ 1, 8, 15, 15 ], "texture": "#cake_inner" },
        "south": { "uv": [ 1, 8, 15, 15 ], "texture": "#cake_side" },
        "west":  { "uv": [ 8, 8, 15, 15 ], "texture": "#cake_side" },
        "east":  { "uv": [ 1, 8, 8, 15 ], "texture": "#cake_side" }
    }
}
],
"display": {
    "thirdperson_righthand": {
        "rotation": [ 75, 45, 0 ],
        "translation": [ 0, 2.5, 0 ],
        "scale": [ 0.375, 0.375, 0.375 ]
    },
    "thirdperson_lefthand": {
        "rotation": [ 75, 45, 0 ],
        "translation": [ 0, 2.5, 0 ],
        "scale": [ 0.375, 0.375, 0.375 ]
    },
    "head": {
        "rotation": [ 0, 0, 0 ],
        "translation": [ 0, 13, 0 ],
        "scale": [ 1, 1, 1 ]
    },
    "ground": {
        "rotation": [ 0, 0, 0 ],
        "translation": [ 0, 3, 0 ],
        "scale": [ 0.25, 0.25, 0.25 ]
    },
    "fixed": {
        "rotation": [ 0, 0, 0 ],
        "translation": [ 0, 0, 0 ],
        "scale": [ 0.5, 0.5, 0.5 ]
    },
    "firstperson_righthand": {
        "rotation": [ 0, -4, 0 ],
        "translation": [ 0, 0, 0 ],
        "scale": [ 0.4, 0.4, 0.4 ]
    },
    "firstperson_lefthand": {
        "rotation": [ 0, -4, 0 ],
        "translation": [ 0, 0, 0 ],
        "scale": [ 0.4, 0.4, 0.4 ]
    },
    "gui": {
        "rotation": [ 30, 225, 0 ],
        "translation": [ 0, 0, 0 ],
        "scale": [ 0.625, 0.625, 0.625 ]
    }
}
}