{
"__comment": "Designed by CoolScreenName http://www.planetminecraft.com/member/coolscreenname/",
"textures": {
    "particle": "blocks/sapling_acacia",
    "texture": "blocks/leaves_acacia",
    "log_oak": "blocks/log_acacia"
},
"elements": [ 
{
    "__comment": "leaves",
    "from": [ 3, 9.5, 3 ],
    "to": [ 13, 11.5, 13 ],
    "faces": {
        "down":  { "uv": [ 0, 11.5, 5, 16 ], "texture": "#texture" },
        "up":    { "uv": [ 0, 11.5, 5, 16 ], "texture": "#texture" },
        "north": { "uv": [ 0, 11.5, 5.5, 16 ], "texture": "#texture" },
        "south": { "uv": [ 0, 11.5, 5.5, 16 ], "texture": "#texture" },
        "west":  { "uv": [ 0, 11.5, 5.5, 16 ], "texture": "#texture" },
        "east":  { "uv": [ 0, 11.5, 5.5, 16 ], "texture": "#texture" }
    }
},
{
    "__comment": "leaves",
    "from": [ 4, 7.5, 12 ],
    "to": [ 12, 9, 19 ],
    "faces": {
        "down":  { "uv": [ 0, 11.5, 5, 16 ], "texture": "#texture", "cullface": "south" },
        "up":    { "uv": [ 0, 11.5, 5, 16 ], "texture": "#texture", "cullface": "south" },
        "north": { "uv": [ 0, 11.5, 5.5, 16 ], "texture": "#texture", "cullface": "south" },
        "south": { "uv": [ 0, 11.5, 5.5, 16 ], "texture": "#texture", "cullface": "south" },
        "west":  { "uv": [ 0, 11.5, 5.5, 16 ], "texture": "#texture", "cullface": "south" },
        "east":  { "uv": [ 0, 11.5, 5.5, 16 ], "texture": "#texture", "cullface": "south" }
    }
},
{
    "__comment": "leaves",
    "from": [ 5, 9, 14.5 ],
    "to": [ 11, 10, 16.5 ],
    "faces": {
        "down":  { "uv": [ 0, 11.5, 5, 16 ], "texture": "#texture", "cullface": "south" },
        "up":    { "uv": [ 0, 11.5, 5, 16 ], "texture": "#texture", "cullface": "south" },
        "north": { "uv": [ 0, 11.5, 5.5, 16 ], "texture": "#texture", "cullface": "south" },
        "south": { "uv": [ 0, 11.5, 5.5, 16 ], "texture": "#texture", "cullface": "south" },
        "west":  { "uv": [ 0, 11.5, 5.5, 16 ], "texture": "#texture", "cullface": "south" },
        "east":  { "uv": [ 0, 11.5, 5.5, 16 ], "texture": "#texture", "cullface": "south" }
    }
},
{
    "__comment": "log",
    "from": [ 6.5, 0, 6.5 ],
    "to": [ 9, 11, 9.5 ],
    "faces": {
        "down":  { "uv": [ 0, 11.5, 5, 16 ], "texture": "#log_oak", "cullface": "down" },
        "north": { "uv": [ 0, 11.5, 5.5, 16 ], "texture": "#log_oak" },
        "south": { "uv": [ 0, 11.5, 5.5, 16 ], "texture": "#log_oak" },
        "west":  { "uv": [ 0, 11.5, 5.5, 16 ], "texture": "#log_oak" },
        "east":  { "uv": [ 0, 11.5, 5.5, 16 ], "texture": "#log_oak" }
    }
},
{
    "__comment": "leaves",
    "from": [ 6.5, 11.5, 4.5 ],
    "to": [ 9.5, 13, 11.5 ],
    "faces": {
        "up":    { "uv": [ 0, 11.5, 5, 16 ], "texture": "#texture" },
        "north": { "uv": [ 0, 11.5, 5.5, 16 ], "texture": "#texture" },
        "south": { "uv": [ 0, 11.5, 5.5, 16 ], "texture": "#texture" },
        "west":  { "uv": [ 0, 11.5, 5.5, 16 ], "texture": "#texture" },
        "east":  { "uv": [ 0, 11.5, 5.5, 16 ], "texture": "#texture" }
    }
},
{
    "__comment": "leaves",
    "from": [ 4, 11, 6.5 ],
    "to": [ 12, 12.5, 9.5 ],
    "faces": {
        "down":  { "uv": [ 0, 11.5, 5, 16 ], "texture": "#texture" },
        "up":    { "uv": [ 0, 11.5, 5, 16 ], "texture": "#texture" },
        "north": { "uv": [ 0, 11.5, 5.5, 16 ], "texture": "#texture" },
        "south": { "uv": [ 0, 11.5, 5.5, 16 ], "texture": "#texture" },
        "west":  { "uv": [ 0, 11.5, 5.5, 16 ], "texture": "#texture" },
        "east":  { "uv": [ 0, 11.5, 5.5, 16 ], "texture": "#texture" }
    }
},
{
    "__comment": "leaves",
    "from": [ 7, 9, 12.5 ],
    "to": [ 9, 10.5, 18.5 ],
    "faces": {
        "up":    { "uv": [ 0, 11.5, 5, 16 ], "texture": "#texture", "cullface": "south" },
        "north": { "uv": [ 0, 11.5, 5.5, 16 ], "texture": "#texture", "cullface": "south" },
        "south": { "uv": [ 0, 11.5, 5.5, 16 ], "texture": "#texture", "cullface": "south" },
        "west":  { "uv": [ 0, 11.5, 5.5, 16 ], "texture": "#texture", "cullface": "south" },
        "east":  { "uv": [ 0, 11.5, 5.5, 16 ], "texture": "#texture", "cullface": "south" }
    }
},
{
    "__comment": "log",
    "from": [ 7, 4.5, 11.5 ],
    "to": [ 9, 6.5, 15.5 ],
    "faces": {
        "down":  { "uv": [ 0, 0, 16, 16 ], "texture": "#log_oak" },
        "up":    { "uv": [ 0, 0, 16, 16 ], "texture": "#log_oak" },
        "north": { "uv": [ 0, 0, 16, 16 ], "texture": "#log_oak" },
        "south": { "uv": [ 0, 0, 16, 16 ], "texture": "#log_oak" },
        "west":  { "uv": [ 0, 0, 16, 16 ], "texture": "#log_oak" },
        "east":  { "uv": [ 0, 0, 16, 16 ], "texture": "#log_oak" }
    }
},
{
    "__comment": "log",
    "from": [ 7, 3.5, 9.5 ],
    "to": [ 9, 5.5, 11.5 ],
    "faces": {
        "down":  { "uv": [ 0, 0, 16, 16 ], "texture": "#log_oak" },
        "up":    { "uv": [ 0, 0, 16, 16 ], "texture": "#log_oak" },
        "south": { "uv": [ 0, 0, 16, 16 ], "texture": "#log_oak" },
        "west":  { "uv": [ 0, 0, 16, 16 ], "texture": "#log_oak" },
        "east":  { "uv": [ 0, 0, 16, 16 ], "texture": "#log_oak" }
    }
},
{
    "__comment": "log",
    "from": [ 7, 6.5, 14.5 ],
    "to": [ 9, 8.5, 16.5 ],
    "faces": {
        "down":  { "uv": [ 0, 0, 16, 16 ], "texture": "#log_oak", "cullface": "south" },
        "up":    { "uv": [ 0, 0, 16, 16 ], "texture": "#log_oak", "cullface": "south" },
        "north": { "uv": [ 0, 0, 16, 16 ], "texture": "#log_oak", "cullface": "south" },
        "south": { "uv": [ 0, 0, 16, 16 ], "texture": "#log_oak", "cullface": "south" },
        "west":  { "uv": [ 0, 0, 16, 16 ], "texture": "#log_oak", "cullface": "south" },
        "east":  { "uv": [ 0, 0, 16, 16 ], "texture": "#log_oak", "cullface": "south" }
    }
}
],
"display": {
    "thirdperson_righthand": {
        "rotation": [ 0, -99, -1 ],
        "translation": [ 0, 4, 0.5 ],
        "scale": [ 0.69, 0.69, 0.69 ]
    },
    "thirdperson_lefthand": {
        "rotation": [ 0, -99, -1 ],
        "translation": [ 0, 4, 0.5 ],
        "scale": [ 0.69, 0.69, 0.69 ]
    },
    "head": {
        "rotation": [ 0, 95, 0 ],
        "translation": [ 0, 13, 0 ],
        "scale": [ 1, 1, 1 ]
    },
    "ground": {
        "rotation": [ 0, 0, 0 ],
        "translation": [ 0, 2, 0 ],
        "scale": [ 0.34, 0.34, 0.34 ]
    },
    "fixed": {
        "rotation": [ 0, 85, 0 ],
        "translation": [ -2.08, 0, 0 ],
        "scale": [ 1, 1, 1 ]
    },
    "firstperson_righthand": {
        "rotation": [ 0, -113, 20 ],
        "translation": [ 1.12, 3.97, 1.12 ],
        "scale": [ 0.68, 0.68, 0.68 ]
    },
    "firstperson_lefthand": {
        "rotation": [ 0, -91, 17 ],
        "translation": [ 1.7, 4.35, 1.12 ],
        "scale": [ 0.68, 0.68, 0.68 ]
    },
    "gui": {
        "rotation": [ 9, 112, 0 ],
        "translation": [ -0.38, 0, 0 ],
        "scale": [ 0.62, 0.62, 0.62 ]
    }
}
}