{
"__comment": "3D Models by Sibsib92 with BDcraft Cubik PRO 0.87 Beta - http://bdcraft.net",
"ambientocclusion": false,
"textures": {
    "particle": "blocks/rail_activator",
    "texture": "blocks/planks_oak",
    "inner": "blocks/anvil_base",
    "outer": "blocks/iron_block",
    "gold": "blocks/gold_block",
    "redstone": "blocks/cauldron_inner"
},
"elements": [ 
{
    "__comment": "Redstone",
    "from": [ 7, 16, 0 ],
    "to": [ 9, 16.5, 22.625 ],
    "rotation": { "origin": [ 7, 16.5, 0 ], "axis": "x", "angle": 45 },
    "faces": {
        "down":  { "uv": [ 9, 16, 7, 0 ], "texture": "#redstone" },
        "up":    { "uv": [ 7, 0, 9, 16 ], "texture": "#redstone" },
        "north": { "uv": [ 7, 0, 9, 0.5 ], "texture": "#redstone" },
        "south": { "uv": [ 7, 0, 9, 0.5 ], "texture": "#redstone" },
        "west":  { "uv": [ 0, 0, 16, 0.5 ], "texture": "#redstone" },
        "east":  { "uv": [ 0, 0, 16, 0.5 ], "texture": "#redstone" }
    }
},
{
    "__comment": "Redstone",
    "from": [ 4, 15.9375, 1 ],
    "to": [ 6, 16.4375, 3 ],
    "rotation": { "origin": [ 4, 16.4375, 1 ], "axis": "x", "angle": 45 },
    "faces": {
        "down":  { "uv": [ 11, 3, 9, 1 ], "texture": "#redstone" },
        "up":    { "uv": [ 4, 1, 6, 3 ], "texture": "#redstone" },
        "north": { "uv": [ 10, 14.5, 12, 15 ], "texture": "#redstone" },
        "south": { "uv": [ 5, 14.5, 7, 15 ], "texture": "#redstone" },
        "west":  { "uv": [ 1, 14.5, 3, 15 ], "texture": "#redstone" },
        "east":  { "uv": [ 13, 14.5, 15, 15 ], "texture": "#redstone" }
    }
},
{
    "__comment": "Redstone",
    "from": [ 10, 16, 1 ],
    "to": [ 12, 16.5, 3 ],
    "rotation": { "origin": [ 10, 16.5, 1 ], "axis": "x", "angle": 45 },
    "faces": {
        "down":  { "uv": [ 7, 3, 5, 1 ], "texture": "#redstone" },
        "up":    { "uv": [ 10, 1, 12, 3 ], "texture": "#redstone" },
        "north": { "uv": [ 5, 14.5, 7, 15 ], "texture": "#redstone" },
        "south": { "uv": [ 10, 14.5, 12, 15 ], "texture": "#redstone" },
        "west":  { "uv": [ 1, 14.5, 3, 15 ], "texture": "#redstone" },
        "east":  { "uv": [ 13, 14.5, 15, 15 ], "texture": "#redstone" }
    }
},
{
    "__comment": "Redstone",
    "from": [ 4, 3.9375, 13 ],
    "to": [ 6, 4.4375, 15 ],
    "rotation": { "origin": [ 4, 4.4375, 13 ], "axis": "x", "angle": 45 },
    "faces": {
        "down":  { "uv": [ 11, 15, 9, 13 ], "texture": "#redstone" },
        "up":    { "uv": [ 4, 13, 6, 15 ], "texture": "#redstone" },
        "north": { "uv": [ 10, 14.5, 12, 15 ], "texture": "#redstone" },
        "south": { "uv": [ 5, 14.5, 7, 15 ], "texture": "#redstone" },
        "west":  { "uv": [ 13, 14.5, 15, 15 ], "texture": "#redstone" },
        "east":  { "uv": [ 1, 14.5, 3, 15 ], "texture": "#redstone" }
    }
},
{
    "__comment": "Redstone",
    "from": [ 10, 4, 13 ],
    "to": [ 12, 4.5, 15 ],
    "rotation": { "origin": [ 10, 4.5, 13 ], "axis": "x", "angle": 45 },
    "faces": {
        "down":  { "uv": [ 7, 15, 5, 13 ], "texture": "#redstone" },
        "up":    { "uv": [ 10, 13, 12, 15 ], "texture": "#redstone" },
        "north": { "uv": [ 5, 14.5, 7, 15 ], "texture": "#redstone" },
        "south": { "uv": [ 10, 14.5, 12, 15 ], "texture": "#redstone" },
        "west":  { "uv": [ 13, 14.5, 15, 15 ], "texture": "#redstone" },
        "east":  { "uv": [ 1, 14.5, 3, 15 ], "texture": "#redstone" }
    }
},
{
    "__comment": "Wood",
    "from": [ 1, 15.0625, 0.625 ],
    "to": [ 15, 16.0625, 2.625 ],
    "rotation": { "origin": [ 1, 16.0625, 0.625 ], "axis": "x", "angle": 45 },
    "faces": {
        "down":  { "uv": [ 1, 3, 15, 1 ], "texture": "#texture" },
        "up":    { "uv": [ 1, 1, 15, 3 ], "texture": "#texture" },
        "north": { "uv": [ 15, 1, 1, 2 ], "texture": "#texture" },
        "south": { "uv": [ 1, 2, 15, 3 ], "texture": "#texture" },
        "west":  { "uv": [ 1, 3, 2, 1 ], "rotation": 90, "texture": "#texture" },
        "east":  { "uv": [ 14, 1, 15, 3 ], "rotation": 90, "texture": "#texture" }
    }
},
{
    "__comment": "Wood",
    "from": [ 1, 3.0625, 12.625 ],
    "to": [ 15, 4.0625, 14.625 ],
    "rotation": { "origin": [ 1, 4.0625, 12.625 ], "axis": "x", "angle": 45 },
    "faces": {
        "down":  { "uv": [ 1, 15, 15, 13 ], "texture": "#texture" },
        "up":    { "uv": [ 1, 13, 15, 15 ], "texture": "#texture" },
        "north": { "uv": [ 15, 13, 1, 14 ], "texture": "#texture" },
        "south": { "uv": [ 1, 14, 15, 15 ], "texture": "#texture" },
        "west":  { "uv": [ 1, 15, 2, 13 ], "rotation": 90, "texture": "#texture" },
        "east":  { "uv": [ 14, 13, 15, 15 ], "rotation": 90, "texture": "#texture" }
    }
},
{
    "__comment": "Inner",
    "from": [ 3, 17, 0 ],
    "to": [ 4, 18, 22.625 ],
    "rotation": { "origin": [ 3, 18, 0 ], "axis": "x", "angle": 45 },
    "faces": {
        "down":  { "uv": [ 1, 16, 0, 0 ], "texture": "#inner" },
        "up":    { "uv": [ 0, 0, 1, 16 ], "texture": "#inner" },
        "north": { "uv": [ 0, 0, 1, 1 ], "texture": "#inner" },
        "south": { "uv": [ 0, 15, 1, 16 ], "texture": "#inner" },
        "west":  { "uv": [ 0, 16, 1, 0 ], "rotation": 90, "texture": "#inner" },
        "east":  { "uv": [ 0, 0, 1, 16 ], "rotation": 90, "texture": "#inner" }
    }
},
{
    "__comment": "Inner",
    "from": [ 12, 17, 0 ],
    "to": [ 13, 18, 22.625 ],
    "rotation": { "origin": [ 12, 18, 0 ], "axis": "x", "angle": 45 },
    "faces": {
        "down":  { "uv": [ 1, 16, 0, 0 ], "texture": "#inner" },
        "up":    { "uv": [ 0, 0, 1, 16 ], "texture": "#inner" },
        "north": { "uv": [ 0, 0, 1, 1 ], "texture": "#inner" },
        "south": { "uv": [ 0, 15, 1, 16 ], "texture": "#inner" },
        "west":  { "uv": [ 0, 16, 1, 0 ], "rotation": 90, "texture": "#inner" },
        "east":  { "uv": [ 0, 0, 1, 16 ], "rotation": 90, "texture": "#inner" }
    }
},
{
    "__comment": "Outer",
    "from": [ 2, 17, 0 ],
    "to": [ 3, 18.5, 22.625 ],
    "rotation": { "origin": [ 2, 18.5, 0 ], "axis": "x", "angle": 45 },
    "faces": {
        "down":  { "uv": [ 16, 0, 0, 1 ], "rotation": 90, "texture": "#outer" },
        "up":    { "uv": [ 0, 0, 16, 1 ], "rotation": 90, "texture": "#outer" },
        "north": { "uv": [ 15, 0, 16, 1 ], "texture": "#outer" },
        "south": { "uv": [ 0, 0, 1, 1 ], "texture": "#outer" },
        "west":  { "uv": [ 0, 0, 16, 1 ], "texture": "#outer" },
        "east":  { "uv": [ 16, 0, 0, 1 ], "texture": "#outer" }
    }
},
{
    "__comment": "Outer",
    "from": [ 13, 17, 0 ],
    "to": [ 14, 18.5, 22.625 ],
    "rotation": { "origin": [ 13, 18.5, 0 ], "axis": "x", "angle": 45 },
    "faces": {
        "down":  { "uv": [ 16, 0, 0, 1 ], "rotation": 90, "texture": "#outer" },
        "up":    { "uv": [ 0, 0, 16, 1 ], "rotation": 90, "texture": "#outer" },
        "north": { "uv": [ 15, 0, 16, 1 ], "texture": "#outer" },
        "south": { "uv": [ 0, 0, 1, 1 ], "texture": "#outer" },
        "west":  { "uv": [ 0, 0, 16, 1 ], "texture": "#outer" },
        "east":  { "uv": [ 16, 0, 0, 1 ], "texture": "#outer" }
    }
}
]
}