{
"__comment":"Made by Know2Good, part of the 'Default 3D™' resource pack || Official download page: http://www.planetminecraft.com/texture_pack/default-3d-2985741/ || © Know2Good. All rights reserved. ",
"__comment":"No UV-bleed, OK coordinate, OK texture, OK cullface",

"textures": {
	"block": 	"blocks/flower_allium",
	"particle":	"blocks/flower_allium"
},
"elements": [
	{
		"__comment": "Stem",
		"from": [7.5,0,7],
		"to": [8.5,8,8],
		"faces": {
			"north":{"uv":	[7.01,8.01,7.99,15.99],"texture":"#block","cullface":"Know2Good"},
			"south":{"uv":	[7.01,8.01,7.99,15.99],"texture":"#block","cullface":"Know2Good"},
			"west":{"uv":	[7.01,8.01,7.99,15.99],"texture":"#block","cullface":"Know2Good"},
			"east":{"uv":	[7.01,8.01,7.99,15.99],"texture":"#block","cullface":"Know2Good"}
		}
	},
	{
		"__comment": "Flower center",
		"from": [5.5,9,5],
		"to": [10.5,13,10],
		"faces": {
			"north":{"uv":	[5.01,3.01,9.99,6.99],"texture":"#block","cullface":"Know2Good"},
			"south":{"uv":	[5.01,3.01,9.99,6.99],"texture":"#block","cullface":"Know2Good"},
			"west":{"uv":	[9.99,3.01,5.01,6.99],"texture":"#block","cullface":"Know2Good"},
			"east":{"uv":	[9.99,3.01,5.01,6.99],"texture":"#block","cullface":"Know2Good"}
		}
	},
	{
		"__comment": "Flower top/bottom north",
		"from": [6.5,9,5],
		"to": [10.5,13,6],
		"faces": {
			"down":{"uv":	[5.01,6.01,8.99,6.99],"texture":"#block","cullface":"Know2Good","rotation":180},
			"up":{"uv":		[5.01,3.01,8.99,3.99],"texture":"#block","cullface":"Know2Good","rotation":180}
		}
	},
	{
		"__comment": "Flower top/bottom east",
		"from": [9.5,9,6],
		"to": [10.5,13,10],
		"faces": {
			"down":{"uv":	[9.99,6.01,6.01,6.99],"texture":"#block","cullface":"Know2Good","rotation":90},
			"up":{"uv":		[9.99,3.01,6.01,3.99],"texture":"#block","cullface":"Know2Good","rotation":270}
		}
	},
	{
		"__comment": "Flower top/bottom south",
		"from": [5.5,9,9],
		"to": [9.5,13,10],
		"faces": {
			"down":{"uv":	[5.01,6.01,8.99,6.99],"texture":"#block","cullface":"Know2Good"},
			"up":{"uv":		[5.01,3.01,8.99,3.99],"texture":"#block","cullface":"Know2Good"}
		}
	},
	{
		"__comment": "Flower top/bottom west",
		"from": [5.5,9,5],
		"to": [6.5,13,9],
		"faces": {
			"down":{"uv":	[9.99,6.01,6.01,6.99],"texture":"#block","cullface":"Know2Good","rotation":270},
			"up":{"uv":		[9.99,3.01,6.01,3.99],"texture":"#block","cullface":"Know2Good","rotation":90}
		}
	},
	{
		"__comment": "Flower top",
		"from": [6.5,13,6],
		"to": [9.5,14,9],
		"faces": {
			"up":{"uv":		[6.01,3.01,8.99,5.99],"texture":"#block","cullface":"Know2Good"},
			"north":{"uv":	[6.01,3.01,8.99,3.99],"texture":"#block","cullface":"Know2Good","rotation":180},
			"south":{"uv":	[6.01,5.01,8.99,5.99],"texture":"#block","cullface":"Know2Good"},
			"west":{"uv":	[6.01,3.01,6.99,5.99],"texture":"#block","cullface":"Know2Good","rotation":270},
			"east":{"uv":	[8.01,3.01,8.99,5.99],"texture":"#block","cullface":"Know2Good","rotation":90}
		}
	},
	{
		"__comment": "Flower bottom",
		"from": [6.5,8,6],
		"to": [9.5,9,9],
		"faces": {
			"down":{"uv":	[6.01,3.01,8.99,5.99],"texture":"#block","cullface":"Know2Good"},
			"north":{"uv":	[6.01,5.01,8.99,5.99],"texture":"#block","cullface":"Know2Good","rotation":180},
			"south":{"uv":	[6.01,3.01,8.99,3.99],"texture":"#block","cullface":"Know2Good"},
			"west":{"uv":	[6.01,3.01,6.99,5.99],"texture":"#block","cullface":"Know2Good","rotation":90},
			"east":{"uv":	[8.01,3.01,8.99,5.99],"texture":"#block","cullface":"Know2Good","rotation":270}
		}
	},
	{
		"__comment": "Flower north",
		"from": [6.49,9.99,4],
		"to": [9.51,12.01,5],
		"faces": {
			"down":{"uv":	[6.01,5.01,8.99,5.99],"texture":"#block","cullface":"Know2Good","rotation":180},
			"up":{"uv":		[6.01,4.01,8.99,4.99],"texture":"#block","cullface":"Know2Good","rotation":180},
			"north":{"uv":	[6.01,4.01,8.99,5.99],"texture":"#block","cullface":"Know2Good"},
			"west":{"uv":	[8.01,4.01,8.99,5.99],"texture":"#block","cullface":"Know2Good"},
			"east":{"uv":	[6.01,4.01,6.99,5.99],"texture":"#block","cullface":"Know2Good"}
		}
	},
	{
		"__comment": "Flower east",
		"from": [10.5,9.99,5.99],
		"to": [11.5,12.01,9.01],
		"faces": {
			"down":{"uv":	[6.01,5.01,8.99,5.99],"texture":"#block","cullface":"Know2Good","rotation":90},
			"up":{"uv":		[6.01,4.01,8.99,4.99],"texture":"#block","cullface":"Know2Good","rotation":270},
			"north":{"uv":	[8.01,4.01,8.99,5.99],"texture":"#block","cullface":"Know2Good"},
			"south":{"uv":	[6.01,4.01,6.99,5.99],"texture":"#block","cullface":"Know2Good"},
			"east":{"uv":	[6.01,4.01,8.99,5.99],"texture":"#block","cullface":"Know2Good"}
		}
	},
	{
		"__comment": "Flower south",
		"from": [6.49,9.99,10],
		"to": [9.51,12.01,11],
		"faces": {
			"down":{"uv":	[6.01,5.01,8.99,5.99],"texture":"#block","cullface":"Know2Good"},
			"up":{"uv":		[6.01,4.01,8.99,4.99],"texture":"#block","cullface":"Know2Good"},
			"south":{"uv":	[6.01,4.01,8.99,5.99],"texture":"#block","cullface":"Know2Good"},
			"west":{"uv":	[6.01,4.01,6.99,5.99],"texture":"#block","cullface":"Know2Good"},
			"east":{"uv":	[8.01,4.01,8.99,5.99],"texture":"#block","cullface":"Know2Good"}
		}
	},
	{
		"__comment": "Flower west",
		"from": [4.5,9.99,5.99],
		"to": [5.5,12.01,9.01],
		"faces": {
			"down":{"uv":	[6.01,5.01,8.99,5.99],"texture":"#block","cullface":"Know2Good","rotation":270},
			"up":{"uv":		[6.01,4.01,8.99,4.99],"texture":"#block","cullface":"Know2Good","rotation":90},
			"north":{"uv":	[6.01,4.01,6.99,5.99],"texture":"#block","cullface":"Know2Good"},
			"south":{"uv":	[8.01,4.01,8.99,5.99],"texture":"#block","cullface":"Know2Good"},
			"west":{"uv":	[6.01,4.01,8.99,5.99],"texture":"#block","cullface":"Know2Good"}
		}
	}
],
   "display": {
        "gui": {
            "rotation": 	[ 30, 225, 0 ],
            "translation": 	[ 0, 0.5, 0],
            "scale":		[ 1.02, 1.02, 1.02 ]
        },
        "ground": {
			"rotation": 	[ 0, 0, 0 ],
			"translation": 	[ 0, 3, 0 ],
			"scale": 		[ 0.68, 0.68, 0.68 ]
        },
        "fixed": {
			"rotation": 	[ -20, 0, 0 ],
			"translation": 	[ 0, 2.60, -1.65 ],
			"scale": 		[ 1.36, 1.36, 1.36 ]
        },
		"head": {
            "rotation": 	[ 0, 180, 0 ],
            "translation": 	[ 0, 13, 7],
            "scale":		[ 1, 1, 1]
        },
        "thirdperson_righthand": {
            "rotation": 	[ 0, 0, 0 ],
			"translation": 	[ 0, 2.5, 1.25 ],
			"scale": 		[ 0.68, 0.68, 0.68 ]
        },
        "thirdperson_lefthand": {
            "rotation": 	[ 0, 90, 0 ],
			"translation": 	[ 0, 2.5, 1.25 ],
			"scale": 		[ 0.68, 0.68, 0.68 ]
        },
        "firstperson_righthand": {
            "rotation": 	[ 0, -95, 15 ],
            "translation": 	[ 1.13, 1.50, 1.13],
            "scale": 		[ 0.68, 0.68, 0.68 ]
        },
        "firstperson_lefthand": {
            "rotation": 	[ -15, -5, 0 ],
            "translation": 	[ 1.13, 1.50, 1.13],
            "scale": 		[ 0.68, 0.68, 0.68 ]
        }
    }
}