{
"__comment": "CoolScreenName http://www.planetminecraft.com/member/coolscreenname/",
"textures": {
    "particle": "blocks/anvil_top_damaged_2",
    "texture": "blocks/anvil_base",
    "iron_block": "blocks/iron_block"
},
"elements": [ 
{
    "__comment": "base",
    "from": [ 3.68, 0, 3.68 ],
    "to": [ 12.32, 5.76, 12.32 ],
    "faces": {
        "down":  { "uv": [ 12.32, 12.32, 3.68, 3.68 ], "texture": "#texture" },
        "up":    { "uv": [ 3.68, 3.68, 12.32, 12.32 ], "texture": "#texture" },
        "north": { "uv": [ 3.68, 10.24, 12.32, 16 ], "texture": "#texture" },
        "south": { "uv": [ 3.68, 10.24, 12.32, 16 ], "texture": "#texture" },
        "west":  { "uv": [ 3.68, 10.24, 12.32, 16 ], "texture": "#texture" },
        "east":  { "uv": [ 3.68, 10.24, 12.32, 16 ], "texture": "#texture" }
    }
},
{
    "__comment": "base",
    "from": [ 2.96, 0, 2.96 ],
    "to": [ 13.04, 0.72, 13.04 ],
    "faces": {
        "down":  { "uv": [ 13.04, 13.04, 2.96, 2.96 ], "texture": "#texture" },
        "up":    { "uv": [ 2.96, 2.96, 13.04, 13.04 ], "texture": "#texture" },
        "north": { "uv": [ 2.96, 15.28, 13.04, 16 ], "texture": "#texture" },
        "south": { "uv": [ 2.96, 15.28, 13.04, 16 ], "texture": "#texture" },
        "west":  { "uv": [ 2.96, 15.28, 13.04, 16 ], "texture": "#texture" },
        "east":  { "uv": [ 2.96, 15.28, 13.04, 16 ], "texture": "#texture" }
    }
},
{
    "from": [ 5.875, 3.96, 5.875 ],
    "to": [ 10.195, 9, 10.195 ],
    "faces": {
        "down":  { "uv": [ 10.125, 10.195, 5.805, 5.875 ], "texture": "#texture" },
        "up":    { "uv": [ 5.875, 5.875, 10.195, 10.195 ], "texture": "#texture" },
        "north": { "uv": [ 5.805, 7, 10.125, 12.04 ], "texture": "#texture" },
        "south": { "uv": [ 5.875, 7, 10.195, 12.04 ], "texture": "#texture" },
        "west":  { "uv": [ 5.875, 7, 10.195, 12.04 ], "texture": "#texture" },
        "east":  { "uv": [ 5.805, 7, 10.125, 12.04 ], "texture": "#texture" }
    }
},
{
    "from": [ 5.84, 5.04, 6.56 ],
    "to": [ 7.28, 7.92, 9.44 ],
    "rotation": { "origin": [ 5.84, 7.92, 6.56 ], "axis": "z", "angle": -22.5 },
    "faces": {
        "down":  { "uv": [ 10.5, 9, 9.5, 7 ], "texture": "#iron_block" },
        "up":    { "uv": [ 5.5, 7, 6.5, 9 ], "texture": "#iron_block" },
        "north": { "uv": [ 9.5, 10, 10.5, 12 ], "texture": "#iron_block" },
        "south": { "uv": [ 5.5, 10, 6.5, 12 ], "texture": "#iron_block" },
        "west":  { "uv": [ 7, 10, 9, 12 ], "texture": "#iron_block" },
        "east":  { "uv": [ 7, 10, 9, 12 ], "texture": "#iron_block" }
    }
},
{
    "from": [ 8.72, 4.68, 6.56 ],
    "to": [ 10.16, 7.56, 9.44 ],
    "rotation": { "origin": [ 8.72, 7.56, 6.56 ], "axis": "z", "angle": 22.5 },
    "faces": {
        "down":  { "uv": [ 10.5, 9, 9.5, 7 ], "texture": "#iron_block" },
        "up":    { "uv": [ 5.5, 7, 6.5, 9 ], "texture": "#iron_block" },
        "north": { "uv": [ 9.5, 10, 10.5, 12 ], "texture": "#iron_block" },
        "south": { "uv": [ 5.5, 10, 6.5, 12 ], "texture": "#iron_block" },
        "west":  { "uv": [ 7, 10, 9, 12 ], "texture": "#iron_block" },
        "east":  { "uv": [ 7, 10, 9, 12 ], "texture": "#iron_block" }
    }
},
{
    "from": [ 6.56, 5.04, 5.84 ],
    "to": [ 9.44, 7.92, 7.28 ],
    "rotation": { "origin": [ 6.56, 7.92, 5.84 ], "axis": "x", "angle": 22.5 },
    "faces": {
        "down":  { "uv": [ 8.5, 10.5, 6.5, 9.5 ], "texture": "#iron_block" },
        "up":    { "uv": [ 7.5, 9.5, 9.5, 10.5 ], "texture": "#iron_block" },
        "north": { "uv": [ 6.5, 10, 8.5, 12 ], "texture": "#iron_block" },
        "south": { "uv": [ 7.5, 10, 9.5, 12 ], "texture": "#iron_block" },
        "west":  { "uv": [ 9.5, 10, 10.5, 12 ], "texture": "#iron_block" },
        "east":  { "uv": [ 5.5, 10, 6.5, 12 ], "texture": "#iron_block" }
    }
},
{
    "from": [ 6.56, 5.04, 8.72 ],
    "to": [ 9.44, 7.92, 10.16 ],
    "rotation": { "origin": [ 6.56, 7.92, 8.72 ], "axis": "x", "angle": -22.5 },
    "faces": {
        "down":  { "uv": [ 9, 10.5, 7, 9.5 ], "texture": "#iron_block" },
        "up":    { "uv": [ 7, 9.5, 9, 10.5 ], "texture": "#iron_block" },
        "north": { "uv": [ 7, 10, 9, 12 ], "texture": "#iron_block" },
        "south": { "uv": [ 7, 10, 9, 12 ], "texture": "#iron_block" },
        "west":  { "uv": [ 9.5, 10, 10.5, 12 ], "texture": "#iron_block" },
        "east":  { "uv": [ 5.5, 10, 6.5, 12 ], "texture": "#iron_block" }
    }
},
{
    "from": [ 6.56, 10.1, 0.8 ],
    "to": [ 9.44, 12.6, 17.05 ],
    "faces": {
        "down":  { "uv": [ 9.44, 16, 6.56, 0.8 ], "texture": "#texture" },
        "up":    { "uv": [ 6.56, 0.8, 9.44, 16 ], "texture": "#particle" },
        "north": { "uv": [ 6.56, 3.4, 9.44, 5.9 ], "texture": "#texture" },
        "south": { "uv": [ 6.56, 3.4, 9.44, 5.9 ], "texture": "#texture" },
        "west":  { "uv": [ 0.8, 3.4, 16, 5.9 ], "texture": "#texture" },
        "east":  { "uv": [ 0, 3.4, 15.2, 5.9 ], "texture": "#texture" }
    }
},
{
    "from": [ 6.56144, 11.16, -1.36 ],
    "to": [ 9.43856, 12.6, 1.52 ],
    "rotation": { "origin": [ 6.56144, 12.6, -1.36 ], "axis": "x", "angle": 22.5 },
    "faces": {
        "down":  { "uv": [ 9, 3, 7, 1 ], "texture": "#texture" },
        "up":    { "uv": [ 7, 1, 9, 3 ], "texture": "#particle" },
        "north": { "uv": [ 7, 5, 9, 6 ], "texture": "#texture" },
        "south": { "uv": [ 7, 5, 9, 6 ], "texture": "#texture" },
        "west":  { "uv": [ 1, 5, 3, 6 ], "texture": "#texture" },
        "east":  { "uv": [ 13, 5, 15, 6 ], "texture": "#texture" }
    }
},
{
    "from": [ 6.56, 11.1614, -2.08 ],
    "to": [ 9.44, 12.6014, 0.8 ],
    "faces": {
        "down":  { "uv": [ 9.44, 0.8, 6.56, 0 ], "texture": "#texture" },
        "up":    { "uv": [ 6.56, 0, 9.44, 0.8 ], "texture": "#particle" },
        "north": { "uv": [ 6.56, 3.39856, 9.44, 4.83856 ], "texture": "#texture" },
        "south": { "uv": [ 6.56, 3.39856, 9.44, 4.83856 ], "texture": "#texture" },
        "west":  { "uv": [ 0, 3.39856, 0.8, 4.83856 ], "texture": "#texture" },
        "east":  { "uv": [ 15.2, 3.39856, 16, 4.83856 ], "texture": "#texture" }
    }
},
{
    "from": [ 5.12, 11.1614, 0.8 ],
    "to": [ 10.88, 12.6014, 15.56 ],
    "faces": {
        "down":  { "uv": [ 10.88, 15.56, 5.12, 0.8 ], "texture": "#texture" },
        "up":    { "uv": [ 5.12, 0.8, 10.88, 15.56 ], "texture": "#particle" },
        "north": { "uv": [ 5.12, 3.39856, 10.88, 4.83856 ], "texture": "#texture" },
        "south": { "uv": [ 5.12, 3.39856, 10.88, 4.83856 ], "texture": "#texture" },
        "west":  { "uv": [ 0.8, 3.39856, 15.56, 4.83856 ], "texture": "#texture" },
        "east":  { "uv": [ 0.44, 3.39856, 15.2, 4.83856 ], "texture": "#texture" }
    }
},
{
    "from": [ 6.56, 11.16, -1.72 ],
    "to": [ 8, 12.6, 1.16 ],
    "rotation": { "origin": [ 6.56, 11.16, -1.72 ], "axis": "y", "angle": -22.5 },
    "faces": {
        "down":  { "uv": [ 9.5, 3.5, 9, 1.5 ], "texture": "#texture" },
        "up":    { "uv": [ 6.5, 1.5, 7, 3.5 ], "texture": "#particle" },
        "north": { "uv": [ 9, 15, 9.5, 16 ], "texture": "#texture" },
        "south": { "uv": [ 6.5, 15, 7, 16 ], "texture": "#texture" },
        "west":  { "uv": [ 1.5, 15, 3.5, 16 ], "texture": "#texture" },
        "east":  { "uv": [ 12.5, 15, 14.5, 16 ], "texture": "#texture" }
    }
},
{
    "from": [ 8, 11.16, -1.36 ],
    "to": [ 9.44, 12.6, 1.52 ],
    "rotation": { "origin": [ 8, 11.16, -1.36 ], "axis": "y", "angle": 22.5 },
    "faces": {
        "down":  { "uv": [ 7, 3.5, 6.5, 1.5 ], "texture": "#texture" },
        "up":    { "uv": [ 9, 1.5, 9.5, 3.5 ], "texture": "#particle" },
        "north": { "uv": [ 6.5, 15, 7, 16 ], "texture": "#texture" },
        "south": { "uv": [ 9, 15, 9.5, 16 ], "texture": "#texture" },
        "west":  { "uv": [ 1.5, 15, 3.5, 16 ], "texture": "#texture" },
        "east":  { "uv": [ 12.5, 15, 14.5, 16 ], "texture": "#texture" }
    }
},
{
    "from": [ 5.875, 9.25, 16 ],
    "to": [ 10.195, 13.75, 17.25 ],
    "faces": {
        "down":  { "uv": [ 10.125, 16, 5.805, 16 ], "texture": "#texture" },
        "up":    { "uv": [ 5.875, 16, 10.195, 16 ], "texture": "#texture" },
        "north": { "uv": [ 5.805, 2.25, 10.125, 6.75 ], "texture": "#texture" },
        "south": { "uv": [ 5.875, 2.25, 10.195, 6.75 ], "texture": "#texture" },
        "west":  { "uv": [ 16, 2.25, 16, 6.75 ], "texture": "#texture" },
        "east":  { "uv": [ 0, 2.25, 0, 6.75 ], "texture": "#texture" }
    }
},
{
    "from": [ 3.875, 11.1614, 3.625 ],
    "to": [ 11.875, 12.6014, 14.375 ],
    "faces": {
        "down":  { "uv": [ 12.125, 14.375, 4.125, 3.625 ], "texture": "#texture" },
        "up":    { "uv": [ 3.875, 3.625, 11.875, 14.375 ], "texture": "#particle" },
        "north": { "uv": [ 4.125, 3.39856, 12.125, 4.83856 ], "texture": "#texture" },
        "south": { "uv": [ 3.875, 3.39856, 11.875, 4.83856 ], "texture": "#texture" },
        "west":  { "uv": [ 3.625, 3.39856, 14.375, 4.83856 ], "texture": "#texture" },
        "east":  { "uv": [ 1.625, 3.39856, 12.375, 4.83856 ], "texture": "#texture" }
    }
},
{
    "from": [ 5, 11.16, 1 ],
    "to": [ 6.5, 12.6, 4 ],
    "rotation": { "origin": [ 5, 11.16, 1 ], "axis": "y", "angle": -22.5 },
    "faces": {
        "down":  { "uv": [ 4.75, 1.5, 6.1875, 4.375 ], "texture": "#texture" },
        "up":    { "uv": [ 4.75, 1.5, 6.1875, 4.375 ], "texture": "#particle" },
        "north": { "uv": [ 4.75, 3.375, 6.1875, 4.8125 ], "texture": "#texture" },
        "south": { "uv": [ 4.75, 3.375, 6.1875, 4.8125 ], "texture": "#texture" },
        "west":  { "uv": [ 1.5, 3.375, 4.375, 4.8125 ], "texture": "#texture" },
        "east":  { "uv": [ 1.5, 3.375, 4.375, 4.8125 ], "texture": "#texture" }
    }
},
{
    "from": [ 9.4375, 11.16, 1.5 ],
    "to": [ 10.8775, 12.6, 4.38 ],
    "rotation": { "origin": [ 9.4375, 11.16, 1.5 ], "axis": "y", "angle": 22.5 },
    "faces": {
        "down":  { "uv": [ 9.4375, 1.5, 10.875, 4.375 ], "texture": "#texture" },
        "up":    { "uv": [ 9.4375, 1.5, 10.875, 4.375 ], "texture": "#particle" },
        "north": { "uv": [ 9.4375, 3.375, 10.875, 4.8125 ], "texture": "#texture" },
        "south": { "uv": [ 9.4375, 3.375, 10.875, 4.8125 ], "texture": "#texture" },
        "west":  { "uv": [ 1.5, 3.375, 4.375, 4.8125 ], "texture": "#texture" },
        "east":  { "uv": [ 1.5, 3.375, 4.375, 4.8125 ], "texture": "#texture" }
    }
},
{
    "from": [ 4.76, 9.72, 1.16 ],
    "to": [ 6.2, 11.16, 15.2 ],
    "rotation": { "origin": [ 4.76, 11.16, 1.16 ], "axis": "z", "angle": 45 },
    "faces": {
        "down":  { "uv": [ 4.75, 1.125, 6.1875, 15.125 ], "texture": "#texture" },
        "up":    { "uv": [ 4.75, 1.125, 6.1875, 15.125 ], "texture": "#particle" },
        "north": { "uv": [ 4.75, 4.8125, 6.1875, 6.25 ], "texture": "#texture" },
        "south": { "uv": [ 4.75, 4.8125, 6.1875, 6.25 ], "texture": "#texture" },
        "west":  { "uv": [ 1.125, 4.8125, 15.125, 6.25 ], "texture": "#texture" },
        "east":  { "uv": [ 1.125, 4.8125, 15.125, 6.25 ], "texture": "#texture" }
    }
},
{
    "from": [ 9.08, 9.72, 1.16 ],
    "to": [ 10.52, 11.16, 15.2 ],
    "rotation": { "origin": [ 9.08, 11.16, 1.16 ], "axis": "z", "angle": 45 },
    "faces": {
        "down":  { "uv": [ 16, 13, 16, 3.25 ], "texture": "#texture" },
        "up":    { "uv": [ 0, 3.25, 0, 13 ], "texture": "#particle" },
        "north": { "uv": [ 16, 7, 16, 8 ], "texture": "#texture" },
        "south": { "uv": [ 0, 7, 0, 8 ], "texture": "#texture" },
        "west":  { "uv": [ 3.25, 7, 13, 8 ], "texture": "#texture" },
        "east":  { "uv": [ 3, 7, 12.75, 8 ], "texture": "#texture" }
    }
},
{
    "from": [ 5.84, 9.05, 1.16144 ],
    "to": [ 10.16, 10.8, 13.6614 ],
    "faces": {
        "down":  { "uv": [ 10.16, 13.6614, 5.84, 1.16144 ], "texture": "#texture" },
        "up":    { "uv": [ 5.84, 1.16144, 10.16, 13.6614 ], "texture": "#texture" },
        "north": { "uv": [ 5.84, 5.2, 10.16, 6.95 ], "texture": "#texture" },
        "south": { "uv": [ 5.84, 5.2, 10.16, 6.95 ], "texture": "#texture" },
        "west":  { "uv": [ 1.16144, 5.2, 13.6614, 6.95 ], "texture": "#texture" },
        "east":  { "uv": [ 2.33856, 5.2, 14.8386, 6.95 ], "texture": "#texture" }
    }
},
{
    "from": [ 5.84144, 7.56144, 9.08 ],
    "to": [ 10.1586, 8.64144, 14.84 ],
    "rotation": { "origin": [ 5.84144, 8.64144, 9.08 ], "axis": "x", "angle": -22.5 },
    "faces": {
        "down":  { "uv": [ 9.5, 13, 6.5, 9 ], "texture": "#texture" },
        "up":    { "uv": [ 6.5, 9, 9.5, 13 ], "texture": "#texture" },
        "north": { "uv": [ 6.5, 7.75, 9.5, 8.5 ], "texture": "#texture" },
        "south": { "uv": [ 6.5, 7.75, 9.5, 8.5 ], "texture": "#texture" },
        "west":  { "uv": [ 9, 7.75, 13, 8.5 ], "texture": "#texture" },
        "east":  { "uv": [ 3, 7.75, 7, 8.5 ], "texture": "#texture" }
    }
},
{
    "from": [ 5.48, 5.4, 7.28 ],
    "to": [ 5.84, 11.16, 8.72 ],
    "faces": {
        "down":  { "uv": [ 10.52, 8.72, 10.16, 7.28 ], "texture": "#texture" },
        "up":    { "uv": [ 5.48, 7.28, 5.84, 8.72 ], "texture": "#texture" },
        "north": { "uv": [ 10.16, 4.84, 10.52, 10.6 ], "texture": "#texture" },
        "south": { "uv": [ 5.48, 4.84, 5.84, 10.6 ], "texture": "#texture" },
        "west":  { "uv": [ 7.28, 4.84, 8.72, 10.6 ], "texture": "#texture" },
        "east":  { "uv": [ 7.28, 4.84, 8.72, 10.6 ], "texture": "#texture" }
    }
},
{
    "from": [ 10.16, 4.68, 7.28 ],
    "to": [ 10.52, 10.8, 8.72 ],
    "faces": {
        "down":  { "uv": [ 5.84, 8.72, 5.48, 7.28 ], "texture": "#texture" },
        "up":    { "uv": [ 10.16, 7.28, 10.52, 8.72 ], "texture": "#texture" },
        "north": { "uv": [ 5.48, 5.2, 5.84, 11.32 ], "texture": "#texture" },
        "south": { "uv": [ 10.16, 5.2, 10.52, 11.32 ], "texture": "#texture" },
        "west":  { "uv": [ 7.28, 5.2, 8.72, 11.32 ], "texture": "#texture" },
        "east":  { "uv": [ 7.28, 5.2, 8.72, 11.32 ], "texture": "#texture" }
    }
},
{
    "from": [ 7.64, 5.4, 5.48 ],
    "to": [ 8.72, 9.72, 5.84 ],
    "faces": {
        "down":  { "uv": [ 8.36, 5.84, 7.28, 5.48 ], "texture": "#texture" },
        "up":    { "uv": [ 7.64, 5.48, 8.72, 5.84 ], "texture": "#texture" },
        "north": { "uv": [ 7.28, 6.28, 8.36, 10.6 ], "texture": "#texture" },
        "south": { "uv": [ 7.64, 6.28, 8.72, 10.6 ], "texture": "#texture" },
        "west":  { "uv": [ 5.48, 6.28, 5.84, 10.6 ], "texture": "#texture" },
        "east":  { "uv": [ 10.16, 6.28, 10.52, 10.6 ], "texture": "#texture" }
    }
},
{
    "from": [ 6.25, 8.25, 2.5 ],
    "to": [ 9.85, 9.25, 6 ],
    "faces": {
        "down":  { "uv": [ 9.75, 6, 6.15, 2.5 ], "texture": "#texture" },
        "up":    { "uv": [ 6.25, 2.5, 9.85, 6 ], "texture": "#texture" },
        "north": { "uv": [ 6.15, 6.75, 9.75, 7.75 ], "texture": "#texture" },
        "south": { "uv": [ 6.25, 6.75, 9.85, 7.75 ], "texture": "#texture" },
        "west":  { "uv": [ 2.5, 6.75, 6, 7.75 ], "texture": "#texture" },
        "east":  { "uv": [ 10, 6.75, 13.5, 7.75 ], "texture": "#texture" }
    }
},
{
    "from": [ 7.28, 6.12, 10.16 ],
    "to": [ 8.72, 8.64, 10.52 ],
    "faces": {
        "down":  { "uv": [ 8.72, 10.52, 7.28, 10.16 ], "texture": "#texture" },
        "up":    { "uv": [ 7.28, 10.16, 8.72, 10.52 ], "texture": "#texture" },
        "north": { "uv": [ 7.28, 7.36, 8.72, 9.88 ], "texture": "#texture" },
        "south": { "uv": [ 7.28, 7.36, 8.72, 9.88 ], "texture": "#texture" },
        "west":  { "uv": [ 10.16, 7.36, 10.52, 9.88 ], "texture": "#texture" },
        "east":  { "uv": [ 5.48, 7.36, 5.84, 9.88 ], "texture": "#texture" }
    }
},
{
    "__comment": "base",
    "from": [ 4.4, 5.76, 4.4 ],
    "to": [ 11.6, 6.48, 11.6 ],
    "faces": {
        "down":  { "uv": [ 11.6, 11.6, 4.4, 4.4 ], "texture": "#iron_block" },
        "up":    { "uv": [ 4.4, 4.4, 11.6, 11.6 ], "texture": "#iron_block" },
        "north": { "uv": [ 4.4, 9.52, 11.6, 10.24 ], "texture": "#iron_block" },
        "south": { "uv": [ 4.4, 9.52, 11.6, 10.24 ], "texture": "#iron_block" },
        "west":  { "uv": [ 4.4, 9.52, 11.6, 10.24 ], "texture": "#iron_block" },
        "east":  { "uv": [ 4.4, 9.52, 11.6, 10.24 ], "texture": "#iron_block" }
    }
},
{
    "from": [ 6.56, 11.16, 14.12 ],
    "to": [ 8, 12.6, 15.56 ],
    "rotation": { "origin": [ 6.56, 11.16, 14.12 ], "axis": "y", "angle": -45 },
    "faces": {
        "down":  { "uv": [ 11.75, 14.25, 10.75, 13.25 ], "texture": "#texture" },
        "up":    { "uv": [ 4.25, 13.25, 5.25, 14.25 ], "texture": "#particle" },
        "north": { "uv": [ 10.75, 15, 11.75, 16 ], "texture": "#texture" },
        "south": { "uv": [ 4.25, 15, 5.25, 16 ], "texture": "#texture" },
        "west":  { "uv": [ 13.25, 15, 14.25, 16 ], "texture": "#texture" },
        "east":  { "uv": [ 1.75, 15, 2.75, 16 ], "texture": "#texture" }
    }
},
{
    "from": [ 9.44, 11.16, 14.12 ],
    "to": [ 10.88, 12.6, 15.56 ],
    "rotation": { "origin": [ 9.44, 11.16, 14.12 ], "axis": "y", "angle": -45 },
    "faces": {
        "down":  { "uv": [ 11.75, 14.25, 10.75, 13.25 ], "texture": "#texture" },
        "up":    { "uv": [ 4.25, 13.25, 5.25, 14.25 ], "texture": "#particle" },
        "north": { "uv": [ 10.75, 15, 11.75, 16 ], "texture": "#texture" },
        "south": { "uv": [ 4.25, 15, 5.25, 16 ], "texture": "#texture" },
        "west":  { "uv": [ 13.25, 15, 14.25, 16 ], "texture": "#texture" },
        "east":  { "uv": [ 1.75, 15, 2.75, 16 ], "texture": "#texture" }
    }
},
{
    "__comment": "base",
    "from": [ 6.56, 0.72, 12.32 ],
    "to": [ 9.44, 3.6, 12.68 ],
    "faces": {
        "down":  { "uv": [ 9.44, 12.68, 6.56, 12.32 ], "texture": "#iron_block" },
        "up":    { "uv": [ 6.56, 12.32, 9.44, 12.68 ], "texture": "#iron_block" },
        "north": { "uv": [ 6.56, 12.4, 9.44, 15.28 ], "texture": "#iron_block" },
        "south": { "uv": [ 6.56, 12.4, 9.44, 15.28 ], "texture": "#iron_block" },
        "west":  { "uv": [ 12.32, 12.4, 12.68, 15.28 ], "texture": "#iron_block" },
        "east":  { "uv": [ 3.32, 12.4, 3.68, 15.28 ], "texture": "#iron_block" }
    }
},
{
    "__comment": "base",
    "from": [ 6.56, 0.72, 3.32 ],
    "to": [ 9.44, 3.6, 3.68 ],
    "faces": {
        "down":  { "uv": [ 9.44, 3.68, 6.56, 3.32 ], "texture": "#iron_block" },
        "up":    { "uv": [ 6.56, 3.32, 9.44, 3.68 ], "texture": "#iron_block" },
        "north": { "uv": [ 6.56, 12.4, 9.44, 15.28 ], "texture": "#iron_block" },
        "south": { "uv": [ 6.56, 12.4, 9.44, 15.28 ], "texture": "#iron_block" },
        "west":  { "uv": [ 3.32, 12.4, 3.68, 15.28 ], "texture": "#iron_block" },
        "east":  { "uv": [ 12.32, 12.4, 12.68, 15.28 ], "texture": "#iron_block" }
    }
},
{
    "__comment": "base",
    "from": [ 3.32, 0.72, 5.12 ],
    "to": [ 3.68, 3.6, 10.88 ],
    "faces": {
        "down":  { "uv": [ 12.68, 10.88, 12.32, 5.12 ], "texture": "#iron_block" },
        "up":    { "uv": [ 3.32, 5.12, 3.68, 10.88 ], "texture": "#iron_block" },
        "north": { "uv": [ 12.32, 12.4, 12.68, 15.28 ], "texture": "#iron_block" },
        "south": { "uv": [ 3.32, 12.4, 3.68, 15.28 ], "texture": "#iron_block" },
        "west":  { "uv": [ 5.12, 12.4, 10.88, 15.28 ], "texture": "#iron_block" },
        "east":  { "uv": [ 5.12, 12.4, 10.88, 15.28 ], "texture": "#iron_block" }
    }
},
{
    "__comment": "base",
    "from": [ 12.32, 0.72, 5.12 ],
    "to": [ 12.68, 3.6, 10.88 ],
    "faces": {
        "down":  { "uv": [ 3.68, 10.88, 3.32, 5.12 ], "texture": "#iron_block" },
        "up":    { "uv": [ 12.32, 5.12, 12.68, 10.88 ], "texture": "#iron_block" },
        "north": { "uv": [ 3.32, 12.4, 3.68, 15.28 ], "texture": "#iron_block" },
        "south": { "uv": [ 12.32, 12.4, 12.68, 15.28 ], "texture": "#iron_block" },
        "west":  { "uv": [ 5.12, 12.4, 10.88, 15.28 ], "texture": "#iron_block" },
        "east":  { "uv": [ 5.12, 12.4, 10.88, 15.28 ], "texture": "#iron_block" }
    }
},
{
    "__comment": "base",
    "from": [ 3.32, 0.72, 10.88 ],
    "to": [ 3.68, 2.16, 12.68 ],
    "faces": {
        "down":  { "uv": [ 12.68, 12.68, 12.32, 10.88 ], "texture": "#iron_block" },
        "up":    { "uv": [ 3.32, 10.88, 3.68, 12.68 ], "texture": "#iron_block" },
        "north": { "uv": [ 12.32, 13.84, 12.68, 15.28 ], "texture": "#iron_block" },
        "south": { "uv": [ 3.32, 13.84, 3.68, 15.28 ], "texture": "#iron_block" },
        "west":  { "uv": [ 10.88, 13.84, 12.68, 15.28 ], "texture": "#iron_block" },
        "east":  { "uv": [ 3.32, 13.84, 5.12, 15.28 ], "texture": "#iron_block" }
    }
},
{
    "__comment": "base",
    "from": [ 3.32, 0.72, 3.32 ],
    "to": [ 3.68, 2.16, 5.12 ],
    "faces": {
        "down":  { "uv": [ 12.68, 5.12, 12.32, 3.32 ], "texture": "#iron_block" },
        "up":    { "uv": [ 3.32, 3.32, 3.68, 5.12 ], "texture": "#iron_block" },
        "north": { "uv": [ 12.32, 13.84, 12.68, 15.28 ], "texture": "#iron_block" },
        "south": { "uv": [ 3.32, 13.84, 3.68, 15.28 ], "texture": "#iron_block" },
        "west":  { "uv": [ 3.32, 13.84, 5.12, 15.28 ], "texture": "#iron_block" },
        "east":  { "uv": [ 10.88, 13.84, 12.68, 15.28 ], "texture": "#iron_block" }
    }
},
{
    "__comment": "base",
    "from": [ 12.32, 0.72, 10.88 ],
    "to": [ 12.68, 2.16, 12.68 ],
    "faces": {
        "down":  { "uv": [ 3.68, 12.68, 3.32, 10.88 ], "texture": "#iron_block" },
        "up":    { "uv": [ 12.32, 10.88, 12.68, 12.68 ], "texture": "#iron_block" },
        "north": { "uv": [ 3.32, 13.84, 3.68, 15.28 ], "texture": "#iron_block" },
        "south": { "uv": [ 12.32, 13.84, 12.68, 15.28 ], "texture": "#iron_block" },
        "west":  { "uv": [ 10.88, 13.84, 12.68, 15.28 ], "texture": "#iron_block" },
        "east":  { "uv": [ 3.32, 13.84, 5.12, 15.28 ], "texture": "#iron_block" }
    }
},
{
    "__comment": "base",
    "from": [ 12.32, 0.72, 3.32 ],
    "to": [ 12.68, 2.16, 5.12 ],
    "faces": {
        "down":  { "uv": [ 3.68, 5.12, 3.32, 3.32 ], "texture": "#iron_block" },
        "up":    { "uv": [ 12.32, 3.32, 12.68, 5.12 ], "texture": "#iron_block" },
        "north": { "uv": [ 3.32, 13.84, 3.68, 15.28 ], "texture": "#iron_block" },
        "south": { "uv": [ 12.32, 13.84, 12.68, 15.28 ], "texture": "#iron_block" },
        "west":  { "uv": [ 3.32, 13.84, 5.12, 15.28 ], "texture": "#iron_block" },
        "east":  { "uv": [ 10.88, 13.84, 12.68, 15.28 ], "texture": "#iron_block" }
    }
},
{
    "__comment": "base",
    "from": [ 3.68, 0.72, 12.32 ],
    "to": [ 6.56, 2.16, 12.68 ],
    "faces": {
        "down":  { "uv": [ 12.32, 12.68, 9.44, 12.32 ], "texture": "#iron_block" },
        "up":    { "uv": [ 3.68, 12.32, 6.56, 12.68 ], "texture": "#iron_block" },
        "north": { "uv": [ 9.44, 13.84, 12.32, 15.28 ], "texture": "#iron_block" },
        "south": { "uv": [ 3.68, 13.84, 6.56, 15.28 ], "texture": "#iron_block" },
        "west":  { "uv": [ 12.32, 13.84, 12.68, 15.28 ], "texture": "#iron_block" },
        "east":  { "uv": [ 3.32, 13.84, 3.68, 15.28 ], "texture": "#iron_block" }
    }
},
{
    "__comment": "base",
    "from": [ 9.44, 0.72, 12.32 ],
    "to": [ 12.32, 2.16, 12.68 ],
    "faces": {
        "down":  { "uv": [ 6.56, 12.68, 3.68, 12.32 ], "texture": "#iron_block" },
        "up":    { "uv": [ 9.44, 12.32, 12.32, 12.68 ], "texture": "#iron_block" },
        "north": { "uv": [ 3.68, 13.84, 6.56, 15.28 ], "texture": "#iron_block" },
        "south": { "uv": [ 9.44, 13.84, 12.32, 15.28 ], "texture": "#iron_block" },
        "west":  { "uv": [ 12.32, 13.84, 12.68, 15.28 ], "texture": "#iron_block" },
        "east":  { "uv": [ 3.32, 13.84, 3.68, 15.28 ], "texture": "#iron_block" }
    }
},
{
    "__comment": "base",
    "from": [ 3.68, 0.72, 3.32 ],
    "to": [ 6.56, 2.16, 3.68 ],
    "faces": {
        "down":  { "uv": [ 12.32, 3.68, 9.44, 3.32 ], "texture": "#iron_block" },
        "up":    { "uv": [ 3.68, 3.32, 6.56, 3.68 ], "texture": "#iron_block" },
        "north": { "uv": [ 9.44, 13.84, 12.32, 15.28 ], "texture": "#iron_block" },
        "south": { "uv": [ 3.68, 13.84, 6.56, 15.28 ], "texture": "#iron_block" },
        "west":  { "uv": [ 3.32, 13.84, 3.68, 15.28 ], "texture": "#iron_block" },
        "east":  { "uv": [ 12.32, 13.84, 12.68, 15.28 ], "texture": "#iron_block" }
    }
},
{
    "__comment": "base",
    "from": [ 9.44, 0.72, 3.32 ],
    "to": [ 12.32, 2.16, 3.68 ],
    "faces": {
        "down":  { "uv": [ 6.56, 3.68, 3.68, 3.32 ], "texture": "#iron_block" },
        "up":    { "uv": [ 9.44, 3.32, 12.32, 3.68 ], "texture": "#iron_block" },
        "north": { "uv": [ 3.68, 13.84, 6.56, 15.28 ], "texture": "#iron_block" },
        "south": { "uv": [ 9.44, 13.84, 12.32, 15.28 ], "texture": "#iron_block" },
        "west":  { "uv": [ 3.32, 13.84, 3.68, 15.28 ], "texture": "#iron_block" },
        "east":  { "uv": [ 12.32, 13.84, 12.68, 15.28 ], "texture": "#iron_block" }
    }
},
{
    "from": [ 6.56, 12.4614, -1 ],
    "to": [ 9.44, 12.9614, 17 ],
    "faces": {
        "down":  { "uv": [ 9.44, 16, 6.56, 0 ], "texture": "#texture" },
        "up":    { "uv": [ 6.56, 0, 9.44, 16 ], "texture": "#particle" },
        "north": { "uv": [ 6.56, 3.03856, 9.44, 3.53856 ], "texture": "#texture" },
        "south": { "uv": [ 6.56, 3.03856, 9.44, 3.53856 ], "texture": "#texture" },
        "west":  { "uv": [ 0, 3.03856, 16, 3.53856 ], "texture": "#texture" },
        "east":  { "uv": [ 0, 3.03856, 16, 3.53856 ], "texture": "#texture" }
    }
},
{
    "from": [ 5.12, 12.9629, 3.68 ],
    "to": [ 10.52, 13.3229, 13.76 ],
    "faces": {
        "down":  { "uv": [ 10.88, 13.76, 5.48, 3.68 ], "texture": "#texture" },
        "up":    { "uv": [ 5.12, 3.68, 10.52, 13.76 ], "texture": "#particle" },
        "north": { "uv": [ 5.48, 2.67712, 10.88, 3.03712 ], "texture": "#texture" },
        "south": { "uv": [ 5.12, 2.67712, 10.52, 3.03712 ], "texture": "#texture" },
        "west":  { "uv": [ 3.68, 2.67712, 13.76, 3.03712 ], "texture": "#texture" },
        "east":  { "uv": [ 2.24, 2.67712, 12.32, 3.03712 ], "texture": "#texture" }
    }
},
{
    "from": [ 4.4, 12.6014, 4.04 ],
    "to": [ 11.24, 12.9614, 14.48 ],
    "faces": {
        "down":  { "uv": [ 11.6, 14.48, 4.76, 4.04 ], "texture": "#texture" },
        "up":    { "uv": [ 4.4, 4.04, 11.24, 14.48 ], "texture": "#particle" },
        "north": { "uv": [ 4.76, 3.03856, 11.6, 3.39856 ], "texture": "#texture" },
        "south": { "uv": [ 4.4, 3.03856, 11.24, 3.39856 ], "texture": "#texture" },
        "west":  { "uv": [ 4.04, 3.03856, 14.48, 3.39856 ], "texture": "#texture" },
        "east":  { "uv": [ 1.52, 3.03856, 11.96, 3.39856 ], "texture": "#texture" }
    }
},
{
    "from": [ 6.56, 12.6, -0.64 ],
    "to": [ 8.36, 12.96, 4.76 ],
    "rotation": { "origin": [ 6.56, 12.6, -0.64 ], "axis": "y", "angle": -22.5 },
    "faces": {
        "down":  { "uv": [ 6.5, -0.6875, 8.25, 4.6875 ], "texture": "#texture" },
        "up":    { "uv": [ 6.5, 0, 8.25, 5.375 ], "texture": "#particle" },
        "north": { "uv": [ 6.5, 3, 8.25, 3.3125 ], "texture": "#texture" },
        "south": { "uv": [ 6.5, 3, 8.25, 3.3125 ], "texture": "#texture" },
        "west":  { "uv": [ 0, 3, 5.375, 3.3125 ], "texture": "#texture" },
        "east":  { "uv": [ 0, 3, 5.375, 3.3125 ], "texture": "#texture" }
    }
},
{
    "from": [ 7.64, 12.6, -0.28 ],
    "to": [ 9.44, 12.96, 5.12 ],
    "rotation": { "origin": [ 7.64, 12.6, -0.28 ], "axis": "y", "angle": 22.5 },
    "faces": {
        "down":  { "uv": [ 7.625, -0.3125, 9.375, 5.0625 ], "texture": "#texture" },
        "up":    { "uv": [ 7.625, 0, 9.375, 5.375 ], "texture": "#particle" },
        "north": { "uv": [ 7.625, 3, 9.375, 3.3125 ], "texture": "#texture" },
        "south": { "uv": [ 7.625, 3, 9.375, 3.3125 ], "texture": "#texture" },
        "west":  { "uv": [ 0, 3, 5.375, 3.3125 ], "texture": "#texture" },
        "east":  { "uv": [ 0, 3, 5.375, 3.3125 ], "texture": "#texture" }
    }
},
{
    "from": [ 6.92, 12.8214, 0.8 ],
    "to": [ 9.08, 13.3214, 16.8 ],
    "faces": {
        "down":  { "uv": [ 9.08, 16, 6.92, 0.8 ], "texture": "#texture" },
        "up":    { "uv": [ 6.92, 0.8, 9.08, 16 ], "texture": "#particle" },
        "north": { "uv": [ 6.92, 2.67856, 9.08, 3.17856 ], "texture": "#texture" },
        "south": { "uv": [ 6.92, 2.67856, 9.08, 3.17856 ], "texture": "#texture" },
        "west":  { "uv": [ 0.8, 2.67856, 16, 3.17856 ], "texture": "#texture" },
        "east":  { "uv": [ 0, 2.67856, 15.2, 3.17856 ], "texture": "#texture" }
    }
},
{
    "from": [ 6.92, 12.96, 0.8 ],
    "to": [ 8.36, 13.32, 4.04 ],
    "rotation": { "origin": [ 6.92, 12.96, 0.8 ], "axis": "y", "angle": -22.5 },
    "faces": {
        "down":  { "uv": [ 6.875, 0.75, 8.3125, 3.9375 ], "texture": "#texture" },
        "up":    { "uv": [ 6.875, 0.75, 8.3125, 3.9375 ], "texture": "#particle" },
        "north": { "uv": [ 6.875, 2.625, 8.3125, 2.9375 ], "texture": "#texture" },
        "south": { "uv": [ 6.875, 2.625, 8.3125, 2.9375 ], "texture": "#texture" },
        "west":  { "uv": [ 0.75, 2.625, 3.9375, 2.9375 ], "texture": "#texture" },
        "east":  { "uv": [ 0.75, 2.625, 3.9375, 2.9375 ], "texture": "#texture" }
    }
},
{
    "from": [ 7.64, 12.96, 1.52 ],
    "to": [ 9.08, 13.32, 4.76 ],
    "rotation": { "origin": [ 7.64, 12.96, 1.52 ], "axis": "y", "angle": 22.5 },
    "faces": {
        "down":  { "uv": [ 7.625, 1.5, 9.0625, 4.6875 ], "texture": "#texture" },
        "up":    { "uv": [ 7.625, 1.5, 9.0625, 4.6875 ], "texture": "#particle" },
        "north": { "uv": [ 7.625, 2.625, 9.0625, 2.9375 ], "texture": "#texture" },
        "south": { "uv": [ 7.625, 2.625, 9.0625, 2.9375 ], "texture": "#texture" },
        "west":  { "uv": [ 1.5, 2.625, 4.6875, 2.9375 ], "texture": "#texture" },
        "east":  { "uv": [ 1.5, 2.625, 4.6875, 2.9375 ], "texture": "#texture" }
    }
},
{
    "from": [ 7.28, 11.52, -2.8 ],
    "to": [ 8.72, 12.24, -2.08 ],
    "faces": {
        "down":  { "uv": [ 8.72, 0, 7.28, 0 ], "texture": "#texture" },
        "up":    { "uv": [ 7.28, 0, 8.72, 0 ], "texture": "#particle" },
        "north": { "uv": [ 7.28, 3.76, 8.72, 4.48 ], "texture": "#texture" },
        "south": { "uv": [ 7.28, 3.76, 8.72, 4.48 ], "texture": "#texture" },
        "west":  { "uv": [ 0, 3.76, 0, 4.48 ], "texture": "#texture" },
        "east":  { "uv": [ 16, 3.76, 16, 4.48 ], "texture": "#texture" }
    }
},
{
    "from": [ 7.28, 9.83, 15.2 ],
    "to": [ 8.72, 10.08, 16.95 ],
    "faces": {
        "down":  { "uv": [ 8.72, 16, 7.28, 15.2 ], "texture": "#texture" },
        "up":    { "uv": [ 7.28, 15.2, 8.72, 16 ], "texture": "#texture" },
        "north": { "uv": [ 7.28, 5.92, 8.72, 6.17 ], "texture": "#texture" },
        "south": { "uv": [ 7.28, 5.92, 8.72, 6.17 ], "texture": "#texture" },
        "west":  { "uv": [ 15.2, 5.92, 16, 6.17 ], "texture": "#texture" },
        "east":  { "uv": [ 0, 5.92, 0.8, 6.17 ], "texture": "#texture" }
    }
},
{
    "from": [ 5.8375, 9.25, 13.734 ],
    "to": [ 10.1675, 10.25, 14.984 ],
    "faces": {
        "down":  { "uv": [ 10.1625, 14.984, 5.8325, 13.734 ], "texture": "#texture" },
        "up":    { "uv": [ 5.8375, 13.734, 10.1675, 14.984 ], "texture": "#texture" },
        "north": { "uv": [ 5.8325, 5.75, 10.1625, 6.75 ], "texture": "#texture" },
        "south": { "uv": [ 5.8375, 5.75, 10.1675, 6.75 ], "texture": "#texture" },
        "west":  { "uv": [ 13.734, 5.75, 14.984, 6.75 ], "texture": "#texture" },
        "east":  { "uv": [ 1.016, 5.75, 2.266, 6.75 ], "texture": "#texture" }
    }
}
],
"display": {
    "thirdperson_righthand": {
        "rotation": [ 75, 45, 0 ],
        "translation": [ 0, 2.5, 0 ],
        "scale": [ 0.37, 0.37, 0.37 ]
    },
    "thirdperson_lefthand": {
        "rotation": [ 75, 45, 0 ],
        "translation": [ 1.32, 2.5, 0 ],
        "scale": [ 0.37, 0.37, 0.37 ]
    },
    "head": {
        "rotation": [ 0, 0, 0 ],
        "translation": [ 0, 13, 0 ],
        "scale": [ 1, 1, 1 ]
    },
    "ground": {
        "rotation": [ 0, 0, 0 ],
        "translation": [ 0, 3, 0 ],
        "scale": [ 0.25, 0.25, 0.25 ]
    },
    "fixed": {
        "rotation": [ 0, 90, 0 ],
        "translation": [ 0, 0.76, 0 ],
        "scale": [ 0.84, 0.84, 0.84 ]
    },
    "firstperson_righthand": {
        "rotation": [ 0, 45, 0 ],
        "translation": [ 0.94, 2.65, 0 ],
        "scale": [ 0.4, 0.4, 0.4 ]
    },
    "firstperson_lefthand": {
        "rotation": [ 0, 45, 0 ],
        "translation": [ 0.94, 2.65, 0 ],
        "scale": [ 0.4, 0.4, 0.4 ]
    },
    "gui": {
        "rotation": [ 17, -85, 3 ],
        "translation": [ 0, 0, 0 ],
        "scale": [ 0.62, 0.62, 0.62 ]
    }
}
}