{
"__comment": "CoolScreenName http://www.planetminecraft.com/member/coolscreenname/",
"textures": {
    "particle": "blocks/beetroots_stage_2",
    "texture": "blocks/beetroots_stage_3",
    "foliage": "colormap/foliage"
},
"elements": [ 
{
    "__comment": "Beat",
    "from": [ 6.1775, -1.08775, 7.08875 ],
    "to": [ 9.51875, -0.27775, 8.57375 ],
    "faces": {
        "down":  { "uv": [ 1, 15, 15, 16 ], "texture": "#texture" },
        "up":    { "uv": [ 1, 15, 15, 16 ], "texture": "#texture" },
        "north": { "uv": [ 1, 15, 15, 16 ], "texture": "#texture" },
        "south": { "uv": [ 1, 15, 15, 16 ], "texture": "#texture" },
        "west":  { "uv": [ 1, 15, 15, 16 ], "texture": "#texture" },
        "east":  { "uv": [ 1, 15, 15, 16 ], "texture": "#texture" }
    }
},
{
    "__comment": "Beat",
    "from": [ 6.1775, -1.135, 8.54 ],
    "to": [ 9.51875, -0.595, 8.945 ],
    "faces": {
        "down":  { "uv": [ 1, 15, 15, 16 ], "texture": "#texture" },
        "up":    { "uv": [ 1, 15, 15, 16 ], "texture": "#texture" },
        "north": { "uv": [ 1, 15, 15, 16 ], "texture": "#texture" },
        "south": { "uv": [ 1, 15, 15, 16 ], "texture": "#texture" },
        "west":  { "uv": [ 1, 15, 15, 16 ], "texture": "#texture" },
        "east":  { "uv": [ 1, 15, 15, 16 ], "texture": "#texture" }
    }
},
{
    "__comment": "Beat",
    "from": [ 6.1775, -1.189, 6.785 ],
    "to": [ 9.8225, -0.88525, 7.055 ],
    "faces": {
        "down":  { "uv": [ 1, 15, 15, 16 ], "texture": "#texture" },
        "up":    { "uv": [ 1, 15, 15, 16 ], "texture": "#texture" },
        "north": { "uv": [ 1, 15, 15, 16 ], "texture": "#texture" },
        "south": { "uv": [ 1, 15, 15, 16 ], "texture": "#texture" },
        "west":  { "uv": [ 1, 15, 15, 16 ], "texture": "#texture" },
        "east":  { "uv": [ 1, 15, 15, 16 ], "texture": "#texture" }
    }
},
{
    "__comment": "Beat",
    "from": [ 6.48125, -0.27775, 7.08875 ],
    "to": [ 9.51875, 0.026, 8.91125 ],
    "faces": {
        "down":  { "uv": [ 1, 15, 15, 16 ], "texture": "#texture" },
        "up":    { "uv": [ 1, 15, 15, 16 ], "texture": "#texture" },
        "north": { "uv": [ 1, 15, 15, 16 ], "texture": "#texture" },
        "south": { "uv": [ 1, 15, 15, 16 ], "texture": "#texture" },
        "west":  { "uv": [ 1, 15, 15, 16 ], "texture": "#texture" },
        "east":  { "uv": [ 1, 15, 15, 16 ], "texture": "#texture" }
    }
},
{
    "__comment": "Beat",
    "from": [ 6.48125, -0.88525, 6.785 ],
    "to": [ 9.51875, -0.27775, 7.08875 ],
    "faces": {
        "down":  { "uv": [ 1, 15, 15, 16 ], "texture": "#texture" },
        "up":    { "uv": [ 1, 15, 15, 16 ], "texture": "#texture" },
        "north": { "uv": [ 1, 15, 15, 16 ], "texture": "#texture" },
        "south": { "uv": [ 1, 15, 15, 16 ], "texture": "#texture" },
        "west":  { "uv": [ 1, 15, 15, 16 ], "texture": "#texture" },
        "east":  { "uv": [ 1, 15, 15, 16 ], "texture": "#texture" }
    }
},
{
    "__comment": "Beat",
    "from": [ 6.48125, -0.5815, 8.6075 ],
    "to": [ 9.51875, -0.27775, 9.215 ],
    "faces": {
        "down":  { "uv": [ 1, 15, 15, 16 ], "texture": "#texture" },
        "up":    { "uv": [ 1, 15, 15, 16 ], "texture": "#texture" },
        "north": { "uv": [ 1, 15, 15, 16 ], "texture": "#texture" },
        "south": { "uv": [ 1, 15, 15, 16 ], "texture": "#texture" },
        "west":  { "uv": [ 1, 15, 15, 16 ], "texture": "#texture" },
        "east":  { "uv": [ 1, 15, 15, 16 ], "texture": "#texture" }
    }
},
{
    "__comment": "Beat",
    "from": [ 6.48125, -1.1215, 6.48125 ],
    "to": [ 9.51875, -0.5815, 6.75125 ],
    "faces": {
        "down":  { "uv": [ 1, 15, 15, 16 ], "texture": "#texture" },
        "up":    { "uv": [ 1, 15, 15, 16 ], "texture": "#texture" },
        "north": { "uv": [ 1, 15, 15, 16 ], "texture": "#texture" },
        "south": { "uv": [ 1, 15, 15, 16 ], "texture": "#texture" },
        "west":  { "uv": [ 1, 15, 15, 16 ], "texture": "#texture" },
        "east":  { "uv": [ 1, 15, 15, 16 ], "texture": "#texture" }
    }
},
{
    "__comment": "Beat",
    "from": [ 6.48125, -1.1215, 8.91125 ],
    "to": [ 9.51875, -0.5815, 9.18125 ],
    "faces": {
        "down":  { "uv": [ 1, 15, 15, 16 ], "texture": "#texture" },
        "up":    { "uv": [ 1, 15, 15, 16 ], "texture": "#texture" },
        "north": { "uv": [ 1, 15, 15, 16 ], "texture": "#texture" },
        "south": { "uv": [ 1, 15, 15, 16 ], "texture": "#texture" },
        "west":  { "uv": [ 1, 15, 15, 16 ], "texture": "#texture" },
        "east":  { "uv": [ 1, 15, 15, 16 ], "texture": "#texture" }
    }
},
{
    "__comment": "Beat",
    "from": [ 6.48125, -1.1215, 9.215 ],
    "to": [ 9.51875, -0.5815, 9.485 ],
    "faces": {
        "down":  { "uv": [ 1, 15, 15, 16 ], "texture": "#texture" },
        "up":    { "uv": [ 1, 15, 15, 16 ], "texture": "#texture" },
        "north": { "uv": [ 1, 15, 15, 16 ], "texture": "#texture" },
        "south": { "uv": [ 1, 15, 15, 16 ], "texture": "#texture" },
        "west":  { "uv": [ 1, 15, 15, 16 ], "texture": "#texture" },
        "east":  { "uv": [ 1, 15, 15, 16 ], "texture": "#texture" }
    }
},
{
    "__comment": "Beat",
    "from": [ 6.785, 0.026, 7.08875 ],
    "to": [ 9.215, 0.32975, 8.91125 ],
    "faces": {
        "down":  { "uv": [ 1, 15, 15, 16 ], "texture": "#texture" },
        "up":    { "uv": [ 1, 15, 15, 16 ], "texture": "#texture" },
        "north": { "uv": [ 1, 15, 15, 16 ], "texture": "#texture" },
        "south": { "uv": [ 1, 15, 15, 16 ], "texture": "#texture" },
        "west":  { "uv": [ 1, 15, 15, 16 ], "texture": "#texture" },
        "east":  { "uv": [ 1, 15, 15, 16 ], "texture": "#texture" }
    }
},
{
    "__comment": "Beat",
    "from": [ 6.785, -0.27775, 6.785 ],
    "to": [ 9.215, 0.026, 7.08875 ],
    "faces": {
        "down":  { "uv": [ 1, 15, 15, 16 ], "texture": "#texture" },
        "up":    { "uv": [ 1, 15, 15, 16 ], "texture": "#texture" },
        "north": { "uv": [ 1, 15, 15, 16 ], "texture": "#texture" },
        "south": { "uv": [ 1, 15, 15, 16 ], "texture": "#texture" },
        "west":  { "uv": [ 1, 15, 15, 16 ], "texture": "#texture" },
        "east":  { "uv": [ 1, 15, 15, 16 ], "texture": "#texture" }
    }
},
{
    "__comment": "Beat",
    "from": [ 6.785, -0.27775, 8.91125 ],
    "to": [ 9.215, 0.026, 9.215 ],
    "faces": {
        "down":  { "uv": [ 1, 15, 15, 16 ], "texture": "#texture" },
        "up":    { "uv": [ 1, 15, 15, 16 ], "texture": "#texture" },
        "north": { "uv": [ 1, 15, 15, 16 ], "texture": "#texture" },
        "south": { "uv": [ 1, 15, 15, 16 ], "texture": "#texture" },
        "west":  { "uv": [ 1, 15, 15, 16 ], "texture": "#texture" },
        "east":  { "uv": [ 1, 15, 15, 16 ], "texture": "#texture" }
    }
},
{
    "__comment": "Beat",
    "from": [ 6.785, -0.5815, 6.48125 ],
    "to": [ 9.215, -0.27775, 6.785 ],
    "faces": {
        "down":  { "uv": [ 1, 15, 15, 16 ], "texture": "#texture" },
        "up":    { "uv": [ 1, 15, 15, 16 ], "texture": "#texture" },
        "north": { "uv": [ 1, 15, 15, 16 ], "texture": "#texture" },
        "south": { "uv": [ 1, 15, 15, 16 ], "texture": "#texture" },
        "west":  { "uv": [ 1, 15, 15, 16 ], "texture": "#texture" },
        "east":  { "uv": [ 1, 15, 15, 16 ], "texture": "#texture" }
    }
},
{
    "__comment": "Beat",
    "from": [ 6.785, -0.5815, 9.215 ],
    "to": [ 9.215, -0.27775, 9.51875 ],
    "faces": {
        "down":  { "uv": [ 1, 15, 15, 16 ], "texture": "#texture" },
        "up":    { "uv": [ 1, 15, 15, 16 ], "texture": "#texture" },
        "north": { "uv": [ 1, 15, 15, 16 ], "texture": "#texture" },
        "south": { "uv": [ 1, 15, 15, 16 ], "texture": "#texture" },
        "west":  { "uv": [ 1, 15, 15, 16 ], "texture": "#texture" },
        "east":  { "uv": [ 1, 15, 15, 16 ], "texture": "#texture" }
    }
},
{
    "__comment": "Beat",
    "from": [ 6.785, -1.189, 9.51875 ],
    "to": [ 9.215, -0.5815, 9.8225 ],
    "faces": {
        "down":  { "uv": [ 1, 15, 15, 16 ], "texture": "#texture" },
        "up":    { "uv": [ 1, 15, 15, 16 ], "texture": "#texture" },
        "north": { "uv": [ 1, 15, 15, 16 ], "texture": "#texture" },
        "south": { "uv": [ 1, 15, 15, 16 ], "texture": "#texture" },
        "west":  { "uv": [ 1, 15, 15, 16 ], "texture": "#texture" },
        "east":  { "uv": [ 1, 15, 15, 16 ], "texture": "#texture" }
    }
},
{
    "__comment": "Beat",
    "from": [ 7.08875, 0.32975, 7.3925 ],
    "to": [ 8.91125, 0.6335, 8.6075 ],
    "faces": {
        "down":  { "uv": [ 1, 15, 15, 16 ], "texture": "#texture" },
        "up":    { "uv": [ 1, 15, 15, 16 ], "texture": "#texture" },
        "north": { "uv": [ 1, 15, 15, 16 ], "texture": "#texture" },
        "south": { "uv": [ 1, 15, 15, 16 ], "texture": "#texture" },
        "west":  { "uv": [ 1, 15, 15, 16 ], "texture": "#texture" },
        "east":  { "uv": [ 1, 15, 15, 16 ], "texture": "#texture" }
    }
},
{
    "__comment": "Beat",
    "from": [ 7.08875, 0.026, 6.785 ],
    "to": [ 8.91125, 0.32975, 7.08875 ],
    "faces": {
        "down":  { "uv": [ 1, 15, 15, 16 ], "texture": "#texture" },
        "up":    { "uv": [ 1, 15, 15, 16 ], "texture": "#texture" },
        "north": { "uv": [ 1, 15, 15, 16 ], "texture": "#texture" },
        "south": { "uv": [ 1, 15, 15, 16 ], "texture": "#texture" },
        "west":  { "uv": [ 1, 15, 15, 16 ], "texture": "#texture" },
        "east":  { "uv": [ 1, 15, 15, 16 ], "texture": "#texture" }
    }
},
{
    "__comment": "Beat",
    "from": [ 7.08875, 0.026, 8.91125 ],
    "to": [ 8.91125, 0.32975, 9.215 ],
    "faces": {
        "down":  { "uv": [ 1, 15, 15, 16 ], "texture": "#texture" },
        "up":    { "uv": [ 1, 15, 15, 16 ], "texture": "#texture" },
        "north": { "uv": [ 1, 15, 15, 16 ], "texture": "#texture" },
        "south": { "uv": [ 1, 15, 15, 16 ], "texture": "#texture" },
        "west":  { "uv": [ 1, 15, 15, 16 ], "texture": "#texture" },
        "east":  { "uv": [ 1, 15, 15, 16 ], "texture": "#texture" }
    }
},
{
    "__comment": "Beat",
    "from": [ 7.08875, -0.27775, 6.48125 ],
    "to": [ 8.91125, 0.026, 6.785 ],
    "faces": {
        "down":  { "uv": [ 1, 15, 15, 16 ], "texture": "#texture" },
        "up":    { "uv": [ 1, 15, 15, 16 ], "texture": "#texture" },
        "north": { "uv": [ 1, 15, 15, 16 ], "texture": "#texture" },
        "south": { "uv": [ 1, 15, 15, 16 ], "texture": "#texture" },
        "west":  { "uv": [ 1, 15, 15, 16 ], "texture": "#texture" },
        "east":  { "uv": [ 1, 15, 15, 16 ], "texture": "#texture" }
    }
},
{
    "__comment": "Beat",
    "from": [ 7.08875, -0.27775, 9.215 ],
    "to": [ 9.215, 0.026, 9.51875 ],
    "faces": {
        "down":  { "uv": [ 1, 15, 15, 16 ], "texture": "#texture" },
        "up":    { "uv": [ 1, 15, 15, 16 ], "texture": "#texture" },
        "north": { "uv": [ 1, 15, 15, 16 ], "texture": "#texture" },
        "south": { "uv": [ 1, 15, 15, 16 ], "texture": "#texture" },
        "west":  { "uv": [ 1, 15, 15, 16 ], "texture": "#texture" },
        "east":  { "uv": [ 1, 15, 15, 16 ], "texture": "#texture" }
    }
},
{
    "__comment": "Beat",
    "from": [ 7.08875, -1.1215, 6.1775 ],
    "to": [ 8.91125, -0.5815, 6.4475 ],
    "faces": {
        "down":  { "uv": [ 1, 15, 15, 16 ], "texture": "#texture" },
        "up":    { "uv": [ 1, 15, 15, 16 ], "texture": "#texture" },
        "north": { "uv": [ 1, 15, 15, 16 ], "texture": "#texture" },
        "south": { "uv": [ 1, 15, 15, 16 ], "texture": "#texture" },
        "west":  { "uv": [ 1, 15, 15, 16 ], "texture": "#texture" },
        "east":  { "uv": [ 1, 15, 15, 16 ], "texture": "#texture" }
    }
},
{
    "__comment": "Beat",
    "from": [ 7.3925, 0.32975, 7.08875 ],
    "to": [ 8.6075, 0.6335, 7.3925 ],
    "faces": {
        "down":  { "uv": [ 1, 15, 15, 16 ], "texture": "#texture" },
        "up":    { "uv": [ 1, 15, 15, 16 ], "texture": "#texture" },
        "north": { "uv": [ 1, 15, 15, 16 ], "texture": "#texture" },
        "south": { "uv": [ 1, 15, 15, 16 ], "texture": "#texture" },
        "west":  { "uv": [ 1, 15, 15, 16 ], "texture": "#texture" },
        "east":  { "uv": [ 1, 15, 15, 16 ], "texture": "#texture" }
    }
},
{
    "__comment": "Beat",
    "from": [ 7.3925, 0.32975, 8.6075 ],
    "to": [ 8.91125, 0.6335, 8.91125 ],
    "faces": {
        "down":  { "uv": [ 1, 15, 15, 16 ], "texture": "#texture" },
        "up":    { "uv": [ 1, 15, 15, 16 ], "texture": "#texture" },
        "north": { "uv": [ 1, 15, 15, 16 ], "texture": "#texture" },
        "south": { "uv": [ 1, 15, 15, 16 ], "texture": "#texture" },
        "west":  { "uv": [ 1, 15, 15, 16 ], "texture": "#texture" },
        "east":  { "uv": [ 1, 15, 15, 16 ], "texture": "#texture" }
    }
},
{
    "__comment": "Beat",
    "from": [ 7.3925, -0.5815, 6.1775 ],
    "to": [ 8.6075, -0.27775, 6.48125 ],
    "faces": {
        "down":  { "uv": [ 1, 15, 15, 16 ], "texture": "#texture" },
        "up":    { "uv": [ 1, 15, 15, 16 ], "texture": "#texture" },
        "north": { "uv": [ 1, 15, 15, 16 ], "texture": "#texture" },
        "south": { "uv": [ 1, 15, 15, 16 ], "texture": "#texture" },
        "west":  { "uv": [ 1, 15, 15, 16 ], "texture": "#texture" },
        "east":  { "uv": [ 1, 15, 15, 16 ], "texture": "#texture" }
    }
},
{
    "__comment": "Beat",
    "from": [ 7.3925, -0.5815, 9.51875 ],
    "to": [ 8.6075, -0.27775, 9.8225 ],
    "faces": {
        "down":  { "uv": [ 1, 15, 15, 16 ], "texture": "#texture" },
        "up":    { "uv": [ 1, 15, 15, 16 ], "texture": "#texture" },
        "north": { "uv": [ 1, 15, 15, 16 ], "texture": "#texture" },
        "south": { "uv": [ 1, 15, 15, 16 ], "texture": "#texture" },
        "west":  { "uv": [ 1, 15, 15, 16 ], "texture": "#texture" },
        "east":  { "uv": [ 1, 15, 15, 16 ], "texture": "#texture" }
    }
},
{
    "__comment": "Beat",
    "from": [ 7.757, 0.2528, 7.757 ],
    "to": [ 8.243, 0.7928, 8.117 ],
    "faces": {
        "down":  { "uv": [ 1, 15, 15, 16 ], "texture": "#texture" },
        "up":    { "uv": [ 1, 15, 15, 16 ], "texture": "#texture" },
        "north": { "uv": [ 1, 15, 15, 16 ], "texture": "#texture" },
        "south": { "uv": [ 1, 15, 15, 16 ], "texture": "#texture" },
        "west":  { "uv": [ 1, 15, 15, 16 ], "texture": "#texture" },
        "east":  { "uv": [ 1, 15, 15, 16 ], "texture": "#texture" }
    }
},
{
    "__comment": "Beat",
    "from": [ 8.243, 0.5498, 7.757 ],
    "to": [ 8.486, 0.7928, 8 ],
    "faces": {
        "down":  { "uv": [ 1, 15, 15, 16 ], "texture": "#texture" },
        "up":    { "uv": [ 1, 15, 15, 16 ], "texture": "#texture" },
        "north": { "uv": [ 1, 15, 15, 16 ], "texture": "#texture" },
        "south": { "uv": [ 1, 15, 15, 16 ], "texture": "#texture" },
        "west":  { "uv": [ 1, 15, 15, 16 ], "texture": "#texture" },
        "east":  { "uv": [ 1, 15, 15, 16 ], "texture": "#texture" }
    }
},
{
    "__comment": "Beat",
    "from": [ 9.215, 0.026, 8 ],
    "to": [ 9.51875, 0.32975, 8.6075 ],
    "faces": {
        "down":  { "uv": [ 1, 15, 15, 16 ], "texture": "#texture" },
        "up":    { "uv": [ 1, 15, 15, 16 ], "texture": "#texture" },
        "north": { "uv": [ 1, 15, 15, 16 ], "texture": "#texture" },
        "south": { "uv": [ 1, 15, 15, 16 ], "texture": "#texture" },
        "west":  { "uv": [ 1, 15, 15, 16 ], "texture": "#texture" },
        "east":  { "uv": [ 1, 15, 15, 16 ], "texture": "#texture" }
    }
},
{
    "__comment": "Beat",
    "from": [ 9.51875, -1.08775, 7.08875 ],
    "to": [ 9.78875, -0.27775, 8.30375 ],
    "faces": {
        "down":  { "uv": [ 1, 15, 15, 16 ], "texture": "#texture" },
        "up":    { "uv": [ 1, 15, 15, 16 ], "texture": "#texture" },
        "north": { "uv": [ 1, 15, 15, 16 ], "texture": "#texture" },
        "south": { "uv": [ 1, 15, 15, 16 ], "texture": "#texture" },
        "west":  { "uv": [ 1, 15, 15, 16 ], "texture": "#texture" },
        "east":  { "uv": [ 1, 15, 15, 16 ], "texture": "#texture" }
    }
},
{
    "__comment": "Beat",
    "from": [ 9.51875, -1.08775, 8.30375 ],
    "to": [ 9.8225, -0.27775, 8.57375 ],
    "faces": {
        "down":  { "uv": [ 1, 15, 15, 16 ], "texture": "#texture" },
        "up":    { "uv": [ 1, 15, 15, 16 ], "texture": "#texture" },
        "north": { "uv": [ 1, 15, 15, 16 ], "texture": "#texture" },
        "south": { "uv": [ 1, 15, 15, 16 ], "texture": "#texture" },
        "west":  { "uv": [ 1, 15, 15, 16 ], "texture": "#texture" },
        "east":  { "uv": [ 1, 15, 15, 16 ], "texture": "#texture" }
    }
},
{
    "__comment": "Beat",
    "from": [ 9.51875, -1.08775, 8.6075 ],
    "to": [ 9.8225, -0.27775, 8.8775 ],
    "faces": {
        "down":  { "uv": [ 1, 15, 15, 16 ], "texture": "#texture" },
        "up":    { "uv": [ 1, 15, 15, 16 ], "texture": "#texture" },
        "north": { "uv": [ 1, 15, 15, 16 ], "texture": "#texture" },
        "south": { "uv": [ 1, 15, 15, 16 ], "texture": "#texture" },
        "west":  { "uv": [ 1, 15, 15, 16 ], "texture": "#texture" },
        "east":  { "uv": [ 1, 15, 15, 16 ], "texture": "#texture" }
    }
},
{
    "__comment": "Beat",
    "from": [ 9.51875, -1.1215, 8.91125 ],
    "to": [ 9.8225, -0.5815, 9.18125 ],
    "faces": {
        "down":  { "uv": [ 1, 15, 15, 16 ], "texture": "#texture" },
        "up":    { "uv": [ 1, 15, 15, 16 ], "texture": "#texture" },
        "north": { "uv": [ 1, 15, 15, 16 ], "texture": "#texture" },
        "south": { "uv": [ 1, 15, 15, 16 ], "texture": "#texture" },
        "west":  { "uv": [ 1, 15, 15, 16 ], "texture": "#texture" },
        "east":  { "uv": [ 1, 15, 15, 16 ], "texture": "#texture" }
    }
},
{
    "__comment": "stem",
    "from": [ 8.4, -0.65, 8.95 ],
    "to": [ 8.6, 1.45, 9.15 ],
    "rotation": { "origin": [ 8.4, 1.45, 8.95 ], "axis": "x", "angle": 22.5 },
    "faces": {
        "down":  { "uv": [ 1, 15, 15, 16 ], "texture": "#texture" },
        "up":    { "uv": [ 1, 15, 15, 16 ], "texture": "#texture" },
        "north": { "uv": [ 1, 15, 15, 16 ], "texture": "#texture" },
        "south": { "uv": [ 1, 15, 15, 16 ], "texture": "#texture" },
        "west":  { "uv": [ 1, 15, 15, 16 ], "texture": "#texture" },
        "east":  { "uv": [ 1, 15, 15, 16 ], "texture": "#texture" }
    }
},
{
    "__comment": "leaf",
    "from": [ 8, 1.3, 9.05 ],
    "to": [ 9.2, 2.7, 9.25 ],
    "faces": {
        "down":  { "uv": [ 7.75, 0.5, 11.5, 6.5 ], "texture": "#foliage" },
        "up":    { "uv": [ 7.75, 0.5, 11.5, 6.5 ], "texture": "#foliage" },
        "north": { "uv": [ 6.75, 0.5, 11, 6.5 ], "texture": "#foliage" },
        "south": { "uv": [ 6.75, 0.5, 11, 6.5 ], "texture": "#foliage" },
        "west":  { "uv": [ 7, 0.75, 9.75, 6 ], "texture": "#foliage" },
        "east":  { "uv": [ 7, 0.75, 9.75, 6 ], "texture": "#foliage" }
    }
},
{
    "__comment": "leaf",
    "from": [ 8.2, 2.6, 9.2 ],
    "to": [ 9, 3, 9.4 ],
    "rotation": { "origin": [ 8.2, 3, 9.2 ], "axis": "x", "angle": 22.5 },
    "faces": {
        "down":  { "uv": [ 7.75, 0.5, 11.5, 6.5 ], "texture": "#foliage" },
        "up":    { "uv": [ 7.75, 0.5, 11.5, 6.5 ], "texture": "#foliage" },
        "north": { "uv": [ 6.75, 0.5, 11, 6.5 ], "texture": "#foliage" },
        "south": { "uv": [ 6.75, 0.5, 11, 6.5 ], "texture": "#foliage" },
        "west":  { "uv": [ 7, 0.75, 9.75, 6 ], "texture": "#foliage" },
        "east":  { "uv": [ 7, 0.75, 9.75, 6 ], "texture": "#foliage" }
    }
},
{
    "__comment": "leaf",
    "from": [ 8.2, 1, 9 ],
    "to": [ 9, 1.4, 9.2 ],
    "rotation": { "origin": [ 8.2, 1.4, 9 ], "axis": "x", "angle": 22.5 },
    "faces": {
        "down":  { "uv": [ 7.75, 0.5, 11.5, 6.5 ], "texture": "#foliage" },
        "up":    { "uv": [ 7.75, 0.5, 11.5, 6.5 ], "texture": "#foliage" },
        "north": { "uv": [ 6.75, 0.5, 11, 6.5 ], "texture": "#foliage" },
        "south": { "uv": [ 6.75, 0.5, 11, 6.5 ], "texture": "#foliage" },
        "west":  { "uv": [ 7, 0.75, 9.75, 6 ], "texture": "#foliage" },
        "east":  { "uv": [ 7, 0.75, 9.75, 6 ], "texture": "#foliage" }
    }
},
{
    "__comment": "leaf",
    "from": [ 8.4, 2.8, 9.2 ],
    "to": [ 8.8, 3.2, 9.4 ],
    "faces": {
        "down":  { "uv": [ 7.75, 0.5, 11.5, 6.5 ], "texture": "#foliage" },
        "up":    { "uv": [ 7.75, 0.5, 11.5, 6.5 ], "texture": "#foliage" },
        "north": { "uv": [ 6.75, 0.5, 11, 6.5 ], "texture": "#foliage" },
        "south": { "uv": [ 6.75, 0.5, 11, 6.5 ], "texture": "#foliage" },
        "west":  { "uv": [ 7, 0.75, 9.75, 6 ], "texture": "#foliage" },
        "east":  { "uv": [ 7, 0.75, 9.75, 6 ], "texture": "#foliage" }
    }
},
{
    "__comment": "stem",
    "from": [ 8, 0.4, 6.4 ],
    "to": [ 8.2, 2.4, 6.6 ],
    "rotation": { "origin": [ 8, 2.4, 6.4 ], "axis": "x", "angle": -22.5 },
    "faces": {
        "down":  { "uv": [ 1, 15, 15, 16 ], "texture": "#texture" },
        "up":    { "uv": [ 1, 15, 15, 16 ], "texture": "#texture" },
        "north": { "uv": [ 1, 15, 15, 16 ], "texture": "#texture" },
        "south": { "uv": [ 1, 15, 15, 16 ], "texture": "#texture" },
        "west":  { "uv": [ 1, 15, 15, 16 ], "texture": "#texture" },
        "east":  { "uv": [ 1, 15, 15, 16 ], "texture": "#texture" }
    }
},
{
    "__comment": "leaf",
    "from": [ 7.6, 1, 6.2 ],
    "to": [ 8.6, 2.4, 6.4 ],
    "rotation": { "origin": [ 7.6, 2.4, 6.2 ], "axis": "x", "angle": -22.5 },
    "faces": {
        "down":  { "uv": [ 7.75, 0.5, 11.5, 6.5 ], "texture": "#foliage" },
        "up":    { "uv": [ 7.75, 0.5, 11.5, 6.5 ], "texture": "#foliage" },
        "north": { "uv": [ 6.75, 0.5, 11, 6.5 ], "texture": "#foliage" },
        "south": { "uv": [ 6.75, 0.5, 11, 6.5 ], "texture": "#foliage" },
        "west":  { "uv": [ 7, 0.75, 9.75, 6 ], "texture": "#foliage" },
        "east":  { "uv": [ 7, 0.75, 9.75, 6 ], "texture": "#foliage" }
    }
},
{
    "__comment": "stem",
    "from": [ 8, 2.4, 6.4 ],
    "to": [ 8.2, 3.2, 6.6 ],
    "faces": {
        "down":  { "uv": [ 1, 15, 15, 16 ], "texture": "#texture" },
        "up":    { "uv": [ 1, 15, 15, 16 ], "texture": "#texture" },
        "north": { "uv": [ 1, 15, 15, 16 ], "texture": "#texture" },
        "south": { "uv": [ 1, 15, 15, 16 ], "texture": "#texture" },
        "west":  { "uv": [ 1, 15, 15, 16 ], "texture": "#texture" },
        "east":  { "uv": [ 1, 15, 15, 16 ], "texture": "#texture" }
    }
},
{
    "__comment": "leaf",
    "from": [ 7.8, 2.4, 6.2 ],
    "to": [ 8.4, 3.2, 6.4 ],
    "faces": {
        "down":  { "uv": [ 7.75, 0.5, 11.5, 6.5 ], "texture": "#foliage" },
        "up":    { "uv": [ 7.75, 0.5, 11.5, 6.5 ], "texture": "#foliage" },
        "north": { "uv": [ 6.75, 0.5, 11, 6.5 ], "texture": "#foliage" },
        "south": { "uv": [ 6.75, 0.5, 11, 6.5 ], "texture": "#foliage" },
        "west":  { "uv": [ 7, 0.75, 9.75, 6 ], "texture": "#foliage" },
        "east":  { "uv": [ 7, 0.75, 9.75, 6 ], "texture": "#foliage" }
    }
},
{
    "__comment": "leaf",
    "from": [ 8, 3.2, 6.2 ],
    "to": [ 8.4, 3.4, 6.4 ],
    "faces": {
        "down":  { "uv": [ 7.75, 0.5, 11.5, 6.5 ], "texture": "#foliage" },
        "up":    { "uv": [ 7.75, 0.5, 11.5, 6.5 ], "texture": "#foliage" },
        "north": { "uv": [ 6.75, 0.5, 11, 6.5 ], "texture": "#foliage" },
        "south": { "uv": [ 6.75, 0.5, 11, 6.5 ], "texture": "#foliage" },
        "west":  { "uv": [ 7, 0.75, 9.75, 6 ], "texture": "#foliage" },
        "east":  { "uv": [ 7, 0.75, 9.75, 6 ], "texture": "#foliage" }
    }
},
{
    "__comment": "stem",
    "from": [ 7, 1.4, 8.2 ],
    "to": [ 7.2, 2, 8.4 ],
    "faces": {
        "down":  { "uv": [ 1, 15, 15, 16 ], "texture": "#texture" },
        "up":    { "uv": [ 1, 15, 15, 16 ], "texture": "#texture" },
        "north": { "uv": [ 1, 15, 15, 16 ], "texture": "#texture" },
        "south": { "uv": [ 1, 15, 15, 16 ], "texture": "#texture" },
        "west":  { "uv": [ 1, 15, 15, 16 ], "texture": "#texture" },
        "east":  { "uv": [ 1, 15, 15, 16 ], "texture": "#texture" }
    }
},
{
    "__comment": "leaf",
    "from": [ 6.79142, 2, 7.9 ],
    "to": [ 7.79142, 3.4, 8.1 ],
    "rotation": { "origin": [ 6.79142, 2, 7.9 ], "axis": "y", "angle": -45 },
    "faces": {
        "down":  { "uv": [ 7.75, 0.5, 11.5, 6.5 ], "texture": "#foliage" },
        "up":    { "uv": [ 7.75, 0.5, 11.5, 6.5 ], "texture": "#foliage" },
        "north": { "uv": [ 6.75, 0.5, 11, 6.5 ], "texture": "#foliage" },
        "south": { "uv": [ 6.75, 0.5, 11, 6.5 ], "texture": "#foliage" },
        "west":  { "uv": [ 7, 0.75, 9.75, 6 ], "texture": "#foliage" },
        "east":  { "uv": [ 7, 0.75, 9.75, 6 ], "texture": "#foliage" }
    }
},
{
    "__comment": "leaf",
    "from": [ 7, 1.6, 7.88 ],
    "to": [ 7.6, 2, 8.08 ],
    "rotation": { "origin": [ 7, 1.6, 7.88 ], "axis": "y", "angle": -45 },
    "faces": {
        "down":  { "uv": [ 7.75, 0.5, 11.5, 6.5 ], "texture": "#foliage" },
        "up":    { "uv": [ 7.75, 0.5, 11.5, 6.5 ], "texture": "#foliage" },
        "north": { "uv": [ 6.75, 0.5, 11, 6.5 ], "texture": "#foliage" },
        "south": { "uv": [ 6.75, 0.5, 11, 6.5 ], "texture": "#foliage" },
        "west":  { "uv": [ 7, 0.75, 9.75, 6 ], "texture": "#foliage" },
        "east":  { "uv": [ 7, 0.75, 9.75, 6 ], "texture": "#foliage" }
    }
},
{
    "__comment": "leaf",
    "from": [ 6.99142, 3.4, 7.9 ],
    "to": [ 7.59142, 3.8, 8.1 ],
    "rotation": { "origin": [ 6.99142, 3.4, 7.9 ], "axis": "y", "angle": -45 },
    "faces": {
        "down":  { "uv": [ 7.75, 0.5, 11.5, 6.5 ], "texture": "#foliage" },
        "up":    { "uv": [ 7.75, 0.5, 11.5, 6.5 ], "texture": "#foliage" },
        "north": { "uv": [ 6.75, 0.5, 11, 6.5 ], "texture": "#foliage" },
        "south": { "uv": [ 6.75, 0.5, 11, 6.5 ], "texture": "#foliage" },
        "west":  { "uv": [ 7, 0.75, 9.75, 6 ], "texture": "#foliage" },
        "east":  { "uv": [ 7, 0.75, 9.75, 6 ], "texture": "#foliage" }
    }
},
{
    "__comment": "stem",
    "from": [ 7, 0.2, 8.2 ],
    "to": [ 7.2, 1.4, 8.4 ],
    "rotation": { "origin": [ 7, 1.4, 8.2 ], "axis": "z", "angle": 22.5 },
    "faces": {
        "down":  { "uv": [ 11.5, 9.75, 11.25, 9.5 ], "texture": "#texture" },
        "up":    { "uv": [ 4.5, 9.5, 4.75, 9.75 ], "texture": "#texture" },
        "north": { "uv": [ 11.25, 15, 11.5, 16 ], "texture": "#texture" },
        "south": { "uv": [ 4.5, 15, 4.75, 16 ], "texture": "#texture" },
        "west":  { "uv": [ 9.5, 15, 9.75, 16 ], "texture": "#texture" },
        "east":  { "uv": [ 6.25, 15, 6.5, 16 ], "texture": "#texture" }
    }
},
{
    "__comment": "stem",
    "from": [ 8, -0.6, 7.2 ],
    "to": [ 8.2, 0.6, 7.4 ],
    "faces": {
        "down":  { "uv": [ 1, 15, 15, 16 ], "texture": "#texture" },
        "up":    { "uv": [ 1, 15, 15, 16 ], "texture": "#texture" },
        "north": { "uv": [ 1, 15, 15, 16 ], "texture": "#texture" },
        "south": { "uv": [ 1, 15, 15, 16 ], "texture": "#texture" },
        "west":  { "uv": [ 1, 15, 15, 16 ], "texture": "#texture" },
        "east":  { "uv": [ 1, 15, 15, 16 ], "texture": "#texture" }
    }
},
{
    "__comment": "stem",
    "from": [ 9.55, -0.2, 7.6 ],
    "to": [ 9.75, 1.6, 7.8 ],
    "rotation": { "origin": [ 9.55, 1.6, 7.6 ], "axis": "z", "angle": -22.5 },
    "faces": {
        "down":  { "uv": [ 1, 15, 15, 16 ], "texture": "#texture" },
        "up":    { "uv": [ 1, 15, 15, 16 ], "texture": "#texture" },
        "north": { "uv": [ 1, 15, 15, 16 ], "texture": "#texture" },
        "south": { "uv": [ 1, 15, 15, 16 ], "texture": "#texture" },
        "west":  { "uv": [ 1, 15, 15, 16 ], "texture": "#texture" },
        "east":  { "uv": [ 1, 15, 15, 16 ], "texture": "#texture" }
    }
},
{
    "__comment": "leaf",
    "from": [ 9.8, 0.6, 7.4 ],
    "to": [ 10, 1.8, 8.2 ],
    "rotation": { "origin": [ 9.8, 1.8, 7.4 ], "axis": "z", "angle": -22.5 },
    "faces": {
        "down":  { "uv": [ 7.75, 0.5, 11.5, 6.5 ], "texture": "#foliage" },
        "up":    { "uv": [ 7.75, 0.5, 11.5, 6.5 ], "texture": "#foliage" },
        "north": { "uv": [ 6.75, 0.5, 11, 6.5 ], "texture": "#foliage" },
        "south": { "uv": [ 6.75, 0.5, 11, 6.5 ], "texture": "#foliage" },
        "west":  { "uv": [ 7, 0.75, 9.75, 6 ], "texture": "#foliage" },
        "east":  { "uv": [ 7, 0.75, 9.75, 6 ], "texture": "#foliage" }
    }
},
{
    "__comment": "leaf",
    "from": [ 10, 1.6, 7.4 ],
    "to": [ 10.2, 2.2, 8 ],
    "rotation": { "origin": [ 10, 2.2, 7.4 ], "axis": "z", "angle": -22.5 },
    "faces": {
        "down":  { "uv": [ 7.75, 0.5, 11.5, 6.5 ], "texture": "#foliage" },
        "up":    { "uv": [ 7.75, 0.5, 11.5, 6.5 ], "texture": "#foliage" },
        "north": { "uv": [ 6.75, 0.5, 11, 6.5 ], "texture": "#foliage" },
        "south": { "uv": [ 6.75, 0.5, 11, 6.5 ], "texture": "#foliage" },
        "west":  { "uv": [ 7, 0.75, 9.75, 6 ], "texture": "#foliage" },
        "east":  { "uv": [ 7, 0.75, 9.75, 6 ], "texture": "#foliage" }
    }
},
{
    "__comment": "leaf",
    "from": [ 10.0008, 2, 7.4008 ],
    "to": [ 10.2008, 2.6, 7.8008 ],
    "faces": {
        "down":  { "uv": [ 7.75, 0.5, 11.5, 6.5 ], "texture": "#foliage" },
        "up":    { "uv": [ 7.75, 0.5, 11.5, 6.5 ], "texture": "#foliage" },
        "north": { "uv": [ 6.75, 0.5, 11, 6.5 ], "texture": "#foliage" },
        "south": { "uv": [ 6.75, 0.5, 11, 6.5 ], "texture": "#foliage" },
        "west":  { "uv": [ 7, 0.75, 9.75, 6 ], "texture": "#foliage" },
        "east":  { "uv": [ 7, 0.75, 9.75, 6 ], "texture": "#foliage" }
    }
},
{
    "__comment": "stem",
    "from": [ 8.4, 1.4, 9 ],
    "to": [ 8.6, 2.4, 9.2 ],
    "faces": {
        "down":  { "uv": [ 1, 15, 15, 16 ], "texture": "#texture" },
        "up":    { "uv": [ 1, 15, 15, 16 ], "texture": "#texture" },
        "north": { "uv": [ 1, 15, 15, 16 ], "texture": "#texture" },
        "south": { "uv": [ 1, 15, 15, 16 ], "texture": "#texture" },
        "west":  { "uv": [ 1, 15, 15, 16 ], "texture": "#texture" },
        "east":  { "uv": [ 1, 15, 15, 16 ], "texture": "#texture" }
    }
}
]
}