{
"__comment": "CoolScreenName http://www.planetminecraft.com/member/coolscreenname/",
"textures": {
    "particle": "blocks/beetroots_stage_0",
    "texture": "blocks/beetroots_stage_3",
    "foliage": "colormap/foliage"
},
"elements": [ 
{
    "__comment": "Beat",
    "from": [ 6.94659, -1.05072, 7.4733 ],
    "to": [ 8.87783, -0.582539, 8.33163 ],
    "faces": {
        "down":  { "uv": [ 1, 15, 15, 16 ], "texture": "#texture" },
        "up":    { "uv": [ 1, 15, 15, 16 ], "texture": "#texture" },
        "north": { "uv": [ 1, 15, 15, 16 ], "texture": "#texture" },
        "south": { "uv": [ 1, 15, 15, 16 ], "texture": "#texture" },
        "west":  { "uv": [ 1, 15, 15, 16 ], "texture": "#texture" },
        "east":  { "uv": [ 1, 15, 15, 16 ], "texture": "#texture" }
    }
},
{
    "__comment": "Beat",
    "from": [ 6.94659, -1.07803, 8.31212 ],
    "to": [ 8.87783, -0.76591, 8.54621 ],
    "faces": {
        "down":  { "uv": [ 1, 15, 15, 16 ], "texture": "#texture" },
        "up":    { "uv": [ 1, 15, 15, 16 ], "texture": "#texture" },
        "north": { "uv": [ 1, 15, 15, 16 ], "texture": "#texture" },
        "south": { "uv": [ 1, 15, 15, 16 ], "texture": "#texture" },
        "west":  { "uv": [ 1, 15, 15, 16 ], "texture": "#texture" },
        "east":  { "uv": [ 1, 15, 15, 16 ], "texture": "#texture" }
    }
},
{
    "__comment": "Beat",
    "from": [ 6.94659, -1.10924, 7.29773 ],
    "to": [ 9.0534, -0.933674, 7.45379 ],
    "faces": {
        "down":  { "uv": [ 1, 15, 15, 16 ], "texture": "#texture" },
        "up":    { "uv": [ 1, 15, 15, 16 ], "texture": "#texture" },
        "north": { "uv": [ 1, 15, 15, 16 ], "texture": "#texture" },
        "south": { "uv": [ 1, 15, 15, 16 ], "texture": "#texture" },
        "west":  { "uv": [ 1, 15, 15, 16 ], "texture": "#texture" },
        "east":  { "uv": [ 1, 15, 15, 16 ], "texture": "#texture" }
    }
},
{
    "__comment": "Beat",
    "from": [ 7.12216, -0.582539, 7.4733 ],
    "to": [ 8.87784, -0.406972, 8.5267 ],
    "faces": {
        "down":  { "uv": [ 1, 15, 15, 16 ], "texture": "#texture" },
        "up":    { "uv": [ 1, 15, 15, 16 ], "texture": "#texture" },
        "north": { "uv": [ 1, 15, 15, 16 ], "texture": "#texture" },
        "south": { "uv": [ 1, 15, 15, 16 ], "texture": "#texture" },
        "west":  { "uv": [ 1, 15, 15, 16 ], "texture": "#texture" },
        "east":  { "uv": [ 1, 15, 15, 16 ], "texture": "#texture" }
    }
},
{
    "__comment": "Beat",
    "from": [ 7.12216, -0.933674, 7.29773 ],
    "to": [ 8.87784, -0.582539, 7.4733 ],
    "faces": {
        "down":  { "uv": [ 1, 15, 15, 16 ], "texture": "#texture" },
        "up":    { "uv": [ 1, 15, 15, 16 ], "texture": "#texture" },
        "north": { "uv": [ 1, 15, 15, 16 ], "texture": "#texture" },
        "south": { "uv": [ 1, 15, 15, 16 ], "texture": "#texture" },
        "west":  { "uv": [ 1, 15, 15, 16 ], "texture": "#texture" },
        "east":  { "uv": [ 1, 15, 15, 16 ], "texture": "#texture" }
    }
},
{
    "__comment": "Beat",
    "from": [ 7.12216, -0.758106, 8.35113 ],
    "to": [ 8.87784, -0.582539, 8.70227 ],
    "faces": {
        "down":  { "uv": [ 1, 15, 15, 16 ], "texture": "#texture" },
        "up":    { "uv": [ 1, 15, 15, 16 ], "texture": "#texture" },
        "north": { "uv": [ 1, 15, 15, 16 ], "texture": "#texture" },
        "south": { "uv": [ 1, 15, 15, 16 ], "texture": "#texture" },
        "west":  { "uv": [ 1, 15, 15, 16 ], "texture": "#texture" },
        "east":  { "uv": [ 1, 15, 15, 16 ], "texture": "#texture" }
    }
},
{
    "__comment": "Beat",
    "from": [ 7.12216, -1.07023, 7.12216 ],
    "to": [ 8.87784, -0.758107, 7.27822 ],
    "faces": {
        "down":  { "uv": [ 1, 15, 15, 16 ], "texture": "#texture" },
        "up":    { "uv": [ 1, 15, 15, 16 ], "texture": "#texture" },
        "north": { "uv": [ 1, 15, 15, 16 ], "texture": "#texture" },
        "south": { "uv": [ 1, 15, 15, 16 ], "texture": "#texture" },
        "west":  { "uv": [ 1, 15, 15, 16 ], "texture": "#texture" },
        "east":  { "uv": [ 1, 15, 15, 16 ], "texture": "#texture" }
    }
},
{
    "__comment": "Beat",
    "from": [ 7.12216, -1.07023, 8.5267 ],
    "to": [ 8.87784, -0.758107, 8.68276 ],
    "faces": {
        "down":  { "uv": [ 1, 15, 15, 16 ], "texture": "#texture" },
        "up":    { "uv": [ 1, 15, 15, 16 ], "texture": "#texture" },
        "north": { "uv": [ 1, 15, 15, 16 ], "texture": "#texture" },
        "south": { "uv": [ 1, 15, 15, 16 ], "texture": "#texture" },
        "west":  { "uv": [ 1, 15, 15, 16 ], "texture": "#texture" },
        "east":  { "uv": [ 1, 15, 15, 16 ], "texture": "#texture" }
    }
},
{
    "__comment": "Beat",
    "from": [ 7.12216, -1.07023, 8.70227 ],
    "to": [ 8.87784, -0.758107, 8.85833 ],
    "faces": {
        "down":  { "uv": [ 1, 15, 15, 16 ], "texture": "#texture" },
        "up":    { "uv": [ 1, 15, 15, 16 ], "texture": "#texture" },
        "north": { "uv": [ 1, 15, 15, 16 ], "texture": "#texture" },
        "south": { "uv": [ 1, 15, 15, 16 ], "texture": "#texture" },
        "west":  { "uv": [ 1, 15, 15, 16 ], "texture": "#texture" },
        "east":  { "uv": [ 1, 15, 15, 16 ], "texture": "#texture" }
    }
},
{
    "__comment": "Beat",
    "from": [ 7.29773, -0.406973, 7.4733 ],
    "to": [ 8.70227, -0.231406, 8.5267 ],
    "faces": {
        "down":  { "uv": [ 1, 15, 15, 16 ], "texture": "#texture" },
        "up":    { "uv": [ 1, 15, 15, 16 ], "texture": "#texture" },
        "north": { "uv": [ 1, 15, 15, 16 ], "texture": "#texture" },
        "south": { "uv": [ 1, 15, 15, 16 ], "texture": "#texture" },
        "west":  { "uv": [ 1, 15, 15, 16 ], "texture": "#texture" },
        "east":  { "uv": [ 1, 15, 15, 16 ], "texture": "#texture" }
    }
},
{
    "__comment": "Beat",
    "from": [ 7.29773, -0.582539, 7.29773 ],
    "to": [ 8.70227, -0.406972, 7.4733 ],
    "faces": {
        "down":  { "uv": [ 1, 15, 15, 16 ], "texture": "#texture" },
        "up":    { "uv": [ 1, 15, 15, 16 ], "texture": "#texture" },
        "north": { "uv": [ 1, 15, 15, 16 ], "texture": "#texture" },
        "south": { "uv": [ 1, 15, 15, 16 ], "texture": "#texture" },
        "west":  { "uv": [ 1, 15, 15, 16 ], "texture": "#texture" },
        "east":  { "uv": [ 1, 15, 15, 16 ], "texture": "#texture" }
    }
},
{
    "__comment": "Beat",
    "from": [ 7.29773, -0.582539, 8.5267 ],
    "to": [ 8.70227, -0.406972, 8.70227 ],
    "faces": {
        "down":  { "uv": [ 1, 15, 15, 16 ], "texture": "#texture" },
        "up":    { "uv": [ 1, 15, 15, 16 ], "texture": "#texture" },
        "north": { "uv": [ 1, 15, 15, 16 ], "texture": "#texture" },
        "south": { "uv": [ 1, 15, 15, 16 ], "texture": "#texture" },
        "west":  { "uv": [ 1, 15, 15, 16 ], "texture": "#texture" },
        "east":  { "uv": [ 1, 15, 15, 16 ], "texture": "#texture" }
    }
},
{
    "__comment": "Beat",
    "from": [ 7.29773, -0.758106, 7.12216 ],
    "to": [ 8.70227, -0.582539, 7.29773 ],
    "faces": {
        "down":  { "uv": [ 1, 15, 15, 16 ], "texture": "#texture" },
        "up":    { "uv": [ 1, 15, 15, 16 ], "texture": "#texture" },
        "north": { "uv": [ 1, 15, 15, 16 ], "texture": "#texture" },
        "south": { "uv": [ 1, 15, 15, 16 ], "texture": "#texture" },
        "west":  { "uv": [ 1, 15, 15, 16 ], "texture": "#texture" },
        "east":  { "uv": [ 1, 15, 15, 16 ], "texture": "#texture" }
    }
},
{
    "__comment": "Beat",
    "from": [ 7.29773, -0.758106, 8.70227 ],
    "to": [ 8.70227, -0.582539, 8.87784 ],
    "faces": {
        "down":  { "uv": [ 1, 15, 15, 16 ], "texture": "#texture" },
        "up":    { "uv": [ 1, 15, 15, 16 ], "texture": "#texture" },
        "north": { "uv": [ 1, 15, 15, 16 ], "texture": "#texture" },
        "south": { "uv": [ 1, 15, 15, 16 ], "texture": "#texture" },
        "west":  { "uv": [ 1, 15, 15, 16 ], "texture": "#texture" },
        "east":  { "uv": [ 1, 15, 15, 16 ], "texture": "#texture" }
    }
},
{
    "__comment": "Beat",
    "from": [ 7.29773, -1.10924, 8.87784 ],
    "to": [ 8.70227, -0.758107, 9.05341 ],
    "faces": {
        "down":  { "uv": [ 1, 15, 15, 16 ], "texture": "#texture" },
        "up":    { "uv": [ 1, 15, 15, 16 ], "texture": "#texture" },
        "north": { "uv": [ 1, 15, 15, 16 ], "texture": "#texture" },
        "south": { "uv": [ 1, 15, 15, 16 ], "texture": "#texture" },
        "west":  { "uv": [ 1, 15, 15, 16 ], "texture": "#texture" },
        "east":  { "uv": [ 1, 15, 15, 16 ], "texture": "#texture" }
    }
},
{
    "__comment": "Beat",
    "from": [ 7.4733, -0.231404, 7.64886 ],
    "to": [ 8.5267, -0.0558375, 8.35113 ],
    "faces": {
        "down":  { "uv": [ 1, 15, 15, 16 ], "texture": "#texture" },
        "up":    { "uv": [ 1, 15, 15, 16 ], "texture": "#texture" },
        "north": { "uv": [ 1, 15, 15, 16 ], "texture": "#texture" },
        "south": { "uv": [ 1, 15, 15, 16 ], "texture": "#texture" },
        "west":  { "uv": [ 1, 15, 15, 16 ], "texture": "#texture" },
        "east":  { "uv": [ 1, 15, 15, 16 ], "texture": "#texture" }
    }
},
{
    "__comment": "Beat",
    "from": [ 7.4733, -0.406973, 7.29773 ],
    "to": [ 8.5267, -0.231406, 7.4733 ],
    "faces": {
        "down":  { "uv": [ 1, 15, 15, 16 ], "texture": "#texture" },
        "up":    { "uv": [ 1, 15, 15, 16 ], "texture": "#texture" },
        "north": { "uv": [ 1, 15, 15, 16 ], "texture": "#texture" },
        "south": { "uv": [ 1, 15, 15, 16 ], "texture": "#texture" },
        "west":  { "uv": [ 1, 15, 15, 16 ], "texture": "#texture" },
        "east":  { "uv": [ 1, 15, 15, 16 ], "texture": "#texture" }
    }
},
{
    "__comment": "Beat",
    "from": [ 7.4733, -0.406973, 8.5267 ],
    "to": [ 8.5267, -0.231406, 8.70227 ],
    "faces": {
        "down":  { "uv": [ 1, 15, 15, 16 ], "texture": "#texture" },
        "up":    { "uv": [ 1, 15, 15, 16 ], "texture": "#texture" },
        "north": { "uv": [ 1, 15, 15, 16 ], "texture": "#texture" },
        "south": { "uv": [ 1, 15, 15, 16 ], "texture": "#texture" },
        "west":  { "uv": [ 1, 15, 15, 16 ], "texture": "#texture" },
        "east":  { "uv": [ 1, 15, 15, 16 ], "texture": "#texture" }
    }
},
{
    "__comment": "Beat",
    "from": [ 7.4733, -0.582539, 7.12216 ],
    "to": [ 8.5267, -0.406972, 7.29773 ],
    "faces": {
        "down":  { "uv": [ 1, 15, 15, 16 ], "texture": "#texture" },
        "up":    { "uv": [ 1, 15, 15, 16 ], "texture": "#texture" },
        "north": { "uv": [ 1, 15, 15, 16 ], "texture": "#texture" },
        "south": { "uv": [ 1, 15, 15, 16 ], "texture": "#texture" },
        "west":  { "uv": [ 1, 15, 15, 16 ], "texture": "#texture" },
        "east":  { "uv": [ 1, 15, 15, 16 ], "texture": "#texture" }
    }
},
{
    "__comment": "Beat",
    "from": [ 7.4733, -0.582539, 8.70227 ],
    "to": [ 8.70227, -0.406972, 8.87784 ],
    "faces": {
        "down":  { "uv": [ 1, 15, 15, 16 ], "texture": "#texture" },
        "up":    { "uv": [ 1, 15, 15, 16 ], "texture": "#texture" },
        "north": { "uv": [ 1, 15, 15, 16 ], "texture": "#texture" },
        "south": { "uv": [ 1, 15, 15, 16 ], "texture": "#texture" },
        "west":  { "uv": [ 1, 15, 15, 16 ], "texture": "#texture" },
        "east":  { "uv": [ 1, 15, 15, 16 ], "texture": "#texture" }
    }
},
{
    "__comment": "Beat",
    "from": [ 7.4733, -1.07023, 6.94659 ],
    "to": [ 8.5267, -0.758107, 7.10265 ],
    "faces": {
        "down":  { "uv": [ 1, 15, 15, 16 ], "texture": "#texture" },
        "up":    { "uv": [ 1, 15, 15, 16 ], "texture": "#texture" },
        "north": { "uv": [ 1, 15, 15, 16 ], "texture": "#texture" },
        "south": { "uv": [ 1, 15, 15, 16 ], "texture": "#texture" },
        "west":  { "uv": [ 1, 15, 15, 16 ], "texture": "#texture" },
        "east":  { "uv": [ 1, 15, 15, 16 ], "texture": "#texture" }
    }
},
{
    "__comment": "Beat",
    "from": [ 7.64886, -0.231404, 7.4733 ],
    "to": [ 8.35113, -0.0558375, 7.64886 ],
    "faces": {
        "down":  { "uv": [ 1, 15, 15, 16 ], "texture": "#texture" },
        "up":    { "uv": [ 1, 15, 15, 16 ], "texture": "#texture" },
        "north": { "uv": [ 1, 15, 15, 16 ], "texture": "#texture" },
        "south": { "uv": [ 1, 15, 15, 16 ], "texture": "#texture" },
        "west":  { "uv": [ 1, 15, 15, 16 ], "texture": "#texture" },
        "east":  { "uv": [ 1, 15, 15, 16 ], "texture": "#texture" }
    }
},
{
    "__comment": "Beat",
    "from": [ 7.64886, -0.231404, 8.35113 ],
    "to": [ 8.5267, -0.0558375, 8.5267 ],
    "faces": {
        "down":  { "uv": [ 1, 15, 15, 16 ], "texture": "#texture" },
        "up":    { "uv": [ 1, 15, 15, 16 ], "texture": "#texture" },
        "north": { "uv": [ 1, 15, 15, 16 ], "texture": "#texture" },
        "south": { "uv": [ 1, 15, 15, 16 ], "texture": "#texture" },
        "west":  { "uv": [ 1, 15, 15, 16 ], "texture": "#texture" },
        "east":  { "uv": [ 1, 15, 15, 16 ], "texture": "#texture" }
    }
},
{
    "__comment": "Beat",
    "from": [ 7.64886, -0.758106, 6.94659 ],
    "to": [ 8.35113, -0.582539, 7.12216 ],
    "faces": {
        "down":  { "uv": [ 1, 15, 15, 16 ], "texture": "#texture" },
        "up":    { "uv": [ 1, 15, 15, 16 ], "texture": "#texture" },
        "north": { "uv": [ 1, 15, 15, 16 ], "texture": "#texture" },
        "south": { "uv": [ 1, 15, 15, 16 ], "texture": "#texture" },
        "west":  { "uv": [ 1, 15, 15, 16 ], "texture": "#texture" },
        "east":  { "uv": [ 1, 15, 15, 16 ], "texture": "#texture" }
    }
},
{
    "__comment": "Beat",
    "from": [ 7.64886, -0.758106, 8.87784 ],
    "to": [ 8.35113, -0.582539, 9.0534 ],
    "faces": {
        "down":  { "uv": [ 1, 15, 15, 16 ], "texture": "#texture" },
        "up":    { "uv": [ 1, 15, 15, 16 ], "texture": "#texture" },
        "north": { "uv": [ 1, 15, 15, 16 ], "texture": "#texture" },
        "south": { "uv": [ 1, 15, 15, 16 ], "texture": "#texture" },
        "west":  { "uv": [ 1, 15, 15, 16 ], "texture": "#texture" },
        "east":  { "uv": [ 1, 15, 15, 16 ], "texture": "#texture" }
    }
},
{
    "__comment": "Beat",
    "from": [ 7.87359, -0.348295, 7.87359 ],
    "to": [ 8.12641, -0.0673875, 8.06086 ],
    "faces": {
        "down":  { "uv": [ 1, 15, 15, 16 ], "texture": "#texture" },
        "up":    { "uv": [ 1, 15, 15, 16 ], "texture": "#texture" },
        "north": { "uv": [ 1, 15, 15, 16 ], "texture": "#texture" },
        "south": { "uv": [ 1, 15, 15, 16 ], "texture": "#texture" },
        "west":  { "uv": [ 1, 15, 15, 16 ], "texture": "#texture" },
        "east":  { "uv": [ 1, 15, 15, 16 ], "texture": "#texture" }
    }
},
{
    "__comment": "Beat",
    "from": [ 8.12641, -0.193796, 7.87359 ],
    "to": [ 8.25282, -0.0673875, 8 ],
    "faces": {
        "down":  { "uv": [ 1, 15, 15, 16 ], "texture": "#texture" },
        "up":    { "uv": [ 1, 15, 15, 16 ], "texture": "#texture" },
        "north": { "uv": [ 1, 15, 15, 16 ], "texture": "#texture" },
        "south": { "uv": [ 1, 15, 15, 16 ], "texture": "#texture" },
        "west":  { "uv": [ 1, 15, 15, 16 ], "texture": "#texture" },
        "east":  { "uv": [ 1, 15, 15, 16 ], "texture": "#texture" }
    }
},
{
    "__comment": "Beat",
    "from": [ 8.70227, -0.406973, 8 ],
    "to": [ 8.87784, -0.231406, 8.35113 ],
    "faces": {
        "down":  { "uv": [ 1, 15, 15, 16 ], "texture": "#texture" },
        "up":    { "uv": [ 1, 15, 15, 16 ], "texture": "#texture" },
        "north": { "uv": [ 1, 15, 15, 16 ], "texture": "#texture" },
        "south": { "uv": [ 1, 15, 15, 16 ], "texture": "#texture" },
        "west":  { "uv": [ 1, 15, 15, 16 ], "texture": "#texture" },
        "east":  { "uv": [ 1, 15, 15, 16 ], "texture": "#texture" }
    }
},
{
    "__comment": "Beat",
    "from": [ 8.87784, -1.05072, 7.4733 ],
    "to": [ 9.0339, -0.582539, 8.17557 ],
    "faces": {
        "down":  { "uv": [ 1, 15, 15, 16 ], "texture": "#texture" },
        "up":    { "uv": [ 1, 15, 15, 16 ], "texture": "#texture" },
        "north": { "uv": [ 1, 15, 15, 16 ], "texture": "#texture" },
        "south": { "uv": [ 1, 15, 15, 16 ], "texture": "#texture" },
        "west":  { "uv": [ 1, 15, 15, 16 ], "texture": "#texture" },
        "east":  { "uv": [ 1, 15, 15, 16 ], "texture": "#texture" }
    }
},
{
    "__comment": "Beat",
    "from": [ 8.87784, -1.05072, 8.17557 ],
    "to": [ 9.0534, -0.582539, 8.33163 ],
    "faces": {
        "down":  { "uv": [ 1, 15, 15, 16 ], "texture": "#texture" },
        "up":    { "uv": [ 1, 15, 15, 16 ], "texture": "#texture" },
        "north": { "uv": [ 1, 15, 15, 16 ], "texture": "#texture" },
        "south": { "uv": [ 1, 15, 15, 16 ], "texture": "#texture" },
        "west":  { "uv": [ 1, 15, 15, 16 ], "texture": "#texture" },
        "east":  { "uv": [ 1, 15, 15, 16 ], "texture": "#texture" }
    }
},
{
    "__comment": "Beat",
    "from": [ 8.87784, -1.05072, 8.35113 ],
    "to": [ 9.0534, -0.582539, 8.50719 ],
    "faces": {
        "down":  { "uv": [ 1, 15, 15, 16 ], "texture": "#texture" },
        "up":    { "uv": [ 1, 15, 15, 16 ], "texture": "#texture" },
        "north": { "uv": [ 1, 15, 15, 16 ], "texture": "#texture" },
        "south": { "uv": [ 1, 15, 15, 16 ], "texture": "#texture" },
        "west":  { "uv": [ 1, 15, 15, 16 ], "texture": "#texture" },
        "east":  { "uv": [ 1, 15, 15, 16 ], "texture": "#texture" }
    }
},
{
    "__comment": "Beat",
    "from": [ 8.87784, -1.07023, 8.5267 ],
    "to": [ 9.0534, -0.758107, 8.68276 ],
    "faces": {
        "down":  { "uv": [ 1, 15, 15, 16 ], "texture": "#texture" },
        "up":    { "uv": [ 1, 15, 15, 16 ], "texture": "#texture" },
        "north": { "uv": [ 1, 15, 15, 16 ], "texture": "#texture" },
        "south": { "uv": [ 1, 15, 15, 16 ], "texture": "#texture" },
        "west":  { "uv": [ 1, 15, 15, 16 ], "texture": "#texture" },
        "east":  { "uv": [ 1, 15, 15, 16 ], "texture": "#texture" }
    }
},
{
    "__comment": "stem",
    "from": [ 8.12485, -0.890758, 8.29651 ],
    "to": [ 8.18735, -0.235306, 8.35901 ],
    "rotation": { "origin": [ 8.12485, -0.235306, 8.29651 ], "axis": "x", "angle": 22.5 },
    "faces": {
        "down":  { "uv": [ 1, 15, 15, 16 ], "texture": "#texture" },
        "up":    { "uv": [ 1, 15, 15, 16 ], "texture": "#texture" },
        "north": { "uv": [ 1, 15, 15, 16 ], "texture": "#texture" },
        "south": { "uv": [ 1, 15, 15, 16 ], "texture": "#texture" },
        "west":  { "uv": [ 1, 15, 15, 16 ], "texture": "#texture" },
        "east":  { "uv": [ 1, 15, 15, 16 ], "texture": "#texture" }
    }
},
{
    "__comment": "leaf",
    "from": [ 8, -0.282124, 8.32773 ],
    "to": [ 8.37454, 0.154844, 8.39023 ],
    "faces": {
        "down":  { "uv": [ 7.75, 0.5, 11.5, 6.5 ], "texture": "#foliage" },
        "up":    { "uv": [ 7.75, 0.5, 11.5, 6.5 ], "texture": "#foliage" },
        "north": { "uv": [ 6.75, 0.5, 11, 6.5 ], "texture": "#foliage" },
        "south": { "uv": [ 6.75, 0.5, 11, 6.5 ], "texture": "#foliage" },
        "west":  { "uv": [ 7, 0.75, 9.75, 6 ], "texture": "#foliage" },
        "east":  { "uv": [ 7, 0.75, 9.75, 6 ], "texture": "#foliage" }
    }
},
{
    "__comment": "leaf",
    "from": [ 8.06242, 0.123633, 8.37454 ],
    "to": [ 8.31212, 0.248481, 8.43704 ],
    "rotation": { "origin": [ 8.06242, 0.248481, 8.37454 ], "axis": "x", "angle": 22.5 },
    "faces": {
        "down":  { "uv": [ 7.75, 0.5, 11.5, 6.5 ], "texture": "#foliage" },
        "up":    { "uv": [ 7.75, 0.5, 11.5, 6.5 ], "texture": "#foliage" },
        "north": { "uv": [ 6.75, 0.5, 11, 6.5 ], "texture": "#foliage" },
        "south": { "uv": [ 6.75, 0.5, 11, 6.5 ], "texture": "#foliage" },
        "west":  { "uv": [ 7, 0.75, 9.75, 6 ], "texture": "#foliage" },
        "east":  { "uv": [ 7, 0.75, 9.75, 6 ], "texture": "#foliage" }
    }
},
{
    "__comment": "leaf",
    "from": [ 8.06242, -0.375761, 8.31212 ],
    "to": [ 8.31212, -0.250912, 8.37462 ],
    "rotation": { "origin": [ 8.06242, -0.250912, 8.31212 ], "axis": "x", "angle": 22.5 },
    "faces": {
        "down":  { "uv": [ 7.75, 0.5, 11.5, 6.5 ], "texture": "#foliage" },
        "up":    { "uv": [ 7.75, 0.5, 11.5, 6.5 ], "texture": "#foliage" },
        "north": { "uv": [ 6.75, 0.5, 11, 6.5 ], "texture": "#foliage" },
        "south": { "uv": [ 6.75, 0.5, 11, 6.5 ], "texture": "#foliage" },
        "west":  { "uv": [ 7, 0.75, 9.75, 6 ], "texture": "#foliage" },
        "east":  { "uv": [ 7, 0.75, 9.75, 6 ], "texture": "#foliage" }
    }
},
{
    "__comment": "leaf",
    "from": [ 8.12485, 0.186058, 8.37454 ],
    "to": [ 8.2497, 0.310906, 8.43704 ],
    "faces": {
        "down":  { "uv": [ 7.75, 0.5, 11.5, 6.5 ], "texture": "#foliage" },
        "up":    { "uv": [ 7.75, 0.5, 11.5, 6.5 ], "texture": "#foliage" },
        "north": { "uv": [ 6.75, 0.5, 11, 6.5 ], "texture": "#foliage" },
        "south": { "uv": [ 6.75, 0.5, 11, 6.5 ], "texture": "#foliage" },
        "west":  { "uv": [ 7, 0.75, 9.75, 6 ], "texture": "#foliage" },
        "east":  { "uv": [ 7, 0.75, 9.75, 6 ], "texture": "#foliage" }
    }
},
{
    "__comment": "stem",
    "from": [ 8, -0.563034, 7.50061 ],
    "to": [ 8.0625, 0.0612063, 7.56311 ],
    "rotation": { "origin": [ 8, 0.0612063, 7.50061 ], "axis": "x", "angle": -22.5 },
    "faces": {
        "down":  { "uv": [ 1, 15, 15, 16 ], "texture": "#texture" },
        "up":    { "uv": [ 1, 15, 15, 16 ], "texture": "#texture" },
        "north": { "uv": [ 1, 15, 15, 16 ], "texture": "#texture" },
        "south": { "uv": [ 1, 15, 15, 16 ], "texture": "#texture" },
        "west":  { "uv": [ 1, 15, 15, 16 ], "texture": "#texture" },
        "east":  { "uv": [ 1, 15, 15, 16 ], "texture": "#texture" }
    }
},
{
    "__comment": "leaf",
    "from": [ 7.87515, -0.375762, 7.43818 ],
    "to": [ 8.18727, 0.0612063, 7.50068 ],
    "rotation": { "origin": [ 7.87515, 0.0612063, 7.43818 ], "axis": "x", "angle": -22.5 },
    "faces": {
        "down":  { "uv": [ 7.75, 0.5, 11.5, 6.5 ], "texture": "#foliage" },
        "up":    { "uv": [ 7.75, 0.5, 11.5, 6.5 ], "texture": "#foliage" },
        "north": { "uv": [ 6.75, 0.5, 11, 6.5 ], "texture": "#foliage" },
        "south": { "uv": [ 6.75, 0.5, 11, 6.5 ], "texture": "#foliage" },
        "west":  { "uv": [ 7, 0.75, 9.75, 6 ], "texture": "#foliage" },
        "east":  { "uv": [ 7, 0.75, 9.75, 6 ], "texture": "#foliage" }
    }
},
{
    "__comment": "stem",
    "from": [ 8, 0.0612103, 7.50061 ],
    "to": [ 8.0625, 0.310906, 7.56311 ],
    "faces": {
        "down":  { "uv": [ 1, 15, 15, 16 ], "texture": "#texture" },
        "up":    { "uv": [ 1, 15, 15, 16 ], "texture": "#texture" },
        "north": { "uv": [ 1, 15, 15, 16 ], "texture": "#texture" },
        "south": { "uv": [ 1, 15, 15, 16 ], "texture": "#texture" },
        "west":  { "uv": [ 1, 15, 15, 16 ], "texture": "#texture" },
        "east":  { "uv": [ 1, 15, 15, 16 ], "texture": "#texture" }
    }
},
{
    "__comment": "leaf",
    "from": [ 7.93758, 0.0612103, 7.43818 ],
    "to": [ 8.12485, 0.310906, 7.50068 ],
    "faces": {
        "down":  { "uv": [ 7.75, 0.5, 11.5, 6.5 ], "texture": "#foliage" },
        "up":    { "uv": [ 7.75, 0.5, 11.5, 6.5 ], "texture": "#foliage" },
        "north": { "uv": [ 6.75, 0.5, 11, 6.5 ], "texture": "#foliage" },
        "south": { "uv": [ 6.75, 0.5, 11, 6.5 ], "texture": "#foliage" },
        "west":  { "uv": [ 7, 0.75, 9.75, 6 ], "texture": "#foliage" },
        "east":  { "uv": [ 7, 0.75, 9.75, 6 ], "texture": "#foliage" }
    }
},
{
    "__comment": "leaf",
    "from": [ 8, 0.310825, 7.43818 ],
    "to": [ 8.12485, 0.373325, 7.50068 ],
    "faces": {
        "down":  { "uv": [ 7.75, 0.5, 11.5, 6.5 ], "texture": "#foliage" },
        "up":    { "uv": [ 7.75, 0.5, 11.5, 6.5 ], "texture": "#foliage" },
        "north": { "uv": [ 6.75, 0.5, 11, 6.5 ], "texture": "#foliage" },
        "south": { "uv": [ 6.75, 0.5, 11, 6.5 ], "texture": "#foliage" },
        "west":  { "uv": [ 7, 0.75, 9.75, 6 ], "texture": "#foliage" },
        "east":  { "uv": [ 7, 0.75, 9.75, 6 ], "texture": "#foliage" }
    }
},
{
    "__comment": "stem",
    "from": [ 7.68788, -0.25091, 8.06242 ],
    "to": [ 7.75038, -0.0636375, 8.12492 ],
    "faces": {
        "down":  { "uv": [ 1, 15, 15, 16 ], "texture": "#texture" },
        "up":    { "uv": [ 1, 15, 15, 16 ], "texture": "#texture" },
        "north": { "uv": [ 1, 15, 15, 16 ], "texture": "#texture" },
        "south": { "uv": [ 1, 15, 15, 16 ], "texture": "#texture" },
        "west":  { "uv": [ 1, 15, 15, 16 ], "texture": "#texture" },
        "east":  { "uv": [ 1, 15, 15, 16 ], "texture": "#texture" }
    }
},
{
    "__comment": "leaf",
    "from": [ 7.62278, -0.063643, 7.96879 ],
    "to": [ 7.9349, 0.373325, 8.03129 ],
    "rotation": { "origin": [ 7.62278, -0.063643, 7.96879 ], "axis": "y", "angle": -45 },
    "faces": {
        "down":  { "uv": [ 7.75, 0.5, 11.5, 6.5 ], "texture": "#foliage" },
        "up":    { "uv": [ 7.75, 0.5, 11.5, 6.5 ], "texture": "#foliage" },
        "north": { "uv": [ 6.75, 0.5, 11, 6.5 ], "texture": "#foliage" },
        "south": { "uv": [ 6.75, 0.5, 11, 6.5 ], "texture": "#foliage" },
        "west":  { "uv": [ 7, 0.75, 9.75, 6 ], "texture": "#foliage" },
        "east":  { "uv": [ 7, 0.75, 9.75, 6 ], "texture": "#foliage" }
    }
},
{
    "__comment": "leaf",
    "from": [ 7.68788, -0.188486, 7.96255 ],
    "to": [ 7.87515, -0.0636375, 8.02505 ],
    "rotation": { "origin": [ 7.68788, -0.188486, 7.96255 ], "axis": "y", "angle": -45 },
    "faces": {
        "down":  { "uv": [ 7.75, 0.5, 11.5, 6.5 ], "texture": "#foliage" },
        "up":    { "uv": [ 7.75, 0.5, 11.5, 6.5 ], "texture": "#foliage" },
        "north": { "uv": [ 6.75, 0.5, 11, 6.5 ], "texture": "#foliage" },
        "south": { "uv": [ 6.75, 0.5, 11, 6.5 ], "texture": "#foliage" },
        "west":  { "uv": [ 7, 0.75, 9.75, 6 ], "texture": "#foliage" },
        "east":  { "uv": [ 7, 0.75, 9.75, 6 ], "texture": "#foliage" }
    }
},
{
    "__comment": "leaf",
    "from": [ 7.6852, 0.373327, 7.96879 ],
    "to": [ 7.87247, 0.498175, 8.03129 ],
    "rotation": { "origin": [ 7.6852, 0.373327, 7.96879 ], "axis": "y", "angle": -45 },
    "faces": {
        "down":  { "uv": [ 7.75, 0.5, 11.5, 6.5 ], "texture": "#foliage" },
        "up":    { "uv": [ 7.75, 0.5, 11.5, 6.5 ], "texture": "#foliage" },
        "north": { "uv": [ 6.75, 0.5, 11, 6.5 ], "texture": "#foliage" },
        "south": { "uv": [ 6.75, 0.5, 11, 6.5 ], "texture": "#foliage" },
        "west":  { "uv": [ 7, 0.75, 9.75, 6 ], "texture": "#foliage" },
        "east":  { "uv": [ 7, 0.75, 9.75, 6 ], "texture": "#foliage" }
    }
},
{
    "__comment": "stem",
    "from": [ 7.68788, -0.625456, 8.06242 ],
    "to": [ 7.75038, -0.250912, 8.12492 ],
    "rotation": { "origin": [ 7.68788, -0.250912, 8.06242 ], "axis": "z", "angle": 22.5 },
    "faces": {
        "down":  { "uv": [ 11.5, 9.75, 11.25, 9.5 ], "texture": "#texture" },
        "up":    { "uv": [ 4.5, 9.5, 4.75, 9.75 ], "texture": "#texture" },
        "north": { "uv": [ 11.25, 15, 11.5, 16 ], "texture": "#texture" },
        "south": { "uv": [ 4.5, 15, 4.75, 16 ], "texture": "#texture" },
        "west":  { "uv": [ 9.5, 15, 9.75, 16 ], "texture": "#texture" },
        "east":  { "uv": [ 6.25, 15, 6.5, 16 ], "texture": "#texture" }
    }
},
{
    "__comment": "stem",
    "from": [ 8, -0.7688, 7.5376 ],
    "to": [ 8.1156, -0.0752, 7.6532 ],
    "faces": {
        "down":  { "uv": [ 1, 15, 15, 16 ], "texture": "#texture" },
        "up":    { "uv": [ 1, 15, 15, 16 ], "texture": "#texture" },
        "north": { "uv": [ 1, 15, 15, 16 ], "texture": "#texture" },
        "south": { "uv": [ 1, 15, 15, 16 ], "texture": "#texture" },
        "west":  { "uv": [ 1, 15, 15, 16 ], "texture": "#texture" },
        "east":  { "uv": [ 1, 15, 15, 16 ], "texture": "#texture" }
    }
},
{
    "__comment": "stem",
    "from": [ 8.48379, -0.750304, 7.87515 ],
    "to": [ 8.54629, -0.188487, 7.93765 ],
    "rotation": { "origin": [ 8.48379, -0.188487, 7.87515 ], "axis": "z", "angle": -22.5 },
    "faces": {
        "down":  { "uv": [ 1, 15, 15, 16 ], "texture": "#texture" },
        "up":    { "uv": [ 1, 15, 15, 16 ], "texture": "#texture" },
        "north": { "uv": [ 1, 15, 15, 16 ], "texture": "#texture" },
        "south": { "uv": [ 1, 15, 15, 16 ], "texture": "#texture" },
        "west":  { "uv": [ 1, 15, 15, 16 ], "texture": "#texture" },
        "east":  { "uv": [ 1, 15, 15, 16 ], "texture": "#texture" }
    }
},
{
    "__comment": "leaf",
    "from": [ 8.56182, -0.500606, 7.81273 ],
    "to": [ 8.62432, -0.126063, 8.06242 ],
    "rotation": { "origin": [ 8.56182, -0.126063, 7.81273 ], "axis": "z", "angle": -22.5 },
    "faces": {
        "down":  { "uv": [ 7.75, 0.5, 11.5, 6.5 ], "texture": "#foliage" },
        "up":    { "uv": [ 7.75, 0.5, 11.5, 6.5 ], "texture": "#foliage" },
        "north": { "uv": [ 6.75, 0.5, 11, 6.5 ], "texture": "#foliage" },
        "south": { "uv": [ 6.75, 0.5, 11, 6.5 ], "texture": "#foliage" },
        "west":  { "uv": [ 7, 0.75, 9.75, 6 ], "texture": "#foliage" },
        "east":  { "uv": [ 7, 0.75, 9.75, 6 ], "texture": "#foliage" }
    }
},
{
    "__comment": "leaf",
    "from": [ 8.62424, -0.188491, 7.81273 ],
    "to": [ 8.68674, -0.00121875, 8 ],
    "rotation": { "origin": [ 8.62424, -0.00121875, 7.81273 ], "axis": "z", "angle": -22.5 },
    "faces": {
        "down":  { "uv": [ 7.75, 0.5, 11.5, 6.5 ], "texture": "#foliage" },
        "up":    { "uv": [ 7.75, 0.5, 11.5, 6.5 ], "texture": "#foliage" },
        "north": { "uv": [ 6.75, 0.5, 11, 6.5 ], "texture": "#foliage" },
        "south": { "uv": [ 6.75, 0.5, 11, 6.5 ], "texture": "#foliage" },
        "west":  { "uv": [ 7, 0.75, 9.75, 6 ], "texture": "#foliage" },
        "east":  { "uv": [ 7, 0.75, 9.75, 6 ], "texture": "#foliage" }
    }
},
{
    "__comment": "leaf",
    "from": [ 8.62449, -0.0636408, 7.81298 ],
    "to": [ 8.68699, 0.123631, 7.93783 ],
    "faces": {
        "down":  { "uv": [ 7.75, 0.5, 11.5, 6.5 ], "texture": "#foliage" },
        "up":    { "uv": [ 7.75, 0.5, 11.5, 6.5 ], "texture": "#foliage" },
        "north": { "uv": [ 6.75, 0.5, 11, 6.5 ], "texture": "#foliage" },
        "south": { "uv": [ 6.75, 0.5, 11, 6.5 ], "texture": "#foliage" },
        "west":  { "uv": [ 7, 0.75, 9.75, 6 ], "texture": "#foliage" },
        "east":  { "uv": [ 7, 0.75, 9.75, 6 ], "texture": "#foliage" }
    }
},
{
    "__comment": "stem",
    "from": [ 8.12485, -0.250914, 8.31212 ],
    "to": [ 8.18735, 0.0612063, 8.37462 ],
    "faces": {
        "down":  { "uv": [ 1, 15, 15, 16 ], "texture": "#texture" },
        "up":    { "uv": [ 1, 15, 15, 16 ], "texture": "#texture" },
        "north": { "uv": [ 1, 15, 15, 16 ], "texture": "#texture" },
        "south": { "uv": [ 1, 15, 15, 16 ], "texture": "#texture" },
        "west":  { "uv": [ 1, 15, 15, 16 ], "texture": "#texture" },
        "east":  { "uv": [ 1, 15, 15, 16 ], "texture": "#texture" }
    }
}
]
}