{
"__comment": "CoolScreenName http://www.planetminecraft.com/member/coolscreenname/",
"textures": {
    "particle": "blocks/beetroots_stage_1",
    "texture": "blocks/beetroots_stage_3",
    "foliage": "colormap/foliage"
},
"elements": [ 
{
    "__comment": "Beat",
    "from": [ 6.542, -1.0702, 7.271 ],
    "to": [ 9.215, -0.4222, 8.459 ],
    "faces": {
        "down":  { "uv": [ 1, 15, 15, 16 ], "texture": "#texture" },
        "up":    { "uv": [ 1, 15, 15, 16 ], "texture": "#texture" },
        "north": { "uv": [ 1, 15, 15, 16 ], "texture": "#texture" },
        "south": { "uv": [ 1, 15, 15, 16 ], "texture": "#texture" },
        "west":  { "uv": [ 1, 15, 15, 16 ], "texture": "#texture" },
        "east":  { "uv": [ 1, 15, 15, 16 ], "texture": "#texture" }
    }
},
{
    "__comment": "Beat",
    "from": [ 6.542, -1.108, 8.432 ],
    "to": [ 9.215, -0.676, 8.756 ],
    "faces": {
        "down":  { "uv": [ 1, 15, 15, 16 ], "texture": "#texture" },
        "up":    { "uv": [ 1, 15, 15, 16 ], "texture": "#texture" },
        "north": { "uv": [ 1, 15, 15, 16 ], "texture": "#texture" },
        "south": { "uv": [ 1, 15, 15, 16 ], "texture": "#texture" },
        "west":  { "uv": [ 1, 15, 15, 16 ], "texture": "#texture" },
        "east":  { "uv": [ 1, 15, 15, 16 ], "texture": "#texture" }
    }
},
{
    "__comment": "Beat",
    "from": [ 6.542, -1.1512, 7.028 ],
    "to": [ 9.458, -0.9082, 7.244 ],
    "faces": {
        "down":  { "uv": [ 1, 15, 15, 16 ], "texture": "#texture" },
        "up":    { "uv": [ 1, 15, 15, 16 ], "texture": "#texture" },
        "north": { "uv": [ 1, 15, 15, 16 ], "texture": "#texture" },
        "south": { "uv": [ 1, 15, 15, 16 ], "texture": "#texture" },
        "west":  { "uv": [ 1, 15, 15, 16 ], "texture": "#texture" },
        "east":  { "uv": [ 1, 15, 15, 16 ], "texture": "#texture" }
    }
},
{
    "__comment": "Beat",
    "from": [ 6.785, -0.4222, 7.271 ],
    "to": [ 9.215, -0.1792, 8.729 ],
    "faces": {
        "down":  { "uv": [ 1, 15, 15, 16 ], "texture": "#texture" },
        "up":    { "uv": [ 1, 15, 15, 16 ], "texture": "#texture" },
        "north": { "uv": [ 1, 15, 15, 16 ], "texture": "#texture" },
        "south": { "uv": [ 1, 15, 15, 16 ], "texture": "#texture" },
        "west":  { "uv": [ 1, 15, 15, 16 ], "texture": "#texture" },
        "east":  { "uv": [ 1, 15, 15, 16 ], "texture": "#texture" }
    }
},
{
    "__comment": "Beat",
    "from": [ 6.785, -0.9082, 7.028 ],
    "to": [ 9.215, -0.4222, 7.271 ],
    "faces": {
        "down":  { "uv": [ 1, 15, 15, 16 ], "texture": "#texture" },
        "up":    { "uv": [ 1, 15, 15, 16 ], "texture": "#texture" },
        "north": { "uv": [ 1, 15, 15, 16 ], "texture": "#texture" },
        "south": { "uv": [ 1, 15, 15, 16 ], "texture": "#texture" },
        "west":  { "uv": [ 1, 15, 15, 16 ], "texture": "#texture" },
        "east":  { "uv": [ 1, 15, 15, 16 ], "texture": "#texture" }
    }
},
{
    "__comment": "Beat",
    "from": [ 6.785, -0.6652, 8.486 ],
    "to": [ 9.215, -0.4222, 8.972 ],
    "faces": {
        "down":  { "uv": [ 1, 15, 15, 16 ], "texture": "#texture" },
        "up":    { "uv": [ 1, 15, 15, 16 ], "texture": "#texture" },
        "north": { "uv": [ 1, 15, 15, 16 ], "texture": "#texture" },
        "south": { "uv": [ 1, 15, 15, 16 ], "texture": "#texture" },
        "west":  { "uv": [ 1, 15, 15, 16 ], "texture": "#texture" },
        "east":  { "uv": [ 1, 15, 15, 16 ], "texture": "#texture" }
    }
},
{
    "__comment": "Beat",
    "from": [ 6.785, -1.0972, 6.785 ],
    "to": [ 9.215, -0.6652, 7.001 ],
    "faces": {
        "down":  { "uv": [ 1, 15, 15, 16 ], "texture": "#texture" },
        "up":    { "uv": [ 1, 15, 15, 16 ], "texture": "#texture" },
        "north": { "uv": [ 1, 15, 15, 16 ], "texture": "#texture" },
        "south": { "uv": [ 1, 15, 15, 16 ], "texture": "#texture" },
        "west":  { "uv": [ 1, 15, 15, 16 ], "texture": "#texture" },
        "east":  { "uv": [ 1, 15, 15, 16 ], "texture": "#texture" }
    }
},
{
    "__comment": "Beat",
    "from": [ 6.785, -1.0972, 8.729 ],
    "to": [ 9.215, -0.6652, 8.945 ],
    "faces": {
        "down":  { "uv": [ 1, 15, 15, 16 ], "texture": "#texture" },
        "up":    { "uv": [ 1, 15, 15, 16 ], "texture": "#texture" },
        "north": { "uv": [ 1, 15, 15, 16 ], "texture": "#texture" },
        "south": { "uv": [ 1, 15, 15, 16 ], "texture": "#texture" },
        "west":  { "uv": [ 1, 15, 15, 16 ], "texture": "#texture" },
        "east":  { "uv": [ 1, 15, 15, 16 ], "texture": "#texture" }
    }
},
{
    "__comment": "Beat",
    "from": [ 6.785, -1.0972, 8.972 ],
    "to": [ 9.215, -0.6652, 9.188 ],
    "faces": {
        "down":  { "uv": [ 1, 15, 15, 16 ], "texture": "#texture" },
        "up":    { "uv": [ 1, 15, 15, 16 ], "texture": "#texture" },
        "north": { "uv": [ 1, 15, 15, 16 ], "texture": "#texture" },
        "south": { "uv": [ 1, 15, 15, 16 ], "texture": "#texture" },
        "west":  { "uv": [ 1, 15, 15, 16 ], "texture": "#texture" },
        "east":  { "uv": [ 1, 15, 15, 16 ], "texture": "#texture" }
    }
},
{
    "__comment": "Beat",
    "from": [ 7.028, -0.1792, 7.271 ],
    "to": [ 8.972, 0.0638, 8.729 ],
    "faces": {
        "down":  { "uv": [ 1, 15, 15, 16 ], "texture": "#texture" },
        "up":    { "uv": [ 1, 15, 15, 16 ], "texture": "#texture" },
        "north": { "uv": [ 1, 15, 15, 16 ], "texture": "#texture" },
        "south": { "uv": [ 1, 15, 15, 16 ], "texture": "#texture" },
        "west":  { "uv": [ 1, 15, 15, 16 ], "texture": "#texture" },
        "east":  { "uv": [ 1, 15, 15, 16 ], "texture": "#texture" }
    }
},
{
    "__comment": "Beat",
    "from": [ 7.028, -0.4222, 7.028 ],
    "to": [ 8.972, -0.1792, 7.271 ],
    "faces": {
        "down":  { "uv": [ 1, 15, 15, 16 ], "texture": "#texture" },
        "up":    { "uv": [ 1, 15, 15, 16 ], "texture": "#texture" },
        "north": { "uv": [ 1, 15, 15, 16 ], "texture": "#texture" },
        "south": { "uv": [ 1, 15, 15, 16 ], "texture": "#texture" },
        "west":  { "uv": [ 1, 15, 15, 16 ], "texture": "#texture" },
        "east":  { "uv": [ 1, 15, 15, 16 ], "texture": "#texture" }
    }
},
{
    "__comment": "Beat",
    "from": [ 7.028, -0.4222, 8.729 ],
    "to": [ 8.972, -0.1792, 8.972 ],
    "faces": {
        "down":  { "uv": [ 1, 15, 15, 16 ], "texture": "#texture" },
        "up":    { "uv": [ 1, 15, 15, 16 ], "texture": "#texture" },
        "north": { "uv": [ 1, 15, 15, 16 ], "texture": "#texture" },
        "south": { "uv": [ 1, 15, 15, 16 ], "texture": "#texture" },
        "west":  { "uv": [ 1, 15, 15, 16 ], "texture": "#texture" },
        "east":  { "uv": [ 1, 15, 15, 16 ], "texture": "#texture" }
    }
},
{
    "__comment": "Beat",
    "from": [ 7.028, -0.6652, 6.785 ],
    "to": [ 8.972, -0.4222, 7.028 ],
    "faces": {
        "down":  { "uv": [ 1, 15, 15, 16 ], "texture": "#texture" },
        "up":    { "uv": [ 1, 15, 15, 16 ], "texture": "#texture" },
        "north": { "uv": [ 1, 15, 15, 16 ], "texture": "#texture" },
        "south": { "uv": [ 1, 15, 15, 16 ], "texture": "#texture" },
        "west":  { "uv": [ 1, 15, 15, 16 ], "texture": "#texture" },
        "east":  { "uv": [ 1, 15, 15, 16 ], "texture": "#texture" }
    }
},
{
    "__comment": "Beat",
    "from": [ 7.028, -0.6652, 8.972 ],
    "to": [ 8.972, -0.4222, 9.215 ],
    "faces": {
        "down":  { "uv": [ 1, 15, 15, 16 ], "texture": "#texture" },
        "up":    { "uv": [ 1, 15, 15, 16 ], "texture": "#texture" },
        "north": { "uv": [ 1, 15, 15, 16 ], "texture": "#texture" },
        "south": { "uv": [ 1, 15, 15, 16 ], "texture": "#texture" },
        "west":  { "uv": [ 1, 15, 15, 16 ], "texture": "#texture" },
        "east":  { "uv": [ 1, 15, 15, 16 ], "texture": "#texture" }
    }
},
{
    "__comment": "Beat",
    "from": [ 7.028, -1.1512, 9.215 ],
    "to": [ 8.972, -0.6652, 9.458 ],
    "faces": {
        "down":  { "uv": [ 1, 15, 15, 16 ], "texture": "#texture" },
        "up":    { "uv": [ 1, 15, 15, 16 ], "texture": "#texture" },
        "north": { "uv": [ 1, 15, 15, 16 ], "texture": "#texture" },
        "south": { "uv": [ 1, 15, 15, 16 ], "texture": "#texture" },
        "west":  { "uv": [ 1, 15, 15, 16 ], "texture": "#texture" },
        "east":  { "uv": [ 1, 15, 15, 16 ], "texture": "#texture" }
    }
},
{
    "__comment": "Beat",
    "from": [ 7.271, 0.0638, 7.514 ],
    "to": [ 8.729, 0.3068, 8.486 ],
    "faces": {
        "down":  { "uv": [ 1, 15, 15, 16 ], "texture": "#texture" },
        "up":    { "uv": [ 1, 15, 15, 16 ], "texture": "#texture" },
        "north": { "uv": [ 1, 15, 15, 16 ], "texture": "#texture" },
        "south": { "uv": [ 1, 15, 15, 16 ], "texture": "#texture" },
        "west":  { "uv": [ 1, 15, 15, 16 ], "texture": "#texture" },
        "east":  { "uv": [ 1, 15, 15, 16 ], "texture": "#texture" }
    }
},
{
    "__comment": "Beat",
    "from": [ 7.271, -0.1792, 7.028 ],
    "to": [ 8.729, 0.0638, 7.271 ],
    "faces": {
        "down":  { "uv": [ 1, 15, 15, 16 ], "texture": "#texture" },
        "up":    { "uv": [ 1, 15, 15, 16 ], "texture": "#texture" },
        "north": { "uv": [ 1, 15, 15, 16 ], "texture": "#texture" },
        "south": { "uv": [ 1, 15, 15, 16 ], "texture": "#texture" },
        "west":  { "uv": [ 1, 15, 15, 16 ], "texture": "#texture" },
        "east":  { "uv": [ 1, 15, 15, 16 ], "texture": "#texture" }
    }
},
{
    "__comment": "Beat",
    "from": [ 7.271, -0.1792, 8.729 ],
    "to": [ 8.729, 0.0638, 8.972 ],
    "faces": {
        "down":  { "uv": [ 1, 15, 15, 16 ], "texture": "#texture" },
        "up":    { "uv": [ 1, 15, 15, 16 ], "texture": "#texture" },
        "north": { "uv": [ 1, 15, 15, 16 ], "texture": "#texture" },
        "south": { "uv": [ 1, 15, 15, 16 ], "texture": "#texture" },
        "west":  { "uv": [ 1, 15, 15, 16 ], "texture": "#texture" },
        "east":  { "uv": [ 1, 15, 15, 16 ], "texture": "#texture" }
    }
},
{
    "__comment": "Beat",
    "from": [ 7.271, -0.4222, 6.785 ],
    "to": [ 8.729, -0.1792, 7.028 ],
    "faces": {
        "down":  { "uv": [ 1, 15, 15, 16 ], "texture": "#texture" },
        "up":    { "uv": [ 1, 15, 15, 16 ], "texture": "#texture" },
        "north": { "uv": [ 1, 15, 15, 16 ], "texture": "#texture" },
        "south": { "uv": [ 1, 15, 15, 16 ], "texture": "#texture" },
        "west":  { "uv": [ 1, 15, 15, 16 ], "texture": "#texture" },
        "east":  { "uv": [ 1, 15, 15, 16 ], "texture": "#texture" }
    }
},
{
    "__comment": "Beat",
    "from": [ 7.271, -0.4222, 8.972 ],
    "to": [ 8.972, -0.1792, 9.215 ],
    "faces": {
        "down":  { "uv": [ 1, 15, 15, 16 ], "texture": "#texture" },
        "up":    { "uv": [ 1, 15, 15, 16 ], "texture": "#texture" },
        "north": { "uv": [ 1, 15, 15, 16 ], "texture": "#texture" },
        "south": { "uv": [ 1, 15, 15, 16 ], "texture": "#texture" },
        "west":  { "uv": [ 1, 15, 15, 16 ], "texture": "#texture" },
        "east":  { "uv": [ 1, 15, 15, 16 ], "texture": "#texture" }
    }
},
{
    "__comment": "Beat",
    "from": [ 7.271, -1.0972, 6.542 ],
    "to": [ 8.729, -0.6652, 6.758 ],
    "faces": {
        "down":  { "uv": [ 1, 15, 15, 16 ], "texture": "#texture" },
        "up":    { "uv": [ 1, 15, 15, 16 ], "texture": "#texture" },
        "north": { "uv": [ 1, 15, 15, 16 ], "texture": "#texture" },
        "south": { "uv": [ 1, 15, 15, 16 ], "texture": "#texture" },
        "west":  { "uv": [ 1, 15, 15, 16 ], "texture": "#texture" },
        "east":  { "uv": [ 1, 15, 15, 16 ], "texture": "#texture" }
    }
},
{
    "__comment": "Beat",
    "from": [ 7.514, 0.0638, 7.271 ],
    "to": [ 8.486, 0.3068, 7.514 ],
    "faces": {
        "down":  { "uv": [ 1, 15, 15, 16 ], "texture": "#texture" },
        "up":    { "uv": [ 1, 15, 15, 16 ], "texture": "#texture" },
        "north": { "uv": [ 1, 15, 15, 16 ], "texture": "#texture" },
        "south": { "uv": [ 1, 15, 15, 16 ], "texture": "#texture" },
        "west":  { "uv": [ 1, 15, 15, 16 ], "texture": "#texture" },
        "east":  { "uv": [ 1, 15, 15, 16 ], "texture": "#texture" }
    }
},
{
    "__comment": "Beat",
    "from": [ 7.514, 0.0638, 8.486 ],
    "to": [ 8.729, 0.3068, 8.729 ],
    "faces": {
        "down":  { "uv": [ 1, 15, 15, 16 ], "texture": "#texture" },
        "up":    { "uv": [ 1, 15, 15, 16 ], "texture": "#texture" },
        "north": { "uv": [ 1, 15, 15, 16 ], "texture": "#texture" },
        "south": { "uv": [ 1, 15, 15, 16 ], "texture": "#texture" },
        "west":  { "uv": [ 1, 15, 15, 16 ], "texture": "#texture" },
        "east":  { "uv": [ 1, 15, 15, 16 ], "texture": "#texture" }
    }
},
{
    "__comment": "Beat",
    "from": [ 7.514, -0.6652, 6.542 ],
    "to": [ 8.486, -0.4222, 6.785 ],
    "faces": {
        "down":  { "uv": [ 1, 15, 15, 16 ], "texture": "#texture" },
        "up":    { "uv": [ 1, 15, 15, 16 ], "texture": "#texture" },
        "north": { "uv": [ 1, 15, 15, 16 ], "texture": "#texture" },
        "south": { "uv": [ 1, 15, 15, 16 ], "texture": "#texture" },
        "west":  { "uv": [ 1, 15, 15, 16 ], "texture": "#texture" },
        "east":  { "uv": [ 1, 15, 15, 16 ], "texture": "#texture" }
    }
},
{
    "__comment": "Beat",
    "from": [ 7.514, -0.6652, 9.215 ],
    "to": [ 8.486, -0.4222, 9.458 ],
    "faces": {
        "down":  { "uv": [ 1, 15, 15, 16 ], "texture": "#texture" },
        "up":    { "uv": [ 1, 15, 15, 16 ], "texture": "#texture" },
        "north": { "uv": [ 1, 15, 15, 16 ], "texture": "#texture" },
        "south": { "uv": [ 1, 15, 15, 16 ], "texture": "#texture" },
        "west":  { "uv": [ 1, 15, 15, 16 ], "texture": "#texture" },
        "east":  { "uv": [ 1, 15, 15, 16 ], "texture": "#texture" }
    }
},
{
    "__comment": "Beat",
    "from": [ 7.82504, -0.0979812, 7.82504 ],
    "to": [ 8.17496, 0.290819, 8.08424 ],
    "faces": {
        "down":  { "uv": [ 1, 15, 15, 16 ], "texture": "#texture" },
        "up":    { "uv": [ 1, 15, 15, 16 ], "texture": "#texture" },
        "north": { "uv": [ 1, 15, 15, 16 ], "texture": "#texture" },
        "south": { "uv": [ 1, 15, 15, 16 ], "texture": "#texture" },
        "west":  { "uv": [ 1, 15, 15, 16 ], "texture": "#texture" },
        "east":  { "uv": [ 1, 15, 15, 16 ], "texture": "#texture" }
    }
},
{
    "__comment": "Beat",
    "from": [ 8.17496, 0.115859, 7.82504 ],
    "to": [ 8.34992, 0.290819, 8 ],
    "faces": {
        "down":  { "uv": [ 1, 15, 15, 16 ], "texture": "#texture" },
        "up":    { "uv": [ 1, 15, 15, 16 ], "texture": "#texture" },
        "north": { "uv": [ 1, 15, 15, 16 ], "texture": "#texture" },
        "south": { "uv": [ 1, 15, 15, 16 ], "texture": "#texture" },
        "west":  { "uv": [ 1, 15, 15, 16 ], "texture": "#texture" },
        "east":  { "uv": [ 1, 15, 15, 16 ], "texture": "#texture" }
    }
},
{
    "__comment": "Beat",
    "from": [ 8.972, -0.1792, 8 ],
    "to": [ 9.215, 0.0638, 8.486 ],
    "faces": {
        "down":  { "uv": [ 1, 15, 15, 16 ], "texture": "#texture" },
        "up":    { "uv": [ 1, 15, 15, 16 ], "texture": "#texture" },
        "north": { "uv": [ 1, 15, 15, 16 ], "texture": "#texture" },
        "south": { "uv": [ 1, 15, 15, 16 ], "texture": "#texture" },
        "west":  { "uv": [ 1, 15, 15, 16 ], "texture": "#texture" },
        "east":  { "uv": [ 1, 15, 15, 16 ], "texture": "#texture" }
    }
},
{
    "__comment": "Beat",
    "from": [ 9.215, -1.0702, 7.271 ],
    "to": [ 9.431, -0.4222, 8.243 ],
    "faces": {
        "down":  { "uv": [ 1, 15, 15, 16 ], "texture": "#texture" },
        "up":    { "uv": [ 1, 15, 15, 16 ], "texture": "#texture" },
        "north": { "uv": [ 1, 15, 15, 16 ], "texture": "#texture" },
        "south": { "uv": [ 1, 15, 15, 16 ], "texture": "#texture" },
        "west":  { "uv": [ 1, 15, 15, 16 ], "texture": "#texture" },
        "east":  { "uv": [ 1, 15, 15, 16 ], "texture": "#texture" }
    }
},
{
    "__comment": "Beat",
    "from": [ 9.215, -1.0702, 8.243 ],
    "to": [ 9.458, -0.4222, 8.459 ],
    "faces": {
        "down":  { "uv": [ 1, 15, 15, 16 ], "texture": "#texture" },
        "up":    { "uv": [ 1, 15, 15, 16 ], "texture": "#texture" },
        "north": { "uv": [ 1, 15, 15, 16 ], "texture": "#texture" },
        "south": { "uv": [ 1, 15, 15, 16 ], "texture": "#texture" },
        "west":  { "uv": [ 1, 15, 15, 16 ], "texture": "#texture" },
        "east":  { "uv": [ 1, 15, 15, 16 ], "texture": "#texture" }
    }
},
{
    "__comment": "Beat",
    "from": [ 9.215, -1.0702, 8.486 ],
    "to": [ 9.458, -0.4222, 8.702 ],
    "faces": {
        "down":  { "uv": [ 1, 15, 15, 16 ], "texture": "#texture" },
        "up":    { "uv": [ 1, 15, 15, 16 ], "texture": "#texture" },
        "north": { "uv": [ 1, 15, 15, 16 ], "texture": "#texture" },
        "south": { "uv": [ 1, 15, 15, 16 ], "texture": "#texture" },
        "west":  { "uv": [ 1, 15, 15, 16 ], "texture": "#texture" },
        "east":  { "uv": [ 1, 15, 15, 16 ], "texture": "#texture" }
    }
},
{
    "__comment": "Beat",
    "from": [ 9.215, -1.0972, 8.729 ],
    "to": [ 9.458, -0.6652, 8.945 ],
    "faces": {
        "down":  { "uv": [ 1, 15, 15, 16 ], "texture": "#texture" },
        "up":    { "uv": [ 1, 15, 15, 16 ], "texture": "#texture" },
        "north": { "uv": [ 1, 15, 15, 16 ], "texture": "#texture" },
        "south": { "uv": [ 1, 15, 15, 16 ], "texture": "#texture" },
        "west":  { "uv": [ 1, 15, 15, 16 ], "texture": "#texture" },
        "east":  { "uv": [ 1, 15, 15, 16 ], "texture": "#texture" }
    }
},
{
    "__comment": "stem",
    "from": [ 8.288, -0.748, 8.684 ],
    "to": [ 8.432, 0.764, 8.828 ],
    "rotation": { "origin": [ 8.288, 0.764, 8.684 ], "axis": "x", "angle": 22.5 },
    "faces": {
        "down":  { "uv": [ 1, 15, 15, 16 ], "texture": "#texture" },
        "up":    { "uv": [ 1, 15, 15, 16 ], "texture": "#texture" },
        "north": { "uv": [ 1, 15, 15, 16 ], "texture": "#texture" },
        "south": { "uv": [ 1, 15, 15, 16 ], "texture": "#texture" },
        "west":  { "uv": [ 1, 15, 15, 16 ], "texture": "#texture" },
        "east":  { "uv": [ 1, 15, 15, 16 ], "texture": "#texture" }
    }
},
{
    "__comment": "leaf",
    "from": [ 8, 0.656, 8.756 ],
    "to": [ 8.864, 1.664, 8.9 ],
    "faces": {
        "down":  { "uv": [ 7.75, 0.5, 11.5, 6.5 ], "texture": "#foliage" },
        "up":    { "uv": [ 7.75, 0.5, 11.5, 6.5 ], "texture": "#foliage" },
        "north": { "uv": [ 6.75, 0.5, 11, 6.5 ], "texture": "#foliage" },
        "south": { "uv": [ 6.75, 0.5, 11, 6.5 ], "texture": "#foliage" },
        "west":  { "uv": [ 7, 0.75, 9.75, 6 ], "texture": "#foliage" },
        "east":  { "uv": [ 7, 0.75, 9.75, 6 ], "texture": "#foliage" }
    }
},
{
    "__comment": "leaf",
    "from": [ 8.144, 1.592, 8.864 ],
    "to": [ 8.72, 1.88, 9.008 ],
    "rotation": { "origin": [ 8.144, 1.88, 8.864 ], "axis": "x", "angle": 22.5 },
    "faces": {
        "down":  { "uv": [ 7.75, 0.5, 11.5, 6.5 ], "texture": "#foliage" },
        "up":    { "uv": [ 7.75, 0.5, 11.5, 6.5 ], "texture": "#foliage" },
        "north": { "uv": [ 6.75, 0.5, 11, 6.5 ], "texture": "#foliage" },
        "south": { "uv": [ 6.75, 0.5, 11, 6.5 ], "texture": "#foliage" },
        "west":  { "uv": [ 7, 0.75, 9.75, 6 ], "texture": "#foliage" },
        "east":  { "uv": [ 7, 0.75, 9.75, 6 ], "texture": "#foliage" }
    }
},
{
    "__comment": "leaf",
    "from": [ 8.144, 0.44, 8.72 ],
    "to": [ 8.72, 0.728, 8.864 ],
    "rotation": { "origin": [ 8.144, 0.728, 8.72 ], "axis": "x", "angle": 22.5 },
    "faces": {
        "down":  { "uv": [ 7.75, 0.5, 11.5, 6.5 ], "texture": "#foliage" },
        "up":    { "uv": [ 7.75, 0.5, 11.5, 6.5 ], "texture": "#foliage" },
        "north": { "uv": [ 6.75, 0.5, 11, 6.5 ], "texture": "#foliage" },
        "south": { "uv": [ 6.75, 0.5, 11, 6.5 ], "texture": "#foliage" },
        "west":  { "uv": [ 7, 0.75, 9.75, 6 ], "texture": "#foliage" },
        "east":  { "uv": [ 7, 0.75, 9.75, 6 ], "texture": "#foliage" }
    }
},
{
    "__comment": "leaf",
    "from": [ 8.288, 1.736, 8.864 ],
    "to": [ 8.576, 2.024, 9.008 ],
    "faces": {
        "down":  { "uv": [ 7.75, 0.5, 11.5, 6.5 ], "texture": "#foliage" },
        "up":    { "uv": [ 7.75, 0.5, 11.5, 6.5 ], "texture": "#foliage" },
        "north": { "uv": [ 6.75, 0.5, 11, 6.5 ], "texture": "#foliage" },
        "south": { "uv": [ 6.75, 0.5, 11, 6.5 ], "texture": "#foliage" },
        "west":  { "uv": [ 7, 0.75, 9.75, 6 ], "texture": "#foliage" },
        "east":  { "uv": [ 7, 0.75, 9.75, 6 ], "texture": "#foliage" }
    }
},
{
    "__comment": "stem",
    "from": [ 8, 0.008, 6.848 ],
    "to": [ 8.144, 1.448, 6.992 ],
    "rotation": { "origin": [ 8, 1.448, 6.848 ], "axis": "x", "angle": -22.5 },
    "faces": {
        "down":  { "uv": [ 1, 15, 15, 16 ], "texture": "#texture" },
        "up":    { "uv": [ 1, 15, 15, 16 ], "texture": "#texture" },
        "north": { "uv": [ 1, 15, 15, 16 ], "texture": "#texture" },
        "south": { "uv": [ 1, 15, 15, 16 ], "texture": "#texture" },
        "west":  { "uv": [ 1, 15, 15, 16 ], "texture": "#texture" },
        "east":  { "uv": [ 1, 15, 15, 16 ], "texture": "#texture" }
    }
},
{
    "__comment": "leaf",
    "from": [ 7.712, 0.44, 6.704 ],
    "to": [ 8.432, 1.448, 6.848 ],
    "rotation": { "origin": [ 7.712, 1.448, 6.704 ], "axis": "x", "angle": -22.5 },
    "faces": {
        "down":  { "uv": [ 7.75, 0.5, 11.5, 6.5 ], "texture": "#foliage" },
        "up":    { "uv": [ 7.75, 0.5, 11.5, 6.5 ], "texture": "#foliage" },
        "north": { "uv": [ 6.75, 0.5, 11, 6.5 ], "texture": "#foliage" },
        "south": { "uv": [ 6.75, 0.5, 11, 6.5 ], "texture": "#foliage" },
        "west":  { "uv": [ 7, 0.75, 9.75, 6 ], "texture": "#foliage" },
        "east":  { "uv": [ 7, 0.75, 9.75, 6 ], "texture": "#foliage" }
    }
},
{
    "__comment": "stem",
    "from": [ 8, 1.448, 6.848 ],
    "to": [ 8.144, 2.024, 6.992 ],
    "faces": {
        "down":  { "uv": [ 1, 15, 15, 16 ], "texture": "#texture" },
        "up":    { "uv": [ 1, 15, 15, 16 ], "texture": "#texture" },
        "north": { "uv": [ 1, 15, 15, 16 ], "texture": "#texture" },
        "south": { "uv": [ 1, 15, 15, 16 ], "texture": "#texture" },
        "west":  { "uv": [ 1, 15, 15, 16 ], "texture": "#texture" },
        "east":  { "uv": [ 1, 15, 15, 16 ], "texture": "#texture" }
    }
},
{
    "__comment": "leaf",
    "from": [ 7.856, 1.448, 6.704 ],
    "to": [ 8.288, 2.024, 6.848 ],
    "faces": {
        "down":  { "uv": [ 7.75, 0.5, 11.5, 6.5 ], "texture": "#foliage" },
        "up":    { "uv": [ 7.75, 0.5, 11.5, 6.5 ], "texture": "#foliage" },
        "north": { "uv": [ 6.75, 0.5, 11, 6.5 ], "texture": "#foliage" },
        "south": { "uv": [ 6.75, 0.5, 11, 6.5 ], "texture": "#foliage" },
        "west":  { "uv": [ 7, 0.75, 9.75, 6 ], "texture": "#foliage" },
        "east":  { "uv": [ 7, 0.75, 9.75, 6 ], "texture": "#foliage" }
    }
},
{
    "__comment": "leaf",
    "from": [ 8, 2.024, 6.704 ],
    "to": [ 8.288, 2.168, 6.848 ],
    "faces": {
        "down":  { "uv": [ 7.75, 0.5, 11.5, 6.5 ], "texture": "#foliage" },
        "up":    { "uv": [ 7.75, 0.5, 11.5, 6.5 ], "texture": "#foliage" },
        "north": { "uv": [ 6.75, 0.5, 11, 6.5 ], "texture": "#foliage" },
        "south": { "uv": [ 6.75, 0.5, 11, 6.5 ], "texture": "#foliage" },
        "west":  { "uv": [ 7, 0.75, 9.75, 6 ], "texture": "#foliage" },
        "east":  { "uv": [ 7, 0.75, 9.75, 6 ], "texture": "#foliage" }
    }
},
{
    "__comment": "stem",
    "from": [ 7.28, 0.728, 8.144 ],
    "to": [ 7.424, 1.16, 8.288 ],
    "faces": {
        "down":  { "uv": [ 1, 15, 15, 16 ], "texture": "#texture" },
        "up":    { "uv": [ 1, 15, 15, 16 ], "texture": "#texture" },
        "north": { "uv": [ 1, 15, 15, 16 ], "texture": "#texture" },
        "south": { "uv": [ 1, 15, 15, 16 ], "texture": "#texture" },
        "west":  { "uv": [ 1, 15, 15, 16 ], "texture": "#texture" },
        "east":  { "uv": [ 1, 15, 15, 16 ], "texture": "#texture" }
    }
},
{
    "__comment": "leaf",
    "from": [ 7.12983, 1.16, 7.928 ],
    "to": [ 7.84983, 2.168, 8.072 ],
    "rotation": { "origin": [ 7.12983, 1.16, 7.928 ], "axis": "y", "angle": -45 },
    "faces": {
        "down":  { "uv": [ 7.75, 0.5, 11.5, 6.5 ], "texture": "#foliage" },
        "up":    { "uv": [ 7.75, 0.5, 11.5, 6.5 ], "texture": "#foliage" },
        "north": { "uv": [ 6.75, 0.5, 11, 6.5 ], "texture": "#foliage" },
        "south": { "uv": [ 6.75, 0.5, 11, 6.5 ], "texture": "#foliage" },
        "west":  { "uv": [ 7, 0.75, 9.75, 6 ], "texture": "#foliage" },
        "east":  { "uv": [ 7, 0.75, 9.75, 6 ], "texture": "#foliage" }
    }
},
{
    "__comment": "leaf",
    "from": [ 7.28, 0.872, 7.9136 ],
    "to": [ 7.712, 1.16, 8.0576 ],
    "rotation": { "origin": [ 7.28, 0.872, 7.9136 ], "axis": "y", "angle": -45 },
    "faces": {
        "down":  { "uv": [ 7.75, 0.5, 11.5, 6.5 ], "texture": "#foliage" },
        "up":    { "uv": [ 7.75, 0.5, 11.5, 6.5 ], "texture": "#foliage" },
        "north": { "uv": [ 6.75, 0.5, 11, 6.5 ], "texture": "#foliage" },
        "south": { "uv": [ 6.75, 0.5, 11, 6.5 ], "texture": "#foliage" },
        "west":  { "uv": [ 7, 0.75, 9.75, 6 ], "texture": "#foliage" },
        "east":  { "uv": [ 7, 0.75, 9.75, 6 ], "texture": "#foliage" }
    }
},
{
    "__comment": "leaf",
    "from": [ 7.27383, 2.168, 7.928 ],
    "to": [ 7.70583, 2.456, 8.072 ],
    "rotation": { "origin": [ 7.27383, 2.168, 7.928 ], "axis": "y", "angle": -45 },
    "faces": {
        "down":  { "uv": [ 7.75, 0.5, 11.5, 6.5 ], "texture": "#foliage" },
        "up":    { "uv": [ 7.75, 0.5, 11.5, 6.5 ], "texture": "#foliage" },
        "north": { "uv": [ 6.75, 0.5, 11, 6.5 ], "texture": "#foliage" },
        "south": { "uv": [ 6.75, 0.5, 11, 6.5 ], "texture": "#foliage" },
        "west":  { "uv": [ 7, 0.75, 9.75, 6 ], "texture": "#foliage" },
        "east":  { "uv": [ 7, 0.75, 9.75, 6 ], "texture": "#foliage" }
    }
},
{
    "__comment": "stem",
    "from": [ 7.28, -0.136, 8.144 ],
    "to": [ 7.424, 0.728, 8.288 ],
    "rotation": { "origin": [ 7.28, 0.728, 8.144 ], "axis": "z", "angle": 22.5 },
    "faces": {
        "down":  { "uv": [ 11.5, 9.75, 11.25, 9.5 ], "texture": "#texture" },
        "up":    { "uv": [ 4.5, 9.5, 4.75, 9.75 ], "texture": "#texture" },
        "north": { "uv": [ 11.25, 15, 11.5, 16 ], "texture": "#texture" },
        "south": { "uv": [ 4.5, 15, 4.75, 16 ], "texture": "#texture" },
        "west":  { "uv": [ 9.5, 15, 9.75, 16 ], "texture": "#texture" },
        "east":  { "uv": [ 6.25, 15, 6.5, 16 ], "texture": "#texture" }
    }
},
{
    "__comment": "stem",
    "from": [ 8, -0.68, 7.36 ],
    "to": [ 8.16, 0.28, 7.52 ],
    "faces": {
        "down":  { "uv": [ 1, 15, 15, 16 ], "texture": "#texture" },
        "up":    { "uv": [ 1, 15, 15, 16 ], "texture": "#texture" },
        "north": { "uv": [ 1, 15, 15, 16 ], "texture": "#texture" },
        "south": { "uv": [ 1, 15, 15, 16 ], "texture": "#texture" },
        "west":  { "uv": [ 1, 15, 15, 16 ], "texture": "#texture" },
        "east":  { "uv": [ 1, 15, 15, 16 ], "texture": "#texture" }
    }
},
{
    "__comment": "stem",
    "from": [ 9.116, -0.424, 7.712 ],
    "to": [ 9.26, 0.872, 7.856 ],
    "rotation": { "origin": [ 9.116, 0.872, 7.712 ], "axis": "z", "angle": -22.5 },
    "faces": {
        "down":  { "uv": [ 1, 15, 15, 16 ], "texture": "#texture" },
        "up":    { "uv": [ 1, 15, 15, 16 ], "texture": "#texture" },
        "north": { "uv": [ 1, 15, 15, 16 ], "texture": "#texture" },
        "south": { "uv": [ 1, 15, 15, 16 ], "texture": "#texture" },
        "west":  { "uv": [ 1, 15, 15, 16 ], "texture": "#texture" },
        "east":  { "uv": [ 1, 15, 15, 16 ], "texture": "#texture" }
    }
},
{
    "__comment": "leaf",
    "from": [ 9.296, 0.152, 7.568 ],
    "to": [ 9.44, 1.016, 8.144 ],
    "rotation": { "origin": [ 9.296, 1.016, 7.568 ], "axis": "z", "angle": -22.5 },
    "faces": {
        "down":  { "uv": [ 7.75, 0.5, 11.5, 6.5 ], "texture": "#foliage" },
        "up":    { "uv": [ 7.75, 0.5, 11.5, 6.5 ], "texture": "#foliage" },
        "north": { "uv": [ 6.75, 0.5, 11, 6.5 ], "texture": "#foliage" },
        "south": { "uv": [ 6.75, 0.5, 11, 6.5 ], "texture": "#foliage" },
        "west":  { "uv": [ 7, 0.75, 9.75, 6 ], "texture": "#foliage" },
        "east":  { "uv": [ 7, 0.75, 9.75, 6 ], "texture": "#foliage" }
    }
},
{
    "__comment": "leaf",
    "from": [ 9.44, 0.872, 7.568 ],
    "to": [ 9.584, 1.304, 8 ],
    "rotation": { "origin": [ 9.44, 1.304, 7.568 ], "axis": "z", "angle": -22.5 },
    "faces": {
        "down":  { "uv": [ 7.75, 0.5, 11.5, 6.5 ], "texture": "#foliage" },
        "up":    { "uv": [ 7.75, 0.5, 11.5, 6.5 ], "texture": "#foliage" },
        "north": { "uv": [ 6.75, 0.5, 11, 6.5 ], "texture": "#foliage" },
        "south": { "uv": [ 6.75, 0.5, 11, 6.5 ], "texture": "#foliage" },
        "west":  { "uv": [ 7, 0.75, 9.75, 6 ], "texture": "#foliage" },
        "east":  { "uv": [ 7, 0.75, 9.75, 6 ], "texture": "#foliage" }
    }
},
{
    "__comment": "leaf",
    "from": [ 9.44057, 1.16, 7.56858 ],
    "to": [ 9.58457, 1.592, 7.85658 ],
    "faces": {
        "down":  { "uv": [ 7.75, 0.5, 11.5, 6.5 ], "texture": "#foliage" },
        "up":    { "uv": [ 7.75, 0.5, 11.5, 6.5 ], "texture": "#foliage" },
        "north": { "uv": [ 6.75, 0.5, 11, 6.5 ], "texture": "#foliage" },
        "south": { "uv": [ 6.75, 0.5, 11, 6.5 ], "texture": "#foliage" },
        "west":  { "uv": [ 7, 0.75, 9.75, 6 ], "texture": "#foliage" },
        "east":  { "uv": [ 7, 0.75, 9.75, 6 ], "texture": "#foliage" }
    }
},
{
    "__comment": "stem",
    "from": [ 8.288, 0.728, 8.72 ],
    "to": [ 8.432, 1.448, 8.864 ],
    "faces": {
        "down":  { "uv": [ 1, 15, 15, 16 ], "texture": "#texture" },
        "up":    { "uv": [ 1, 15, 15, 16 ], "texture": "#texture" },
        "north": { "uv": [ 1, 15, 15, 16 ], "texture": "#texture" },
        "south": { "uv": [ 1, 15, 15, 16 ], "texture": "#texture" },
        "west":  { "uv": [ 1, 15, 15, 16 ], "texture": "#texture" },
        "east":  { "uv": [ 1, 15, 15, 16 ], "texture": "#texture" }
    }
}
]
}