{
"__comment": "CoolScreenName http://www.planetminecraft.com/member/coolscreenname/",
"textures": {
    "particle": "blocks/beetroots_stage_3",
    "texture": "blocks/beetroots_stage_3",
    "foliage": "colormap/foliage"
},
"elements": [ 
{
    "__comment": "Beat",
    "from": [ 5.975, -1.0975, 6.9875 ],
    "to": [ 9.6875, -0.1975, 8.6375 ],
    "faces": {
        "down":  { "uv": [ 1, 15, 15, 16 ], "texture": "#texture" },
        "up":    { "uv": [ 1, 15, 15, 16 ], "texture": "#texture" },
        "north": { "uv": [ 1, 15, 15, 16 ], "texture": "#texture" },
        "south": { "uv": [ 1, 15, 15, 16 ], "texture": "#texture" },
        "west":  { "uv": [ 1, 15, 15, 16 ], "texture": "#texture" },
        "east":  { "uv": [ 1, 15, 15, 16 ], "texture": "#texture" }
    }
},
{
    "__comment": "Beat",
    "from": [ 5.975, -1.15, 8.6 ],
    "to": [ 9.6875, -0.55, 9.05 ],
    "faces": {
        "down":  { "uv": [ 1, 15, 15, 16 ], "texture": "#texture" },
        "up":    { "uv": [ 1, 15, 15, 16 ], "texture": "#texture" },
        "north": { "uv": [ 1, 15, 15, 16 ], "texture": "#texture" },
        "south": { "uv": [ 1, 15, 15, 16 ], "texture": "#texture" },
        "west":  { "uv": [ 1, 15, 15, 16 ], "texture": "#texture" },
        "east":  { "uv": [ 1, 15, 15, 16 ], "texture": "#texture" }
    }
},
{
    "__comment": "Beat",
    "from": [ 5.975, -1.21, 6.65 ],
    "to": [ 10.025, -0.8725, 6.95 ],
    "faces": {
        "down":  { "uv": [ 1, 15, 15, 16 ], "texture": "#texture" },
        "up":    { "uv": [ 1, 15, 15, 16 ], "texture": "#texture" },
        "north": { "uv": [ 1, 15, 15, 16 ], "texture": "#texture" },
        "south": { "uv": [ 1, 15, 15, 16 ], "texture": "#texture" },
        "west":  { "uv": [ 1, 15, 15, 16 ], "texture": "#texture" },
        "east":  { "uv": [ 1, 15, 15, 16 ], "texture": "#texture" }
    }
},
{
    "__comment": "Beat",
    "from": [ 6.3125, -0.1975, 6.9875 ],
    "to": [ 9.6875, 0.14, 9.0125 ],
    "faces": {
        "down":  { "uv": [ 1, 15, 15, 16 ], "texture": "#texture" },
        "up":    { "uv": [ 1, 15, 15, 16 ], "texture": "#texture" },
        "north": { "uv": [ 1, 15, 15, 16 ], "texture": "#texture" },
        "south": { "uv": [ 1, 15, 15, 16 ], "texture": "#texture" },
        "west":  { "uv": [ 1, 15, 15, 16 ], "texture": "#texture" },
        "east":  { "uv": [ 1, 15, 15, 16 ], "texture": "#texture" }
    }
},
{
    "__comment": "Beat",
    "from": [ 6.3125, -0.8725, 6.65 ],
    "to": [ 9.6875, -0.1975, 6.9875 ],
    "faces": {
        "down":  { "uv": [ 1, 15, 15, 16 ], "texture": "#texture" },
        "up":    { "uv": [ 1, 15, 15, 16 ], "texture": "#texture" },
        "north": { "uv": [ 1, 15, 15, 16 ], "texture": "#texture" },
        "south": { "uv": [ 1, 15, 15, 16 ], "texture": "#texture" },
        "west":  { "uv": [ 1, 15, 15, 16 ], "texture": "#texture" },
        "east":  { "uv": [ 1, 15, 15, 16 ], "texture": "#texture" }
    }
},
{
    "__comment": "Beat",
    "from": [ 6.3125, -0.535, 8.675 ],
    "to": [ 9.6875, -0.1975, 9.35 ],
    "faces": {
        "down":  { "uv": [ 1, 15, 15, 16 ], "texture": "#texture" },
        "up":    { "uv": [ 1, 15, 15, 16 ], "texture": "#texture" },
        "north": { "uv": [ 1, 15, 15, 16 ], "texture": "#texture" },
        "south": { "uv": [ 1, 15, 15, 16 ], "texture": "#texture" },
        "west":  { "uv": [ 1, 15, 15, 16 ], "texture": "#texture" },
        "east":  { "uv": [ 1, 15, 15, 16 ], "texture": "#texture" }
    }
},
{
    "__comment": "Beat",
    "from": [ 6.3125, -1.135, 6.3125 ],
    "to": [ 9.6875, -0.535, 6.6125 ],
    "faces": {
        "down":  { "uv": [ 1, 15, 15, 16 ], "texture": "#texture" },
        "up":    { "uv": [ 1, 15, 15, 16 ], "texture": "#texture" },
        "north": { "uv": [ 1, 15, 15, 16 ], "texture": "#texture" },
        "south": { "uv": [ 1, 15, 15, 16 ], "texture": "#texture" },
        "west":  { "uv": [ 1, 15, 15, 16 ], "texture": "#texture" },
        "east":  { "uv": [ 1, 15, 15, 16 ], "texture": "#texture" }
    }
},
{
    "__comment": "Beat",
    "from": [ 6.3125, -1.135, 9.0125 ],
    "to": [ 9.6875, -0.535, 9.3125 ],
    "faces": {
        "down":  { "uv": [ 1, 15, 15, 16 ], "texture": "#texture" },
        "up":    { "uv": [ 1, 15, 15, 16 ], "texture": "#texture" },
        "north": { "uv": [ 1, 15, 15, 16 ], "texture": "#texture" },
        "south": { "uv": [ 1, 15, 15, 16 ], "texture": "#texture" },
        "west":  { "uv": [ 1, 15, 15, 16 ], "texture": "#texture" },
        "east":  { "uv": [ 1, 15, 15, 16 ], "texture": "#texture" }
    }
},
{
    "__comment": "Beat",
    "from": [ 6.3125, -1.135, 9.35 ],
    "to": [ 9.6875, -0.535, 9.65 ],
    "faces": {
        "down":  { "uv": [ 1, 15, 15, 16 ], "texture": "#texture" },
        "up":    { "uv": [ 1, 15, 15, 16 ], "texture": "#texture" },
        "north": { "uv": [ 1, 15, 15, 16 ], "texture": "#texture" },
        "south": { "uv": [ 1, 15, 15, 16 ], "texture": "#texture" },
        "west":  { "uv": [ 1, 15, 15, 16 ], "texture": "#texture" },
        "east":  { "uv": [ 1, 15, 15, 16 ], "texture": "#texture" }
    }
},
{
    "__comment": "Beat",
    "from": [ 6.65, 0.14, 6.9875 ],
    "to": [ 9.35, 0.4775, 9.0125 ],
    "faces": {
        "down":  { "uv": [ 1, 15, 15, 16 ], "texture": "#texture" },
        "up":    { "uv": [ 1, 15, 15, 16 ], "texture": "#texture" },
        "north": { "uv": [ 1, 15, 15, 16 ], "texture": "#texture" },
        "south": { "uv": [ 1, 15, 15, 16 ], "texture": "#texture" },
        "west":  { "uv": [ 1, 15, 15, 16 ], "texture": "#texture" },
        "east":  { "uv": [ 1, 15, 15, 16 ], "texture": "#texture" }
    }
},
{
    "__comment": "Beat",
    "from": [ 6.65, -0.1975, 6.65 ],
    "to": [ 9.35, 0.14, 6.9875 ],
    "faces": {
        "down":  { "uv": [ 1, 15, 15, 16 ], "texture": "#texture" },
        "up":    { "uv": [ 1, 15, 15, 16 ], "texture": "#texture" },
        "north": { "uv": [ 1, 15, 15, 16 ], "texture": "#texture" },
        "south": { "uv": [ 1, 15, 15, 16 ], "texture": "#texture" },
        "west":  { "uv": [ 1, 15, 15, 16 ], "texture": "#texture" },
        "east":  { "uv": [ 1, 15, 15, 16 ], "texture": "#texture" }
    }
},
{
    "__comment": "Beat",
    "from": [ 6.65, -0.1975, 9.0125 ],
    "to": [ 9.35, 0.14, 9.35 ],
    "faces": {
        "down":  { "uv": [ 1, 15, 15, 16 ], "texture": "#texture" },
        "up":    { "uv": [ 1, 15, 15, 16 ], "texture": "#texture" },
        "north": { "uv": [ 1, 15, 15, 16 ], "texture": "#texture" },
        "south": { "uv": [ 1, 15, 15, 16 ], "texture": "#texture" },
        "west":  { "uv": [ 1, 15, 15, 16 ], "texture": "#texture" },
        "east":  { "uv": [ 1, 15, 15, 16 ], "texture": "#texture" }
    }
},
{
    "__comment": "Beat",
    "from": [ 6.65, -0.535, 6.3125 ],
    "to": [ 9.35, -0.1975, 6.65 ],
    "faces": {
        "down":  { "uv": [ 1, 15, 15, 16 ], "texture": "#texture" },
        "up":    { "uv": [ 1, 15, 15, 16 ], "texture": "#texture" },
        "north": { "uv": [ 1, 15, 15, 16 ], "texture": "#texture" },
        "south": { "uv": [ 1, 15, 15, 16 ], "texture": "#texture" },
        "west":  { "uv": [ 1, 15, 15, 16 ], "texture": "#texture" },
        "east":  { "uv": [ 1, 15, 15, 16 ], "texture": "#texture" }
    }
},
{
    "__comment": "Beat",
    "from": [ 6.65, -0.535, 9.35 ],
    "to": [ 9.35, -0.1975, 9.6875 ],
    "faces": {
        "down":  { "uv": [ 1, 15, 15, 16 ], "texture": "#texture" },
        "up":    { "uv": [ 1, 15, 15, 16 ], "texture": "#texture" },
        "north": { "uv": [ 1, 15, 15, 16 ], "texture": "#texture" },
        "south": { "uv": [ 1, 15, 15, 16 ], "texture": "#texture" },
        "west":  { "uv": [ 1, 15, 15, 16 ], "texture": "#texture" },
        "east":  { "uv": [ 1, 15, 15, 16 ], "texture": "#texture" }
    }
},
{
    "__comment": "Beat",
    "from": [ 6.65, -1.21, 9.6875 ],
    "to": [ 9.35, -0.535, 10.025 ],
    "faces": {
        "down":  { "uv": [ 1, 15, 15, 16 ], "texture": "#texture" },
        "up":    { "uv": [ 1, 15, 15, 16 ], "texture": "#texture" },
        "north": { "uv": [ 1, 15, 15, 16 ], "texture": "#texture" },
        "south": { "uv": [ 1, 15, 15, 16 ], "texture": "#texture" },
        "west":  { "uv": [ 1, 15, 15, 16 ], "texture": "#texture" },
        "east":  { "uv": [ 1, 15, 15, 16 ], "texture": "#texture" }
    }
},
{
    "__comment": "Beat",
    "from": [ 6.9875, 0.4775, 7.325 ],
    "to": [ 9.0125, 0.815, 8.675 ],
    "faces": {
        "down":  { "uv": [ 1, 15, 15, 16 ], "texture": "#texture" },
        "up":    { "uv": [ 1, 15, 15, 16 ], "texture": "#texture" },
        "north": { "uv": [ 1, 15, 15, 16 ], "texture": "#texture" },
        "south": { "uv": [ 1, 15, 15, 16 ], "texture": "#texture" },
        "west":  { "uv": [ 1, 15, 15, 16 ], "texture": "#texture" },
        "east":  { "uv": [ 1, 15, 15, 16 ], "texture": "#texture" }
    }
},
{
    "__comment": "Beat",
    "from": [ 6.9875, 0.14, 6.65 ],
    "to": [ 9.0125, 0.4775, 6.9875 ],
    "faces": {
        "down":  { "uv": [ 1, 15, 15, 16 ], "texture": "#texture" },
        "up":    { "uv": [ 1, 15, 15, 16 ], "texture": "#texture" },
        "north": { "uv": [ 1, 15, 15, 16 ], "texture": "#texture" },
        "south": { "uv": [ 1, 15, 15, 16 ], "texture": "#texture" },
        "west":  { "uv": [ 1, 15, 15, 16 ], "texture": "#texture" },
        "east":  { "uv": [ 1, 15, 15, 16 ], "texture": "#texture" }
    }
},
{
    "__comment": "Beat",
    "from": [ 6.9875, 0.14, 9.0125 ],
    "to": [ 9.0125, 0.4775, 9.35 ],
    "faces": {
        "down":  { "uv": [ 1, 15, 15, 16 ], "texture": "#texture" },
        "up":    { "uv": [ 1, 15, 15, 16 ], "texture": "#texture" },
        "north": { "uv": [ 1, 15, 15, 16 ], "texture": "#texture" },
        "south": { "uv": [ 1, 15, 15, 16 ], "texture": "#texture" },
        "west":  { "uv": [ 1, 15, 15, 16 ], "texture": "#texture" },
        "east":  { "uv": [ 1, 15, 15, 16 ], "texture": "#texture" }
    }
},
{
    "__comment": "Beat",
    "from": [ 6.9875, -0.1975, 6.3125 ],
    "to": [ 9.0125, 0.14, 6.65 ],
    "faces": {
        "down":  { "uv": [ 1, 15, 15, 16 ], "texture": "#texture" },
        "up":    { "uv": [ 1, 15, 15, 16 ], "texture": "#texture" },
        "north": { "uv": [ 1, 15, 15, 16 ], "texture": "#texture" },
        "south": { "uv": [ 1, 15, 15, 16 ], "texture": "#texture" },
        "west":  { "uv": [ 1, 15, 15, 16 ], "texture": "#texture" },
        "east":  { "uv": [ 1, 15, 15, 16 ], "texture": "#texture" }
    }
},
{
    "__comment": "Beat",
    "from": [ 6.9875, -0.1975, 9.35 ],
    "to": [ 9.35, 0.14, 9.6875 ],
    "faces": {
        "down":  { "uv": [ 1, 15, 15, 16 ], "texture": "#texture" },
        "up":    { "uv": [ 1, 15, 15, 16 ], "texture": "#texture" },
        "north": { "uv": [ 1, 15, 15, 16 ], "texture": "#texture" },
        "south": { "uv": [ 1, 15, 15, 16 ], "texture": "#texture" },
        "west":  { "uv": [ 1, 15, 15, 16 ], "texture": "#texture" },
        "east":  { "uv": [ 1, 15, 15, 16 ], "texture": "#texture" }
    }
},
{
    "__comment": "Beat",
    "from": [ 6.9875, -1.135, 5.975 ],
    "to": [ 9.0125, -0.535, 6.275 ],
    "faces": {
        "down":  { "uv": [ 1, 15, 15, 16 ], "texture": "#texture" },
        "up":    { "uv": [ 1, 15, 15, 16 ], "texture": "#texture" },
        "north": { "uv": [ 1, 15, 15, 16 ], "texture": "#texture" },
        "south": { "uv": [ 1, 15, 15, 16 ], "texture": "#texture" },
        "west":  { "uv": [ 1, 15, 15, 16 ], "texture": "#texture" },
        "east":  { "uv": [ 1, 15, 15, 16 ], "texture": "#texture" }
    }
},
{
    "__comment": "Beat",
    "from": [ 7.325, 0.4775, 6.9875 ],
    "to": [ 8.675, 0.815, 7.325 ],
    "faces": {
        "down":  { "uv": [ 1, 15, 15, 16 ], "texture": "#texture" },
        "up":    { "uv": [ 1, 15, 15, 16 ], "texture": "#texture" },
        "north": { "uv": [ 1, 15, 15, 16 ], "texture": "#texture" },
        "south": { "uv": [ 1, 15, 15, 16 ], "texture": "#texture" },
        "west":  { "uv": [ 1, 15, 15, 16 ], "texture": "#texture" },
        "east":  { "uv": [ 1, 15, 15, 16 ], "texture": "#texture" }
    }
},
{
    "__comment": "Beat",
    "from": [ 7.325, 0.4775, 8.675 ],
    "to": [ 9.0125, 0.815, 9.0125 ],
    "faces": {
        "down":  { "uv": [ 1, 15, 15, 16 ], "texture": "#texture" },
        "up":    { "uv": [ 1, 15, 15, 16 ], "texture": "#texture" },
        "north": { "uv": [ 1, 15, 15, 16 ], "texture": "#texture" },
        "south": { "uv": [ 1, 15, 15, 16 ], "texture": "#texture" },
        "west":  { "uv": [ 1, 15, 15, 16 ], "texture": "#texture" },
        "east":  { "uv": [ 1, 15, 15, 16 ], "texture": "#texture" }
    }
},
{
    "__comment": "Beat",
    "from": [ 7.325, -0.535, 5.975 ],
    "to": [ 8.675, -0.1975, 6.3125 ],
    "faces": {
        "down":  { "uv": [ 1, 15, 15, 16 ], "texture": "#texture" },
        "up":    { "uv": [ 1, 15, 15, 16 ], "texture": "#texture" },
        "north": { "uv": [ 1, 15, 15, 16 ], "texture": "#texture" },
        "south": { "uv": [ 1, 15, 15, 16 ], "texture": "#texture" },
        "west":  { "uv": [ 1, 15, 15, 16 ], "texture": "#texture" },
        "east":  { "uv": [ 1, 15, 15, 16 ], "texture": "#texture" }
    }
},
{
    "__comment": "Beat",
    "from": [ 7.325, -0.535, 9.6875 ],
    "to": [ 8.675, -0.1975, 10.025 ],
    "faces": {
        "down":  { "uv": [ 1, 15, 15, 16 ], "texture": "#texture" },
        "up":    { "uv": [ 1, 15, 15, 16 ], "texture": "#texture" },
        "north": { "uv": [ 1, 15, 15, 16 ], "texture": "#texture" },
        "south": { "uv": [ 1, 15, 15, 16 ], "texture": "#texture" },
        "west":  { "uv": [ 1, 15, 15, 16 ], "texture": "#texture" },
        "east":  { "uv": [ 1, 15, 15, 16 ], "texture": "#texture" }
    }
},
{
    "__comment": "Beat",
    "from": [ 7.6625, 0.74, 7.6625 ],
    "to": [ 8.3375, 1.49, 8.1625 ],
    "faces": {
        "down":  { "uv": [ 1, 15, 15, 16 ], "texture": "#texture" },
        "up":    { "uv": [ 1, 15, 15, 16 ], "texture": "#texture" },
        "north": { "uv": [ 1, 15, 15, 16 ], "texture": "#texture" },
        "south": { "uv": [ 1, 15, 15, 16 ], "texture": "#texture" },
        "west":  { "uv": [ 1, 15, 15, 16 ], "texture": "#texture" },
        "east":  { "uv": [ 1, 15, 15, 16 ], "texture": "#texture" }
    }
},
{
    "__comment": "Beat",
    "from": [ 8.3375, 1.1525, 7.6625 ],
    "to": [ 8.675, 1.49, 8 ],
    "faces": {
        "down":  { "uv": [ 1, 15, 15, 16 ], "texture": "#texture" },
        "up":    { "uv": [ 1, 15, 15, 16 ], "texture": "#texture" },
        "north": { "uv": [ 1, 15, 15, 16 ], "texture": "#texture" },
        "south": { "uv": [ 1, 15, 15, 16 ], "texture": "#texture" },
        "west":  { "uv": [ 1, 15, 15, 16 ], "texture": "#texture" },
        "east":  { "uv": [ 1, 15, 15, 16 ], "texture": "#texture" }
    }
},
{
    "__comment": "Beat",
    "from": [ 9.35, 0.14, 8 ],
    "to": [ 9.6875, 0.4775, 8.675 ],
    "faces": {
        "down":  { "uv": [ 1, 15, 15, 16 ], "texture": "#texture" },
        "up":    { "uv": [ 1, 15, 15, 16 ], "texture": "#texture" },
        "north": { "uv": [ 1, 15, 15, 16 ], "texture": "#texture" },
        "south": { "uv": [ 1, 15, 15, 16 ], "texture": "#texture" },
        "west":  { "uv": [ 1, 15, 15, 16 ], "texture": "#texture" },
        "east":  { "uv": [ 1, 15, 15, 16 ], "texture": "#texture" }
    }
},
{
    "__comment": "Beat",
    "from": [ 9.6875, -1.0975, 6.9875 ],
    "to": [ 9.9875, -0.1975, 8.3375 ],
    "faces": {
        "down":  { "uv": [ 1, 15, 15, 16 ], "texture": "#texture" },
        "up":    { "uv": [ 1, 15, 15, 16 ], "texture": "#texture" },
        "north": { "uv": [ 1, 15, 15, 16 ], "texture": "#texture" },
        "south": { "uv": [ 1, 15, 15, 16 ], "texture": "#texture" },
        "west":  { "uv": [ 1, 15, 15, 16 ], "texture": "#texture" },
        "east":  { "uv": [ 1, 15, 15, 16 ], "texture": "#texture" }
    }
},
{
    "__comment": "Beat",
    "from": [ 9.6875, -1.0975, 8.3375 ],
    "to": [ 10.025, -0.1975, 8.6375 ],
    "faces": {
        "down":  { "uv": [ 1, 15, 15, 16 ], "texture": "#texture" },
        "up":    { "uv": [ 1, 15, 15, 16 ], "texture": "#texture" },
        "north": { "uv": [ 1, 15, 15, 16 ], "texture": "#texture" },
        "south": { "uv": [ 1, 15, 15, 16 ], "texture": "#texture" },
        "west":  { "uv": [ 1, 15, 15, 16 ], "texture": "#texture" },
        "east":  { "uv": [ 1, 15, 15, 16 ], "texture": "#texture" }
    }
},
{
    "__comment": "Beat",
    "from": [ 9.6875, -1.0975, 8.675 ],
    "to": [ 10.025, -0.1975, 8.975 ],
    "faces": {
        "down":  { "uv": [ 1, 15, 15, 16 ], "texture": "#texture" },
        "up":    { "uv": [ 1, 15, 15, 16 ], "texture": "#texture" },
        "north": { "uv": [ 1, 15, 15, 16 ], "texture": "#texture" },
        "south": { "uv": [ 1, 15, 15, 16 ], "texture": "#texture" },
        "west":  { "uv": [ 1, 15, 15, 16 ], "texture": "#texture" },
        "east":  { "uv": [ 1, 15, 15, 16 ], "texture": "#texture" }
    }
},
{
    "__comment": "Beat",
    "from": [ 9.6875, -1.135, 9.0125 ],
    "to": [ 10.025, -0.535, 9.3125 ],
    "faces": {
        "down":  { "uv": [ 1, 15, 15, 16 ], "texture": "#texture" },
        "up":    { "uv": [ 1, 15, 15, 16 ], "texture": "#texture" },
        "north": { "uv": [ 1, 15, 15, 16 ], "texture": "#texture" },
        "south": { "uv": [ 1, 15, 15, 16 ], "texture": "#texture" },
        "west":  { "uv": [ 1, 15, 15, 16 ], "texture": "#texture" },
        "east":  { "uv": [ 1, 15, 15, 16 ], "texture": "#texture" }
    }
},
{
    "__comment": "stem",
    "from": [ 8.5, -0.5625, 9.1875 ],
    "to": [ 8.75, 2.0625, 9.4375 ],
    "rotation": { "origin": [ 8.5, 2.0625, 9.1875 ], "axis": "x", "angle": 22.5 },
    "faces": {
        "down":  { "uv": [ 1, 15, 15, 16 ], "texture": "#texture" },
        "up":    { "uv": [ 1, 15, 15, 16 ], "texture": "#texture" },
        "north": { "uv": [ 1, 15, 15, 16 ], "texture": "#texture" },
        "south": { "uv": [ 1, 15, 15, 16 ], "texture": "#texture" },
        "west":  { "uv": [ 1, 15, 15, 16 ], "texture": "#texture" },
        "east":  { "uv": [ 1, 15, 15, 16 ], "texture": "#texture" }
    }
},
{
    "__comment": "leaf",
    "from": [ 8, 1.875, 9.3125 ],
    "to": [ 9.5, 3.625, 9.5625 ],
    "faces": {
        "down":  { "uv": [ 7.75, 0.5, 11.5, 6.5 ], "texture": "#foliage" },
        "up":    { "uv": [ 7.75, 0.5, 11.5, 6.5 ], "texture": "#foliage" },
        "north": { "uv": [ 6.75, 0.5, 11, 6.5 ], "texture": "#foliage" },
        "south": { "uv": [ 6.75, 0.5, 11, 6.5 ], "texture": "#foliage" },
        "west":  { "uv": [ 7, 0.75, 9.75, 6 ], "texture": "#foliage" },
        "east":  { "uv": [ 7, 0.75, 9.75, 6 ], "texture": "#foliage" }
    }
},
{
    "__comment": "leaf",
    "from": [ 8.25, 3.5, 9.5 ],
    "to": [ 9.25, 4, 9.75 ],
    "rotation": { "origin": [ 8.25, 4, 9.5 ], "axis": "x", "angle": 22.5 },
    "faces": {
        "down":  { "uv": [ 7.75, 0.5, 11.5, 6.5 ], "texture": "#foliage" },
        "up":    { "uv": [ 7.75, 0.5, 11.5, 6.5 ], "texture": "#foliage" },
        "north": { "uv": [ 6.75, 0.5, 11, 6.5 ], "texture": "#foliage" },
        "south": { "uv": [ 6.75, 0.5, 11, 6.5 ], "texture": "#foliage" },
        "west":  { "uv": [ 7, 0.75, 9.75, 6 ], "texture": "#foliage" },
        "east":  { "uv": [ 7, 0.75, 9.75, 6 ], "texture": "#foliage" }
    }
},
{
    "__comment": "leaf",
    "from": [ 8.25, 1.5, 9.25 ],
    "to": [ 9.25, 2, 9.5 ],
    "rotation": { "origin": [ 8.25, 2, 9.25 ], "axis": "x", "angle": 22.5 },
    "faces": {
        "down":  { "uv": [ 7.75, 0.5, 11.5, 6.5 ], "texture": "#foliage" },
        "up":    { "uv": [ 7.75, 0.5, 11.5, 6.5 ], "texture": "#foliage" },
        "north": { "uv": [ 6.75, 0.5, 11, 6.5 ], "texture": "#foliage" },
        "south": { "uv": [ 6.75, 0.5, 11, 6.5 ], "texture": "#foliage" },
        "west":  { "uv": [ 7, 0.75, 9.75, 6 ], "texture": "#foliage" },
        "east":  { "uv": [ 7, 0.75, 9.75, 6 ], "texture": "#foliage" }
    }
},
{
    "__comment": "leaf",
    "from": [ 8.5, 3.75, 9.5 ],
    "to": [ 9, 4.25, 9.75 ],
    "faces": {
        "down":  { "uv": [ 7.75, 0.5, 11.5, 6.5 ], "texture": "#foliage" },
        "up":    { "uv": [ 7.75, 0.5, 11.5, 6.5 ], "texture": "#foliage" },
        "north": { "uv": [ 6.75, 0.5, 11, 6.5 ], "texture": "#foliage" },
        "south": { "uv": [ 6.75, 0.5, 11, 6.5 ], "texture": "#foliage" },
        "west":  { "uv": [ 7, 0.75, 9.75, 6 ], "texture": "#foliage" },
        "east":  { "uv": [ 7, 0.75, 9.75, 6 ], "texture": "#foliage" }
    }
},
{
    "__comment": "stem",
    "from": [ 8, 0.75, 6 ],
    "to": [ 8.25, 3.25, 6.25 ],
    "rotation": { "origin": [ 8, 3.25, 6 ], "axis": "x", "angle": -22.5 },
    "faces": {
        "down":  { "uv": [ 1, 15, 15, 16 ], "texture": "#texture" },
        "up":    { "uv": [ 1, 15, 15, 16 ], "texture": "#texture" },
        "north": { "uv": [ 1, 15, 15, 16 ], "texture": "#texture" },
        "south": { "uv": [ 1, 15, 15, 16 ], "texture": "#texture" },
        "west":  { "uv": [ 1, 15, 15, 16 ], "texture": "#texture" },
        "east":  { "uv": [ 1, 15, 15, 16 ], "texture": "#texture" }
    }
},
{
    "__comment": "leaf",
    "from": [ 7.5, 1.5, 5.75 ],
    "to": [ 8.75, 3.25, 6 ],
    "rotation": { "origin": [ 7.5, 3.25, 5.75 ], "axis": "x", "angle": -22.5 },
    "faces": {
        "down":  { "uv": [ 7.75, 0.5, 11.5, 6.5 ], "texture": "#foliage" },
        "up":    { "uv": [ 7.75, 0.5, 11.5, 6.5 ], "texture": "#foliage" },
        "north": { "uv": [ 6.75, 0.5, 11, 6.5 ], "texture": "#foliage" },
        "south": { "uv": [ 6.75, 0.5, 11, 6.5 ], "texture": "#foliage" },
        "west":  { "uv": [ 7, 0.75, 9.75, 6 ], "texture": "#foliage" },
        "east":  { "uv": [ 7, 0.75, 9.75, 6 ], "texture": "#foliage" }
    }
},
{
    "__comment": "stem",
    "from": [ 8, 3.25, 6 ],
    "to": [ 8.25, 4.25, 6.25 ],
    "faces": {
        "down":  { "uv": [ 1, 15, 15, 16 ], "texture": "#texture" },
        "up":    { "uv": [ 1, 15, 15, 16 ], "texture": "#texture" },
        "north": { "uv": [ 1, 15, 15, 16 ], "texture": "#texture" },
        "south": { "uv": [ 1, 15, 15, 16 ], "texture": "#texture" },
        "west":  { "uv": [ 1, 15, 15, 16 ], "texture": "#texture" },
        "east":  { "uv": [ 1, 15, 15, 16 ], "texture": "#texture" }
    }
},
{
    "__comment": "leaf",
    "from": [ 7.75, 3.25, 5.75 ],
    "to": [ 8.5, 4.25, 6 ],
    "faces": {
        "down":  { "uv": [ 7.75, 0.5, 11.5, 6.5 ], "texture": "#foliage" },
        "up":    { "uv": [ 7.75, 0.5, 11.5, 6.5 ], "texture": "#foliage" },
        "north": { "uv": [ 6.75, 0.5, 11, 6.5 ], "texture": "#foliage" },
        "south": { "uv": [ 6.75, 0.5, 11, 6.5 ], "texture": "#foliage" },
        "west":  { "uv": [ 7, 0.75, 9.75, 6 ], "texture": "#foliage" },
        "east":  { "uv": [ 7, 0.75, 9.75, 6 ], "texture": "#foliage" }
    }
},
{
    "__comment": "leaf",
    "from": [ 8, 4.25, 5.75 ],
    "to": [ 8.5, 4.5, 6 ],
    "faces": {
        "down":  { "uv": [ 7.75, 0.5, 11.5, 6.5 ], "texture": "#foliage" },
        "up":    { "uv": [ 7.75, 0.5, 11.5, 6.5 ], "texture": "#foliage" },
        "north": { "uv": [ 6.75, 0.5, 11, 6.5 ], "texture": "#foliage" },
        "south": { "uv": [ 6.75, 0.5, 11, 6.5 ], "texture": "#foliage" },
        "west":  { "uv": [ 7, 0.75, 9.75, 6 ], "texture": "#foliage" },
        "east":  { "uv": [ 7, 0.75, 9.75, 6 ], "texture": "#foliage" }
    }
},
{
    "__comment": "stem",
    "from": [ 6.75, 2, 8.25 ],
    "to": [ 7, 2.75, 8.5 ],
    "faces": {
        "down":  { "uv": [ 1, 15, 15, 16 ], "texture": "#texture" },
        "up":    { "uv": [ 1, 15, 15, 16 ], "texture": "#texture" },
        "north": { "uv": [ 1, 15, 15, 16 ], "texture": "#texture" },
        "south": { "uv": [ 1, 15, 15, 16 ], "texture": "#texture" },
        "west":  { "uv": [ 1, 15, 15, 16 ], "texture": "#texture" },
        "east":  { "uv": [ 1, 15, 15, 16 ], "texture": "#texture" }
    }
},
{
    "__comment": "leaf",
    "from": [ 6.48928, 2.75, 7.875 ],
    "to": [ 7.73928, 4.5, 8.125 ],
    "rotation": { "origin": [ 6.48928, 2.75, 7.875 ], "axis": "y", "angle": -45 },
    "faces": {
        "down":  { "uv": [ 7.75, 0.5, 11.5, 6.5 ], "texture": "#foliage" },
        "up":    { "uv": [ 7.75, 0.5, 11.5, 6.5 ], "texture": "#foliage" },
        "north": { "uv": [ 6.75, 0.5, 11, 6.5 ], "texture": "#foliage" },
        "south": { "uv": [ 6.75, 0.5, 11, 6.5 ], "texture": "#foliage" },
        "west":  { "uv": [ 7, 0.75, 9.75, 6 ], "texture": "#foliage" },
        "east":  { "uv": [ 7, 0.75, 9.75, 6 ], "texture": "#foliage" }
    }
},
{
    "__comment": "leaf",
    "from": [ 6.75, 2.25, 7.85 ],
    "to": [ 7.5, 2.75, 8.1 ],
    "rotation": { "origin": [ 6.75, 2.25, 7.85 ], "axis": "y", "angle": -45 },
    "faces": {
        "down":  { "uv": [ 7.75, 0.5, 11.5, 6.5 ], "texture": "#foliage" },
        "up":    { "uv": [ 7.75, 0.5, 11.5, 6.5 ], "texture": "#foliage" },
        "north": { "uv": [ 6.75, 0.5, 11, 6.5 ], "texture": "#foliage" },
        "south": { "uv": [ 6.75, 0.5, 11, 6.5 ], "texture": "#foliage" },
        "west":  { "uv": [ 7, 0.75, 9.75, 6 ], "texture": "#foliage" },
        "east":  { "uv": [ 7, 0.75, 9.75, 6 ], "texture": "#foliage" }
    }
},
{
    "__comment": "leaf",
    "from": [ 6.73928, 4.5, 7.875 ],
    "to": [ 7.48928, 5, 8.125 ],
    "rotation": { "origin": [ 6.73928, 4.5, 7.875 ], "axis": "y", "angle": -45 },
    "faces": {
        "down":  { "uv": [ 7.75, 0.5, 11.5, 6.5 ], "texture": "#foliage" },
        "up":    { "uv": [ 7.75, 0.5, 11.5, 6.5 ], "texture": "#foliage" },
        "north": { "uv": [ 6.75, 0.5, 11, 6.5 ], "texture": "#foliage" },
        "south": { "uv": [ 6.75, 0.5, 11, 6.5 ], "texture": "#foliage" },
        "west":  { "uv": [ 7, 0.75, 9.75, 6 ], "texture": "#foliage" },
        "east":  { "uv": [ 7, 0.75, 9.75, 6 ], "texture": "#foliage" }
    }
},
{
    "__comment": "stem",
    "from": [ 6.75, 0.5, 8.25 ],
    "to": [ 7, 2, 8.5 ],
    "rotation": { "origin": [ 6.75, 2, 8.25 ], "axis": "z", "angle": 22.5 },
    "faces": {
        "down":  { "uv": [ 11.5, 9.75, 11.25, 9.5 ], "texture": "#texture" },
        "up":    { "uv": [ 4.5, 9.5, 4.75, 9.75 ], "texture": "#texture" },
        "north": { "uv": [ 11.25, 15, 11.5, 16 ], "texture": "#texture" },
        "south": { "uv": [ 4.5, 15, 4.75, 16 ], "texture": "#texture" },
        "west":  { "uv": [ 9.5, 15, 9.75, 16 ], "texture": "#texture" },
        "east":  { "uv": [ 6.25, 15, 6.5, 16 ], "texture": "#texture" }
    }
},
{
    "__comment": "stem",
    "from": [ 8, -0.5, 7 ],
    "to": [ 8.25, 1, 7.25 ],
    "faces": {
        "down":  { "uv": [ 1, 15, 15, 16 ], "texture": "#texture" },
        "up":    { "uv": [ 1, 15, 15, 16 ], "texture": "#texture" },
        "north": { "uv": [ 1, 15, 15, 16 ], "texture": "#texture" },
        "south": { "uv": [ 1, 15, 15, 16 ], "texture": "#texture" },
        "west":  { "uv": [ 1, 15, 15, 16 ], "texture": "#texture" },
        "east":  { "uv": [ 1, 15, 15, 16 ], "texture": "#texture" }
    }
},
{
    "__comment": "stem",
    "from": [ 9.9375, 0, 7.5 ],
    "to": [ 10.1875, 2.25, 7.75 ],
    "rotation": { "origin": [ 9.9375, 2.25, 7.5 ], "axis": "z", "angle": -22.5 },
    "faces": {
        "down":  { "uv": [ 1, 15, 15, 16 ], "texture": "#texture" },
        "up":    { "uv": [ 1, 15, 15, 16 ], "texture": "#texture" },
        "north": { "uv": [ 1, 15, 15, 16 ], "texture": "#texture" },
        "south": { "uv": [ 1, 15, 15, 16 ], "texture": "#texture" },
        "west":  { "uv": [ 1, 15, 15, 16 ], "texture": "#texture" },
        "east":  { "uv": [ 1, 15, 15, 16 ], "texture": "#texture" }
    }
},
{
    "__comment": "leaf",
    "from": [ 10.25, 1, 7.25 ],
    "to": [ 10.5, 2.5, 8.25 ],
    "rotation": { "origin": [ 10.25, 2.5, 7.25 ], "axis": "z", "angle": -22.5 },
    "faces": {
        "down":  { "uv": [ 7.75, 0.5, 11.5, 6.5 ], "texture": "#foliage" },
        "up":    { "uv": [ 7.75, 0.5, 11.5, 6.5 ], "texture": "#foliage" },
        "north": { "uv": [ 6.75, 0.5, 11, 6.5 ], "texture": "#foliage" },
        "south": { "uv": [ 6.75, 0.5, 11, 6.5 ], "texture": "#foliage" },
        "west":  { "uv": [ 7, 0.75, 9.75, 6 ], "texture": "#foliage" },
        "east":  { "uv": [ 7, 0.75, 9.75, 6 ], "texture": "#foliage" }
    }
},
{
    "__comment": "leaf",
    "from": [ 10.5, 2.25, 7.25 ],
    "to": [ 10.75, 3, 8 ],
    "rotation": { "origin": [ 10.5, 3, 7.25 ], "axis": "z", "angle": -22.5 },
    "faces": {
        "down":  { "uv": [ 7.75, 0.5, 11.5, 6.5 ], "texture": "#foliage" },
        "up":    { "uv": [ 7.75, 0.5, 11.5, 6.5 ], "texture": "#foliage" },
        "north": { "uv": [ 6.75, 0.5, 11, 6.5 ], "texture": "#foliage" },
        "south": { "uv": [ 6.75, 0.5, 11, 6.5 ], "texture": "#foliage" },
        "west":  { "uv": [ 7, 0.75, 9.75, 6 ], "texture": "#foliage" },
        "east":  { "uv": [ 7, 0.75, 9.75, 6 ], "texture": "#foliage" }
    }
},
{
    "__comment": "leaf",
    "from": [ 10.501, 2.75, 7.251 ],
    "to": [ 10.751, 3.5, 7.751 ],
    "faces": {
        "down":  { "uv": [ 7.75, 0.5, 11.5, 6.5 ], "texture": "#foliage" },
        "up":    { "uv": [ 7.75, 0.5, 11.5, 6.5 ], "texture": "#foliage" },
        "north": { "uv": [ 6.75, 0.5, 11, 6.5 ], "texture": "#foliage" },
        "south": { "uv": [ 6.75, 0.5, 11, 6.5 ], "texture": "#foliage" },
        "west":  { "uv": [ 7, 0.75, 9.75, 6 ], "texture": "#foliage" },
        "east":  { "uv": [ 7, 0.75, 9.75, 6 ], "texture": "#foliage" }
    }
},
{
    "__comment": "stem",
    "from": [ 8.5, 2, 9.25 ],
    "to": [ 8.75, 3.25, 9.5 ],
    "faces": {
        "down":  { "uv": [ 1, 15, 15, 16 ], "texture": "#texture" },
        "up":    { "uv": [ 1, 15, 15, 16 ], "texture": "#texture" },
        "north": { "uv": [ 1, 15, 15, 16 ], "texture": "#texture" },
        "south": { "uv": [ 1, 15, 15, 16 ], "texture": "#texture" },
        "west":  { "uv": [ 1, 15, 15, 16 ], "texture": "#texture" },
        "east":  { "uv": [ 1, 15, 15, 16 ], "texture": "#texture" }
    }
}
]
}