{
"__comment": "CoolScreenName http://www.planetminecraft.com/member/coolscreenname/",
"textures": {
    "particle": "blocks/door_birch_lower",
    "texture": "blocks/planks_birch",
    "wool_colored_white": "blocks/wool_colored_white",
    "log_oak": "blocks/log_oak"
},
"elements": [ 
{
    "from": [ 0, 0, 14 ],
    "to": [ 3, 16, 16 ],
    "faces": {
        "down":  { "uv": [ 0, 0, 3, 2 ], "texture": "#texture" },
        "up":    { "uv": [ 16, 2, 13, 0 ], "texture": "#texture" },
        "north": { "uv": [ 0, 0, 3, 16 ], "rotation": 180, "texture": "#texture" },
        "south": { "uv": [ 13, 0, 16, 16 ], "rotation": 180, "texture": "#texture" },
        "west":  { "uv": [ 0, 0, 2, 16 ], "rotation": 180, "texture": "#texture" },
        "east":  { "uv": [ 14, 0, 16, 16 ], "rotation": 180, "texture": "#texture" }
    }
},
{
    "from": [ 0, 0, 0 ],
    "to": [ 3, 16, 2 ],
    "faces": {
        "down":  { "uv": [ 0, 14, 3, 16 ], "texture": "#texture" },
        "up":    { "uv": [ 16, 16, 13, 14 ], "texture": "#texture" },
        "north": { "uv": [ 0, 0, 3, 16 ], "rotation": 180, "texture": "#texture" },
        "south": { "uv": [ 13, 0, 16, 16 ], "rotation": 180, "texture": "#texture" },
        "west":  { "uv": [ 14, 0, 16, 16 ], "rotation": 180, "texture": "#texture" },
        "east":  { "uv": [ 0, 0, 2, 16 ], "rotation": 180, "texture": "#texture" }
    }
},
{
    "from": [ 0, 14, 2 ],
    "to": [ 3, 16, 14 ],
    "faces": {
        "down":  { "uv": [ 0, 2, 3, 14 ], "texture": "#texture" },
        "up":    { "uv": [ 16, 14, 13, 2 ], "texture": "#texture" },
        "north": { "uv": [ 0, 14, 3, 16 ], "rotation": 180, "texture": "#texture" },
        "south": { "uv": [ 13, 14, 16, 16 ], "rotation": 180, "texture": "#texture" },
        "west":  { "uv": [ 2, 14, 14, 16 ], "rotation": 180, "texture": "#texture" },
        "east":  { "uv": [ 2, 14, 14, 16 ], "rotation": 180, "texture": "#texture" }
    }
},
{
    "from": [ 0, 0, 7 ],
    "to": [ 3, 14, 9 ],
    "faces": {
        "down":  { "uv": [ 0, 7, 3, 9 ], "texture": "#texture" },
        "up":    { "uv": [ 16, 9, 13, 7 ], "texture": "#texture" },
        "north": { "uv": [ 0, 0, 3, 14 ], "rotation": 180, "texture": "#texture" },
        "south": { "uv": [ 13, 0, 16, 14 ], "rotation": 180, "texture": "#texture" },
        "west":  { "uv": [ 7, 0, 9, 14 ], "rotation": 180, "texture": "#texture" },
        "east":  { "uv": [ 7, 0, 9, 14 ], "rotation": 180, "texture": "#texture" }
    }
},
{
    "from": [ 1, 0, 9 ],
    "to": [ 2, 14, 14 ],
    "faces": {
        "down":  { "uv": [ 1, 9, 2, 14 ], "texture": "#wool_colored_white" },
        "up":    { "uv": [ 1, 9, 2, 14 ], "texture": "#wool_colored_white" },
        "north": { "uv": [ 1, 2, 2, 16 ], "texture": "#wool_colored_white" },
        "south": { "uv": [ 1, 2, 2, 16 ], "texture": "#wool_colored_white" },
        "west":  { "uv": [ 9, 2, 14, 16 ], "texture": "#wool_colored_white" },
        "east":  { "uv": [ 9, 2, 14, 16 ], "texture": "#wool_colored_white" }
    }
},
{
    "from": [ 1, 0, 2 ],
    "to": [ 2, 14, 7 ],
    "faces": {
        "down":  { "uv": [ 1, 2, 2, 7 ], "texture": "#wool_colored_white" },
        "up":    { "uv": [ 1, 2, 2, 7 ], "texture": "#wool_colored_white" },
        "north": { "uv": [ 1, 2, 2, 16 ], "texture": "#wool_colored_white" },
        "south": { "uv": [ 1, 2, 2, 16 ], "texture": "#wool_colored_white" },
        "west":  { "uv": [ 2, 2, 7, 16 ], "texture": "#wool_colored_white" },
        "east":  { "uv": [ 2, 2, 7, 16 ], "texture": "#wool_colored_white" }
    }
},
{
    "from": [ 0, 0, 12.5 ],
    "to": [ 3, 14, 13 ],
    "faces": {
        "down":  { "uv": [ 0, 3.25, 3, 3.75 ], "texture": "#texture" },
        "up":    { "uv": [ 16, 3.75, 13, 3.25 ], "texture": "#texture" },
        "north": { "uv": [ 0, 0, 3, 1 ], "rotation": 180, "texture": "#texture" },
        "south": { "uv": [ 13, 0, 16, 1 ], "rotation": 180, "texture": "#texture" },
        "west":  { "uv": [ 3.25, 0, 3.75, 1 ], "rotation": 180, "texture": "#texture" },
        "east":  { "uv": [ 12.25, 0, 12.75, 1 ], "rotation": 180, "texture": "#texture" }
    }
},
{
    "from": [ 0, 0, 10 ],
    "to": [ 3, 14, 10.5 ],
    "faces": {
        "down":  { "uv": [ 0, 5.5, 3, 6 ], "texture": "#texture" },
        "up":    { "uv": [ 16, 6, 13, 5.5 ], "texture": "#texture" },
        "north": { "uv": [ 0, 0, 3, 1 ], "rotation": 180, "texture": "#texture" },
        "south": { "uv": [ 13, 0, 16, 1 ], "rotation": 180, "texture": "#texture" },
        "west":  { "uv": [ 5.5, 0, 6, 1 ], "rotation": 180, "texture": "#texture" },
        "east":  { "uv": [ 10, 0, 10.5, 1 ], "rotation": 180, "texture": "#texture" }
    }
},
{
    "from": [ 0, 0, 3 ],
    "to": [ 3, 14, 3.5 ],
    "faces": {
        "down":  { "uv": [ 0, 12.5, 3, 13 ], "texture": "#texture" },
        "up":    { "uv": [ 16, 13, 13, 12.5 ], "texture": "#texture" },
        "north": { "uv": [ 0, 0, 3, 1 ], "rotation": 180, "texture": "#texture" },
        "south": { "uv": [ 13, 0, 16, 1 ], "rotation": 180, "texture": "#texture" },
        "west":  { "uv": [ 12.5, 0, 13, 1 ], "rotation": 180, "texture": "#texture" },
        "east":  { "uv": [ 3, 0, 3.5, 1 ], "rotation": 180, "texture": "#texture" }
    }
},
{
    "from": [ 0, 0, 5.5 ],
    "to": [ 3, 14, 6 ],
    "faces": {
        "down":  { "uv": [ 0, 10, 3, 10.5 ], "texture": "#texture" },
        "up":    { "uv": [ 16, 10.5, 13, 10 ], "texture": "#texture" },
        "north": { "uv": [ 0, 0, 3, 1 ], "rotation": 180, "texture": "#texture" },
        "south": { "uv": [ 13, 0, 16, 1 ], "rotation": 180, "texture": "#texture" },
        "west":  { "uv": [ 10, 0, 10.5, 1 ], "rotation": 180, "texture": "#texture" },
        "east":  { "uv": [ 5.5, 0, 6, 1 ], "rotation": 180, "texture": "#texture" }
    }
},
{
    "from": [ -0.25, 10, -0.25 ],
    "to": [ 3.25, 12, 0.75 ],
    "faces": {
        "down":  { "uv": [ 0, 0, 3.25, 0.75 ], "texture": "#log_oak" },
        "up":    { "uv": [ 16, 0.75, 12.75, 0 ], "texture": "#log_oak" },
        "north": { "uv": [ 0, 10.25, 3.25, 12.25 ], "rotation": 180, "texture": "#log_oak" },
        "south": { "uv": [ 12.75, 10.25, 16, 12.25 ], "rotation": 180, "texture": "#log_oak" },
        "west":  { "uv": [ 0, 10.25, 0.75, 12.25 ], "rotation": 180, "texture": "#log_oak" },
        "east":  { "uv": [ 15.25, 10.25, 16, 12.25 ], "rotation": 180, "texture": "#log_oak" }
    }
},
{
    "from": [ -0.25, 0, -0.25 ],
    "to": [ 3.25, 1, 0.75 ],
    "faces": {
        "down":  { "uv": [ 0, 0, 3.25, 0.75 ], "texture": "#log_oak" },
        "up":    { "uv": [ 16, 0.75, 12.75, 0 ], "texture": "#log_oak" },
        "north": { "uv": [ 0, 0, 3.25, 1 ], "rotation": 180, "texture": "#log_oak" },
        "south": { "uv": [ 12.75, 0, 16, 1 ], "rotation": 180, "texture": "#log_oak" },
        "west":  { "uv": [ 0, 0, 0.75, 1 ], "rotation": 180, "texture": "#log_oak" },
        "east":  { "uv": [ 15.25, 0, 16, 1 ], "rotation": 180, "texture": "#log_oak" }
    }
},
{
    "from": [ 0.5, 1.25, 2 ],
    "to": [ 2.5, 1.75, 5 ],
    "faces": {
        "down":  { "uv": [ 15.5, 5, 13.5, 2 ], "texture": "#texture" },
        "up":    { "uv": [ 0.5, 2, 2.5, 5 ], "texture": "#texture" },
        "north": { "uv": [ 13.5, 14.25, 15.5, 14.75 ], "texture": "#texture" },
        "south": { "uv": [ 0.5, 14.25, 2.5, 14.75 ], "texture": "#texture" },
        "west":  { "uv": [ 2, 14.25, 5, 14.75 ], "texture": "#texture" },
        "east":  { "uv": [ 11, 14.25, 14, 14.75 ], "texture": "#texture" }
    }
},
{
    "from": [ 0.5, 1.25, 11 ],
    "to": [ 2.5, 1.75, 14 ],
    "faces": {
        "down":  { "uv": [ 15.5, 14, 13.5, 11 ], "texture": "#texture" },
        "up":    { "uv": [ 0.5, 11, 2.5, 14 ], "texture": "#texture" },
        "north": { "uv": [ 13.5, 14.25, 15.5, 14.75 ], "texture": "#texture" },
        "south": { "uv": [ 0.5, 14.25, 2.5, 14.75 ], "texture": "#texture" },
        "west":  { "uv": [ 11, 14.25, 14, 14.75 ], "texture": "#texture" },
        "east":  { "uv": [ 2, 14.25, 5, 14.75 ], "texture": "#texture" }
    }
},
{
    "from": [ 0.5, 3.5, 9.5 ],
    "to": [ 2.5, 4, 14 ],
    "faces": {
        "down":  { "uv": [ 15.5, 14, 13.5, 9.5 ], "texture": "#texture" },
        "up":    { "uv": [ 0.5, 9.5, 2.5, 14 ], "texture": "#texture" },
        "north": { "uv": [ 13.5, 12, 15.5, 12.5 ], "texture": "#texture" },
        "south": { "uv": [ 0.5, 12, 2.5, 12.5 ], "texture": "#texture" },
        "west":  { "uv": [ 9.5, 12, 14, 12.5 ], "texture": "#texture" },
        "east":  { "uv": [ 2, 12, 6.5, 12.5 ], "texture": "#texture" }
    }
},
{
    "from": [ 0.5, 3.5, 2 ],
    "to": [ 2.5, 4, 6.5 ],
    "faces": {
        "down":  { "uv": [ 15.5, 6.5, 13.5, 2 ], "texture": "#texture" },
        "up":    { "uv": [ 0.5, 2, 2.5, 6.5 ], "texture": "#texture" },
        "north": { "uv": [ 13.5, 12, 15.5, 12.5 ], "texture": "#texture" },
        "south": { "uv": [ 0.5, 12, 2.5, 12.5 ], "texture": "#texture" },
        "west":  { "uv": [ 2, 12, 6.5, 12.5 ], "texture": "#texture" },
        "east":  { "uv": [ 9.5, 12, 14, 12.5 ], "texture": "#texture" }
    }
},
{
    "from": [ 0.5, 6.5, 4.75 ],
    "to": [ 2.5, 7, 7 ],
    "faces": {
        "down":  { "uv": [ 15.5, 7, 13.5, 4.75 ], "texture": "#texture" },
        "up":    { "uv": [ 0.5, 4.75, 2.5, 7 ], "texture": "#texture" },
        "north": { "uv": [ 13.5, 9, 15.5, 9.5 ], "texture": "#texture" },
        "south": { "uv": [ 0.5, 9, 2.5, 9.5 ], "texture": "#texture" },
        "west":  { "uv": [ 4.75, 9, 7, 9.5 ], "texture": "#texture" },
        "east":  { "uv": [ 9, 9, 11.25, 9.5 ], "texture": "#texture" }
    }
},
{
    "from": [ 0.5, 6.5, 9 ],
    "to": [ 2.5, 7, 11.25 ],
    "faces": {
        "down":  { "uv": [ 15.5, 11.25, 13.5, 9 ], "texture": "#texture" },
        "up":    { "uv": [ 0.5, 9, 2.5, 11.25 ], "texture": "#texture" },
        "north": { "uv": [ 13.5, 9, 15.5, 9.5 ], "texture": "#texture" },
        "south": { "uv": [ 0.5, 9, 2.5, 9.5 ], "texture": "#texture" },
        "west":  { "uv": [ 9, 9, 11.25, 9.5 ], "texture": "#texture" },
        "east":  { "uv": [ 4.75, 9, 7, 9.5 ], "texture": "#texture" }
    }
},
{
    "from": [ 0.5, 9.25, 2.5 ],
    "to": [ 2.5, 9.75, 7 ],
    "faces": {
        "down":  { "uv": [ 15.5, 7, 13.5, 2.5 ], "texture": "#texture" },
        "up":    { "uv": [ 0.5, 2.5, 2.5, 7 ], "texture": "#texture" },
        "north": { "uv": [ 13.5, 6.25, 15.5, 6.75 ], "texture": "#texture" },
        "south": { "uv": [ 0.5, 6.25, 2.5, 6.75 ], "texture": "#texture" },
        "west":  { "uv": [ 2.5, 6.25, 7, 6.75 ], "texture": "#texture" },
        "east":  { "uv": [ 9, 6.25, 13.5, 6.75 ], "texture": "#texture" }
    }
},
{
    "from": [ 0.5, 9.25, 9 ],
    "to": [ 2.5, 9.75, 13.5 ],
    "faces": {
        "down":  { "uv": [ 15.5, 13.5, 13.5, 9 ], "texture": "#texture" },
        "up":    { "uv": [ 0.5, 9, 2.5, 13.5 ], "texture": "#texture" },
        "north": { "uv": [ 13.5, 6.25, 15.5, 6.75 ], "texture": "#texture" },
        "south": { "uv": [ 0.5, 6.25, 2.5, 6.75 ], "texture": "#texture" },
        "west":  { "uv": [ 9, 6.25, 13.5, 6.75 ], "texture": "#texture" },
        "east":  { "uv": [ 2.5, 6.25, 7, 6.75 ], "texture": "#texture" }
    }
},
{
    "from": [ 0.5, 12.5, 2 ],
    "to": [ 2.5, 13, 5 ],
    "faces": {
        "down":  { "uv": [ 15.5, 5, 13.5, 2 ], "texture": "#texture" },
        "up":    { "uv": [ 0.5, 2, 2.5, 5 ], "texture": "#texture" },
        "north": { "uv": [ 13.5, 3, 15.5, 3.5 ], "texture": "#texture" },
        "south": { "uv": [ 0.5, 3, 2.5, 3.5 ], "texture": "#texture" },
        "west":  { "uv": [ 2, 3, 5, 3.5 ], "texture": "#texture" },
        "east":  { "uv": [ 11, 3, 14, 3.5 ], "texture": "#texture" }
    }
},
{
    "from": [ 0.5, 12.5, 11 ],
    "to": [ 2.5, 13, 14 ],
    "faces": {
        "down":  { "uv": [ 15.5, 14, 13.5, 11 ], "texture": "#texture" },
        "up":    { "uv": [ 0.5, 11, 2.5, 14 ], "texture": "#texture" },
        "north": { "uv": [ 13.5, 3, 15.5, 3.5 ], "texture": "#texture" },
        "south": { "uv": [ 0.5, 3, 2.5, 3.5 ], "texture": "#texture" },
        "west":  { "uv": [ 11, 3, 14, 3.5 ], "texture": "#texture" },
        "east":  { "uv": [ 2, 3, 5, 3.5 ], "texture": "#texture" }
    }
}
]
}