{
"__comment": "Designed by CoolScreenName http://www.planetminecraft.com/member/coolscreenname/",
"textures": {
    "particle": "blocks/sapling_birch",
    "texture": "blocks/leaves_birch",
    "log_oak": "blocks/log_birch"
},
"elements": [ 
{
    "__comment": "leaves",
    "from": [ 2, 6, 2 ],
    "to": [ 14, 12, 14 ],
    "faces": {
        "down":  { "uv": [ 6, 0, 11.5, 5 ], "texture": "#texture" },
        "up":    { "uv": [ 6, 0, 11.5, 5 ], "texture": "#texture" },
        "north": { "uv": [ 5.5, 0, 11.5, 5 ], "texture": "#texture" },
        "south": { "uv": [ 5.5, 0, 11.5, 5 ], "texture": "#texture" },
        "west":  { "uv": [ 5.5, 0, 12, 4.5 ], "texture": "#texture" },
        "east":  { "uv": [ 5.5, 0, 12, 4.5 ], "texture": "#texture" }
    }
},
{
    "__comment": "leaves",
    "from": [ 4, 12, 4 ],
    "to": [ 12, 14, 12 ],
    "faces": {
        "up":    { "uv": [ 6, 0, 11.5, 5 ], "texture": "#texture" },
        "north": { "uv": [ 5.5, 0, 11.5, 5 ], "texture": "#texture" },
        "south": { "uv": [ 5.5, 0, 11.5, 5 ], "texture": "#texture" },
        "west":  { "uv": [ 5.5, 0, 12, 4.5 ], "texture": "#texture" },
        "east":  { "uv": [ 5.5, 0, 12, 4.5 ], "texture": "#texture" }
    }
},
{
    "__comment": "leaves",
    "from": [ 4, 14, 6 ],
    "to": [ 12, 16, 10 ],
    "faces": {
        "up":    { "uv": [ 6, 0, 11.5, 5 ], "texture": "#texture" },
        "north": { "uv": [ 5.5, 0, 11.5, 5 ], "texture": "#texture" },
        "south": { "uv": [ 5.5, 0, 11.5, 5 ], "texture": "#texture" },
        "west":  { "uv": [ 5.5, 0, 12, 4.5 ], "texture": "#texture" },
        "east":  { "uv": [ 5.5, 0, 12, 4.5 ], "texture": "#texture" }
    }
},
{
    "__comment": "leaves",
    "from": [ 6, 14, 4 ],
    "to": [ 10, 16, 6 ],
    "faces": {
        "up":    { "uv": [ 6, 0, 11.5, 5 ], "texture": "#texture" },
        "north": { "uv": [ 5.5, 0, 11.5, 5 ], "texture": "#texture" },
        "west":  { "uv": [ 5.5, 0, 12, 4.5 ], "texture": "#texture" },
        "east":  { "uv": [ 5.5, 0, 12, 4.5 ], "texture": "#texture" }
    }
},
{
    "__comment": "log",
    "from": [ 6, 0, 6 ],
    "to": [ 10, 11, 10 ],
    "faces": {
        "down":  { "uv": [ 0, 0, 16, 16 ], "texture": "#log_oak" },
        "up":    { "uv": [ 0, 0, 16, 16 ], "texture": "#log_oak" },
        "north": { "uv": [ 0, 0, 16, 16 ], "texture": "#log_oak" },
        "south": { "uv": [ 0, 0, 16, 16 ], "texture": "#log_oak" },
        "west":  { "uv": [ 0, 0, 16, 16 ], "texture": "#log_oak" },
        "east":  { "uv": [ 0, 0, 16, 16 ], "texture": "#log_oak" }
    }
},
{
    "__comment": "leaves",
    "from": [ 6, 14, 10 ],
    "to": [ 10, 16, 12 ],
    "faces": {
        "up":    { "uv": [ 6, 0, 11.5, 5 ], "texture": "#texture" },
        "south": { "uv": [ 5.5, 0, 11.5, 5 ], "texture": "#texture" },
        "west":  { "uv": [ 5.5, 0, 12, 4.5 ], "texture": "#texture" },
        "east":  { "uv": [ 5.5, 0, 12, 4.5 ], "texture": "#texture" }
    }
}
],
"display": {
    "thirdperson_righthand": {
        "rotation": [ 0, -99, -1 ],
        "translation": [ 0, 4, 0.5 ],
        "scale": [ 0.69, 0.69, 0.69 ]
    },
    "thirdperson_lefthand": {
        "rotation": [ 0, -99, -1 ],
        "translation": [ 0, 4, 0.5 ],
        "scale": [ 0.69, 0.69, 0.69 ]
    },
    "head": {
        "rotation": [ 0, 0, 0 ],
        "translation": [ 0, 13, 0 ],
        "scale": [ 1, 1, 1 ]
    },
    "ground": {
        "rotation": [ 0, 0, 0 ],
        "translation": [ 0, 2, 0 ],
        "scale": [ 0.34, 0.34, 0.34 ]
    },
    "fixed": {
        "rotation": [ 0, 180, 0 ],
        "translation": [ 0, 0, 0 ],
        "scale": [ 1, 1, 1 ]
    },
    "firstperson_righthand": {
        "rotation": [ 0, -90, 20 ],
        "translation": [ 1.12, 3.97, 1.12 ],
        "scale": [ 0.68, 0.68, 0.68 ]
    },
    "firstperson_lefthand": {
        "rotation": [ 0, -91, 17 ],
        "translation": [ 1.7, 4.35, 1.12 ],
        "scale": [ 0.68, 0.68, 0.68 ]
    },
    "gui": {
        "rotation": [ 30, 225, 0 ],
        "translation": [ 0, 0, 0 ],
        "scale": [ 0.625, 0.625, 0.625 ]
    }
}
}