{
"__comment": "CoolScreenName http://www.planetminecraft.com/member/coolscreenname/",
"textures": {
    "particle": "blocks/door_birch_lower",
    "texture": "blocks/planks_birch",
    "wool_colored_white": "blocks/wool_colored_white",
    "log_oak": "blocks/log_oak"
},
"elements": [ 
{
    "from": [ 0, 0, 14 ],
    "to": [ 3, 16, 16 ],
    "faces": {
        "down":  { "uv": [ 16, 2, 13, 0 ], "rotation": 180, "texture": "#texture" },
        "up":    { "uv": [ 0, 0, 3, 2 ], "rotation": 180, "texture": "#texture" },
        "north": { "uv": [ 0, 0, 3, 16 ], "texture": "#texture" },
        "south": { "uv": [ 13, 0, 16, 16 ], "texture": "#texture" },
        "west":  { "uv": [ 14, 0, 16, 16 ], "texture": "#texture" },
        "east":  { "uv": [ 0, 0, 2, 16 ], "texture": "#texture" }
    }
},
{
    "from": [ 0, 0, 0 ],
    "to": [ 3, 16, 2 ],
    "faces": {
        "down":  { "uv": [ 16, 16, 13, 14 ], "rotation": 180, "texture": "#texture" },
        "up":    { "uv": [ 0, 14, 3, 16 ], "rotation": 180, "texture": "#texture" },
        "north": { "uv": [ 0, 0, 3, 16 ], "texture": "#texture" },
        "south": { "uv": [ 13, 0, 16, 16 ], "texture": "#texture" },
        "west":  { "uv": [ 0, 0, 2, 16 ], "texture": "#texture" },
        "east":  { "uv": [ 14, 0, 16, 16 ], "texture": "#texture" }
    }
},
{
    "from": [ 0, 0, 2 ],
    "to": [ 3, 2, 14 ],
    "faces": {
        "down":  { "uv": [ 16, 14, 13, 2 ], "rotation": 180, "texture": "#texture" },
        "up":    { "uv": [ 0, 2, 3, 14 ], "rotation": 180, "texture": "#texture" },
        "north": { "uv": [ 0, 14, 3, 16 ], "texture": "#texture" },
        "south": { "uv": [ 13, 14, 16, 16 ], "texture": "#texture" },
        "west":  { "uv": [ 2, 14, 14, 16 ], "texture": "#texture" },
        "east":  { "uv": [ 2, 14, 14, 16 ], "texture": "#texture" }
    }
},
{
    "from": [ 0, 2, 7 ],
    "to": [ 3, 16, 9 ],
    "faces": {
        "down":  { "uv": [ 16, 9, 13, 7 ], "rotation": 180, "texture": "#texture" },
        "up":    { "uv": [ 0, 7, 3, 9 ], "rotation": 180, "texture": "#texture" },
        "north": { "uv": [ 0, 0, 3, 14 ], "texture": "#texture" },
        "south": { "uv": [ 13, 0, 16, 14 ], "texture": "#texture" },
        "west":  { "uv": [ 7, 0, 9, 14 ], "texture": "#texture" },
        "east":  { "uv": [ 7, 0, 9, 14 ], "texture": "#texture" }
    }
},
{
    "from": [ 0, 13, 9 ],
    "to": [ 3, 15, 14 ],
    "faces": {
        "down":  { "uv": [ 16, 7, 13, 2 ], "rotation": 180, "texture": "#texture" },
        "up":    { "uv": [ 0, 2, 3, 7 ], "rotation": 180, "texture": "#texture" },
        "north": { "uv": [ 0, 1, 3, 3 ], "texture": "#texture" },
        "south": { "uv": [ 13, 1, 16, 3 ], "texture": "#texture" },
        "west":  { "uv": [ 9, 1, 14, 3 ], "texture": "#texture" },
        "east":  { "uv": [ 2, 1, 7, 3 ], "texture": "#texture" }
    }
},
{
    "from": [ 0, 13, 2 ],
    "to": [ 3, 15, 7 ],
    "faces": {
        "down":  { "uv": [ 16, 14, 13, 9 ], "rotation": 180, "texture": "#texture" },
        "up":    { "uv": [ 0, 9, 3, 14 ], "rotation": 180, "texture": "#texture" },
        "north": { "uv": [ 0, 1, 3, 3 ], "texture": "#texture" },
        "south": { "uv": [ 13, 1, 16, 3 ], "texture": "#texture" },
        "west":  { "uv": [ 2, 1, 7, 3 ], "texture": "#texture" },
        "east":  { "uv": [ 9, 1, 14, 3 ], "texture": "#texture" }
    }
},
{
    "from": [ 0.5, 2, 9 ],
    "to": [ 2.5, 13, 14 ],
    "faces": {
        "down":  { "uv": [ 0, 0, 16, 16 ], "rotation": 180, "texture": "#texture" },
        "up":    { "uv": [ 0, 0, 16, 16 ], "rotation": 180, "texture": "#texture" },
        "north": { "uv": [ 0, 0, 16, 16 ], "texture": "#texture" },
        "south": { "uv": [ 0, 0, 16, 16 ], "texture": "#texture" },
        "west":  { "uv": [ 0, 0, 16, 16 ], "texture": "#texture" },
        "east":  { "uv": [ 0, 0, 16, 16 ], "texture": "#texture" }
    }
},
{
    "from": [ 0.5, 2, 2 ],
    "to": [ 2.5, 13, 7 ],
    "faces": {
        "down":  { "uv": [ 0, 0, 16, 16 ], "rotation": 180, "texture": "#texture" },
        "up":    { "uv": [ 0, 0, 16, 16 ], "rotation": 180, "texture": "#texture" },
        "north": { "uv": [ 0, 0, 16, 16 ], "texture": "#texture" },
        "south": { "uv": [ 0, 0, 16, 16 ], "texture": "#texture" },
        "west":  { "uv": [ 0, 0, 16, 16 ], "texture": "#texture" },
        "east":  { "uv": [ 0, 0, 16, 16 ], "texture": "#texture" }
    }
},
{
    "from": [ 1, 15, 9 ],
    "to": [ 2, 16, 14 ],
    "faces": {
        "down":  { "uv": [ 15, 7, 14, 2 ], "rotation": 180, "texture": "#wool_colored_white" },
        "up":    { "uv": [ 1, 2, 2, 7 ], "rotation": 180, "texture": "#wool_colored_white" },
        "north": { "uv": [ 1, 0, 2, 1 ], "texture": "#wool_colored_white" },
        "south": { "uv": [ 14, 0, 15, 1 ], "texture": "#wool_colored_white" },
        "west":  { "uv": [ 9, 0, 14, 1 ], "texture": "#wool_colored_white" },
        "east":  { "uv": [ 2, 0, 7, 1 ], "texture": "#wool_colored_white" }
    }
},
{
    "from": [ 1, 15, 2 ],
    "to": [ 2, 16, 7 ],
    "faces": {
        "down":  { "uv": [ 15, 14, 14, 9 ], "rotation": 180, "texture": "#wool_colored_white" },
        "up":    { "uv": [ 1, 9, 2, 14 ], "rotation": 180, "texture": "#wool_colored_white" },
        "north": { "uv": [ 1, 0, 2, 1 ], "texture": "#wool_colored_white" },
        "south": { "uv": [ 14, 0, 15, 1 ], "texture": "#wool_colored_white" },
        "west":  { "uv": [ 2, 0, 7, 1 ], "texture": "#wool_colored_white" },
        "east":  { "uv": [ 9, 0, 14, 1 ], "texture": "#wool_colored_white" }
    }
},
{
    "from": [ 0, 15, 12.5 ],
    "to": [ 3, 16, 13 ],
    "faces": {
        "down":  { "uv": [ 16, 3.75, 13, 3.25 ], "rotation": 180, "texture": "#texture" },
        "up":    { "uv": [ 0, 3.25, 3, 3.75 ], "rotation": 180, "texture": "#texture" },
        "north": { "uv": [ 0, 0, 3, 1 ], "texture": "#texture" },
        "south": { "uv": [ 13, 0, 16, 1 ], "texture": "#texture" },
        "west":  { "uv": [ 12.25, 0, 12.75, 1 ], "texture": "#texture" },
        "east":  { "uv": [ 3.25, 0, 3.75, 1 ], "texture": "#texture" }
    }
},
{
    "from": [ 0, 15, 10 ],
    "to": [ 3, 16, 10.5 ],
    "faces": {
        "down":  { "uv": [ 16, 6, 13, 5.5 ], "rotation": 180, "texture": "#texture" },
        "up":    { "uv": [ 0, 5.5, 3, 6 ], "rotation": 180, "texture": "#texture" },
        "north": { "uv": [ 0, 0, 3, 1 ], "texture": "#texture" },
        "south": { "uv": [ 13, 0, 16, 1 ], "texture": "#texture" },
        "west":  { "uv": [ 10, 0, 10.5, 1 ], "texture": "#texture" },
        "east":  { "uv": [ 5.5, 0, 6, 1 ], "texture": "#texture" }
    }
},
{
    "from": [ 0, 15, 3 ],
    "to": [ 3, 16, 3.5 ],
    "faces": {
        "down":  { "uv": [ 16, 13, 13, 12.5 ], "rotation": 180, "texture": "#texture" },
        "up":    { "uv": [ 0, 12.5, 3, 13 ], "rotation": 180, "texture": "#texture" },
        "north": { "uv": [ 0, 0, 3, 1 ], "texture": "#texture" },
        "south": { "uv": [ 13, 0, 16, 1 ], "texture": "#texture" },
        "west":  { "uv": [ 3, 0, 3.5, 1 ], "texture": "#texture" },
        "east":  { "uv": [ 12.5, 0, 13, 1 ], "texture": "#texture" }
    }
},
{
    "from": [ 0, 15, 5.5 ],
    "to": [ 3, 16, 6 ],
    "faces": {
        "down":  { "uv": [ 16, 10.5, 13, 10 ], "rotation": 180, "texture": "#texture" },
        "up":    { "uv": [ 0, 10, 3, 10.5 ], "rotation": 180, "texture": "#texture" },
        "north": { "uv": [ 0, 0, 3, 1 ], "texture": "#texture" },
        "south": { "uv": [ 13, 0, 16, 1 ], "texture": "#texture" },
        "west":  { "uv": [ 5.5, 0, 6, 1 ], "texture": "#texture" },
        "east":  { "uv": [ 10, 0, 10.5, 1 ], "texture": "#texture" }
    }
},
{
    "from": [ -0.25, 3.75, 15.25 ],
    "to": [ 3.25, 5.75, 16.25 ],
    "faces": {
        "down":  { "uv": [ 16, 0.75, 12.75, 0 ], "rotation": 180, "texture": "#log_oak" },
        "up":    { "uv": [ 0, 0, 3.25, 0.75 ], "rotation": 180, "texture": "#log_oak" },
        "north": { "uv": [ 0, 10.25, 3.25, 12.25 ], "texture": "#log_oak" },
        "south": { "uv": [ 12.75, 10.25, 16, 12.25 ], "texture": "#log_oak" },
        "west":  { "uv": [ 15.25, 10.25, 16, 12.25 ], "texture": "#log_oak" },
        "east":  { "uv": [ 0, 10.25, 0.75, 12.25 ], "texture": "#log_oak" }
    }
},
{
    "from": [ -0.25, 15, 15.25 ],
    "to": [ 3.25, 16, 16.25 ],
    "faces": {
        "down":  { "uv": [ 16, 0.75, 12.75, 0 ], "rotation": 180, "texture": "#log_oak" },
        "up":    { "uv": [ 0, 0, 3.25, 0.75 ], "rotation": 180, "texture": "#log_oak" },
        "north": { "uv": [ 0, 0, 3.25, 1 ], "texture": "#log_oak" },
        "south": { "uv": [ 12.75, 0, 16, 1 ], "texture": "#log_oak" },
        "west":  { "uv": [ 15.25, 0, 16, 1 ], "texture": "#log_oak" },
        "east":  { "uv": [ 0, 0, 0.75, 1 ], "texture": "#log_oak" }
    }
}
]
}