{
"__comment": "Sibsib92 3D Models for Default Resourcepack",
"ambientocclusion": false,
"inventoryRender3D": false,
"textures": {
    "down": "blocks/cake_bottom",
    "up": "blocks/cake_top",
    "north": "blocks/cake_side",
    "south": "blocks/cake_inner",
    "west": "blocks/log_big_oak",
    "particle": "blocks/cake_top"
},
"elements": [ 
{
    "from": [ 4, 8, 4 ],
    "to": [ 12, 12, 12 ],
    "__comment": "MID",
    "faces": {
        "down":  { "uv": [ 6, 14, 14, 6 ], "texture": "#up" },
        "up":    { "uv": [ 6, 6, 14, 14 ], "texture": "#up" },
        "north": { "uv": [ 7, 1, 15, 5 ], "texture": "#up" },
        "south": { "uv": [ 9, 1, 1, 5 ], "texture": "#up" },
        "west":  { "uv": [ 7, 4, 15, 8 ], "texture": "#up" },
        "east":  { "uv": [ 5, 4, 13, 8 ], "texture": "#up" }
    }
},
{
    "from": [ 1, 4, 1 ],
    "to": [ 3, 5, 3 ],
    "__comment": "BASE",
    "faces": {
        "down":  { "uv": [ 1, 3, 3, 1 ], "texture": "#up" },
        "up":    { "uv": [ 1, 1, 3, 3 ], "texture": "#up" },
        "north": { "uv": [ 3, 11, 1, 12 ], "texture": "#north" },
        "south": { "uv": [ 1, 11, 3, 12 ], "texture": "#north" },
        "west":  { "uv": [ 1, 11, 3, 12 ], "texture": "#north" },
        "east":  { "uv": [ 3, 11, 1, 12 ], "texture": "#north" }
    }
},
{
    "from": [ 9, 4, 1 ],
    "to": [ 11, 5, 3 ],
    "__comment": "BASE",
    "faces": {
        "down":  { "uv": [ 9, 3, 11, 1 ], "texture": "#up" },
        "up":    { "uv": [ 9, 1, 11, 3 ], "texture": "#up" },
        "north": { "uv": [ 11, 11, 9, 12 ], "texture": "#north" },
        "south": { "uv": [ 9, 11, 11, 12 ], "texture": "#north" },
        "west":  { "uv": [ 1, 11, 3, 12 ], "texture": "#north" },
        "east":  { "uv": [ 3, 11, 1, 12 ], "texture": "#north" }
    }
},
{
    "from": [ 1, 4, 5 ],
    "to": [ 3, 5, 7 ],
    "__comment": "BASE",
    "faces": {
        "down":  { "uv": [ 1, 7, 3, 5 ], "texture": "#up" },
        "up":    { "uv": [ 1, 5, 3, 7 ], "texture": "#up" },
        "north": { "uv": [ 3, 11, 1, 12 ], "texture": "#north" },
        "south": { "uv": [ 1, 11, 3, 12 ], "texture": "#north" },
        "west":  { "uv": [ 5, 11, 7, 12 ], "texture": "#north" },
        "east":  { "uv": [ 7, 11, 5, 12 ], "texture": "#north" }
    }
},
{
    "from": [ 1, 4, 13 ],
    "to": [ 3, 5, 15 ],
    "__comment": "BASE",
    "faces": {
        "down":  { "uv": [ 1, 15, 3, 13 ], "texture": "#up" },
        "up":    { "uv": [ 1, 13, 3, 15 ], "texture": "#up" },
        "north": { "uv": [ 3, 11, 1, 12 ], "texture": "#north" },
        "south": { "uv": [ 1, 11, 3, 12 ], "texture": "#north" },
        "west":  { "uv": [ 13, 11, 15, 12 ], "texture": "#north" },
        "east":  { "uv": [ 15, 11, 13, 12 ], "texture": "#north" }
    }
},
{
    "from": [ 5, 4, 1 ],
    "to": [ 7, 5, 3 ],
    "__comment": "BASE",
    "faces": {
        "down":  { "uv": [ 5, 3, 7, 1 ], "texture": "#up" },
        "up":    { "uv": [ 5, 1, 7, 3 ], "texture": "#up" },
        "north": { "uv": [ 7, 11, 5, 12 ], "texture": "#north" },
        "south": { "uv": [ 5, 11, 7, 12 ], "texture": "#north" },
        "west":  { "uv": [ 1, 11, 3, 12 ], "texture": "#north" },
        "east":  { "uv": [ 3, 11, 1, 12 ], "texture": "#north" }
    }
},
{
    "from": [ 13, 4, 1 ],
    "to": [ 15, 5, 3 ],
    "__comment": "BASE",
    "faces": {
        "down":  { "uv": [ 13, 3, 15, 1 ], "texture": "#up" },
        "up":    { "uv": [ 13, 1, 15, 3 ], "texture": "#up" },
        "north": { "uv": [ 15, 11, 13, 12 ], "texture": "#north" },
        "south": { "uv": [ 13, 11, 15, 12 ], "texture": "#north" },
        "west":  { "uv": [ 1, 11, 3, 12 ], "texture": "#north" },
        "east":  { "uv": [ 3, 11, 1, 12 ], "texture": "#north" }
    }
},
{
    "from": [ 1, 4, 9 ],
    "to": [ 3, 5, 11 ],
    "__comment": "BASE",
    "faces": {
        "down":  { "uv": [ 1, 11, 3, 9 ], "texture": "#up" },
        "up":    { "uv": [ 1, 9, 3, 11 ], "texture": "#up" },
        "north": { "uv": [ 3, 11, 1, 12 ], "texture": "#north" },
        "south": { "uv": [ 1, 11, 3, 12 ], "texture": "#north" },
        "west":  { "uv": [ 9, 11, 11, 12 ], "texture": "#north" },
        "east":  { "uv": [ 11, 11, 9, 12 ], "texture": "#north" }
    }
},
{
    "from": [ 9, 4, 13 ],
    "to": [ 11, 5, 15 ],
    "__comment": "BASE",
    "faces": {
        "down":  { "uv": [ 9, 15, 11, 13 ], "texture": "#up" },
        "up":    { "uv": [ 9, 13, 11, 15 ], "texture": "#up" },
        "north": { "uv": [ 11, 11, 9, 12 ], "texture": "#north" },
        "south": { "uv": [ 9, 11, 11, 12 ], "texture": "#north" },
        "west":  { "uv": [ 13, 11, 15, 12 ], "texture": "#north" },
        "east":  { "uv": [ 15, 11, 13, 12 ], "texture": "#north" }
    }
},
{
    "from": [ 13, 4, 9 ],
    "to": [ 15, 5, 11 ],
    "__comment": "BASE",
    "faces": {
        "down":  { "uv": [ 13, 11, 15, 9 ], "texture": "#up" },
        "up":    { "uv": [ 13, 9, 15, 11 ], "texture": "#up" },
        "north": { "uv": [ 15, 11, 13, 12 ], "texture": "#north" },
        "south": { "uv": [ 13, 11, 15, 12 ], "texture": "#north" },
        "west":  { "uv": [ 9, 11, 11, 12 ], "texture": "#north" },
        "east":  { "uv": [ 11, 11, 9, 12 ], "texture": "#north" }
    }
},
{
    "from": [ 13, 4, 5 ],
    "to": [ 15, 5, 7 ],
    "__comment": "BASE",
    "faces": {
        "down":  { "uv": [ 13, 7, 15, 5 ], "texture": "#up" },
        "up":    { "uv": [ 13, 5, 15, 7 ], "texture": "#up" },
        "north": { "uv": [ 15, 11, 13, 12 ], "texture": "#north" },
        "south": { "uv": [ 13, 11, 15, 12 ], "texture": "#north" },
        "west":  { "uv": [ 5, 11, 7, 12 ], "texture": "#north" },
        "east":  { "uv": [ 7, 11, 5, 12 ], "texture": "#north" }
    }
},
{
    "from": [ 13, 4, 13 ],
    "to": [ 15, 5, 15 ],
    "__comment": "BASE",
    "faces": {
        "down":  { "uv": [ 13, 15, 15, 13 ], "texture": "#up" },
        "up":    { "uv": [ 13, 13, 15, 15 ], "texture": "#up" },
        "north": { "uv": [ 15, 11, 13, 12 ], "texture": "#north" },
        "south": { "uv": [ 13, 11, 15, 12 ], "texture": "#north" },
        "west":  { "uv": [ 13, 11, 15, 12 ], "texture": "#north" },
        "east":  { "uv": [ 15, 11, 13, 12 ], "texture": "#north" }
    }
},
{
    "from": [ 5, 4, 13 ],
    "to": [ 7, 5, 15 ],
    "__comment": "BASE",
    "faces": {
        "down":  { "uv": [ 5, 15, 7, 13 ], "texture": "#up" },
        "up":    { "uv": [ 5, 13, 7, 15 ], "texture": "#up" },
        "north": { "uv": [ 7, 11, 5, 12 ], "texture": "#north" },
        "south": { "uv": [ 5, 11, 7, 12 ], "texture": "#north" },
        "west":  { "uv": [ 13, 11, 15, 12 ], "texture": "#north" },
        "east":  { "uv": [ 15, 11, 13, 12 ], "texture": "#north" }
    }
},
{
    "from": [ 2, 0, 2 ],
    "to": [ 14, 5, 14 ],
    "__comment": "BASE",
    "faces": {
        "down":  { "uv": [ 2, 14, 14, 2 ], "texture": "#down" },
        "up":    { "uv": [ 2, 2, 14, 14 ], "texture": "#up" },
        "north": { "uv": [ 2, 11, 14, 16 ], "texture": "#north" },
        "south": { "uv": [ 2, 11, 14, 16 ], "texture": "#north" },
        "west":  { "uv": [ 2, 11, 14, 16 ], "texture": "#north" },
        "east":  { "uv": [ 2, 11, 14, 16 ], "texture": "#north" }
    }
},
{
    "from": [ 1, 5, 1 ],
    "to": [ 15, 8, 15 ],
    "__comment": "BASE",
    "faces": {
        "down":  { "uv": [ 1, 15, 15, 1 ], "texture": "#up" },
        "up":    { "uv": [ 1, 1, 15, 15 ], "texture": "#up" },
        "north": { "uv": [ 1, 8, 15, 11 ], "texture": "#north" },
        "south": { "uv": [ 1, 8, 15, 11 ], "texture": "#north" },
        "west":  { "uv": [ 1, 8, 15, 11 ], "texture": "#north" },
        "east":  { "uv": [ 1, 8, 15, 11 ], "texture": "#north" }
    }
}
]
}