{
"__comment": "CoolScreenName http://www.planetminecraft.com/member/coolscreenname/",
"textures": {
    "particle": "blocks/carrots_stage_1",
    "texture": "blocks/debug",
    "farmland_wet": "blocks/farmland_wet",
    "foliage": "colormap/foliage",
    "log_oak": "blocks/log_oak"
},
"elements": [ 
{
    "__comment": "carrot",
    "from": [ 3.54, -1.25, 10.87 ],
    "to": [ 4.9, -0.57, 12.23 ],
    "faces": {
        "down":  { "uv": [ 13.25, 14.25, 13.75, 14.75 ], "texture": "#texture" },
        "up":    { "uv": [ 13.25, 14.25, 13.75, 14.75 ], "texture": "#texture" },
        "north": { "uv": [ 13.25, 14.25, 13.75, 14.75 ], "texture": "#texture" },
        "south": { "uv": [ 13.25, 14.25, 13.75, 14.75 ], "texture": "#texture" },
        "west":  { "uv": [ 13.25, 14.25, 13.75, 14.75 ], "texture": "#texture" },
        "east":  { "uv": [ 13.25, 14.25, 13.75, 14.75 ], "texture": "#texture" }
    }
},
{
    "__comment": "carrot",
    "from": [ 9.806, -1.25, 4.236 ],
    "to": [ 11.1116, -0.5972, 5.5416 ],
    "faces": {
        "down":  { "uv": [ 13.25, 14.25, 13.75, 14.75 ], "texture": "#texture" },
        "up":    { "uv": [ 13.25, 14.25, 13.75, 14.75 ], "texture": "#texture" },
        "north": { "uv": [ 13.25, 14.25, 13.75, 14.75 ], "texture": "#texture" },
        "south": { "uv": [ 13.25, 14.25, 13.75, 14.75 ], "texture": "#texture" },
        "west":  { "uv": [ 13.25, 14.25, 13.75, 14.75 ], "texture": "#texture" },
        "east":  { "uv": [ 13.25, 14.25, 13.75, 14.75 ], "texture": "#texture" }
    }
},
{
    "__comment": "carrot",
    "from": [ 9.556, -1.25, 10.7952 ],
    "to": [ 10.8616, -0.5972, 12.1008 ],
    "faces": {
        "down":  { "uv": [ 13.25, 14.25, 13.75, 14.75 ], "texture": "#texture" },
        "up":    { "uv": [ 13.25, 14.25, 13.75, 14.75 ], "texture": "#texture" },
        "north": { "uv": [ 13.25, 14.25, 13.75, 14.75 ], "texture": "#texture" },
        "south": { "uv": [ 13.25, 14.25, 13.75, 14.75 ], "texture": "#texture" },
        "west":  { "uv": [ 13.25, 14.25, 13.75, 14.75 ], "texture": "#texture" },
        "east":  { "uv": [ 13.25, 14.25, 13.75, 14.75 ], "texture": "#texture" }
    }
},
{
    "__comment": "carrot",
    "from": [ 3.54, -1.25, 4.225 ],
    "to": [ 4.9, -0.57, 5.585 ],
    "faces": {
        "down":  { "uv": [ 13.25, 14.25, 13.75, 14.75 ], "texture": "#texture" },
        "up":    { "uv": [ 13.25, 14.25, 13.75, 14.75 ], "texture": "#texture" },
        "north": { "uv": [ 13.25, 14.25, 13.75, 14.75 ], "texture": "#texture" },
        "south": { "uv": [ 13.25, 14.25, 13.75, 14.75 ], "texture": "#texture" },
        "west":  { "uv": [ 13.25, 14.25, 13.75, 14.75 ], "texture": "#texture" },
        "east":  { "uv": [ 13.25, 14.25, 13.75, 14.75 ], "texture": "#texture" }
    }
},
{
    "__comment": "carrot",
    "from": [ 9.9692, -1.25, 4.0728 ],
    "to": [ 10.9484, -0.7604, 5.7048 ],
    "faces": {
        "down":  { "uv": [ 13.25, 14.25, 13.75, 14.75 ], "texture": "#texture" },
        "up":    { "uv": [ 13.25, 14.25, 13.75, 14.75 ], "texture": "#texture" },
        "north": { "uv": [ 13.25, 14.25, 13.75, 14.75 ], "texture": "#texture" },
        "south": { "uv": [ 13.25, 14.25, 13.75, 14.75 ], "texture": "#texture" },
        "west":  { "uv": [ 13.25, 14.25, 13.75, 14.75 ], "texture": "#texture" },
        "east":  { "uv": [ 13.25, 14.25, 13.75, 14.75 ], "texture": "#texture" }
    }
},
{
    "__comment": "carrot",
    "from": [ 3.71, -1.25, 10.7 ],
    "to": [ 4.73, -0.74, 12.4 ],
    "faces": {
        "down":  { "uv": [ 13.25, 14.25, 13.75, 14.75 ], "texture": "#texture" },
        "up":    { "uv": [ 13.25, 14.25, 13.75, 14.75 ], "texture": "#texture" },
        "north": { "uv": [ 13.25, 14.25, 13.75, 14.75 ], "texture": "#texture" },
        "south": { "uv": [ 13.25, 14.25, 13.75, 14.75 ], "texture": "#texture" },
        "west":  { "uv": [ 13.25, 14.25, 13.75, 14.75 ], "texture": "#texture" },
        "east":  { "uv": [ 13.25, 14.25, 13.75, 14.75 ], "texture": "#texture" }
    }
},
{
    "__comment": "carrot",
    "from": [ 9.7192, -1.25, 10.632 ],
    "to": [ 10.6984, -0.7604, 12.264 ],
    "faces": {
        "down":  { "uv": [ 13.25, 14.25, 13.75, 14.75 ], "texture": "#texture" },
        "up":    { "uv": [ 13.25, 14.25, 13.75, 14.75 ], "texture": "#texture" },
        "north": { "uv": [ 13.25, 14.25, 13.75, 14.75 ], "texture": "#texture" },
        "south": { "uv": [ 13.25, 14.25, 13.75, 14.75 ], "texture": "#texture" },
        "west":  { "uv": [ 13.25, 14.25, 13.75, 14.75 ], "texture": "#texture" },
        "east":  { "uv": [ 13.25, 14.25, 13.75, 14.75 ], "texture": "#texture" }
    }
},
{
    "__comment": "carrot",
    "from": [ 3.71, -1.25, 4.055 ],
    "to": [ 4.73, -0.74, 5.755 ],
    "faces": {
        "down":  { "uv": [ 13.25, 14.25, 13.75, 14.75 ], "texture": "#texture" },
        "up":    { "uv": [ 13.25, 14.25, 13.75, 14.75 ], "texture": "#texture" },
        "north": { "uv": [ 13.25, 14.25, 13.75, 14.75 ], "texture": "#texture" },
        "south": { "uv": [ 13.25, 14.25, 13.75, 14.75 ], "texture": "#texture" },
        "west":  { "uv": [ 13.25, 14.25, 13.75, 14.75 ], "texture": "#texture" },
        "east":  { "uv": [ 13.25, 14.25, 13.75, 14.75 ], "texture": "#texture" }
    }
},
{
    "__comment": "carrot",
    "from": [ 3.37, -1.25, 11.04 ],
    "to": [ 5.07, -0.74, 12.06 ],
    "faces": {
        "down":  { "uv": [ 13.25, 14.25, 13.75, 14.75 ], "texture": "#texture" },
        "up":    { "uv": [ 13.25, 14.25, 13.75, 14.75 ], "texture": "#texture" },
        "north": { "uv": [ 13.25, 14.25, 13.75, 14.75 ], "texture": "#texture" },
        "south": { "uv": [ 13.25, 14.25, 13.75, 14.75 ], "texture": "#texture" },
        "west":  { "uv": [ 13.25, 14.25, 13.75, 14.75 ], "texture": "#texture" },
        "east":  { "uv": [ 13.25, 14.25, 13.75, 14.75 ], "texture": "#texture" }
    }
},
{
    "__comment": "carrot",
    "from": [ 9.6428, -1.25, 4.3992 ],
    "to": [ 11.2748, -0.7604, 5.3784 ],
    "faces": {
        "down":  { "uv": [ 13.25, 14.25, 13.75, 14.75 ], "texture": "#texture" },
        "up":    { "uv": [ 13.25, 14.25, 13.75, 14.75 ], "texture": "#texture" },
        "north": { "uv": [ 13.25, 14.25, 13.75, 14.75 ], "texture": "#texture" },
        "south": { "uv": [ 13.25, 14.25, 13.75, 14.75 ], "texture": "#texture" },
        "west":  { "uv": [ 13.25, 14.25, 13.75, 14.75 ], "texture": "#texture" },
        "east":  { "uv": [ 13.25, 14.25, 13.75, 14.75 ], "texture": "#texture" }
    }
},
{
    "__comment": "carrot",
    "from": [ 9.3928, -1.25, 10.9584 ],
    "to": [ 11.0248, -0.7604, 11.9376 ],
    "faces": {
        "down":  { "uv": [ 13.25, 14.25, 13.75, 14.75 ], "texture": "#texture" },
        "up":    { "uv": [ 13.25, 14.25, 13.75, 14.75 ], "texture": "#texture" },
        "north": { "uv": [ 13.25, 14.25, 13.75, 14.75 ], "texture": "#texture" },
        "south": { "uv": [ 13.25, 14.25, 13.75, 14.75 ], "texture": "#texture" },
        "west":  { "uv": [ 13.25, 14.25, 13.75, 14.75 ], "texture": "#texture" },
        "east":  { "uv": [ 13.25, 14.25, 13.75, 14.75 ], "texture": "#texture" }
    }
},
{
    "__comment": "carrot",
    "from": [ 3.37, -1.25, 4.395 ],
    "to": [ 5.07, -0.74, 5.415 ],
    "faces": {
        "down":  { "uv": [ 13.25, 14.25, 13.75, 14.75 ], "texture": "#texture" },
        "up":    { "uv": [ 13.25, 14.25, 13.75, 14.75 ], "texture": "#texture" },
        "north": { "uv": [ 13.25, 14.25, 13.75, 14.75 ], "texture": "#texture" },
        "south": { "uv": [ 13.25, 14.25, 13.75, 14.75 ], "texture": "#texture" },
        "west":  { "uv": [ 13.25, 14.25, 13.75, 14.75 ], "texture": "#texture" },
        "east":  { "uv": [ 13.25, 14.25, 13.75, 14.75 ], "texture": "#texture" }
    }
},
{
    "__comment": "carrot",
    "from": [ 3.71, -0.57, 11.04 ],
    "to": [ 4.73, -0.4, 12.06 ],
    "faces": {
        "down":  { "uv": [ 13.25, 14.25, 13.75, 14.75 ], "texture": "#texture" },
        "up":    { "uv": [ 13.25, 14.25, 13.75, 14.75 ], "texture": "#texture" },
        "north": { "uv": [ 13.25, 14.25, 13.75, 14.75 ], "texture": "#texture" },
        "south": { "uv": [ 13.25, 14.25, 13.75, 14.75 ], "texture": "#texture" },
        "west":  { "uv": [ 13.25, 14.25, 13.75, 14.75 ], "texture": "#texture" },
        "east":  { "uv": [ 13.25, 14.25, 13.75, 14.75 ], "texture": "#texture" }
    }
},
{
    "__comment": "carrot",
    "from": [ 9.9692, -0.5972, 4.3992 ],
    "to": [ 10.9484, -0.434, 5.3784 ],
    "faces": {
        "down":  { "uv": [ 13.25, 14.25, 13.75, 14.75 ], "texture": "#texture" },
        "up":    { "uv": [ 13.25, 14.25, 13.75, 14.75 ], "texture": "#texture" },
        "north": { "uv": [ 13.25, 14.25, 13.75, 14.75 ], "texture": "#texture" },
        "south": { "uv": [ 13.25, 14.25, 13.75, 14.75 ], "texture": "#texture" },
        "west":  { "uv": [ 13.25, 14.25, 13.75, 14.75 ], "texture": "#texture" },
        "east":  { "uv": [ 13.25, 14.25, 13.75, 14.75 ], "texture": "#texture" }
    }
},
{
    "__comment": "carrot",
    "from": [ 9.7192, -0.5972, 10.9584 ],
    "to": [ 10.6984, -0.434, 11.9376 ],
    "faces": {
        "down":  { "uv": [ 13.25, 14.25, 13.75, 14.75 ], "texture": "#texture" },
        "up":    { "uv": [ 13.25, 14.25, 13.75, 14.75 ], "texture": "#texture" },
        "north": { "uv": [ 13.25, 14.25, 13.75, 14.75 ], "texture": "#texture" },
        "south": { "uv": [ 13.25, 14.25, 13.75, 14.75 ], "texture": "#texture" },
        "west":  { "uv": [ 13.25, 14.25, 13.75, 14.75 ], "texture": "#texture" },
        "east":  { "uv": [ 13.25, 14.25, 13.75, 14.75 ], "texture": "#texture" }
    }
},
{
    "__comment": "carrot",
    "from": [ 3.71, -0.57, 4.395 ],
    "to": [ 4.73, -0.4, 5.415 ],
    "faces": {
        "down":  { "uv": [ 13.25, 14.25, 13.75, 14.75 ], "texture": "#texture" },
        "up":    { "uv": [ 13.25, 14.25, 13.75, 14.75 ], "texture": "#texture" },
        "north": { "uv": [ 13.25, 14.25, 13.75, 14.75 ], "texture": "#texture" },
        "south": { "uv": [ 13.25, 14.25, 13.75, 14.75 ], "texture": "#texture" },
        "west":  { "uv": [ 13.25, 14.25, 13.75, 14.75 ], "texture": "#texture" },
        "east":  { "uv": [ 13.25, 14.25, 13.75, 14.75 ], "texture": "#texture" }
    }
},
{
    "__comment": "carrot top",
    "from": [ 3.965, -0.4, 4.65 ],
    "to": [ 4.475, -0.06, 5.16 ],
    "faces": {
        "down":  { "uv": [ 11.875, 4.375, 11.125, 3.625 ], "texture": "#log_oak" },
        "up":    { "uv": [ 4.125, 3.625, 4.875, 4.375 ], "texture": "#log_oak" },
        "north": { "uv": [ 11.125, 13.25, 11.875, 13.75 ], "texture": "#log_oak" },
        "south": { "uv": [ 4.125, 13.25, 4.875, 13.75 ], "texture": "#log_oak" },
        "west":  { "uv": [ 3.625, 13.25, 4.375, 13.75 ], "texture": "#log_oak" },
        "east":  { "uv": [ 11.625, 13.25, 12.375, 13.75 ], "texture": "#log_oak" }
    }
},
{
    "__comment": "carrot top",
    "from": [ 9.964, -0.434, 11.2032 ],
    "to": [ 10.4536, -0.1076, 11.6928 ],
    "faces": {
        "down":  { "uv": [ 4.875, 12.125, 4.125, 11.375 ], "texture": "#log_oak" },
        "up":    { "uv": [ 11.125, 11.375, 11.875, 12.125 ], "texture": "#log_oak" },
        "north": { "uv": [ 4.125, 13.25, 4.875, 13.75 ], "texture": "#log_oak" },
        "south": { "uv": [ 11.125, 13.25, 11.875, 13.75 ], "texture": "#log_oak" },
        "west":  { "uv": [ 11.375, 13.25, 12.125, 13.75 ], "texture": "#log_oak" },
        "east":  { "uv": [ 3.875, 13.25, 4.625, 13.75 ], "texture": "#log_oak" }
    }
},
{
    "__comment": "carrot top",
    "from": [ 3.965, -0.4, 11.295 ],
    "to": [ 4.475, -0.06, 11.805 ],
    "faces": {
        "down":  { "uv": [ 11.875, 12.125, 11.125, 11.375 ], "texture": "#log_oak" },
        "up":    { "uv": [ 4.125, 11.375, 4.875, 12.125 ], "texture": "#log_oak" },
        "north": { "uv": [ 11.125, 13.25, 11.875, 13.75 ], "texture": "#log_oak" },
        "south": { "uv": [ 4.125, 13.25, 4.875, 13.75 ], "texture": "#log_oak" },
        "west":  { "uv": [ 11.375, 13.25, 12.125, 13.75 ], "texture": "#log_oak" },
        "east":  { "uv": [ 3.875, 13.25, 4.625, 13.75 ], "texture": "#log_oak" }
    }
},
{
    "__comment": "carrot top",
    "from": [ 10.214, -0.434, 4.644 ],
    "to": [ 10.7036, -0.1076, 5.1336 ],
    "faces": {
        "down":  { "uv": [ 4.875, 4.375, 4.125, 3.625 ], "texture": "#log_oak" },
        "up":    { "uv": [ 11.125, 3.625, 11.875, 4.375 ], "texture": "#log_oak" },
        "north": { "uv": [ 4.125, 13.25, 4.875, 13.75 ], "texture": "#log_oak" },
        "south": { "uv": [ 11.125, 13.25, 11.875, 13.75 ], "texture": "#log_oak" },
        "west":  { "uv": [ 3.625, 13.25, 4.375, 13.75 ], "texture": "#log_oak" },
        "east":  { "uv": [ 11.625, 13.25, 12.375, 13.75 ], "texture": "#log_oak" }
    }
},
{
    "__comment": "stem",
    "from": [ 10.2956, -0.434, 5.7048 ],
    "to": [ 10.4588, 1.8508, 5.868 ],
    "rotation": { "origin": [ 10.2956, 1.8508, 5.7048 ], "axis": "x", "angle": 22.5 },
    "faces": {
        "down":  { "uv": [ 0.5, 5.5, 1.75, 11.75 ], "texture": "#foliage" },
        "up":    { "uv": [ 0.5, 5.5, 1.75, 11.75 ], "texture": "#foliage" },
        "north": { "uv": [ 1, 4.75, 2.25, 11.75 ], "texture": "#foliage" },
        "south": { "uv": [ 1, 4.75, 2.25, 11.75 ], "texture": "#foliage" },
        "west":  { "uv": [ 1, 5.25, 2.5, 12.75 ], "texture": "#foliage" },
        "east":  { "uv": [ 1, 5.25, 2.5, 12.75 ], "texture": "#foliage" }
    }
},
{
    "__comment": "stem",
    "from": [ 3.37, -0.57, 11.55 ],
    "to": [ 3.54, 1.3, 11.72 ],
    "rotation": { "origin": [ 3.37, 1.3, 11.55 ], "axis": "z", "angle": 22.5 },
    "faces": {
        "down":  { "uv": [ 0.5, 5.5, 1.75, 11.75 ], "texture": "#foliage" },
        "up":    { "uv": [ 0.5, 5.5, 1.75, 11.75 ], "texture": "#foliage" },
        "north": { "uv": [ 1, 4.75, 2.25, 11.75 ], "texture": "#foliage" },
        "south": { "uv": [ 1, 4.75, 2.25, 11.75 ], "texture": "#foliage" },
        "west":  { "uv": [ 1, 5.25, 2.5, 12.75 ], "texture": "#foliage" },
        "east":  { "uv": [ 1, 5.25, 2.5, 12.75 ], "texture": "#foliage" }
    }
},
{
    "__comment": "leaf",
    "from": [ 10.1324, 1.8508, 5.5416 ],
    "to": [ 10.622, 2.014, 6.1944 ],
    "faces": {
        "down":  { "uv": [ 0.25, 1.75, 1.5, 4.75 ], "texture": "#foliage" },
        "up":    { "uv": [ 0.25, 1.75, 1.5, 4.75 ], "texture": "#foliage" },
        "north": { "uv": [ 0.5, 1.75, 1.5, 4.75 ], "texture": "#foliage" },
        "south": { "uv": [ 0.5, 1.75, 1.5, 4.75 ], "texture": "#foliage" },
        "west":  { "uv": [ 0.25, 1.75, 1.5, 4.5 ], "texture": "#foliage" },
        "east":  { "uv": [ 0.25, 1.75, 1.5, 4.5 ], "texture": "#foliage" }
    }
},
{
    "__comment": "leaf",
    "from": [ 3.03, 1.3, 11.38 ],
    "to": [ 3.54, 1.47, 11.89 ],
    "faces": {
        "down":  { "uv": [ 0.25, 1.75, 1.5, 4.75 ], "texture": "#foliage" },
        "up":    { "uv": [ 0.25, 1.75, 1.5, 4.75 ], "texture": "#foliage" },
        "north": { "uv": [ 0.5, 1.75, 1.5, 4.75 ], "texture": "#foliage" },
        "south": { "uv": [ 0.5, 1.75, 1.5, 4.75 ], "texture": "#foliage" },
        "west":  { "uv": [ 0.25, 1.75, 1.5, 4.5 ], "texture": "#foliage" },
        "east":  { "uv": [ 0.25, 1.75, 1.5, 4.5 ], "texture": "#foliage" }
    }
},
{
    "__comment": "leaf",
    "from": [ 3.03, 1.30068, 11.38 ],
    "to": [ 3.37, 1.47068, 11.72 ],
    "rotation": { "origin": [ 3.03, 1.30068, 11.38 ], "axis": "y", "angle": -45 },
    "faces": {
        "down":  { "uv": [ 0.25, 1.75, 1.5, 4.75 ], "texture": "#foliage" },
        "up":    { "uv": [ 0.25, 1.75, 1.5, 4.75 ], "texture": "#foliage" },
        "north": { "uv": [ 0.5, 1.75, 1.5, 4.75 ], "texture": "#foliage" },
        "south": { "uv": [ 0.5, 1.75, 1.5, 4.75 ], "texture": "#foliage" },
        "west":  { "uv": [ 0.25, 1.75, 1.5, 4.5 ], "texture": "#foliage" },
        "east":  { "uv": [ 0.25, 1.75, 1.5, 4.5 ], "texture": "#foliage" }
    }
},
{
    "__comment": "leaf",
    "from": [ 10.3772, 1.85146, 5.9496 ],
    "to": [ 10.7036, 2.01466, 6.276 ],
    "rotation": { "origin": [ 10.3772, 1.85146, 5.9496 ], "axis": "y", "angle": -45 },
    "faces": {
        "down":  { "uv": [ 0.25, 1.75, 1.5, 4.75 ], "texture": "#foliage" },
        "up":    { "uv": [ 0.25, 1.75, 1.5, 4.75 ], "texture": "#foliage" },
        "north": { "uv": [ 0.5, 1.75, 1.5, 4.75 ], "texture": "#foliage" },
        "south": { "uv": [ 0.5, 1.75, 1.5, 4.75 ], "texture": "#foliage" },
        "west":  { "uv": [ 0.25, 1.75, 1.5, 4.5 ], "texture": "#foliage" },
        "east":  { "uv": [ 0.25, 1.75, 1.5, 4.5 ], "texture": "#foliage" }
    }
},
{
    "__comment": "leaf",
    "from": [ 10.214, 1.8508, 5.3784 ],
    "to": [ 10.5404, 2.014, 5.5416 ],
    "faces": {
        "down":  { "uv": [ 0.25, 1.75, 1.5, 4.75 ], "texture": "#foliage" },
        "up":    { "uv": [ 0.25, 1.75, 1.5, 4.75 ], "texture": "#foliage" },
        "north": { "uv": [ 0.5, 1.75, 1.5, 4.75 ], "texture": "#foliage" },
        "south": { "uv": [ 0.5, 1.75, 1.5, 4.75 ], "texture": "#foliage" },
        "west":  { "uv": [ 0.25, 1.75, 1.5, 4.5 ], "texture": "#foliage" },
        "east":  { "uv": [ 0.25, 1.75, 1.5, 4.5 ], "texture": "#foliage" }
    }
},
{
    "__comment": "leaf",
    "from": [ 3.54, 1.3, 11.465 ],
    "to": [ 3.71, 1.47, 11.805 ],
    "faces": {
        "down":  { "uv": [ 0.25, 1.75, 1.5, 4.75 ], "texture": "#foliage" },
        "up":    { "uv": [ 0.25, 1.75, 1.5, 4.75 ], "texture": "#foliage" },
        "north": { "uv": [ 0.5, 1.75, 1.5, 4.75 ], "texture": "#foliage" },
        "south": { "uv": [ 0.5, 1.75, 1.5, 4.75 ], "texture": "#foliage" },
        "west":  { "uv": [ 0.25, 1.75, 1.5, 4.5 ], "texture": "#foliage" },
        "east":  { "uv": [ 0.25, 1.75, 1.5, 4.5 ], "texture": "#foliage" }
    }
},
{
    "__comment": "stem",
    "from": [ 9.6428, -0.5972, 4.8888 ],
    "to": [ 9.806, 1.198, 5.052 ],
    "rotation": { "origin": [ 9.6428, 1.198, 4.8888 ], "axis": "z", "angle": 22.5 },
    "faces": {
        "down":  { "uv": [ 0.5, 5.5, 1.75, 11.75 ], "texture": "#foliage" },
        "up":    { "uv": [ 0.5, 5.5, 1.75, 11.75 ], "texture": "#foliage" },
        "north": { "uv": [ 1, 4.75, 2.25, 11.75 ], "texture": "#foliage" },
        "south": { "uv": [ 1, 4.75, 2.25, 11.75 ], "texture": "#foliage" },
        "west":  { "uv": [ 1, 5.25, 2.5, 12.75 ], "texture": "#foliage" },
        "east":  { "uv": [ 1, 5.25, 2.5, 12.75 ], "texture": "#foliage" }
    }
},
{
    "__comment": "leaf",
    "from": [ 9.3164, 1.198, 4.7256 ],
    "to": [ 9.806, 1.3612, 5.2152 ],
    "faces": {
        "down":  { "uv": [ 0.25, 1.75, 1.5, 4.75 ], "texture": "#foliage" },
        "up":    { "uv": [ 0.25, 1.75, 1.5, 4.75 ], "texture": "#foliage" },
        "north": { "uv": [ 0.5, 1.75, 1.5, 4.75 ], "texture": "#foliage" },
        "south": { "uv": [ 0.5, 1.75, 1.5, 4.75 ], "texture": "#foliage" },
        "west":  { "uv": [ 0.25, 1.75, 1.5, 4.5 ], "texture": "#foliage" },
        "east":  { "uv": [ 0.25, 1.75, 1.5, 4.5 ], "texture": "#foliage" }
    }
},
{
    "__comment": "leaf",
    "from": [ 9.3164, 1.19866, 4.7256 ],
    "to": [ 9.6428, 1.36186, 5.052 ],
    "rotation": { "origin": [ 9.3164, 1.19866, 4.7256 ], "axis": "y", "angle": -45 },
    "faces": {
        "down":  { "uv": [ 0.25, 1.75, 1.5, 4.75 ], "texture": "#foliage" },
        "up":    { "uv": [ 0.25, 1.75, 1.5, 4.75 ], "texture": "#foliage" },
        "north": { "uv": [ 0.5, 1.75, 1.5, 4.75 ], "texture": "#foliage" },
        "south": { "uv": [ 0.5, 1.75, 1.5, 4.75 ], "texture": "#foliage" },
        "west":  { "uv": [ 0.25, 1.75, 1.5, 4.5 ], "texture": "#foliage" },
        "east":  { "uv": [ 0.25, 1.75, 1.5, 4.5 ], "texture": "#foliage" }
    }
},
{
    "__comment": "leaf",
    "from": [ 9.806, 1.198, 4.8072 ],
    "to": [ 9.9692, 1.3612, 5.1336 ],
    "faces": {
        "down":  { "uv": [ 0.25, 1.75, 1.5, 4.75 ], "texture": "#foliage" },
        "up":    { "uv": [ 0.25, 1.75, 1.5, 4.75 ], "texture": "#foliage" },
        "north": { "uv": [ 0.5, 1.75, 1.5, 4.75 ], "texture": "#foliage" },
        "south": { "uv": [ 0.5, 1.75, 1.5, 4.75 ], "texture": "#foliage" },
        "west":  { "uv": [ 0.25, 1.75, 1.5, 4.5 ], "texture": "#foliage" },
        "east":  { "uv": [ 0.25, 1.75, 1.5, 4.5 ], "texture": "#foliage" }
    }
},
{
    "__comment": "stem",
    "from": [ 4.9, -0.57, 11.38 ],
    "to": [ 5.07, 1.3, 11.55 ],
    "rotation": { "origin": [ 4.9, 1.3, 11.38 ], "axis": "z", "angle": -22.5 },
    "faces": {
        "down":  { "uv": [ 0.5, 5.5, 1.75, 11.75 ], "texture": "#foliage" },
        "up":    { "uv": [ 0.5, 5.5, 1.75, 11.75 ], "texture": "#foliage" },
        "north": { "uv": [ 1, 4.75, 2.25, 11.75 ], "texture": "#foliage" },
        "south": { "uv": [ 1, 4.75, 2.25, 11.75 ], "texture": "#foliage" },
        "west":  { "uv": [ 1, 5.25, 2.5, 12.75 ], "texture": "#foliage" },
        "east":  { "uv": [ 1, 5.25, 2.5, 12.75 ], "texture": "#foliage" }
    }
},
{
    "__comment": "leaf",
    "from": [ 4.56, 1.13, 11.21 ],
    "to": [ 5.07, 1.3, 11.72 ],
    "rotation": { "origin": [ 4.56, 1.3, 11.21 ], "axis": "z", "angle": 22.5 },
    "faces": {
        "down":  { "uv": [ 0.25, 1.75, 1.5, 4.75 ], "texture": "#foliage" },
        "up":    { "uv": [ 0.25, 1.75, 1.5, 4.75 ], "texture": "#foliage" },
        "north": { "uv": [ 0.5, 1.75, 1.5, 4.75 ], "texture": "#foliage" },
        "south": { "uv": [ 0.5, 1.75, 1.5, 4.75 ], "texture": "#foliage" },
        "west":  { "uv": [ 0.25, 1.75, 1.5, 4.5 ], "texture": "#foliage" },
        "east":  { "uv": [ 0.25, 1.75, 1.5, 4.5 ], "texture": "#foliage" }
    }
},
{
    "__comment": "leaf",
    "from": [ 4.9, 1.3, 11.21 ],
    "to": [ 5.24, 1.47, 11.72 ],
    "faces": {
        "down":  { "uv": [ 0.25, 1.75, 1.5, 4.75 ], "texture": "#foliage" },
        "up":    { "uv": [ 0.25, 1.75, 1.5, 4.75 ], "texture": "#foliage" },
        "north": { "uv": [ 0.5, 1.75, 1.5, 4.75 ], "texture": "#foliage" },
        "south": { "uv": [ 0.5, 1.75, 1.5, 4.75 ], "texture": "#foliage" },
        "west":  { "uv": [ 0.25, 1.75, 1.5, 4.5 ], "texture": "#foliage" },
        "east":  { "uv": [ 0.25, 1.75, 1.5, 4.5 ], "texture": "#foliage" }
    }
},
{
    "__comment": "leaf",
    "from": [ 5.24, 1.30068, 11.21 ],
    "to": [ 5.58, 1.47068, 11.55 ],
    "rotation": { "origin": [ 5.24, 1.30068, 11.21 ], "axis": "y", "angle": -45 },
    "faces": {
        "down":  { "uv": [ 0.25, 1.75, 1.5, 4.75 ], "texture": "#foliage" },
        "up":    { "uv": [ 0.25, 1.75, 1.5, 4.75 ], "texture": "#foliage" },
        "north": { "uv": [ 0.5, 1.75, 1.5, 4.75 ], "texture": "#foliage" },
        "south": { "uv": [ 0.5, 1.75, 1.5, 4.75 ], "texture": "#foliage" },
        "west":  { "uv": [ 0.25, 1.75, 1.5, 4.5 ], "texture": "#foliage" },
        "east":  { "uv": [ 0.25, 1.75, 1.5, 4.5 ], "texture": "#foliage" }
    }
},
{
    "__comment": "stem",
    "from": [ 10.8616, -0.2708, 11.448 ],
    "to": [ 11.0248, 1.3612, 11.6112 ],
    "rotation": { "origin": [ 10.8616, 1.3612, 11.448 ], "axis": "z", "angle": -22.5 },
    "faces": {
        "down":  { "uv": [ 0.5, 5.5, 1.75, 11.75 ], "texture": "#foliage" },
        "up":    { "uv": [ 0.5, 5.5, 1.75, 11.75 ], "texture": "#foliage" },
        "north": { "uv": [ 1, 4.75, 2.25, 11.75 ], "texture": "#foliage" },
        "south": { "uv": [ 1, 4.75, 2.25, 11.75 ], "texture": "#foliage" },
        "west":  { "uv": [ 1, 5.25, 2.5, 12.75 ], "texture": "#foliage" },
        "east":  { "uv": [ 1, 5.25, 2.5, 12.75 ], "texture": "#foliage" }
    }
},
{
    "__comment": "stem",
    "from": [ 10.0456, -0.5972, 11.9376 ],
    "to": [ 10.2088, 1.0348, 12.1008 ],
    "rotation": { "origin": [ 10.0456, 1.0348, 11.9376 ], "axis": "x", "angle": 22.5 },
    "faces": {
        "down":  { "uv": [ 0.5, 5.5, 1.75, 11.75 ], "texture": "#foliage" },
        "up":    { "uv": [ 0.5, 5.5, 1.75, 11.75 ], "texture": "#foliage" },
        "north": { "uv": [ 1, 4.75, 2.25, 11.75 ], "texture": "#foliage" },
        "south": { "uv": [ 1, 4.75, 2.25, 11.75 ], "texture": "#foliage" },
        "west":  { "uv": [ 1, 5.25, 2.5, 12.75 ], "texture": "#foliage" },
        "east":  { "uv": [ 1, 5.25, 2.5, 12.75 ], "texture": "#foliage" }
    }
},
{
    "__comment": "stem",
    "from": [ 4.22, -0.57, 5.585 ],
    "to": [ 4.39, 1.13, 5.755 ],
    "rotation": { "origin": [ 4.22, 1.13, 5.585 ], "axis": "x", "angle": 22.5 },
    "faces": {
        "down":  { "uv": [ 0.5, 5.5, 1.75, 11.75 ], "texture": "#foliage" },
        "up":    { "uv": [ 0.5, 5.5, 1.75, 11.75 ], "texture": "#foliage" },
        "north": { "uv": [ 1, 4.75, 2.25, 11.75 ], "texture": "#foliage" },
        "south": { "uv": [ 1, 4.75, 2.25, 11.75 ], "texture": "#foliage" },
        "west":  { "uv": [ 1, 5.25, 2.5, 12.75 ], "texture": "#foliage" },
        "east":  { "uv": [ 1, 5.25, 2.5, 12.75 ], "texture": "#foliage" }
    }
},
{
    "__comment": "stem",
    "from": [ 4.22, -0.74, 3.885 ],
    "to": [ 4.39, 1.64, 4.055 ],
    "rotation": { "origin": [ 4.22, 1.64, 3.885 ], "axis": "x", "angle": -22.5 },
    "faces": {
        "down":  { "uv": [ 0.5, 5.5, 1.75, 11.75 ], "texture": "#foliage" },
        "up":    { "uv": [ 0.5, 5.5, 1.75, 11.75 ], "texture": "#foliage" },
        "north": { "uv": [ 1, 4.75, 2.25, 11.75 ], "texture": "#foliage" },
        "south": { "uv": [ 1, 4.75, 2.25, 11.75 ], "texture": "#foliage" },
        "west":  { "uv": [ 1, 5.25, 2.5, 12.75 ], "texture": "#foliage" },
        "east":  { "uv": [ 1, 5.25, 2.5, 12.75 ], "texture": "#foliage" }
    }
},
{
    "__comment": "leaf",
    "from": [ 9.8824, 0.79, 11.6112 ],
    "to": [ 10.372, 0.9532, 12.264 ],
    "rotation": { "origin": [ 9.8824, 0.9532, 11.6112 ], "axis": "x", "angle": -22.5 },
    "faces": {
        "down":  { "uv": [ 0.25, 1.75, 1.5, 4.75 ], "texture": "#foliage" },
        "up":    { "uv": [ 0.25, 1.75, 1.5, 4.75 ], "texture": "#foliage" },
        "north": { "uv": [ 0.5, 1.75, 1.5, 4.75 ], "texture": "#foliage" },
        "south": { "uv": [ 0.5, 1.75, 1.5, 4.75 ], "texture": "#foliage" },
        "west":  { "uv": [ 0.25, 1.75, 1.5, 4.5 ], "texture": "#foliage" },
        "east":  { "uv": [ 0.25, 1.75, 1.5, 4.5 ], "texture": "#foliage" }
    }
},
{
    "__comment": "leaf",
    "from": [ 9.8824, 1.0348, 12.1824 ],
    "to": [ 10.372, 1.198, 12.5088 ],
    "faces": {
        "down":  { "uv": [ 0.25, 1.75, 1.5, 4.75 ], "texture": "#foliage" },
        "up":    { "uv": [ 0.25, 1.75, 1.5, 4.75 ], "texture": "#foliage" },
        "north": { "uv": [ 0.5, 1.75, 1.5, 4.75 ], "texture": "#foliage" },
        "south": { "uv": [ 0.5, 1.75, 1.5, 4.75 ], "texture": "#foliage" },
        "west":  { "uv": [ 0.25, 1.75, 1.5, 4.5 ], "texture": "#foliage" },
        "east":  { "uv": [ 0.25, 1.75, 1.5, 4.5 ], "texture": "#foliage" }
    }
},
{
    "__comment": "leaf",
    "from": [ 10.1272, 1.03546, 12.264 ],
    "to": [ 10.4536, 1.19866, 12.5904 ],
    "rotation": { "origin": [ 10.1272, 1.03546, 12.264 ], "axis": "y", "angle": -45 },
    "faces": {
        "down":  { "uv": [ 0.25, 1.75, 1.5, 4.75 ], "texture": "#foliage" },
        "up":    { "uv": [ 0.25, 1.75, 1.5, 4.75 ], "texture": "#foliage" },
        "north": { "uv": [ 0.5, 1.75, 1.5, 4.75 ], "texture": "#foliage" },
        "south": { "uv": [ 0.5, 1.75, 1.5, 4.75 ], "texture": "#foliage" },
        "west":  { "uv": [ 0.25, 1.75, 1.5, 4.5 ], "texture": "#foliage" },
        "east":  { "uv": [ 0.25, 1.75, 1.5, 4.5 ], "texture": "#foliage" }
    }
},
{
    "__comment": "leaf",
    "from": [ 4.05, 0.875, 5.245 ],
    "to": [ 4.56, 1.045, 5.925 ],
    "rotation": { "origin": [ 4.05, 1.045, 5.245 ], "axis": "x", "angle": -22.5 },
    "faces": {
        "down":  { "uv": [ 0.25, 1.75, 1.5, 4.75 ], "texture": "#foliage" },
        "up":    { "uv": [ 0.25, 1.75, 1.5, 4.75 ], "texture": "#foliage" },
        "north": { "uv": [ 0.5, 1.75, 1.5, 4.75 ], "texture": "#foliage" },
        "south": { "uv": [ 0.5, 1.75, 1.5, 4.75 ], "texture": "#foliage" },
        "west":  { "uv": [ 0.25, 1.75, 1.5, 4.5 ], "texture": "#foliage" },
        "east":  { "uv": [ 0.25, 1.75, 1.5, 4.5 ], "texture": "#foliage" }
    }
},
{
    "__comment": "leaf",
    "from": [ 4.05, 1.13, 5.84 ],
    "to": [ 4.56, 1.3, 6.18 ],
    "faces": {
        "down":  { "uv": [ 0.25, 1.75, 1.5, 4.75 ], "texture": "#foliage" },
        "up":    { "uv": [ 0.25, 1.75, 1.5, 4.75 ], "texture": "#foliage" },
        "north": { "uv": [ 0.5, 1.75, 1.5, 4.75 ], "texture": "#foliage" },
        "south": { "uv": [ 0.5, 1.75, 1.5, 4.75 ], "texture": "#foliage" },
        "west":  { "uv": [ 0.25, 1.75, 1.5, 4.5 ], "texture": "#foliage" },
        "east":  { "uv": [ 0.25, 1.75, 1.5, 4.5 ], "texture": "#foliage" }
    }
},
{
    "__comment": "leaf",
    "from": [ 4.305, 1.13068, 5.925 ],
    "to": [ 4.645, 1.30068, 6.265 ],
    "rotation": { "origin": [ 4.305, 1.13068, 5.925 ], "axis": "y", "angle": -45 },
    "faces": {
        "down":  { "uv": [ 0.25, 1.75, 1.5, 4.75 ], "texture": "#foliage" },
        "up":    { "uv": [ 0.25, 1.75, 1.5, 4.75 ], "texture": "#foliage" },
        "north": { "uv": [ 0.5, 1.75, 1.5, 4.75 ], "texture": "#foliage" },
        "south": { "uv": [ 0.5, 1.75, 1.5, 4.75 ], "texture": "#foliage" },
        "west":  { "uv": [ 0.25, 1.75, 1.5, 4.5 ], "texture": "#foliage" },
        "east":  { "uv": [ 0.25, 1.75, 1.5, 4.5 ], "texture": "#foliage" }
    }
},
{
    "__comment": "leaf",
    "from": [ 4.05, 1.64, 3.885 ],
    "to": [ 4.56, 1.81, 4.225 ],
    "faces": {
        "down":  { "uv": [ 0.25, 1.75, 1.5, 4.75 ], "texture": "#foliage" },
        "up":    { "uv": [ 0.25, 1.75, 1.5, 4.75 ], "texture": "#foliage" },
        "north": { "uv": [ 0.5, 1.75, 1.5, 4.75 ], "texture": "#foliage" },
        "south": { "uv": [ 0.5, 1.75, 1.5, 4.75 ], "texture": "#foliage" },
        "west":  { "uv": [ 0.25, 1.75, 1.5, 4.5 ], "texture": "#foliage" },
        "east":  { "uv": [ 0.25, 1.75, 1.5, 4.5 ], "texture": "#foliage" }
    }
},
{
    "__comment": "leaf",
    "from": [ 4.135, 1.64, 4.225 ],
    "to": [ 4.475, 1.81, 4.395 ],
    "faces": {
        "down":  { "uv": [ 0.25, 1.75, 1.5, 4.75 ], "texture": "#foliage" },
        "up":    { "uv": [ 0.25, 1.75, 1.5, 4.75 ], "texture": "#foliage" },
        "north": { "uv": [ 0.5, 1.75, 1.5, 4.75 ], "texture": "#foliage" },
        "south": { "uv": [ 0.5, 1.75, 1.5, 4.75 ], "texture": "#foliage" },
        "west":  { "uv": [ 0.25, 1.75, 1.5, 4.5 ], "texture": "#foliage" },
        "east":  { "uv": [ 0.25, 1.75, 1.5, 4.5 ], "texture": "#foliage" }
    }
},
{
    "__comment": "leaf",
    "from": [ 4.305, 1.64068, 3.63 ],
    "to": [ 4.645, 1.81068, 3.97 ],
    "rotation": { "origin": [ 4.305, 1.64068, 3.63 ], "axis": "y", "angle": -45 },
    "faces": {
        "down":  { "uv": [ 0.25, 1.75, 1.5, 4.75 ], "texture": "#foliage" },
        "up":    { "uv": [ 0.25, 1.75, 1.5, 4.75 ], "texture": "#foliage" },
        "north": { "uv": [ 0.5, 1.75, 1.5, 4.75 ], "texture": "#foliage" },
        "south": { "uv": [ 0.5, 1.75, 1.5, 4.75 ], "texture": "#foliage" },
        "west":  { "uv": [ 0.25, 1.75, 1.5, 4.5 ], "texture": "#foliage" },
        "east":  { "uv": [ 0.25, 1.75, 1.5, 4.5 ], "texture": "#foliage" }
    }
},
{
    "__comment": "leaf",
    "from": [ 10.6984, 1.3612, 11.2848 ],
    "to": [ 11.188, 1.5244, 11.7744 ],
    "faces": {
        "down":  { "uv": [ 0.25, 1.75, 1.5, 4.75 ], "texture": "#foliage" },
        "up":    { "uv": [ 0.25, 1.75, 1.5, 4.75 ], "texture": "#foliage" },
        "north": { "uv": [ 0.5, 1.75, 1.5, 4.75 ], "texture": "#foliage" },
        "south": { "uv": [ 0.5, 1.75, 1.5, 4.75 ], "texture": "#foliage" },
        "west":  { "uv": [ 0.25, 1.75, 1.5, 4.5 ], "texture": "#foliage" },
        "east":  { "uv": [ 0.25, 1.75, 1.5, 4.5 ], "texture": "#foliage" }
    }
},
{
    "__comment": "leaf",
    "from": [ 10.5352, 1.2796, 11.3664 ],
    "to": [ 10.6984, 1.4428, 11.6928 ],
    "rotation": { "origin": [ 10.5352, 1.4428, 11.3664 ], "axis": "z", "angle": 22.5 },
    "faces": {
        "down":  { "uv": [ 0.25, 1.75, 1.5, 4.75 ], "texture": "#foliage" },
        "up":    { "uv": [ 0.25, 1.75, 1.5, 4.75 ], "texture": "#foliage" },
        "north": { "uv": [ 0.5, 1.75, 1.5, 4.75 ], "texture": "#foliage" },
        "south": { "uv": [ 0.5, 1.75, 1.5, 4.75 ], "texture": "#foliage" },
        "west":  { "uv": [ 0.25, 1.75, 1.5, 4.5 ], "texture": "#foliage" },
        "east":  { "uv": [ 0.25, 1.75, 1.5, 4.5 ], "texture": "#foliage" }
    }
},
{
    "__comment": "leaf",
    "from": [ 10.9432, 1.36186, 11.5296 ],
    "to": [ 11.2696, 1.52506, 11.856 ],
    "rotation": { "origin": [ 10.9432, 1.36186, 11.5296 ], "axis": "y", "angle": 45 },
    "faces": {
        "down":  { "uv": [ 0.25, 1.75, 1.5, 4.75 ], "texture": "#foliage" },
        "up":    { "uv": [ 0.25, 1.75, 1.5, 4.75 ], "texture": "#foliage" },
        "north": { "uv": [ 0.5, 1.75, 1.5, 4.75 ], "texture": "#foliage" },
        "south": { "uv": [ 0.5, 1.75, 1.5, 4.75 ], "texture": "#foliage" },
        "west":  { "uv": [ 0.25, 1.75, 1.5, 4.5 ], "texture": "#foliage" },
        "east":  { "uv": [ 0.25, 1.75, 1.5, 4.5 ], "texture": "#foliage" }
    }
}
]
}