{
"__comment": "CoolScreenName http://www.planetminecraft.com/member/coolscreenname/",
"textures": {
    "particle": "blocks/carrots_stage_2",
    "texture": "blocks/debug",
    "farmland_wet": "blocks/farmland_wet",
    "foliage": "colormap/foliage",
    "log_oak": "blocks/log_oak"
},
"elements": [ 
{
    "__comment": "dirt",
    "from": [ 2, -1, 0 ],
    "to": [ 7, -0.5, 16 ],
    "faces": {
        "down":  { "uv": [ 14, 16, 9, 0 ], "texture": "#farmland_wet" },
        "up":    { "uv": [ 2, 0, 7, 16 ], "texture": "#farmland_wet" },
        "north": { "uv": [ 9, 15.5, 14, 16 ], "texture": "#farmland_wet" },
        "south": { "uv": [ 2, 15.5, 7, 16 ], "texture": "#farmland_wet" },
        "west":  { "uv": [ 0, 15.5, 16, 16 ], "texture": "#farmland_wet" },
        "east":  { "uv": [ 0, 15.5, 16, 16 ], "texture": "#farmland_wet" }
    }
},
{
    "__comment": "dirt",
    "from": [ 9, -1, 0 ],
    "to": [ 14, -0.5, 16 ],
    "faces": {
        "down":  { "uv": [ 7, 16, 2, 0 ], "texture": "#farmland_wet" },
        "up":    { "uv": [ 9, 0, 14, 16 ], "texture": "#farmland_wet" },
        "north": { "uv": [ 2, 15.5, 7, 16 ], "texture": "#farmland_wet" },
        "south": { "uv": [ 9, 15.5, 14, 16 ], "texture": "#farmland_wet" },
        "west":  { "uv": [ 0, 15.5, 16, 16 ], "texture": "#farmland_wet" },
        "east":  { "uv": [ 0, 15.5, 16, 16 ], "texture": "#farmland_wet" }
    }
},
{
    "__comment": "carrot",
    "from": [ 3.675, -1, 10.3375 ],
    "to": [ 5.375, -0.15, 12.0375 ],
    "faces": {
        "down":  { "uv": [ 13.25, 14.25, 13.75, 14.75 ], "texture": "#texture" },
        "up":    { "uv": [ 13.25, 14.25, 13.75, 14.75 ], "texture": "#texture" },
        "north": { "uv": [ 13.25, 14.25, 13.75, 14.75 ], "texture": "#texture" },
        "south": { "uv": [ 13.25, 14.25, 13.75, 14.75 ], "texture": "#texture" },
        "west":  { "uv": [ 13.25, 14.25, 13.75, 14.75 ], "texture": "#texture" },
        "east":  { "uv": [ 13.25, 14.25, 13.75, 14.75 ], "texture": "#texture" }
    }
},
{
    "__comment": "carrot",
    "from": [ 10.625, -1, 3.75 ],
    "to": [ 12.325, -0.15, 5.45 ],
    "faces": {
        "down":  { "uv": [ 13.25, 14.25, 13.75, 14.75 ], "texture": "#texture" },
        "up":    { "uv": [ 13.25, 14.25, 13.75, 14.75 ], "texture": "#texture" },
        "north": { "uv": [ 13.25, 14.25, 13.75, 14.75 ], "texture": "#texture" },
        "south": { "uv": [ 13.25, 14.25, 13.75, 14.75 ], "texture": "#texture" },
        "west":  { "uv": [ 13.25, 14.25, 13.75, 14.75 ], "texture": "#texture" },
        "east":  { "uv": [ 13.25, 14.25, 13.75, 14.75 ], "texture": "#texture" }
    }
},
{
    "__comment": "carrot",
    "from": [ 10.625, -1, 10.3375 ],
    "to": [ 12.325, -0.15, 12.0375 ],
    "faces": {
        "down":  { "uv": [ 13.25, 14.25, 13.75, 14.75 ], "texture": "#texture" },
        "up":    { "uv": [ 13.25, 14.25, 13.75, 14.75 ], "texture": "#texture" },
        "north": { "uv": [ 13.25, 14.25, 13.75, 14.75 ], "texture": "#texture" },
        "south": { "uv": [ 13.25, 14.25, 13.75, 14.75 ], "texture": "#texture" },
        "west":  { "uv": [ 13.25, 14.25, 13.75, 14.75 ], "texture": "#texture" },
        "east":  { "uv": [ 13.25, 14.25, 13.75, 14.75 ], "texture": "#texture" }
    }
},
{
    "__comment": "carrot",
    "from": [ 3.675, -1, 3.75 ],
    "to": [ 5.375, -0.15, 5.45 ],
    "faces": {
        "down":  { "uv": [ 13.25, 14.25, 13.75, 14.75 ], "texture": "#texture" },
        "up":    { "uv": [ 13.25, 14.25, 13.75, 14.75 ], "texture": "#texture" },
        "north": { "uv": [ 13.25, 14.25, 13.75, 14.75 ], "texture": "#texture" },
        "south": { "uv": [ 13.25, 14.25, 13.75, 14.75 ], "texture": "#texture" },
        "west":  { "uv": [ 13.25, 14.25, 13.75, 14.75 ], "texture": "#texture" },
        "east":  { "uv": [ 13.25, 14.25, 13.75, 14.75 ], "texture": "#texture" }
    }
},
{
    "__comment": "carrot",
    "from": [ 10.8375, -1, 3.5375 ],
    "to": [ 12.1125, -0.3625, 5.6625 ],
    "faces": {
        "down":  { "uv": [ 13.25, 14.25, 13.75, 14.75 ], "texture": "#texture" },
        "up":    { "uv": [ 13.25, 14.25, 13.75, 14.75 ], "texture": "#texture" },
        "north": { "uv": [ 13.25, 14.25, 13.75, 14.75 ], "texture": "#texture" },
        "south": { "uv": [ 13.25, 14.25, 13.75, 14.75 ], "texture": "#texture" },
        "west":  { "uv": [ 13.25, 14.25, 13.75, 14.75 ], "texture": "#texture" },
        "east":  { "uv": [ 13.25, 14.25, 13.75, 14.75 ], "texture": "#texture" }
    }
},
{
    "__comment": "carrot",
    "from": [ 3.8875, -1, 10.125 ],
    "to": [ 5.1625, -0.3625, 12.25 ],
    "faces": {
        "down":  { "uv": [ 13.25, 14.25, 13.75, 14.75 ], "texture": "#texture" },
        "up":    { "uv": [ 13.25, 14.25, 13.75, 14.75 ], "texture": "#texture" },
        "north": { "uv": [ 13.25, 14.25, 13.75, 14.75 ], "texture": "#texture" },
        "south": { "uv": [ 13.25, 14.25, 13.75, 14.75 ], "texture": "#texture" },
        "west":  { "uv": [ 13.25, 14.25, 13.75, 14.75 ], "texture": "#texture" },
        "east":  { "uv": [ 13.25, 14.25, 13.75, 14.75 ], "texture": "#texture" }
    }
},
{
    "__comment": "carrot",
    "from": [ 10.8375, -1, 10.125 ],
    "to": [ 12.1125, -0.3625, 12.25 ],
    "faces": {
        "down":  { "uv": [ 13.25, 14.25, 13.75, 14.75 ], "texture": "#texture" },
        "up":    { "uv": [ 13.25, 14.25, 13.75, 14.75 ], "texture": "#texture" },
        "north": { "uv": [ 13.25, 14.25, 13.75, 14.75 ], "texture": "#texture" },
        "south": { "uv": [ 13.25, 14.25, 13.75, 14.75 ], "texture": "#texture" },
        "west":  { "uv": [ 13.25, 14.25, 13.75, 14.75 ], "texture": "#texture" },
        "east":  { "uv": [ 13.25, 14.25, 13.75, 14.75 ], "texture": "#texture" }
    }
},
{
    "__comment": "carrot",
    "from": [ 3.8875, -1, 3.5375 ],
    "to": [ 5.1625, -0.3625, 5.6625 ],
    "faces": {
        "down":  { "uv": [ 13.25, 14.25, 13.75, 14.75 ], "texture": "#texture" },
        "up":    { "uv": [ 13.25, 14.25, 13.75, 14.75 ], "texture": "#texture" },
        "north": { "uv": [ 13.25, 14.25, 13.75, 14.75 ], "texture": "#texture" },
        "south": { "uv": [ 13.25, 14.25, 13.75, 14.75 ], "texture": "#texture" },
        "west":  { "uv": [ 13.25, 14.25, 13.75, 14.75 ], "texture": "#texture" },
        "east":  { "uv": [ 13.25, 14.25, 13.75, 14.75 ], "texture": "#texture" }
    }
},
{
    "__comment": "carrot",
    "from": [ 3.4625, -1, 10.55 ],
    "to": [ 5.5875, -0.3625, 11.825 ],
    "faces": {
        "down":  { "uv": [ 13.25, 14.25, 13.75, 14.75 ], "texture": "#texture" },
        "up":    { "uv": [ 13.25, 14.25, 13.75, 14.75 ], "texture": "#texture" },
        "north": { "uv": [ 13.25, 14.25, 13.75, 14.75 ], "texture": "#texture" },
        "south": { "uv": [ 13.25, 14.25, 13.75, 14.75 ], "texture": "#texture" },
        "west":  { "uv": [ 13.25, 14.25, 13.75, 14.75 ], "texture": "#texture" },
        "east":  { "uv": [ 13.25, 14.25, 13.75, 14.75 ], "texture": "#texture" }
    }
},
{
    "__comment": "carrot",
    "from": [ 10.4125, -1, 3.9625 ],
    "to": [ 12.5375, -0.3625, 5.2375 ],
    "faces": {
        "down":  { "uv": [ 13.25, 14.25, 13.75, 14.75 ], "texture": "#texture" },
        "up":    { "uv": [ 13.25, 14.25, 13.75, 14.75 ], "texture": "#texture" },
        "north": { "uv": [ 13.25, 14.25, 13.75, 14.75 ], "texture": "#texture" },
        "south": { "uv": [ 13.25, 14.25, 13.75, 14.75 ], "texture": "#texture" },
        "west":  { "uv": [ 13.25, 14.25, 13.75, 14.75 ], "texture": "#texture" },
        "east":  { "uv": [ 13.25, 14.25, 13.75, 14.75 ], "texture": "#texture" }
    }
},
{
    "__comment": "carrot",
    "from": [ 10.4125, -1, 10.55 ],
    "to": [ 12.5375, -0.3625, 11.825 ],
    "faces": {
        "down":  { "uv": [ 13.25, 14.25, 13.75, 14.75 ], "texture": "#texture" },
        "up":    { "uv": [ 13.25, 14.25, 13.75, 14.75 ], "texture": "#texture" },
        "north": { "uv": [ 13.25, 14.25, 13.75, 14.75 ], "texture": "#texture" },
        "south": { "uv": [ 13.25, 14.25, 13.75, 14.75 ], "texture": "#texture" },
        "west":  { "uv": [ 13.25, 14.25, 13.75, 14.75 ], "texture": "#texture" },
        "east":  { "uv": [ 13.25, 14.25, 13.75, 14.75 ], "texture": "#texture" }
    }
},
{
    "__comment": "carrot",
    "from": [ 3.4625, -1, 3.9625 ],
    "to": [ 5.5875, -0.3625, 5.2375 ],
    "faces": {
        "down":  { "uv": [ 13.25, 14.25, 13.75, 14.75 ], "texture": "#texture" },
        "up":    { "uv": [ 13.25, 14.25, 13.75, 14.75 ], "texture": "#texture" },
        "north": { "uv": [ 13.25, 14.25, 13.75, 14.75 ], "texture": "#texture" },
        "south": { "uv": [ 13.25, 14.25, 13.75, 14.75 ], "texture": "#texture" },
        "west":  { "uv": [ 13.25, 14.25, 13.75, 14.75 ], "texture": "#texture" },
        "east":  { "uv": [ 13.25, 14.25, 13.75, 14.75 ], "texture": "#texture" }
    }
},
{
    "__comment": "carrot",
    "from": [ 3.8875, -0.15, 10.55 ],
    "to": [ 5.1625, 0.0625, 11.825 ],
    "faces": {
        "down":  { "uv": [ 13.25, 14.25, 13.75, 14.75 ], "texture": "#texture" },
        "up":    { "uv": [ 13.25, 14.25, 13.75, 14.75 ], "texture": "#texture" },
        "north": { "uv": [ 13.25, 14.25, 13.75, 14.75 ], "texture": "#texture" },
        "south": { "uv": [ 13.25, 14.25, 13.75, 14.75 ], "texture": "#texture" },
        "west":  { "uv": [ 13.25, 14.25, 13.75, 14.75 ], "texture": "#texture" },
        "east":  { "uv": [ 13.25, 14.25, 13.75, 14.75 ], "texture": "#texture" }
    }
},
{
    "__comment": "carrot",
    "from": [ 10.8375, -0.15, 3.9625 ],
    "to": [ 12.1125, 0.0625, 5.2375 ],
    "faces": {
        "down":  { "uv": [ 13.25, 14.25, 13.75, 14.75 ], "texture": "#texture" },
        "up":    { "uv": [ 13.25, 14.25, 13.75, 14.75 ], "texture": "#texture" },
        "north": { "uv": [ 13.25, 14.25, 13.75, 14.75 ], "texture": "#texture" },
        "south": { "uv": [ 13.25, 14.25, 13.75, 14.75 ], "texture": "#texture" },
        "west":  { "uv": [ 13.25, 14.25, 13.75, 14.75 ], "texture": "#texture" },
        "east":  { "uv": [ 13.25, 14.25, 13.75, 14.75 ], "texture": "#texture" }
    }
},
{
    "__comment": "carrot",
    "from": [ 10.8375, -0.15, 10.55 ],
    "to": [ 12.1125, 0.0625, 11.825 ],
    "faces": {
        "down":  { "uv": [ 13.25, 14.25, 13.75, 14.75 ], "texture": "#texture" },
        "up":    { "uv": [ 13.25, 14.25, 13.75, 14.75 ], "texture": "#texture" },
        "north": { "uv": [ 13.25, 14.25, 13.75, 14.75 ], "texture": "#texture" },
        "south": { "uv": [ 13.25, 14.25, 13.75, 14.75 ], "texture": "#texture" },
        "west":  { "uv": [ 13.25, 14.25, 13.75, 14.75 ], "texture": "#texture" },
        "east":  { "uv": [ 13.25, 14.25, 13.75, 14.75 ], "texture": "#texture" }
    }
},
{
    "__comment": "carrot",
    "from": [ 3.8875, -0.15, 3.9625 ],
    "to": [ 5.1625, 0.0625, 5.2375 ],
    "faces": {
        "down":  { "uv": [ 13.25, 14.25, 13.75, 14.75 ], "texture": "#texture" },
        "up":    { "uv": [ 13.25, 14.25, 13.75, 14.75 ], "texture": "#texture" },
        "north": { "uv": [ 13.25, 14.25, 13.75, 14.75 ], "texture": "#texture" },
        "south": { "uv": [ 13.25, 14.25, 13.75, 14.75 ], "texture": "#texture" },
        "west":  { "uv": [ 13.25, 14.25, 13.75, 14.75 ], "texture": "#texture" },
        "east":  { "uv": [ 13.25, 14.25, 13.75, 14.75 ], "texture": "#texture" }
    }
},
{
    "__comment": "carrot top",
    "from": [ 4.20625, 0.0625, 4.28125 ],
    "to": [ 4.84375, 0.4875, 4.91875 ],
    "faces": {
        "down":  { "uv": [ 11.875, 4.375, 11.125, 3.625 ], "texture": "#log_oak" },
        "up":    { "uv": [ 4.125, 3.625, 4.875, 4.375 ], "texture": "#log_oak" },
        "north": { "uv": [ 11.125, 13.25, 11.875, 13.75 ], "texture": "#log_oak" },
        "south": { "uv": [ 4.125, 13.25, 4.875, 13.75 ], "texture": "#log_oak" },
        "west":  { "uv": [ 3.625, 13.25, 4.375, 13.75 ], "texture": "#log_oak" },
        "east":  { "uv": [ 11.625, 13.25, 12.375, 13.75 ], "texture": "#log_oak" }
    }
},
{
    "__comment": "carrot top",
    "from": [ 11.1563, 0.0625, 10.8688 ],
    "to": [ 11.7937, 0.4875, 11.5063 ],
    "faces": {
        "down":  { "uv": [ 4.875, 12.125, 4.125, 11.375 ], "texture": "#log_oak" },
        "up":    { "uv": [ 11.125, 11.375, 11.875, 12.125 ], "texture": "#log_oak" },
        "north": { "uv": [ 4.125, 13.25, 4.875, 13.75 ], "texture": "#log_oak" },
        "south": { "uv": [ 11.125, 13.25, 11.875, 13.75 ], "texture": "#log_oak" },
        "west":  { "uv": [ 11.375, 13.25, 12.125, 13.75 ], "texture": "#log_oak" },
        "east":  { "uv": [ 3.875, 13.25, 4.625, 13.75 ], "texture": "#log_oak" }
    }
},
{
    "__comment": "carrot top",
    "from": [ 4.20625, 0.0625, 10.8688 ],
    "to": [ 4.84375, 0.4875, 11.5063 ],
    "faces": {
        "down":  { "uv": [ 11.875, 12.125, 11.125, 11.375 ], "texture": "#log_oak" },
        "up":    { "uv": [ 4.125, 11.375, 4.875, 12.125 ], "texture": "#log_oak" },
        "north": { "uv": [ 11.125, 13.25, 11.875, 13.75 ], "texture": "#log_oak" },
        "south": { "uv": [ 4.125, 13.25, 4.875, 13.75 ], "texture": "#log_oak" },
        "west":  { "uv": [ 11.375, 13.25, 12.125, 13.75 ], "texture": "#log_oak" },
        "east":  { "uv": [ 3.875, 13.25, 4.625, 13.75 ], "texture": "#log_oak" }
    }
},
{
    "__comment": "carrot top",
    "from": [ 11.1563, 0.0625, 4.28125 ],
    "to": [ 11.7937, 0.4875, 4.91875 ],
    "faces": {
        "down":  { "uv": [ 4.875, 4.375, 4.125, 3.625 ], "texture": "#log_oak" },
        "up":    { "uv": [ 11.125, 3.625, 11.875, 4.375 ], "texture": "#log_oak" },
        "north": { "uv": [ 4.125, 13.25, 4.875, 13.75 ], "texture": "#log_oak" },
        "south": { "uv": [ 11.125, 13.25, 11.875, 13.75 ], "texture": "#log_oak" },
        "west":  { "uv": [ 3.625, 13.25, 4.375, 13.75 ], "texture": "#log_oak" },
        "east":  { "uv": [ 11.625, 13.25, 12.375, 13.75 ], "texture": "#log_oak" }
    }
},
{
    "__comment": "stem",
    "from": [ 11.2625, 0.0625, 5.6625 ],
    "to": [ 11.475, 3.0375, 5.875 ],
    "rotation": { "origin": [ 11.2625, 3.0375, 5.6625 ], "axis": "x", "angle": 22.5 },
    "faces": {
        "down":  { "uv": [ 0.5, 5.5, 1.75, 11.75 ], "texture": "#foliage" },
        "up":    { "uv": [ 0.5, 5.5, 1.75, 11.75 ], "texture": "#foliage" },
        "north": { "uv": [ 1, 4.75, 2.25, 11.75 ], "texture": "#foliage" },
        "south": { "uv": [ 1, 4.75, 2.25, 11.75 ], "texture": "#foliage" },
        "west":  { "uv": [ 1, 5.25, 2.5, 12.75 ], "texture": "#foliage" },
        "east":  { "uv": [ 1, 5.25, 2.5, 12.75 ], "texture": "#foliage" }
    }
},
{
    "__comment": "stem",
    "from": [ 3.4625, -0.15, 11.1875 ],
    "to": [ 3.675, 2.1875, 11.4 ],
    "rotation": { "origin": [ 3.4625, 2.1875, 11.1875 ], "axis": "z", "angle": 22.5 },
    "faces": {
        "down":  { "uv": [ 0.5, 5.5, 1.75, 11.75 ], "texture": "#foliage" },
        "up":    { "uv": [ 0.5, 5.5, 1.75, 11.75 ], "texture": "#foliage" },
        "north": { "uv": [ 1, 4.75, 2.25, 11.75 ], "texture": "#foliage" },
        "south": { "uv": [ 1, 4.75, 2.25, 11.75 ], "texture": "#foliage" },
        "west":  { "uv": [ 1, 5.25, 2.5, 12.75 ], "texture": "#foliage" },
        "east":  { "uv": [ 1, 5.25, 2.5, 12.75 ], "texture": "#foliage" }
    }
},
{
    "__comment": "leaf",
    "from": [ 11.05, 3.0375, 5.45 ],
    "to": [ 11.6875, 3.25, 6.3 ],
    "faces": {
        "down":  { "uv": [ 0.25, 1.75, 1.5, 4.75 ], "texture": "#foliage" },
        "up":    { "uv": [ 0.25, 1.75, 1.5, 4.75 ], "texture": "#foliage" },
        "north": { "uv": [ 0.5, 1.75, 1.5, 4.75 ], "texture": "#foliage" },
        "south": { "uv": [ 0.5, 1.75, 1.5, 4.75 ], "texture": "#foliage" },
        "west":  { "uv": [ 0.25, 1.75, 1.5, 4.5 ], "texture": "#foliage" },
        "east":  { "uv": [ 0.25, 1.75, 1.5, 4.5 ], "texture": "#foliage" }
    }
},
{
    "__comment": "leaf",
    "from": [ 3.0375, 2.1875, 10.975 ],
    "to": [ 3.675, 2.4, 11.6125 ],
    "faces": {
        "down":  { "uv": [ 0.25, 1.75, 1.5, 4.75 ], "texture": "#foliage" },
        "up":    { "uv": [ 0.25, 1.75, 1.5, 4.75 ], "texture": "#foliage" },
        "north": { "uv": [ 0.5, 1.75, 1.5, 4.75 ], "texture": "#foliage" },
        "south": { "uv": [ 0.5, 1.75, 1.5, 4.75 ], "texture": "#foliage" },
        "west":  { "uv": [ 0.25, 1.75, 1.5, 4.5 ], "texture": "#foliage" },
        "east":  { "uv": [ 0.25, 1.75, 1.5, 4.5 ], "texture": "#foliage" }
    }
},
{
    "__comment": "leaf",
    "from": [ 3.0375, 2.18835, 10.975 ],
    "to": [ 3.4625, 2.40085, 11.4 ],
    "rotation": { "origin": [ 3.0375, 2.18835, 10.975 ], "axis": "y", "angle": -45 },
    "faces": {
        "down":  { "uv": [ 0.25, 1.75, 1.5, 4.75 ], "texture": "#foliage" },
        "up":    { "uv": [ 0.25, 1.75, 1.5, 4.75 ], "texture": "#foliage" },
        "north": { "uv": [ 0.5, 1.75, 1.5, 4.75 ], "texture": "#foliage" },
        "south": { "uv": [ 0.5, 1.75, 1.5, 4.75 ], "texture": "#foliage" },
        "west":  { "uv": [ 0.25, 1.75, 1.5, 4.5 ], "texture": "#foliage" },
        "east":  { "uv": [ 0.25, 1.75, 1.5, 4.5 ], "texture": "#foliage" }
    }
},
{
    "__comment": "leaf",
    "from": [ 11.3688, 3.03835, 5.98125 ],
    "to": [ 11.7938, 3.25085, 6.40625 ],
    "rotation": { "origin": [ 11.3688, 3.03835, 5.98125 ], "axis": "y", "angle": -45 },
    "faces": {
        "down":  { "uv": [ 0.25, 1.75, 1.5, 4.75 ], "texture": "#foliage" },
        "up":    { "uv": [ 0.25, 1.75, 1.5, 4.75 ], "texture": "#foliage" },
        "north": { "uv": [ 0.5, 1.75, 1.5, 4.75 ], "texture": "#foliage" },
        "south": { "uv": [ 0.5, 1.75, 1.5, 4.75 ], "texture": "#foliage" },
        "west":  { "uv": [ 0.25, 1.75, 1.5, 4.5 ], "texture": "#foliage" },
        "east":  { "uv": [ 0.25, 1.75, 1.5, 4.5 ], "texture": "#foliage" }
    }
},
{
    "__comment": "leaf",
    "from": [ 11.1563, 3.0375, 5.2375 ],
    "to": [ 11.5813, 3.25, 5.45 ],
    "faces": {
        "down":  { "uv": [ 0.25, 1.75, 1.5, 4.75 ], "texture": "#foliage" },
        "up":    { "uv": [ 0.25, 1.75, 1.5, 4.75 ], "texture": "#foliage" },
        "north": { "uv": [ 0.5, 1.75, 1.5, 4.75 ], "texture": "#foliage" },
        "south": { "uv": [ 0.5, 1.75, 1.5, 4.75 ], "texture": "#foliage" },
        "west":  { "uv": [ 0.25, 1.75, 1.5, 4.5 ], "texture": "#foliage" },
        "east":  { "uv": [ 0.25, 1.75, 1.5, 4.5 ], "texture": "#foliage" }
    }
},
{
    "__comment": "leaf",
    "from": [ 3.675, 2.1875, 11.0813 ],
    "to": [ 3.8875, 2.4, 11.5063 ],
    "faces": {
        "down":  { "uv": [ 0.25, 1.75, 1.5, 4.75 ], "texture": "#foliage" },
        "up":    { "uv": [ 0.25, 1.75, 1.5, 4.75 ], "texture": "#foliage" },
        "north": { "uv": [ 0.5, 1.75, 1.5, 4.75 ], "texture": "#foliage" },
        "south": { "uv": [ 0.5, 1.75, 1.5, 4.75 ], "texture": "#foliage" },
        "west":  { "uv": [ 0.25, 1.75, 1.5, 4.5 ], "texture": "#foliage" },
        "east":  { "uv": [ 0.25, 1.75, 1.5, 4.5 ], "texture": "#foliage" }
    }
},
{
    "__comment": "stem",
    "from": [ 10.4125, -0.15, 4.6 ],
    "to": [ 10.625, 2.1875, 4.8125 ],
    "rotation": { "origin": [ 10.4125, 2.1875, 4.6 ], "axis": "z", "angle": 22.5 },
    "faces": {
        "down":  { "uv": [ 0.5, 5.5, 1.75, 11.75 ], "texture": "#foliage" },
        "up":    { "uv": [ 0.5, 5.5, 1.75, 11.75 ], "texture": "#foliage" },
        "north": { "uv": [ 1, 4.75, 2.25, 11.75 ], "texture": "#foliage" },
        "south": { "uv": [ 1, 4.75, 2.25, 11.75 ], "texture": "#foliage" },
        "west":  { "uv": [ 1, 5.25, 2.5, 12.75 ], "texture": "#foliage" },
        "east":  { "uv": [ 1, 5.25, 2.5, 12.75 ], "texture": "#foliage" }
    }
},
{
    "__comment": "leaf",
    "from": [ 9.9875, 2.1875, 4.3875 ],
    "to": [ 10.625, 2.4, 5.025 ],
    "faces": {
        "down":  { "uv": [ 0.25, 1.75, 1.5, 4.75 ], "texture": "#foliage" },
        "up":    { "uv": [ 0.25, 1.75, 1.5, 4.75 ], "texture": "#foliage" },
        "north": { "uv": [ 0.5, 1.75, 1.5, 4.75 ], "texture": "#foliage" },
        "south": { "uv": [ 0.5, 1.75, 1.5, 4.75 ], "texture": "#foliage" },
        "west":  { "uv": [ 0.25, 1.75, 1.5, 4.5 ], "texture": "#foliage" },
        "east":  { "uv": [ 0.25, 1.75, 1.5, 4.5 ], "texture": "#foliage" }
    }
},
{
    "__comment": "leaf",
    "from": [ 9.9875, 2.18835, 4.3875 ],
    "to": [ 10.4125, 2.40085, 4.8125 ],
    "rotation": { "origin": [ 9.9875, 2.18835, 4.3875 ], "axis": "y", "angle": -45 },
    "faces": {
        "down":  { "uv": [ 0.25, 1.75, 1.5, 4.75 ], "texture": "#foliage" },
        "up":    { "uv": [ 0.25, 1.75, 1.5, 4.75 ], "texture": "#foliage" },
        "north": { "uv": [ 0.5, 1.75, 1.5, 4.75 ], "texture": "#foliage" },
        "south": { "uv": [ 0.5, 1.75, 1.5, 4.75 ], "texture": "#foliage" },
        "west":  { "uv": [ 0.25, 1.75, 1.5, 4.5 ], "texture": "#foliage" },
        "east":  { "uv": [ 0.25, 1.75, 1.5, 4.5 ], "texture": "#foliage" }
    }
},
{
    "__comment": "leaf",
    "from": [ 10.625, 2.1875, 4.49375 ],
    "to": [ 10.8375, 2.4, 4.91875 ],
    "faces": {
        "down":  { "uv": [ 0.25, 1.75, 1.5, 4.75 ], "texture": "#foliage" },
        "up":    { "uv": [ 0.25, 1.75, 1.5, 4.75 ], "texture": "#foliage" },
        "north": { "uv": [ 0.5, 1.75, 1.5, 4.75 ], "texture": "#foliage" },
        "south": { "uv": [ 0.5, 1.75, 1.5, 4.75 ], "texture": "#foliage" },
        "west":  { "uv": [ 0.25, 1.75, 1.5, 4.5 ], "texture": "#foliage" },
        "east":  { "uv": [ 0.25, 1.75, 1.5, 4.5 ], "texture": "#foliage" }
    }
},
{
    "__comment": "stem",
    "from": [ 5.375, -0.15, 10.975 ],
    "to": [ 5.5875, 2.1875, 11.1875 ],
    "rotation": { "origin": [ 5.375, 2.1875, 10.975 ], "axis": "z", "angle": -22.5 },
    "faces": {
        "down":  { "uv": [ 0.5, 5.5, 1.75, 11.75 ], "texture": "#foliage" },
        "up":    { "uv": [ 0.5, 5.5, 1.75, 11.75 ], "texture": "#foliage" },
        "north": { "uv": [ 1, 4.75, 2.25, 11.75 ], "texture": "#foliage" },
        "south": { "uv": [ 1, 4.75, 2.25, 11.75 ], "texture": "#foliage" },
        "west":  { "uv": [ 1, 5.25, 2.5, 12.75 ], "texture": "#foliage" },
        "east":  { "uv": [ 1, 5.25, 2.5, 12.75 ], "texture": "#foliage" }
    }
},
{
    "__comment": "leaf",
    "from": [ 4.95, 1.975, 10.7625 ],
    "to": [ 5.5875, 2.1875, 11.4 ],
    "rotation": { "origin": [ 4.95, 2.1875, 10.7625 ], "axis": "z", "angle": 22.5 },
    "faces": {
        "down":  { "uv": [ 0.25, 1.75, 1.5, 4.75 ], "texture": "#foliage" },
        "up":    { "uv": [ 0.25, 1.75, 1.5, 4.75 ], "texture": "#foliage" },
        "north": { "uv": [ 0.5, 1.75, 1.5, 4.75 ], "texture": "#foliage" },
        "south": { "uv": [ 0.5, 1.75, 1.5, 4.75 ], "texture": "#foliage" },
        "west":  { "uv": [ 0.25, 1.75, 1.5, 4.5 ], "texture": "#foliage" },
        "east":  { "uv": [ 0.25, 1.75, 1.5, 4.5 ], "texture": "#foliage" }
    }
},
{
    "__comment": "leaf",
    "from": [ 5.375, 2.1875, 10.7625 ],
    "to": [ 5.8, 2.4, 11.4 ],
    "faces": {
        "down":  { "uv": [ 0.25, 1.75, 1.5, 4.75 ], "texture": "#foliage" },
        "up":    { "uv": [ 0.25, 1.75, 1.5, 4.75 ], "texture": "#foliage" },
        "north": { "uv": [ 0.5, 1.75, 1.5, 4.75 ], "texture": "#foliage" },
        "south": { "uv": [ 0.5, 1.75, 1.5, 4.75 ], "texture": "#foliage" },
        "west":  { "uv": [ 0.25, 1.75, 1.5, 4.5 ], "texture": "#foliage" },
        "east":  { "uv": [ 0.25, 1.75, 1.5, 4.5 ], "texture": "#foliage" }
    }
},
{
    "__comment": "leaf",
    "from": [ 5.8, 2.18835, 10.7625 ],
    "to": [ 6.225, 2.40085, 11.1875 ],
    "rotation": { "origin": [ 5.8, 2.18835, 10.7625 ], "axis": "y", "angle": -45 },
    "faces": {
        "down":  { "uv": [ 0.25, 1.75, 1.5, 4.75 ], "texture": "#foliage" },
        "up":    { "uv": [ 0.25, 1.75, 1.5, 4.75 ], "texture": "#foliage" },
        "north": { "uv": [ 0.5, 1.75, 1.5, 4.75 ], "texture": "#foliage" },
        "south": { "uv": [ 0.5, 1.75, 1.5, 4.75 ], "texture": "#foliage" },
        "west":  { "uv": [ 0.25, 1.75, 1.5, 4.5 ], "texture": "#foliage" },
        "east":  { "uv": [ 0.25, 1.75, 1.5, 4.5 ], "texture": "#foliage" }
    }
},
{
    "__comment": "stem",
    "from": [ 12.325, 0.275, 11.1875 ],
    "to": [ 12.5375, 2.4, 11.4 ],
    "rotation": { "origin": [ 12.325, 2.4, 11.1875 ], "axis": "z", "angle": -22.5 },
    "faces": {
        "down":  { "uv": [ 0.5, 5.5, 1.75, 11.75 ], "texture": "#foliage" },
        "up":    { "uv": [ 0.5, 5.5, 1.75, 11.75 ], "texture": "#foliage" },
        "north": { "uv": [ 1, 4.75, 2.25, 11.75 ], "texture": "#foliage" },
        "south": { "uv": [ 1, 4.75, 2.25, 11.75 ], "texture": "#foliage" },
        "west":  { "uv": [ 1, 5.25, 2.5, 12.75 ], "texture": "#foliage" },
        "east":  { "uv": [ 1, 5.25, 2.5, 12.75 ], "texture": "#foliage" }
    }
},
{
    "__comment": "stem",
    "from": [ 11.2625, -0.15, 11.825 ],
    "to": [ 11.475, 1.975, 12.0375 ],
    "rotation": { "origin": [ 11.2625, 1.975, 11.825 ], "axis": "x", "angle": 22.5 },
    "faces": {
        "down":  { "uv": [ 0.5, 5.5, 1.75, 11.75 ], "texture": "#foliage" },
        "up":    { "uv": [ 0.5, 5.5, 1.75, 11.75 ], "texture": "#foliage" },
        "north": { "uv": [ 1, 4.75, 2.25, 11.75 ], "texture": "#foliage" },
        "south": { "uv": [ 1, 4.75, 2.25, 11.75 ], "texture": "#foliage" },
        "west":  { "uv": [ 1, 5.25, 2.5, 12.75 ], "texture": "#foliage" },
        "east":  { "uv": [ 1, 5.25, 2.5, 12.75 ], "texture": "#foliage" }
    }
},
{
    "__comment": "stem",
    "from": [ 4.525, -0.15, 5.45 ],
    "to": [ 4.7375, 1.975, 5.6625 ],
    "rotation": { "origin": [ 4.525, 1.975, 5.45 ], "axis": "x", "angle": 22.5 },
    "faces": {
        "down":  { "uv": [ 0.5, 5.5, 1.75, 11.75 ], "texture": "#foliage" },
        "up":    { "uv": [ 0.5, 5.5, 1.75, 11.75 ], "texture": "#foliage" },
        "north": { "uv": [ 1, 4.75, 2.25, 11.75 ], "texture": "#foliage" },
        "south": { "uv": [ 1, 4.75, 2.25, 11.75 ], "texture": "#foliage" },
        "west":  { "uv": [ 1, 5.25, 2.5, 12.75 ], "texture": "#foliage" },
        "east":  { "uv": [ 1, 5.25, 2.5, 12.75 ], "texture": "#foliage" }
    }
},
{
    "__comment": "stem",
    "from": [ 4.525, -0.3625, 3.325 ],
    "to": [ 4.7375, 2.6125, 3.5375 ],
    "rotation": { "origin": [ 4.525, 2.6125, 3.325 ], "axis": "x", "angle": -22.5 },
    "faces": {
        "down":  { "uv": [ 0.5, 5.5, 1.75, 11.75 ], "texture": "#foliage" },
        "up":    { "uv": [ 0.5, 5.5, 1.75, 11.75 ], "texture": "#foliage" },
        "north": { "uv": [ 1, 4.75, 2.25, 11.75 ], "texture": "#foliage" },
        "south": { "uv": [ 1, 4.75, 2.25, 11.75 ], "texture": "#foliage" },
        "west":  { "uv": [ 1, 5.25, 2.5, 12.75 ], "texture": "#foliage" },
        "east":  { "uv": [ 1, 5.25, 2.5, 12.75 ], "texture": "#foliage" }
    }
},
{
    "__comment": "leaf",
    "from": [ 11.05, 1.65625, 11.4 ],
    "to": [ 11.6875, 1.86875, 12.25 ],
    "rotation": { "origin": [ 11.05, 1.86875, 11.4 ], "axis": "x", "angle": -22.5 },
    "faces": {
        "down":  { "uv": [ 0.25, 1.75, 1.5, 4.75 ], "texture": "#foliage" },
        "up":    { "uv": [ 0.25, 1.75, 1.5, 4.75 ], "texture": "#foliage" },
        "north": { "uv": [ 0.5, 1.75, 1.5, 4.75 ], "texture": "#foliage" },
        "south": { "uv": [ 0.5, 1.75, 1.5, 4.75 ], "texture": "#foliage" },
        "west":  { "uv": [ 0.25, 1.75, 1.5, 4.5 ], "texture": "#foliage" },
        "east":  { "uv": [ 0.25, 1.75, 1.5, 4.5 ], "texture": "#foliage" }
    }
},
{
    "__comment": "leaf",
    "from": [ 11.05, 1.975, 12.1438 ],
    "to": [ 11.6875, 2.1875, 12.5688 ],
    "faces": {
        "down":  { "uv": [ 0.25, 1.75, 1.5, 4.75 ], "texture": "#foliage" },
        "up":    { "uv": [ 0.25, 1.75, 1.5, 4.75 ], "texture": "#foliage" },
        "north": { "uv": [ 0.5, 1.75, 1.5, 4.75 ], "texture": "#foliage" },
        "south": { "uv": [ 0.5, 1.75, 1.5, 4.75 ], "texture": "#foliage" },
        "west":  { "uv": [ 0.25, 1.75, 1.5, 4.5 ], "texture": "#foliage" },
        "east":  { "uv": [ 0.25, 1.75, 1.5, 4.5 ], "texture": "#foliage" }
    }
},
{
    "__comment": "leaf",
    "from": [ 11.3688, 1.97585, 12.25 ],
    "to": [ 11.7938, 2.18835, 12.675 ],
    "rotation": { "origin": [ 11.3688, 1.97585, 12.25 ], "axis": "y", "angle": -45 },
    "faces": {
        "down":  { "uv": [ 0.25, 1.75, 1.5, 4.75 ], "texture": "#foliage" },
        "up":    { "uv": [ 0.25, 1.75, 1.5, 4.75 ], "texture": "#foliage" },
        "north": { "uv": [ 0.5, 1.75, 1.5, 4.75 ], "texture": "#foliage" },
        "south": { "uv": [ 0.5, 1.75, 1.5, 4.75 ], "texture": "#foliage" },
        "west":  { "uv": [ 0.25, 1.75, 1.5, 4.5 ], "texture": "#foliage" },
        "east":  { "uv": [ 0.25, 1.75, 1.5, 4.5 ], "texture": "#foliage" }
    }
},
{
    "__comment": "leaf",
    "from": [ 4.3125, 1.65625, 5.025 ],
    "to": [ 4.95, 1.86875, 5.875 ],
    "rotation": { "origin": [ 4.3125, 1.86875, 5.025 ], "axis": "x", "angle": -22.5 },
    "faces": {
        "down":  { "uv": [ 0.25, 1.75, 1.5, 4.75 ], "texture": "#foliage" },
        "up":    { "uv": [ 0.25, 1.75, 1.5, 4.75 ], "texture": "#foliage" },
        "north": { "uv": [ 0.5, 1.75, 1.5, 4.75 ], "texture": "#foliage" },
        "south": { "uv": [ 0.5, 1.75, 1.5, 4.75 ], "texture": "#foliage" },
        "west":  { "uv": [ 0.25, 1.75, 1.5, 4.5 ], "texture": "#foliage" },
        "east":  { "uv": [ 0.25, 1.75, 1.5, 4.5 ], "texture": "#foliage" }
    }
},
{
    "__comment": "leaf",
    "from": [ 4.3125, 1.975, 5.76875 ],
    "to": [ 4.95, 2.1875, 6.19375 ],
    "faces": {
        "down":  { "uv": [ 0.25, 1.75, 1.5, 4.75 ], "texture": "#foliage" },
        "up":    { "uv": [ 0.25, 1.75, 1.5, 4.75 ], "texture": "#foliage" },
        "north": { "uv": [ 0.5, 1.75, 1.5, 4.75 ], "texture": "#foliage" },
        "south": { "uv": [ 0.5, 1.75, 1.5, 4.75 ], "texture": "#foliage" },
        "west":  { "uv": [ 0.25, 1.75, 1.5, 4.5 ], "texture": "#foliage" },
        "east":  { "uv": [ 0.25, 1.75, 1.5, 4.5 ], "texture": "#foliage" }
    }
},
{
    "__comment": "leaf",
    "from": [ 4.63125, 1.97585, 5.875 ],
    "to": [ 5.05625, 2.18835, 6.3 ],
    "rotation": { "origin": [ 4.63125, 1.97585, 5.875 ], "axis": "y", "angle": -45 },
    "faces": {
        "down":  { "uv": [ 0.25, 1.75, 1.5, 4.75 ], "texture": "#foliage" },
        "up":    { "uv": [ 0.25, 1.75, 1.5, 4.75 ], "texture": "#foliage" },
        "north": { "uv": [ 0.5, 1.75, 1.5, 4.75 ], "texture": "#foliage" },
        "south": { "uv": [ 0.5, 1.75, 1.5, 4.75 ], "texture": "#foliage" },
        "west":  { "uv": [ 0.25, 1.75, 1.5, 4.5 ], "texture": "#foliage" },
        "east":  { "uv": [ 0.25, 1.75, 1.5, 4.5 ], "texture": "#foliage" }
    }
},
{
    "__comment": "leaf",
    "from": [ 4.3125, 2.6125, 3.325 ],
    "to": [ 4.95, 2.825, 3.75 ],
    "faces": {
        "down":  { "uv": [ 0.25, 1.75, 1.5, 4.75 ], "texture": "#foliage" },
        "up":    { "uv": [ 0.25, 1.75, 1.5, 4.75 ], "texture": "#foliage" },
        "north": { "uv": [ 0.5, 1.75, 1.5, 4.75 ], "texture": "#foliage" },
        "south": { "uv": [ 0.5, 1.75, 1.5, 4.75 ], "texture": "#foliage" },
        "west":  { "uv": [ 0.25, 1.75, 1.5, 4.5 ], "texture": "#foliage" },
        "east":  { "uv": [ 0.25, 1.75, 1.5, 4.5 ], "texture": "#foliage" }
    }
},
{
    "__comment": "leaf",
    "from": [ 4.41875, 2.6125, 3.75 ],
    "to": [ 4.84375, 2.825, 3.9625 ],
    "faces": {
        "down":  { "uv": [ 0.25, 1.75, 1.5, 4.75 ], "texture": "#foliage" },
        "up":    { "uv": [ 0.25, 1.75, 1.5, 4.75 ], "texture": "#foliage" },
        "north": { "uv": [ 0.5, 1.75, 1.5, 4.75 ], "texture": "#foliage" },
        "south": { "uv": [ 0.5, 1.75, 1.5, 4.75 ], "texture": "#foliage" },
        "west":  { "uv": [ 0.25, 1.75, 1.5, 4.5 ], "texture": "#foliage" },
        "east":  { "uv": [ 0.25, 1.75, 1.5, 4.5 ], "texture": "#foliage" }
    }
},
{
    "__comment": "leaf",
    "from": [ 4.63125, 2.61335, 3.00625 ],
    "to": [ 5.05625, 2.82585, 3.43125 ],
    "rotation": { "origin": [ 4.63125, 2.61335, 3.00625 ], "axis": "y", "angle": -45 },
    "faces": {
        "down":  { "uv": [ 0.25, 1.75, 1.5, 4.75 ], "texture": "#foliage" },
        "up":    { "uv": [ 0.25, 1.75, 1.5, 4.75 ], "texture": "#foliage" },
        "north": { "uv": [ 0.5, 1.75, 1.5, 4.75 ], "texture": "#foliage" },
        "south": { "uv": [ 0.5, 1.75, 1.5, 4.75 ], "texture": "#foliage" },
        "west":  { "uv": [ 0.25, 1.75, 1.5, 4.5 ], "texture": "#foliage" },
        "east":  { "uv": [ 0.25, 1.75, 1.5, 4.5 ], "texture": "#foliage" }
    }
},
{
    "__comment": "leaf",
    "from": [ 12.1125, 2.4, 10.975 ],
    "to": [ 12.75, 2.6125, 11.6125 ],
    "faces": {
        "down":  { "uv": [ 0.25, 1.75, 1.5, 4.75 ], "texture": "#foliage" },
        "up":    { "uv": [ 0.25, 1.75, 1.5, 4.75 ], "texture": "#foliage" },
        "north": { "uv": [ 0.5, 1.75, 1.5, 4.75 ], "texture": "#foliage" },
        "south": { "uv": [ 0.5, 1.75, 1.5, 4.75 ], "texture": "#foliage" },
        "west":  { "uv": [ 0.25, 1.75, 1.5, 4.5 ], "texture": "#foliage" },
        "east":  { "uv": [ 0.25, 1.75, 1.5, 4.5 ], "texture": "#foliage" }
    }
},
{
    "__comment": "leaf",
    "from": [ 11.9, 2.29375, 11.0813 ],
    "to": [ 12.1125, 2.50625, 11.5063 ],
    "rotation": { "origin": [ 11.9, 2.50625, 11.0813 ], "axis": "z", "angle": 22.5 },
    "faces": {
        "down":  { "uv": [ 0.25, 1.75, 1.5, 4.75 ], "texture": "#foliage" },
        "up":    { "uv": [ 0.25, 1.75, 1.5, 4.75 ], "texture": "#foliage" },
        "north": { "uv": [ 0.5, 1.75, 1.5, 4.75 ], "texture": "#foliage" },
        "south": { "uv": [ 0.5, 1.75, 1.5, 4.75 ], "texture": "#foliage" },
        "west":  { "uv": [ 0.25, 1.75, 1.5, 4.5 ], "texture": "#foliage" },
        "east":  { "uv": [ 0.25, 1.75, 1.5, 4.5 ], "texture": "#foliage" }
    }
},
{
    "__comment": "leaf",
    "from": [ 12.4313, 2.40085, 11.2937 ],
    "to": [ 12.8563, 2.61335, 11.7188 ],
    "rotation": { "origin": [ 12.4313, 2.40085, 11.2937 ], "axis": "y", "angle": 45 },
    "faces": {
        "down":  { "uv": [ 0.25, 1.75, 1.5, 4.75 ], "texture": "#foliage" },
        "up":    { "uv": [ 0.25, 1.75, 1.5, 4.75 ], "texture": "#foliage" },
        "north": { "uv": [ 0.5, 1.75, 1.5, 4.75 ], "texture": "#foliage" },
        "south": { "uv": [ 0.5, 1.75, 1.5, 4.75 ], "texture": "#foliage" },
        "west":  { "uv": [ 0.25, 1.75, 1.5, 4.5 ], "texture": "#foliage" },
        "east":  { "uv": [ 0.25, 1.75, 1.5, 4.5 ], "texture": "#foliage" }
    }
}
]
}