{
"__comment": "CoolScreenName http://www.planetminecraft.com/member/coolscreenname/",
"textures": {
    "particle": "blocks/carrots_stage_3",
    "texture": "blocks/debug",
    "farmland_wet": "blocks/farmland_wet",
    "foliage": "colormap/foliage",
    "log_oak": "blocks/log_oak"
},
"elements": [ 
{
    "__comment": "dirt",
    "from": [ 2, -1, 0 ],
    "to": [ 7, -0.5, 16 ],
    "faces": {
        "down":  { "uv": [ 14, 16, 9, 0 ], "texture": "#farmland_wet" },
        "up":    { "uv": [ 2, 0, 7, 16 ], "texture": "#farmland_wet" },
        "north": { "uv": [ 9, 15.5, 14, 16 ], "texture": "#farmland_wet" },
        "south": { "uv": [ 2, 15.5, 7, 16 ], "texture": "#farmland_wet" },
        "west":  { "uv": [ 0, 15.5, 16, 16 ], "texture": "#farmland_wet" },
        "east":  { "uv": [ 0, 15.5, 16, 16 ], "texture": "#farmland_wet" }
    }
},
{
    "__comment": "dirt",
    "from": [ 9, -1, 0 ],
    "to": [ 14, -0.5, 16 ],
    "faces": {
        "down":  { "uv": [ 7, 16, 2, 0 ], "texture": "#farmland_wet" },
        "up":    { "uv": [ 9, 0, 14, 16 ], "texture": "#farmland_wet" },
        "north": { "uv": [ 2, 15.5, 7, 16 ], "texture": "#farmland_wet" },
        "south": { "uv": [ 9, 15.5, 14, 16 ], "texture": "#farmland_wet" },
        "west":  { "uv": [ 0, 15.5, 16, 16 ], "texture": "#farmland_wet" },
        "east":  { "uv": [ 0, 15.5, 16, 16 ], "texture": "#farmland_wet" }
    }
},
{
    "__comment": "dirt",
    "from": [ 9.5, -0.5, 0 ],
    "to": [ 13.5, 0, 16 ],
    "faces": {
        "down":  { "uv": [ 6.5, 16, 2.5, 0 ], "texture": "#farmland_wet" },
        "up":    { "uv": [ 9.5, 0, 13.5, 16 ], "texture": "#farmland_wet" },
        "north": { "uv": [ 2.5, 15, 6.5, 15.5 ], "texture": "#farmland_wet" },
        "south": { "uv": [ 9.5, 15, 13.5, 15.5 ], "texture": "#farmland_wet" },
        "west":  { "uv": [ 0, 15, 16, 15.5 ], "texture": "#farmland_wet" },
        "east":  { "uv": [ 0, 15, 16, 15.5 ], "texture": "#farmland_wet" }
    }
},
{
    "__comment": "dirt",
    "from": [ 2.5, -0.5, 0 ],
    "to": [ 6.5, 0, 16 ],
    "faces": {
        "down":  { "uv": [ 13.5, 16, 9.5, 0 ], "texture": "#farmland_wet" },
        "up":    { "uv": [ 2.5, 0, 6.5, 16 ], "texture": "#farmland_wet" },
        "north": { "uv": [ 9.5, 15, 13.5, 15.5 ], "texture": "#farmland_wet" },
        "south": { "uv": [ 2.5, 15, 6.5, 15.5 ], "texture": "#farmland_wet" },
        "west":  { "uv": [ 0, 15, 16, 15.5 ], "texture": "#farmland_wet" },
        "east":  { "uv": [ 0, 15, 16, 15.5 ], "texture": "#farmland_wet" }
    }
},
{
    "__comment": "carrot",
    "from": [ 3.5, 0, 10.75 ],
    "to": [ 5.5, 1, 12.75 ],
    "faces": {
        "down":  { "uv": [ 13.25, 14.25, 13.75, 14.75 ], "texture": "#texture" },
        "up":    { "uv": [ 13.25, 14.25, 13.75, 14.75 ], "texture": "#texture" },
        "north": { "uv": [ 13.25, 14.25, 13.75, 14.75 ], "texture": "#texture" },
        "south": { "uv": [ 13.25, 14.25, 13.75, 14.75 ], "texture": "#texture" },
        "west":  { "uv": [ 13.25, 14.25, 13.75, 14.75 ], "texture": "#texture" },
        "east":  { "uv": [ 13.25, 14.25, 13.75, 14.75 ], "texture": "#texture" }
    }
},
{
    "__comment": "carrot",
    "from": [ 10.5, 0, 3 ],
    "to": [ 12.5, 1, 5 ],
    "faces": {
        "down":  { "uv": [ 13.25, 14.25, 13.75, 14.75 ], "texture": "#texture" },
        "up":    { "uv": [ 13.25, 14.25, 13.75, 14.75 ], "texture": "#texture" },
        "north": { "uv": [ 13.25, 14.25, 13.75, 14.75 ], "texture": "#texture" },
        "south": { "uv": [ 13.25, 14.25, 13.75, 14.75 ], "texture": "#texture" },
        "west":  { "uv": [ 13.25, 14.25, 13.75, 14.75 ], "texture": "#texture" },
        "east":  { "uv": [ 13.25, 14.25, 13.75, 14.75 ], "texture": "#texture" }
    }
},
{
    "__comment": "carrot",
    "from": [ 10.5, 0, 10.75 ],
    "to": [ 12.5, 1, 12.75 ],
    "faces": {
        "down":  { "uv": [ 13.25, 14.25, 13.75, 14.75 ], "texture": "#texture" },
        "up":    { "uv": [ 13.25, 14.25, 13.75, 14.75 ], "texture": "#texture" },
        "north": { "uv": [ 13.25, 14.25, 13.75, 14.75 ], "texture": "#texture" },
        "south": { "uv": [ 13.25, 14.25, 13.75, 14.75 ], "texture": "#texture" },
        "west":  { "uv": [ 13.25, 14.25, 13.75, 14.75 ], "texture": "#texture" },
        "east":  { "uv": [ 13.25, 14.25, 13.75, 14.75 ], "texture": "#texture" }
    }
},
{
    "__comment": "carrot",
    "from": [ 3.5, 0, 3 ],
    "to": [ 5.5, 1, 5 ],
    "faces": {
        "down":  { "uv": [ 13.25, 14.25, 13.75, 14.75 ], "texture": "#texture" },
        "up":    { "uv": [ 13.25, 14.25, 13.75, 14.75 ], "texture": "#texture" },
        "north": { "uv": [ 13.25, 14.25, 13.75, 14.75 ], "texture": "#texture" },
        "south": { "uv": [ 13.25, 14.25, 13.75, 14.75 ], "texture": "#texture" },
        "west":  { "uv": [ 13.25, 14.25, 13.75, 14.75 ], "texture": "#texture" },
        "east":  { "uv": [ 13.25, 14.25, 13.75, 14.75 ], "texture": "#texture" }
    }
},
{
    "__comment": "carrot",
    "from": [ 10.75, 0, 2.75 ],
    "to": [ 12.25, 0.75, 5.25 ],
    "faces": {
        "down":  { "uv": [ 13.25, 14.25, 13.75, 14.75 ], "texture": "#texture" },
        "up":    { "uv": [ 13.25, 14.25, 13.75, 14.75 ], "texture": "#texture" },
        "north": { "uv": [ 13.25, 14.25, 13.75, 14.75 ], "texture": "#texture" },
        "south": { "uv": [ 13.25, 14.25, 13.75, 14.75 ], "texture": "#texture" },
        "west":  { "uv": [ 13.25, 14.25, 13.75, 14.75 ], "texture": "#texture" },
        "east":  { "uv": [ 13.25, 14.25, 13.75, 14.75 ], "texture": "#texture" }
    }
},
{
    "__comment": "carrot",
    "from": [ 3.75, 0, 10.5 ],
    "to": [ 5.25, 0.75, 13 ],
    "faces": {
        "down":  { "uv": [ 13.25, 14.25, 13.75, 14.75 ], "texture": "#texture" },
        "up":    { "uv": [ 13.25, 14.25, 13.75, 14.75 ], "texture": "#texture" },
        "north": { "uv": [ 13.25, 14.25, 13.75, 14.75 ], "texture": "#texture" },
        "south": { "uv": [ 13.25, 14.25, 13.75, 14.75 ], "texture": "#texture" },
        "west":  { "uv": [ 13.25, 14.25, 13.75, 14.75 ], "texture": "#texture" },
        "east":  { "uv": [ 13.25, 14.25, 13.75, 14.75 ], "texture": "#texture" }
    }
},
{
    "__comment": "carrot",
    "from": [ 10.75, 0, 10.5 ],
    "to": [ 12.25, 0.75, 13 ],
    "faces": {
        "down":  { "uv": [ 13.25, 14.25, 13.75, 14.75 ], "texture": "#texture" },
        "up":    { "uv": [ 13.25, 14.25, 13.75, 14.75 ], "texture": "#texture" },
        "north": { "uv": [ 13.25, 14.25, 13.75, 14.75 ], "texture": "#texture" },
        "south": { "uv": [ 13.25, 14.25, 13.75, 14.75 ], "texture": "#texture" },
        "west":  { "uv": [ 13.25, 14.25, 13.75, 14.75 ], "texture": "#texture" },
        "east":  { "uv": [ 13.25, 14.25, 13.75, 14.75 ], "texture": "#texture" }
    }
},
{
    "__comment": "carrot",
    "from": [ 3.75, 0, 2.75 ],
    "to": [ 5.25, 0.75, 5.25 ],
    "faces": {
        "down":  { "uv": [ 13.25, 14.25, 13.75, 14.75 ], "texture": "#texture" },
        "up":    { "uv": [ 13.25, 14.25, 13.75, 14.75 ], "texture": "#texture" },
        "north": { "uv": [ 13.25, 14.25, 13.75, 14.75 ], "texture": "#texture" },
        "south": { "uv": [ 13.25, 14.25, 13.75, 14.75 ], "texture": "#texture" },
        "west":  { "uv": [ 13.25, 14.25, 13.75, 14.75 ], "texture": "#texture" },
        "east":  { "uv": [ 13.25, 14.25, 13.75, 14.75 ], "texture": "#texture" }
    }
},
{
    "__comment": "carrot",
    "from": [ 3.25, 0, 11 ],
    "to": [ 5.75, 0.75, 12.5 ],
    "faces": {
        "down":  { "uv": [ 13.25, 14.25, 13.75, 14.75 ], "texture": "#texture" },
        "up":    { "uv": [ 13.25, 14.25, 13.75, 14.75 ], "texture": "#texture" },
        "north": { "uv": [ 13.25, 14.25, 13.75, 14.75 ], "texture": "#texture" },
        "south": { "uv": [ 13.25, 14.25, 13.75, 14.75 ], "texture": "#texture" },
        "west":  { "uv": [ 13.25, 14.25, 13.75, 14.75 ], "texture": "#texture" },
        "east":  { "uv": [ 13.25, 14.25, 13.75, 14.75 ], "texture": "#texture" }
    }
},
{
    "__comment": "carrot",
    "from": [ 10.25, 0, 3.25 ],
    "to": [ 12.75, 0.75, 4.75 ],
    "faces": {
        "down":  { "uv": [ 13.25, 14.25, 13.75, 14.75 ], "texture": "#texture" },
        "up":    { "uv": [ 13.25, 14.25, 13.75, 14.75 ], "texture": "#texture" },
        "north": { "uv": [ 13.25, 14.25, 13.75, 14.75 ], "texture": "#texture" },
        "south": { "uv": [ 13.25, 14.25, 13.75, 14.75 ], "texture": "#texture" },
        "west":  { "uv": [ 13.25, 14.25, 13.75, 14.75 ], "texture": "#texture" },
        "east":  { "uv": [ 13.25, 14.25, 13.75, 14.75 ], "texture": "#texture" }
    }
},
{
    "__comment": "carrot",
    "from": [ 10.25, 0, 11 ],
    "to": [ 12.75, 0.75, 12.5 ],
    "faces": {
        "down":  { "uv": [ 13.25, 14.25, 13.75, 14.75 ], "texture": "#texture" },
        "up":    { "uv": [ 13.25, 14.25, 13.75, 14.75 ], "texture": "#texture" },
        "north": { "uv": [ 13.25, 14.25, 13.75, 14.75 ], "texture": "#texture" },
        "south": { "uv": [ 13.25, 14.25, 13.75, 14.75 ], "texture": "#texture" },
        "west":  { "uv": [ 13.25, 14.25, 13.75, 14.75 ], "texture": "#texture" },
        "east":  { "uv": [ 13.25, 14.25, 13.75, 14.75 ], "texture": "#texture" }
    }
},
{
    "__comment": "carrot",
    "from": [ 3.25, 0, 3.25 ],
    "to": [ 5.75, 0.75, 4.75 ],
    "faces": {
        "down":  { "uv": [ 13.25, 14.25, 13.75, 14.75 ], "texture": "#texture" },
        "up":    { "uv": [ 13.25, 14.25, 13.75, 14.75 ], "texture": "#texture" },
        "north": { "uv": [ 13.25, 14.25, 13.75, 14.75 ], "texture": "#texture" },
        "south": { "uv": [ 13.25, 14.25, 13.75, 14.75 ], "texture": "#texture" },
        "west":  { "uv": [ 13.25, 14.25, 13.75, 14.75 ], "texture": "#texture" },
        "east":  { "uv": [ 13.25, 14.25, 13.75, 14.75 ], "texture": "#texture" }
    }
},
{
    "__comment": "carrot",
    "from": [ 3.75, 1, 11 ],
    "to": [ 5.25, 1.25, 12.5 ],
    "faces": {
        "down":  { "uv": [ 13.25, 14.25, 13.75, 14.75 ], "texture": "#texture" },
        "up":    { "uv": [ 13.25, 14.25, 13.75, 14.75 ], "texture": "#texture" },
        "north": { "uv": [ 13.25, 14.25, 13.75, 14.75 ], "texture": "#texture" },
        "south": { "uv": [ 13.25, 14.25, 13.75, 14.75 ], "texture": "#texture" },
        "west":  { "uv": [ 13.25, 14.25, 13.75, 14.75 ], "texture": "#texture" },
        "east":  { "uv": [ 13.25, 14.25, 13.75, 14.75 ], "texture": "#texture" }
    }
},
{
    "__comment": "carrot",
    "from": [ 10.75, 1, 3.25 ],
    "to": [ 12.25, 1.25, 4.75 ],
    "faces": {
        "down":  { "uv": [ 13.25, 14.25, 13.75, 14.75 ], "texture": "#texture" },
        "up":    { "uv": [ 13.25, 14.25, 13.75, 14.75 ], "texture": "#texture" },
        "north": { "uv": [ 13.25, 14.25, 13.75, 14.75 ], "texture": "#texture" },
        "south": { "uv": [ 13.25, 14.25, 13.75, 14.75 ], "texture": "#texture" },
        "west":  { "uv": [ 13.25, 14.25, 13.75, 14.75 ], "texture": "#texture" },
        "east":  { "uv": [ 13.25, 14.25, 13.75, 14.75 ], "texture": "#texture" }
    }
},
{
    "__comment": "carrot",
    "from": [ 10.75, 1, 11 ],
    "to": [ 12.25, 1.25, 12.5 ],
    "faces": {
        "down":  { "uv": [ 13.25, 14.25, 13.75, 14.75 ], "texture": "#texture" },
        "up":    { "uv": [ 13.25, 14.25, 13.75, 14.75 ], "texture": "#texture" },
        "north": { "uv": [ 13.25, 14.25, 13.75, 14.75 ], "texture": "#texture" },
        "south": { "uv": [ 13.25, 14.25, 13.75, 14.75 ], "texture": "#texture" },
        "west":  { "uv": [ 13.25, 14.25, 13.75, 14.75 ], "texture": "#texture" },
        "east":  { "uv": [ 13.25, 14.25, 13.75, 14.75 ], "texture": "#texture" }
    }
},
{
    "__comment": "carrot",
    "from": [ 3.75, 1, 3.25 ],
    "to": [ 5.25, 1.25, 4.75 ],
    "faces": {
        "down":  { "uv": [ 13.25, 14.25, 13.75, 14.75 ], "texture": "#texture" },
        "up":    { "uv": [ 13.25, 14.25, 13.75, 14.75 ], "texture": "#texture" },
        "north": { "uv": [ 13.25, 14.25, 13.75, 14.75 ], "texture": "#texture" },
        "south": { "uv": [ 13.25, 14.25, 13.75, 14.75 ], "texture": "#texture" },
        "west":  { "uv": [ 13.25, 14.25, 13.75, 14.75 ], "texture": "#texture" },
        "east":  { "uv": [ 13.25, 14.25, 13.75, 14.75 ], "texture": "#texture" }
    }
},
{
    "__comment": "carrot top",
    "from": [ 4.125, 1.25, 3.625 ],
    "to": [ 4.875, 1.75, 4.375 ],
    "faces": {
        "down":  { "uv": [ 11.875, 4.375, 11.125, 3.625 ], "texture": "#log_oak" },
        "up":    { "uv": [ 4.125, 3.625, 4.875, 4.375 ], "texture": "#log_oak" },
        "north": { "uv": [ 11.125, 13.25, 11.875, 13.75 ], "texture": "#log_oak" },
        "south": { "uv": [ 4.125, 13.25, 4.875, 13.75 ], "texture": "#log_oak" },
        "west":  { "uv": [ 3.625, 13.25, 4.375, 13.75 ], "texture": "#log_oak" },
        "east":  { "uv": [ 11.625, 13.25, 12.375, 13.75 ], "texture": "#log_oak" }
    }
},
{
    "__comment": "carrot top",
    "from": [ 11.125, 1.25, 11.375 ],
    "to": [ 11.875, 1.75, 12.125 ],
    "faces": {
        "down":  { "uv": [ 4.875, 12.125, 4.125, 11.375 ], "texture": "#log_oak" },
        "up":    { "uv": [ 11.125, 11.375, 11.875, 12.125 ], "texture": "#log_oak" },
        "north": { "uv": [ 4.125, 13.25, 4.875, 13.75 ], "texture": "#log_oak" },
        "south": { "uv": [ 11.125, 13.25, 11.875, 13.75 ], "texture": "#log_oak" },
        "west":  { "uv": [ 11.375, 13.25, 12.125, 13.75 ], "texture": "#log_oak" },
        "east":  { "uv": [ 3.875, 13.25, 4.625, 13.75 ], "texture": "#log_oak" }
    }
},
{
    "__comment": "carrot top",
    "from": [ 4.125, 1.25, 11.375 ],
    "to": [ 4.875, 1.75, 12.125 ],
    "faces": {
        "down":  { "uv": [ 11.875, 12.125, 11.125, 11.375 ], "texture": "#log_oak" },
        "up":    { "uv": [ 4.125, 11.375, 4.875, 12.125 ], "texture": "#log_oak" },
        "north": { "uv": [ 11.125, 13.25, 11.875, 13.75 ], "texture": "#log_oak" },
        "south": { "uv": [ 4.125, 13.25, 4.875, 13.75 ], "texture": "#log_oak" },
        "west":  { "uv": [ 11.375, 13.25, 12.125, 13.75 ], "texture": "#log_oak" },
        "east":  { "uv": [ 3.875, 13.25, 4.625, 13.75 ], "texture": "#log_oak" }
    }
},
{
    "__comment": "carrot top",
    "from": [ 11.125, 1.25, 3.625 ],
    "to": [ 11.875, 1.75, 4.375 ],
    "faces": {
        "down":  { "uv": [ 4.875, 4.375, 4.125, 3.625 ], "texture": "#log_oak" },
        "up":    { "uv": [ 11.125, 3.625, 11.875, 4.375 ], "texture": "#log_oak" },
        "north": { "uv": [ 4.125, 13.25, 4.875, 13.75 ], "texture": "#log_oak" },
        "south": { "uv": [ 11.125, 13.25, 11.875, 13.75 ], "texture": "#log_oak" },
        "west":  { "uv": [ 3.625, 13.25, 4.375, 13.75 ], "texture": "#log_oak" },
        "east":  { "uv": [ 11.625, 13.25, 12.375, 13.75 ], "texture": "#log_oak" }
    }
},
{
    "__comment": "stem",
    "from": [ 11.25, 1.25, 5.25 ],
    "to": [ 11.5, 4.75, 5.5 ],
    "rotation": { "origin": [ 11.25, 4.75, 5.25 ], "axis": "x", "angle": 22.5 },
    "faces": {
        "down":  { "uv": [ 0.5, 5.5, 1.75, 11.75 ], "texture": "#foliage" },
        "up":    { "uv": [ 0.5, 5.5, 1.75, 11.75 ], "texture": "#foliage" },
        "north": { "uv": [ 1, 4.75, 2.25, 11.75 ], "texture": "#foliage" },
        "south": { "uv": [ 1, 4.75, 2.25, 11.75 ], "texture": "#foliage" },
        "west":  { "uv": [ 1, 5.25, 2.5, 12.75 ], "texture": "#foliage" },
        "east":  { "uv": [ 1, 5.25, 2.5, 12.75 ], "texture": "#foliage" }
    }
},
{
    "__comment": "stem",
    "from": [ 3.25, 1, 11.75 ],
    "to": [ 3.5, 3.75, 12 ],
    "rotation": { "origin": [ 3.25, 3.75, 11.75 ], "axis": "z", "angle": 22.5 },
    "faces": {
        "down":  { "uv": [ 0.5, 5.5, 1.75, 11.75 ], "texture": "#foliage" },
        "up":    { "uv": [ 0.5, 5.5, 1.75, 11.75 ], "texture": "#foliage" },
        "north": { "uv": [ 1, 4.75, 2.25, 11.75 ], "texture": "#foliage" },
        "south": { "uv": [ 1, 4.75, 2.25, 11.75 ], "texture": "#foliage" },
        "west":  { "uv": [ 1, 5.25, 2.5, 12.75 ], "texture": "#foliage" },
        "east":  { "uv": [ 1, 5.25, 2.5, 12.75 ], "texture": "#foliage" }
    }
},
{
    "__comment": "leaf",
    "from": [ 11, 4.75, 5 ],
    "to": [ 11.75, 5, 6 ],
    "faces": {
        "down":  { "uv": [ 0.25, 1.75, 1.5, 4.75 ], "texture": "#foliage" },
        "up":    { "uv": [ 0.25, 1.75, 1.5, 4.75 ], "texture": "#foliage" },
        "north": { "uv": [ 0.5, 1.75, 1.5, 4.75 ], "texture": "#foliage" },
        "south": { "uv": [ 0.5, 1.75, 1.5, 4.75 ], "texture": "#foliage" },
        "west":  { "uv": [ 0.25, 1.75, 1.5, 4.5 ], "texture": "#foliage" },
        "east":  { "uv": [ 0.25, 1.75, 1.5, 4.5 ], "texture": "#foliage" }
    }
},
{
    "__comment": "leaf",
    "from": [ 2.75, 3.75, 11.5 ],
    "to": [ 3.5, 4, 12.25 ],
    "faces": {
        "down":  { "uv": [ 0.25, 1.75, 1.5, 4.75 ], "texture": "#foliage" },
        "up":    { "uv": [ 0.25, 1.75, 1.5, 4.75 ], "texture": "#foliage" },
        "north": { "uv": [ 0.5, 1.75, 1.5, 4.75 ], "texture": "#foliage" },
        "south": { "uv": [ 0.5, 1.75, 1.5, 4.75 ], "texture": "#foliage" },
        "west":  { "uv": [ 0.25, 1.75, 1.5, 4.5 ], "texture": "#foliage" },
        "east":  { "uv": [ 0.25, 1.75, 1.5, 4.5 ], "texture": "#foliage" }
    }
},
{
    "__comment": "leaf",
    "from": [ 2.75, 3.751, 11.5 ],
    "to": [ 3.25, 4.001, 12 ],
    "rotation": { "origin": [ 2.75, 3.751, 11.5 ], "axis": "y", "angle": -45 },
    "faces": {
        "down":  { "uv": [ 0.25, 1.75, 1.5, 4.75 ], "texture": "#foliage" },
        "up":    { "uv": [ 0.25, 1.75, 1.5, 4.75 ], "texture": "#foliage" },
        "north": { "uv": [ 0.5, 1.75, 1.5, 4.75 ], "texture": "#foliage" },
        "south": { "uv": [ 0.5, 1.75, 1.5, 4.75 ], "texture": "#foliage" },
        "west":  { "uv": [ 0.25, 1.75, 1.5, 4.5 ], "texture": "#foliage" },
        "east":  { "uv": [ 0.25, 1.75, 1.5, 4.5 ], "texture": "#foliage" }
    }
},
{
    "__comment": "leaf",
    "from": [ 11.375, 4.751, 5.625 ],
    "to": [ 11.875, 5.001, 6.125 ],
    "rotation": { "origin": [ 11.375, 4.751, 5.625 ], "axis": "y", "angle": -45 },
    "faces": {
        "down":  { "uv": [ 0.25, 1.75, 1.5, 4.75 ], "texture": "#foliage" },
        "up":    { "uv": [ 0.25, 1.75, 1.5, 4.75 ], "texture": "#foliage" },
        "north": { "uv": [ 0.5, 1.75, 1.5, 4.75 ], "texture": "#foliage" },
        "south": { "uv": [ 0.5, 1.75, 1.5, 4.75 ], "texture": "#foliage" },
        "west":  { "uv": [ 0.25, 1.75, 1.5, 4.5 ], "texture": "#foliage" },
        "east":  { "uv": [ 0.25, 1.75, 1.5, 4.5 ], "texture": "#foliage" }
    }
},
{
    "__comment": "leaf",
    "from": [ 11.125, 4.75, 4.75 ],
    "to": [ 11.625, 5, 5 ],
    "faces": {
        "down":  { "uv": [ 0.25, 1.75, 1.5, 4.75 ], "texture": "#foliage" },
        "up":    { "uv": [ 0.25, 1.75, 1.5, 4.75 ], "texture": "#foliage" },
        "north": { "uv": [ 0.5, 1.75, 1.5, 4.75 ], "texture": "#foliage" },
        "south": { "uv": [ 0.5, 1.75, 1.5, 4.75 ], "texture": "#foliage" },
        "west":  { "uv": [ 0.25, 1.75, 1.5, 4.5 ], "texture": "#foliage" },
        "east":  { "uv": [ 0.25, 1.75, 1.5, 4.5 ], "texture": "#foliage" }
    }
},
{
    "__comment": "leaf",
    "from": [ 3.5, 3.75, 11.625 ],
    "to": [ 3.75, 4, 12.125 ],
    "faces": {
        "down":  { "uv": [ 0.25, 1.75, 1.5, 4.75 ], "texture": "#foliage" },
        "up":    { "uv": [ 0.25, 1.75, 1.5, 4.75 ], "texture": "#foliage" },
        "north": { "uv": [ 0.5, 1.75, 1.5, 4.75 ], "texture": "#foliage" },
        "south": { "uv": [ 0.5, 1.75, 1.5, 4.75 ], "texture": "#foliage" },
        "west":  { "uv": [ 0.25, 1.75, 1.5, 4.5 ], "texture": "#foliage" },
        "east":  { "uv": [ 0.25, 1.75, 1.5, 4.5 ], "texture": "#foliage" }
    }
},
{
    "__comment": "stem",
    "from": [ 10.25, 1, 4 ],
    "to": [ 10.5, 3.75, 4.25 ],
    "rotation": { "origin": [ 10.25, 3.75, 4 ], "axis": "z", "angle": 22.5 },
    "faces": {
        "down":  { "uv": [ 0.5, 5.5, 1.75, 11.75 ], "texture": "#foliage" },
        "up":    { "uv": [ 0.5, 5.5, 1.75, 11.75 ], "texture": "#foliage" },
        "north": { "uv": [ 1, 4.75, 2.25, 11.75 ], "texture": "#foliage" },
        "south": { "uv": [ 1, 4.75, 2.25, 11.75 ], "texture": "#foliage" },
        "west":  { "uv": [ 1, 5.25, 2.5, 12.75 ], "texture": "#foliage" },
        "east":  { "uv": [ 1, 5.25, 2.5, 12.75 ], "texture": "#foliage" }
    }
},
{
    "__comment": "leaf",
    "from": [ 9.75, 3.75, 3.75 ],
    "to": [ 10.5, 4, 4.5 ],
    "faces": {
        "down":  { "uv": [ 0.25, 1.75, 1.5, 4.75 ], "texture": "#foliage" },
        "up":    { "uv": [ 0.25, 1.75, 1.5, 4.75 ], "texture": "#foliage" },
        "north": { "uv": [ 0.5, 1.75, 1.5, 4.75 ], "texture": "#foliage" },
        "south": { "uv": [ 0.5, 1.75, 1.5, 4.75 ], "texture": "#foliage" },
        "west":  { "uv": [ 0.25, 1.75, 1.5, 4.5 ], "texture": "#foliage" },
        "east":  { "uv": [ 0.25, 1.75, 1.5, 4.5 ], "texture": "#foliage" }
    }
},
{
    "__comment": "leaf",
    "from": [ 9.75, 3.751, 3.75 ],
    "to": [ 10.25, 4.001, 4.25 ],
    "rotation": { "origin": [ 9.75, 3.751, 3.75 ], "axis": "y", "angle": -45 },
    "faces": {
        "down":  { "uv": [ 0.25, 1.75, 1.5, 4.75 ], "texture": "#foliage" },
        "up":    { "uv": [ 0.25, 1.75, 1.5, 4.75 ], "texture": "#foliage" },
        "north": { "uv": [ 0.5, 1.75, 1.5, 4.75 ], "texture": "#foliage" },
        "south": { "uv": [ 0.5, 1.75, 1.5, 4.75 ], "texture": "#foliage" },
        "west":  { "uv": [ 0.25, 1.75, 1.5, 4.5 ], "texture": "#foliage" },
        "east":  { "uv": [ 0.25, 1.75, 1.5, 4.5 ], "texture": "#foliage" }
    }
},
{
    "__comment": "leaf",
    "from": [ 10.5, 3.75, 3.875 ],
    "to": [ 10.75, 4, 4.375 ],
    "faces": {
        "down":  { "uv": [ 0.25, 1.75, 1.5, 4.75 ], "texture": "#foliage" },
        "up":    { "uv": [ 0.25, 1.75, 1.5, 4.75 ], "texture": "#foliage" },
        "north": { "uv": [ 0.5, 1.75, 1.5, 4.75 ], "texture": "#foliage" },
        "south": { "uv": [ 0.5, 1.75, 1.5, 4.75 ], "texture": "#foliage" },
        "west":  { "uv": [ 0.25, 1.75, 1.5, 4.5 ], "texture": "#foliage" },
        "east":  { "uv": [ 0.25, 1.75, 1.5, 4.5 ], "texture": "#foliage" }
    }
},
{
    "__comment": "stem",
    "from": [ 5.5, 1, 11.5 ],
    "to": [ 5.75, 3.75, 11.75 ],
    "rotation": { "origin": [ 5.5, 3.75, 11.5 ], "axis": "z", "angle": -22.5 },
    "faces": {
        "down":  { "uv": [ 0.5, 5.5, 1.75, 11.75 ], "texture": "#foliage" },
        "up":    { "uv": [ 0.5, 5.5, 1.75, 11.75 ], "texture": "#foliage" },
        "north": { "uv": [ 1, 4.75, 2.25, 11.75 ], "texture": "#foliage" },
        "south": { "uv": [ 1, 4.75, 2.25, 11.75 ], "texture": "#foliage" },
        "west":  { "uv": [ 1, 5.25, 2.5, 12.75 ], "texture": "#foliage" },
        "east":  { "uv": [ 1, 5.25, 2.5, 12.75 ], "texture": "#foliage" }
    }
},
{
    "__comment": "leaf",
    "from": [ 5, 3.5, 11.25 ],
    "to": [ 5.75, 3.75, 12 ],
    "rotation": { "origin": [ 5, 3.75, 11.25 ], "axis": "z", "angle": 22.5 },
    "faces": {
        "down":  { "uv": [ 0.25, 1.75, 1.5, 4.75 ], "texture": "#foliage" },
        "up":    { "uv": [ 0.25, 1.75, 1.5, 4.75 ], "texture": "#foliage" },
        "north": { "uv": [ 0.5, 1.75, 1.5, 4.75 ], "texture": "#foliage" },
        "south": { "uv": [ 0.5, 1.75, 1.5, 4.75 ], "texture": "#foliage" },
        "west":  { "uv": [ 0.25, 1.75, 1.5, 4.5 ], "texture": "#foliage" },
        "east":  { "uv": [ 0.25, 1.75, 1.5, 4.5 ], "texture": "#foliage" }
    }
},
{
    "__comment": "leaf",
    "from": [ 5.5, 3.75, 11.25 ],
    "to": [ 6, 4, 12 ],
    "faces": {
        "down":  { "uv": [ 0.25, 1.75, 1.5, 4.75 ], "texture": "#foliage" },
        "up":    { "uv": [ 0.25, 1.75, 1.5, 4.75 ], "texture": "#foliage" },
        "north": { "uv": [ 0.5, 1.75, 1.5, 4.75 ], "texture": "#foliage" },
        "south": { "uv": [ 0.5, 1.75, 1.5, 4.75 ], "texture": "#foliage" },
        "west":  { "uv": [ 0.25, 1.75, 1.5, 4.5 ], "texture": "#foliage" },
        "east":  { "uv": [ 0.25, 1.75, 1.5, 4.5 ], "texture": "#foliage" }
    }
},
{
    "__comment": "leaf",
    "from": [ 6, 3.751, 11.25 ],
    "to": [ 6.5, 4.001, 11.75 ],
    "rotation": { "origin": [ 6, 3.751, 11.25 ], "axis": "y", "angle": -45 },
    "faces": {
        "down":  { "uv": [ 0.25, 1.75, 1.5, 4.75 ], "texture": "#foliage" },
        "up":    { "uv": [ 0.25, 1.75, 1.5, 4.75 ], "texture": "#foliage" },
        "north": { "uv": [ 0.5, 1.75, 1.5, 4.75 ], "texture": "#foliage" },
        "south": { "uv": [ 0.5, 1.75, 1.5, 4.75 ], "texture": "#foliage" },
        "west":  { "uv": [ 0.25, 1.75, 1.5, 4.5 ], "texture": "#foliage" },
        "east":  { "uv": [ 0.25, 1.75, 1.5, 4.5 ], "texture": "#foliage" }
    }
},
{
    "__comment": "stem",
    "from": [ 12.5, 1.5, 11.75 ],
    "to": [ 12.75, 4, 12 ],
    "rotation": { "origin": [ 12.5, 4, 11.75 ], "axis": "z", "angle": -22.5 },
    "faces": {
        "down":  { "uv": [ 0.5, 5.5, 1.75, 11.75 ], "texture": "#foliage" },
        "up":    { "uv": [ 0.5, 5.5, 1.75, 11.75 ], "texture": "#foliage" },
        "north": { "uv": [ 1, 4.75, 2.25, 11.75 ], "texture": "#foliage" },
        "south": { "uv": [ 1, 4.75, 2.25, 11.75 ], "texture": "#foliage" },
        "west":  { "uv": [ 1, 5.25, 2.5, 12.75 ], "texture": "#foliage" },
        "east":  { "uv": [ 1, 5.25, 2.5, 12.75 ], "texture": "#foliage" }
    }
},
{
    "__comment": "stem",
    "from": [ 11.25, 1, 12.5 ],
    "to": [ 11.5, 3.5, 12.75 ],
    "rotation": { "origin": [ 11.25, 3.5, 12.5 ], "axis": "x", "angle": 22.5 },
    "faces": {
        "down":  { "uv": [ 0.5, 5.5, 1.75, 11.75 ], "texture": "#foliage" },
        "up":    { "uv": [ 0.5, 5.5, 1.75, 11.75 ], "texture": "#foliage" },
        "north": { "uv": [ 1, 4.75, 2.25, 11.75 ], "texture": "#foliage" },
        "south": { "uv": [ 1, 4.75, 2.25, 11.75 ], "texture": "#foliage" },
        "west":  { "uv": [ 1, 5.25, 2.5, 12.75 ], "texture": "#foliage" },
        "east":  { "uv": [ 1, 5.25, 2.5, 12.75 ], "texture": "#foliage" }
    }
},
{
    "__comment": "stem",
    "from": [ 4.5, 1, 5 ],
    "to": [ 4.75, 3.5, 5.25 ],
    "rotation": { "origin": [ 4.5, 3.5, 5 ], "axis": "x", "angle": 22.5 },
    "faces": {
        "down":  { "uv": [ 0.5, 5.5, 1.75, 11.75 ], "texture": "#foliage" },
        "up":    { "uv": [ 0.5, 5.5, 1.75, 11.75 ], "texture": "#foliage" },
        "north": { "uv": [ 1, 4.75, 2.25, 11.75 ], "texture": "#foliage" },
        "south": { "uv": [ 1, 4.75, 2.25, 11.75 ], "texture": "#foliage" },
        "west":  { "uv": [ 1, 5.25, 2.5, 12.75 ], "texture": "#foliage" },
        "east":  { "uv": [ 1, 5.25, 2.5, 12.75 ], "texture": "#foliage" }
    }
},
{
    "__comment": "stem",
    "from": [ 4.5, 0.75, 2.5 ],
    "to": [ 4.75, 4.25, 2.75 ],
    "rotation": { "origin": [ 4.5, 4.25, 2.5 ], "axis": "x", "angle": -22.5 },
    "faces": {
        "down":  { "uv": [ 0.5, 5.5, 1.75, 11.75 ], "texture": "#foliage" },
        "up":    { "uv": [ 0.5, 5.5, 1.75, 11.75 ], "texture": "#foliage" },
        "north": { "uv": [ 1, 4.75, 2.25, 11.75 ], "texture": "#foliage" },
        "south": { "uv": [ 1, 4.75, 2.25, 11.75 ], "texture": "#foliage" },
        "west":  { "uv": [ 1, 5.25, 2.5, 12.75 ], "texture": "#foliage" },
        "east":  { "uv": [ 1, 5.25, 2.5, 12.75 ], "texture": "#foliage" }
    }
},
{
    "__comment": "leaf",
    "from": [ 11, 3.125, 12 ],
    "to": [ 11.75, 3.375, 13 ],
    "rotation": { "origin": [ 11, 3.375, 12 ], "axis": "x", "angle": -22.5 },
    "faces": {
        "down":  { "uv": [ 0.25, 1.75, 1.5, 4.75 ], "texture": "#foliage" },
        "up":    { "uv": [ 0.25, 1.75, 1.5, 4.75 ], "texture": "#foliage" },
        "north": { "uv": [ 0.5, 1.75, 1.5, 4.75 ], "texture": "#foliage" },
        "south": { "uv": [ 0.5, 1.75, 1.5, 4.75 ], "texture": "#foliage" },
        "west":  { "uv": [ 0.25, 1.75, 1.5, 4.5 ], "texture": "#foliage" },
        "east":  { "uv": [ 0.25, 1.75, 1.5, 4.5 ], "texture": "#foliage" }
    }
},
{
    "__comment": "leaf",
    "from": [ 11, 3.5, 12.875 ],
    "to": [ 11.75, 3.75, 13.375 ],
    "faces": {
        "down":  { "uv": [ 0.25, 1.75, 1.5, 4.75 ], "texture": "#foliage" },
        "up":    { "uv": [ 0.25, 1.75, 1.5, 4.75 ], "texture": "#foliage" },
        "north": { "uv": [ 0.5, 1.75, 1.5, 4.75 ], "texture": "#foliage" },
        "south": { "uv": [ 0.5, 1.75, 1.5, 4.75 ], "texture": "#foliage" },
        "west":  { "uv": [ 0.25, 1.75, 1.5, 4.5 ], "texture": "#foliage" },
        "east":  { "uv": [ 0.25, 1.75, 1.5, 4.5 ], "texture": "#foliage" }
    }
},
{
    "__comment": "leaf",
    "from": [ 11.375, 3.501, 13 ],
    "to": [ 11.875, 3.751, 13.5 ],
    "rotation": { "origin": [ 11.375, 3.501, 13 ], "axis": "y", "angle": -45 },
    "faces": {
        "down":  { "uv": [ 0.25, 1.75, 1.5, 4.75 ], "texture": "#foliage" },
        "up":    { "uv": [ 0.25, 1.75, 1.5, 4.75 ], "texture": "#foliage" },
        "north": { "uv": [ 0.5, 1.75, 1.5, 4.75 ], "texture": "#foliage" },
        "south": { "uv": [ 0.5, 1.75, 1.5, 4.75 ], "texture": "#foliage" },
        "west":  { "uv": [ 0.25, 1.75, 1.5, 4.5 ], "texture": "#foliage" },
        "east":  { "uv": [ 0.25, 1.75, 1.5, 4.5 ], "texture": "#foliage" }
    }
},
{
    "__comment": "leaf",
    "from": [ 4.25, 3.125, 4.5 ],
    "to": [ 5, 3.375, 5.5 ],
    "rotation": { "origin": [ 4.25, 3.375, 4.5 ], "axis": "x", "angle": -22.5 },
    "faces": {
        "down":  { "uv": [ 0.25, 1.75, 1.5, 4.75 ], "texture": "#foliage" },
        "up":    { "uv": [ 0.25, 1.75, 1.5, 4.75 ], "texture": "#foliage" },
        "north": { "uv": [ 0.5, 1.75, 1.5, 4.75 ], "texture": "#foliage" },
        "south": { "uv": [ 0.5, 1.75, 1.5, 4.75 ], "texture": "#foliage" },
        "west":  { "uv": [ 0.25, 1.75, 1.5, 4.5 ], "texture": "#foliage" },
        "east":  { "uv": [ 0.25, 1.75, 1.5, 4.5 ], "texture": "#foliage" }
    }
},
{
    "__comment": "leaf",
    "from": [ 4.25, 3.5, 5.375 ],
    "to": [ 5, 3.75, 5.875 ],
    "faces": {
        "down":  { "uv": [ 0.25, 1.75, 1.5, 4.75 ], "texture": "#foliage" },
        "up":    { "uv": [ 0.25, 1.75, 1.5, 4.75 ], "texture": "#foliage" },
        "north": { "uv": [ 0.5, 1.75, 1.5, 4.75 ], "texture": "#foliage" },
        "south": { "uv": [ 0.5, 1.75, 1.5, 4.75 ], "texture": "#foliage" },
        "west":  { "uv": [ 0.25, 1.75, 1.5, 4.5 ], "texture": "#foliage" },
        "east":  { "uv": [ 0.25, 1.75, 1.5, 4.5 ], "texture": "#foliage" }
    }
},
{
    "__comment": "leaf",
    "from": [ 4.625, 3.501, 5.5 ],
    "to": [ 5.125, 3.751, 6 ],
    "rotation": { "origin": [ 4.625, 3.501, 5.5 ], "axis": "y", "angle": -45 },
    "faces": {
        "down":  { "uv": [ 0.25, 1.75, 1.5, 4.75 ], "texture": "#foliage" },
        "up":    { "uv": [ 0.25, 1.75, 1.5, 4.75 ], "texture": "#foliage" },
        "north": { "uv": [ 0.5, 1.75, 1.5, 4.75 ], "texture": "#foliage" },
        "south": { "uv": [ 0.5, 1.75, 1.5, 4.75 ], "texture": "#foliage" },
        "west":  { "uv": [ 0.25, 1.75, 1.5, 4.5 ], "texture": "#foliage" },
        "east":  { "uv": [ 0.25, 1.75, 1.5, 4.5 ], "texture": "#foliage" }
    }
},
{
    "__comment": "leaf",
    "from": [ 4.25, 4.25, 2.5 ],
    "to": [ 5, 4.5, 3 ],
    "faces": {
        "down":  { "uv": [ 0.25, 1.75, 1.5, 4.75 ], "texture": "#foliage" },
        "up":    { "uv": [ 0.25, 1.75, 1.5, 4.75 ], "texture": "#foliage" },
        "north": { "uv": [ 0.5, 1.75, 1.5, 4.75 ], "texture": "#foliage" },
        "south": { "uv": [ 0.5, 1.75, 1.5, 4.75 ], "texture": "#foliage" },
        "west":  { "uv": [ 0.25, 1.75, 1.5, 4.5 ], "texture": "#foliage" },
        "east":  { "uv": [ 0.25, 1.75, 1.5, 4.5 ], "texture": "#foliage" }
    }
},
{
    "__comment": "leaf",
    "from": [ 4.375, 4.25, 3 ],
    "to": [ 4.875, 4.5, 3.25 ],
    "faces": {
        "down":  { "uv": [ 0.25, 1.75, 1.5, 4.75 ], "texture": "#foliage" },
        "up":    { "uv": [ 0.25, 1.75, 1.5, 4.75 ], "texture": "#foliage" },
        "north": { "uv": [ 0.5, 1.75, 1.5, 4.75 ], "texture": "#foliage" },
        "south": { "uv": [ 0.5, 1.75, 1.5, 4.75 ], "texture": "#foliage" },
        "west":  { "uv": [ 0.25, 1.75, 1.5, 4.5 ], "texture": "#foliage" },
        "east":  { "uv": [ 0.25, 1.75, 1.5, 4.5 ], "texture": "#foliage" }
    }
},
{
    "__comment": "leaf",
    "from": [ 4.625, 4.251, 2.125 ],
    "to": [ 5.125, 4.501, 2.625 ],
    "rotation": { "origin": [ 4.625, 4.251, 2.125 ], "axis": "y", "angle": -45 },
    "faces": {
        "down":  { "uv": [ 0.25, 1.75, 1.5, 4.75 ], "texture": "#foliage" },
        "up":    { "uv": [ 0.25, 1.75, 1.5, 4.75 ], "texture": "#foliage" },
        "north": { "uv": [ 0.5, 1.75, 1.5, 4.75 ], "texture": "#foliage" },
        "south": { "uv": [ 0.5, 1.75, 1.5, 4.75 ], "texture": "#foliage" },
        "west":  { "uv": [ 0.25, 1.75, 1.5, 4.5 ], "texture": "#foliage" },
        "east":  { "uv": [ 0.25, 1.75, 1.5, 4.5 ], "texture": "#foliage" }
    }
},
{
    "__comment": "leaf",
    "from": [ 12.25, 4, 11.5 ],
    "to": [ 13, 4.25, 12.25 ],
    "faces": {
        "down":  { "uv": [ 0.25, 1.75, 1.5, 4.75 ], "texture": "#foliage" },
        "up":    { "uv": [ 0.25, 1.75, 1.5, 4.75 ], "texture": "#foliage" },
        "north": { "uv": [ 0.5, 1.75, 1.5, 4.75 ], "texture": "#foliage" },
        "south": { "uv": [ 0.5, 1.75, 1.5, 4.75 ], "texture": "#foliage" },
        "west":  { "uv": [ 0.25, 1.75, 1.5, 4.5 ], "texture": "#foliage" },
        "east":  { "uv": [ 0.25, 1.75, 1.5, 4.5 ], "texture": "#foliage" }
    }
},
{
    "__comment": "leaf",
    "from": [ 12, 3.875, 11.625 ],
    "to": [ 12.25, 4.125, 12.125 ],
    "rotation": { "origin": [ 12, 4.125, 11.625 ], "axis": "z", "angle": 22.5 },
    "faces": {
        "down":  { "uv": [ 0.25, 1.75, 1.5, 4.75 ], "texture": "#foliage" },
        "up":    { "uv": [ 0.25, 1.75, 1.5, 4.75 ], "texture": "#foliage" },
        "north": { "uv": [ 0.5, 1.75, 1.5, 4.75 ], "texture": "#foliage" },
        "south": { "uv": [ 0.5, 1.75, 1.5, 4.75 ], "texture": "#foliage" },
        "west":  { "uv": [ 0.25, 1.75, 1.5, 4.5 ], "texture": "#foliage" },
        "east":  { "uv": [ 0.25, 1.75, 1.5, 4.5 ], "texture": "#foliage" }
    }
},
{
    "__comment": "leaf",
    "from": [ 12.625, 4.001, 11.875 ],
    "to": [ 13.125, 4.251, 12.375 ],
    "rotation": { "origin": [ 12.625, 4.001, 11.875 ], "axis": "y", "angle": 45 },
    "faces": {
        "down":  { "uv": [ 0.25, 1.75, 1.5, 4.75 ], "texture": "#foliage" },
        "up":    { "uv": [ 0.25, 1.75, 1.5, 4.75 ], "texture": "#foliage" },
        "north": { "uv": [ 0.5, 1.75, 1.5, 4.75 ], "texture": "#foliage" },
        "south": { "uv": [ 0.5, 1.75, 1.5, 4.75 ], "texture": "#foliage" },
        "west":  { "uv": [ 0.25, 1.75, 1.5, 4.5 ], "texture": "#foliage" },
        "east":  { "uv": [ 0.25, 1.75, 1.5, 4.5 ], "texture": "#foliage" }
    }
}
]
}