{
"__comment": "CoolScreenName http://www.planetminecraft.com/member/coolscreenname/",
"textures": {
    "particle": "blocks/carrots_stage_1",
    "texture": "blocks/debug",
    "farmland_wet": "blocks/farmland_wet",
    "foliage": "colormap/foliage",
    "log_oak": "blocks/log_oak"
},
"elements": [ 
{
    "__comment": "carrot",
    "from": [ 3.71, -1.025, 11.04 ],
    "to": [ 4.73, -0.775, 12.04 ],
    "faces": {
        "down":  { "uv": [ 13.25, 14.25, 13.75, 14.75 ], "texture": "#texture" },
        "up":    { "uv": [ 13.25, 14.25, 13.75, 14.75 ], "texture": "#texture" },
        "north": { "uv": [ 13.25, 14.25, 13.75, 14.75 ], "texture": "#texture" },
        "south": { "uv": [ 13.25, 14.25, 13.75, 14.75 ], "texture": "#texture" },
        "west":  { "uv": [ 13.25, 14.25, 13.75, 14.75 ], "texture": "#texture" },
        "east":  { "uv": [ 13.25, 14.25, 13.75, 14.75 ], "texture": "#texture" }
    }
},
{
    "__comment": "carrot",
    "from": [ 9.9692, -0.9722, 4.3992 ],
    "to": [ 10.9484, -0.809, 5.3784 ],
    "faces": {
        "down":  { "uv": [ 13.25, 14.25, 13.75, 14.75 ], "texture": "#texture" },
        "up":    { "uv": [ 13.25, 14.25, 13.75, 14.75 ], "texture": "#texture" },
        "north": { "uv": [ 13.25, 14.25, 13.75, 14.75 ], "texture": "#texture" },
        "south": { "uv": [ 13.25, 14.25, 13.75, 14.75 ], "texture": "#texture" },
        "west":  { "uv": [ 13.25, 14.25, 13.75, 14.75 ], "texture": "#texture" },
        "east":  { "uv": [ 13.25, 14.25, 13.75, 14.75 ], "texture": "#texture" }
    }
},
{
    "__comment": "carrot",
    "from": [ 9.7192, -0.9722, 10.9584 ],
    "to": [ 10.6984, -0.809, 11.9376 ],
    "faces": {
        "down":  { "uv": [ 13.25, 14.25, 13.75, 14.75 ], "texture": "#texture" },
        "up":    { "uv": [ 13.25, 14.25, 13.75, 14.75 ], "texture": "#texture" },
        "north": { "uv": [ 13.25, 14.25, 13.75, 14.75 ], "texture": "#texture" },
        "south": { "uv": [ 13.25, 14.25, 13.75, 14.75 ], "texture": "#texture" },
        "west":  { "uv": [ 13.25, 14.25, 13.75, 14.75 ], "texture": "#texture" },
        "east":  { "uv": [ 13.25, 14.25, 13.75, 14.75 ], "texture": "#texture" }
    }
},
{
    "__comment": "carrot",
    "from": [ 3.71, -0.945, 4.395 ],
    "to": [ 4.73, -0.775, 5.415 ],
    "faces": {
        "down":  { "uv": [ 13.25, 14.25, 13.75, 14.75 ], "texture": "#texture" },
        "up":    { "uv": [ 13.25, 14.25, 13.75, 14.75 ], "texture": "#texture" },
        "north": { "uv": [ 13.25, 14.25, 13.75, 14.75 ], "texture": "#texture" },
        "south": { "uv": [ 13.25, 14.25, 13.75, 14.75 ], "texture": "#texture" },
        "west":  { "uv": [ 13.25, 14.25, 13.75, 14.75 ], "texture": "#texture" },
        "east":  { "uv": [ 13.25, 14.25, 13.75, 14.75 ], "texture": "#texture" }
    }
},
{
    "__comment": "carrot top",
    "from": [ 3.965, -0.775, 4.65 ],
    "to": [ 4.475, -0.435, 5.16 ],
    "faces": {
        "down":  { "uv": [ 11.875, 4.375, 11.125, 3.625 ], "texture": "#log_oak" },
        "up":    { "uv": [ 4.125, 3.625, 4.875, 4.375 ], "texture": "#log_oak" },
        "north": { "uv": [ 11.125, 13.25, 11.875, 13.75 ], "texture": "#log_oak" },
        "south": { "uv": [ 4.125, 13.25, 4.875, 13.75 ], "texture": "#log_oak" },
        "west":  { "uv": [ 3.625, 13.25, 4.375, 13.75 ], "texture": "#log_oak" },
        "east":  { "uv": [ 11.625, 13.25, 12.375, 13.75 ], "texture": "#log_oak" }
    }
},
{
    "__comment": "carrot top",
    "from": [ 9.964, -0.809, 11.2032 ],
    "to": [ 10.4536, -0.4826, 11.6928 ],
    "faces": {
        "down":  { "uv": [ 4.875, 12.125, 4.125, 11.375 ], "texture": "#log_oak" },
        "up":    { "uv": [ 11.125, 11.375, 11.875, 12.125 ], "texture": "#log_oak" },
        "north": { "uv": [ 4.125, 13.25, 4.875, 13.75 ], "texture": "#log_oak" },
        "south": { "uv": [ 11.125, 13.25, 11.875, 13.75 ], "texture": "#log_oak" },
        "west":  { "uv": [ 11.375, 13.25, 12.125, 13.75 ], "texture": "#log_oak" },
        "east":  { "uv": [ 3.875, 13.25, 4.625, 13.75 ], "texture": "#log_oak" }
    }
},
{
    "__comment": "carrot top",
    "from": [ 3.965, -0.775, 11.295 ],
    "to": [ 4.475, -0.435, 11.805 ],
    "faces": {
        "down":  { "uv": [ 11.875, 12.125, 11.125, 11.375 ], "texture": "#log_oak" },
        "up":    { "uv": [ 4.125, 11.375, 4.875, 12.125 ], "texture": "#log_oak" },
        "north": { "uv": [ 11.125, 13.25, 11.875, 13.75 ], "texture": "#log_oak" },
        "south": { "uv": [ 4.125, 13.25, 4.875, 13.75 ], "texture": "#log_oak" },
        "west":  { "uv": [ 11.375, 13.25, 12.125, 13.75 ], "texture": "#log_oak" },
        "east":  { "uv": [ 3.875, 13.25, 4.625, 13.75 ], "texture": "#log_oak" }
    }
},
{
    "__comment": "carrot top",
    "from": [ 10.214, -0.809, 4.644 ],
    "to": [ 10.7036, -0.4826, 5.1336 ],
    "faces": {
        "down":  { "uv": [ 4.875, 4.375, 4.125, 3.625 ], "texture": "#log_oak" },
        "up":    { "uv": [ 11.125, 3.625, 11.875, 4.375 ], "texture": "#log_oak" },
        "north": { "uv": [ 4.125, 13.25, 4.875, 13.75 ], "texture": "#log_oak" },
        "south": { "uv": [ 11.125, 13.25, 11.875, 13.75 ], "texture": "#log_oak" },
        "west":  { "uv": [ 3.625, 13.25, 4.375, 13.75 ], "texture": "#log_oak" },
        "east":  { "uv": [ 11.625, 13.25, 12.375, 13.75 ], "texture": "#log_oak" }
    }
},
{
    "__comment": "stem",
    "from": [ 10.2956, -0.809, 5.7048 ],
    "to": [ 10.4588, 1.4758, 5.868 ],
    "rotation": { "origin": [ 10.2956, 1.4758, 5.7048 ], "axis": "x", "angle": 22.5 },
    "faces": {
        "down":  { "uv": [ 0.5, 5.5, 1.75, 11.75 ], "texture": "#foliage" },
        "up":    { "uv": [ 0.5, 5.5, 1.75, 11.75 ], "texture": "#foliage" },
        "north": { "uv": [ 1, 4.75, 2.25, 11.75 ], "texture": "#foliage" },
        "south": { "uv": [ 1, 4.75, 2.25, 11.75 ], "texture": "#foliage" },
        "west":  { "uv": [ 1, 5.25, 2.5, 12.75 ], "texture": "#foliage" },
        "east":  { "uv": [ 1, 5.25, 2.5, 12.75 ], "texture": "#foliage" }
    }
},
{
    "__comment": "stem",
    "from": [ 3.37, -0.945, 11.55 ],
    "to": [ 3.54, 0.925, 11.72 ],
    "rotation": { "origin": [ 3.37, 0.925, 11.55 ], "axis": "z", "angle": 22.5 },
    "faces": {
        "down":  { "uv": [ 0.5, 5.5, 1.75, 11.75 ], "texture": "#foliage" },
        "up":    { "uv": [ 0.5, 5.5, 1.75, 11.75 ], "texture": "#foliage" },
        "north": { "uv": [ 1, 4.75, 2.25, 11.75 ], "texture": "#foliage" },
        "south": { "uv": [ 1, 4.75, 2.25, 11.75 ], "texture": "#foliage" },
        "west":  { "uv": [ 1, 5.25, 2.5, 12.75 ], "texture": "#foliage" },
        "east":  { "uv": [ 1, 5.25, 2.5, 12.75 ], "texture": "#foliage" }
    }
},
{
    "__comment": "leaf",
    "from": [ 10.1324, 1.4758, 5.5416 ],
    "to": [ 10.622, 1.639, 6.1944 ],
    "faces": {
        "down":  { "uv": [ 0.25, 1.75, 1.5, 4.75 ], "texture": "#foliage" },
        "up":    { "uv": [ 0.25, 1.75, 1.5, 4.75 ], "texture": "#foliage" },
        "north": { "uv": [ 0.5, 1.75, 1.5, 4.75 ], "texture": "#foliage" },
        "south": { "uv": [ 0.5, 1.75, 1.5, 4.75 ], "texture": "#foliage" },
        "west":  { "uv": [ 0.25, 1.75, 1.5, 4.5 ], "texture": "#foliage" },
        "east":  { "uv": [ 0.25, 1.75, 1.5, 4.5 ], "texture": "#foliage" }
    }
},
{
    "__comment": "leaf",
    "from": [ 3.03, 0.925, 11.38 ],
    "to": [ 3.54, 1.095, 11.89 ],
    "faces": {
        "down":  { "uv": [ 0.25, 1.75, 1.5, 4.75 ], "texture": "#foliage" },
        "up":    { "uv": [ 0.25, 1.75, 1.5, 4.75 ], "texture": "#foliage" },
        "north": { "uv": [ 0.5, 1.75, 1.5, 4.75 ], "texture": "#foliage" },
        "south": { "uv": [ 0.5, 1.75, 1.5, 4.75 ], "texture": "#foliage" },
        "west":  { "uv": [ 0.25, 1.75, 1.5, 4.5 ], "texture": "#foliage" },
        "east":  { "uv": [ 0.25, 1.75, 1.5, 4.5 ], "texture": "#foliage" }
    }
},
{
    "__comment": "leaf",
    "from": [ 3.03, 0.925681, 11.38 ],
    "to": [ 3.37, 1.09568, 11.72 ],
    "rotation": { "origin": [ 3.03, 0.925681, 11.38 ], "axis": "y", "angle": -45 },
    "faces": {
        "down":  { "uv": [ 0.25, 1.75, 1.5, 4.75 ], "texture": "#foliage" },
        "up":    { "uv": [ 0.25, 1.75, 1.5, 4.75 ], "texture": "#foliage" },
        "north": { "uv": [ 0.5, 1.75, 1.5, 4.75 ], "texture": "#foliage" },
        "south": { "uv": [ 0.5, 1.75, 1.5, 4.75 ], "texture": "#foliage" },
        "west":  { "uv": [ 0.25, 1.75, 1.5, 4.5 ], "texture": "#foliage" },
        "east":  { "uv": [ 0.25, 1.75, 1.5, 4.5 ], "texture": "#foliage" }
    }
},
{
    "__comment": "leaf",
    "from": [ 10.3772, 1.47646, 5.9496 ],
    "to": [ 10.7036, 1.63966, 6.276 ],
    "rotation": { "origin": [ 10.3772, 1.47646, 5.9496 ], "axis": "y", "angle": -45 },
    "faces": {
        "down":  { "uv": [ 0.25, 1.75, 1.5, 4.75 ], "texture": "#foliage" },
        "up":    { "uv": [ 0.25, 1.75, 1.5, 4.75 ], "texture": "#foliage" },
        "north": { "uv": [ 0.5, 1.75, 1.5, 4.75 ], "texture": "#foliage" },
        "south": { "uv": [ 0.5, 1.75, 1.5, 4.75 ], "texture": "#foliage" },
        "west":  { "uv": [ 0.25, 1.75, 1.5, 4.5 ], "texture": "#foliage" },
        "east":  { "uv": [ 0.25, 1.75, 1.5, 4.5 ], "texture": "#foliage" }
    }
},
{
    "__comment": "leaf",
    "from": [ 10.214, 1.4758, 5.3784 ],
    "to": [ 10.5404, 1.639, 5.5416 ],
    "faces": {
        "down":  { "uv": [ 0.25, 1.75, 1.5, 4.75 ], "texture": "#foliage" },
        "up":    { "uv": [ 0.25, 1.75, 1.5, 4.75 ], "texture": "#foliage" },
        "north": { "uv": [ 0.5, 1.75, 1.5, 4.75 ], "texture": "#foliage" },
        "south": { "uv": [ 0.5, 1.75, 1.5, 4.75 ], "texture": "#foliage" },
        "west":  { "uv": [ 0.25, 1.75, 1.5, 4.5 ], "texture": "#foliage" },
        "east":  { "uv": [ 0.25, 1.75, 1.5, 4.5 ], "texture": "#foliage" }
    }
},
{
    "__comment": "leaf",
    "from": [ 3.54, 0.925, 11.465 ],
    "to": [ 3.71, 1.095, 11.805 ],
    "faces": {
        "down":  { "uv": [ 0.25, 1.75, 1.5, 4.75 ], "texture": "#foliage" },
        "up":    { "uv": [ 0.25, 1.75, 1.5, 4.75 ], "texture": "#foliage" },
        "north": { "uv": [ 0.5, 1.75, 1.5, 4.75 ], "texture": "#foliage" },
        "south": { "uv": [ 0.5, 1.75, 1.5, 4.75 ], "texture": "#foliage" },
        "west":  { "uv": [ 0.25, 1.75, 1.5, 4.5 ], "texture": "#foliage" },
        "east":  { "uv": [ 0.25, 1.75, 1.5, 4.5 ], "texture": "#foliage" }
    }
},
{
    "__comment": "stem",
    "from": [ 9.6428, -0.9722, 4.8888 ],
    "to": [ 9.806, 0.823, 5.052 ],
    "rotation": { "origin": [ 9.6428, 0.823, 4.8888 ], "axis": "z", "angle": 22.5 },
    "faces": {
        "down":  { "uv": [ 0.5, 5.5, 1.75, 11.75 ], "texture": "#foliage" },
        "up":    { "uv": [ 0.5, 5.5, 1.75, 11.75 ], "texture": "#foliage" },
        "north": { "uv": [ 1, 4.75, 2.25, 11.75 ], "texture": "#foliage" },
        "south": { "uv": [ 1, 4.75, 2.25, 11.75 ], "texture": "#foliage" },
        "west":  { "uv": [ 1, 5.25, 2.5, 12.75 ], "texture": "#foliage" },
        "east":  { "uv": [ 1, 5.25, 2.5, 12.75 ], "texture": "#foliage" }
    }
},
{
    "__comment": "leaf",
    "from": [ 9.3164, 0.823, 4.7256 ],
    "to": [ 9.806, 0.9862, 5.2152 ],
    "faces": {
        "down":  { "uv": [ 0.25, 1.75, 1.5, 4.75 ], "texture": "#foliage" },
        "up":    { "uv": [ 0.25, 1.75, 1.5, 4.75 ], "texture": "#foliage" },
        "north": { "uv": [ 0.5, 1.75, 1.5, 4.75 ], "texture": "#foliage" },
        "south": { "uv": [ 0.5, 1.75, 1.5, 4.75 ], "texture": "#foliage" },
        "west":  { "uv": [ 0.25, 1.75, 1.5, 4.5 ], "texture": "#foliage" },
        "east":  { "uv": [ 0.25, 1.75, 1.5, 4.5 ], "texture": "#foliage" }
    }
},
{
    "__comment": "leaf",
    "from": [ 9.3164, 0.823656, 4.7256 ],
    "to": [ 9.6428, 0.986856, 5.052 ],
    "rotation": { "origin": [ 9.3164, 0.823656, 4.7256 ], "axis": "y", "angle": -45 },
    "faces": {
        "down":  { "uv": [ 0.25, 1.75, 1.5, 4.75 ], "texture": "#foliage" },
        "up":    { "uv": [ 0.25, 1.75, 1.5, 4.75 ], "texture": "#foliage" },
        "north": { "uv": [ 0.5, 1.75, 1.5, 4.75 ], "texture": "#foliage" },
        "south": { "uv": [ 0.5, 1.75, 1.5, 4.75 ], "texture": "#foliage" },
        "west":  { "uv": [ 0.25, 1.75, 1.5, 4.5 ], "texture": "#foliage" },
        "east":  { "uv": [ 0.25, 1.75, 1.5, 4.5 ], "texture": "#foliage" }
    }
},
{
    "__comment": "leaf",
    "from": [ 9.806, 0.823, 4.8072 ],
    "to": [ 9.9692, 0.9862, 5.1336 ],
    "faces": {
        "down":  { "uv": [ 0.25, 1.75, 1.5, 4.75 ], "texture": "#foliage" },
        "up":    { "uv": [ 0.25, 1.75, 1.5, 4.75 ], "texture": "#foliage" },
        "north": { "uv": [ 0.5, 1.75, 1.5, 4.75 ], "texture": "#foliage" },
        "south": { "uv": [ 0.5, 1.75, 1.5, 4.75 ], "texture": "#foliage" },
        "west":  { "uv": [ 0.25, 1.75, 1.5, 4.5 ], "texture": "#foliage" },
        "east":  { "uv": [ 0.25, 1.75, 1.5, 4.5 ], "texture": "#foliage" }
    }
},
{
    "__comment": "stem",
    "from": [ 4.9, -0.945, 11.38 ],
    "to": [ 5.07, 0.925, 11.55 ],
    "rotation": { "origin": [ 4.9, 0.925, 11.38 ], "axis": "z", "angle": -22.5 },
    "faces": {
        "down":  { "uv": [ 0.5, 5.5, 1.75, 11.75 ], "texture": "#foliage" },
        "up":    { "uv": [ 0.5, 5.5, 1.75, 11.75 ], "texture": "#foliage" },
        "north": { "uv": [ 1, 4.75, 2.25, 11.75 ], "texture": "#foliage" },
        "south": { "uv": [ 1, 4.75, 2.25, 11.75 ], "texture": "#foliage" },
        "west":  { "uv": [ 1, 5.25, 2.5, 12.75 ], "texture": "#foliage" },
        "east":  { "uv": [ 1, 5.25, 2.5, 12.75 ], "texture": "#foliage" }
    }
},
{
    "__comment": "leaf",
    "from": [ 4.56, 0.755, 11.21 ],
    "to": [ 5.07, 0.925, 11.72 ],
    "rotation": { "origin": [ 4.56, 0.925, 11.21 ], "axis": "z", "angle": 22.5 },
    "faces": {
        "down":  { "uv": [ 0.25, 1.75, 1.5, 4.75 ], "texture": "#foliage" },
        "up":    { "uv": [ 0.25, 1.75, 1.5, 4.75 ], "texture": "#foliage" },
        "north": { "uv": [ 0.5, 1.75, 1.5, 4.75 ], "texture": "#foliage" },
        "south": { "uv": [ 0.5, 1.75, 1.5, 4.75 ], "texture": "#foliage" },
        "west":  { "uv": [ 0.25, 1.75, 1.5, 4.5 ], "texture": "#foliage" },
        "east":  { "uv": [ 0.25, 1.75, 1.5, 4.5 ], "texture": "#foliage" }
    }
},
{
    "__comment": "leaf",
    "from": [ 4.9, 0.925, 11.21 ],
    "to": [ 5.24, 1.095, 11.72 ],
    "faces": {
        "down":  { "uv": [ 0.25, 1.75, 1.5, 4.75 ], "texture": "#foliage" },
        "up":    { "uv": [ 0.25, 1.75, 1.5, 4.75 ], "texture": "#foliage" },
        "north": { "uv": [ 0.5, 1.75, 1.5, 4.75 ], "texture": "#foliage" },
        "south": { "uv": [ 0.5, 1.75, 1.5, 4.75 ], "texture": "#foliage" },
        "west":  { "uv": [ 0.25, 1.75, 1.5, 4.5 ], "texture": "#foliage" },
        "east":  { "uv": [ 0.25, 1.75, 1.5, 4.5 ], "texture": "#foliage" }
    }
},
{
    "__comment": "leaf",
    "from": [ 5.24, 0.925681, 11.21 ],
    "to": [ 5.58, 1.09568, 11.55 ],
    "rotation": { "origin": [ 5.24, 0.925681, 11.21 ], "axis": "y", "angle": -45 },
    "faces": {
        "down":  { "uv": [ 0.25, 1.75, 1.5, 4.75 ], "texture": "#foliage" },
        "up":    { "uv": [ 0.25, 1.75, 1.5, 4.75 ], "texture": "#foliage" },
        "north": { "uv": [ 0.5, 1.75, 1.5, 4.75 ], "texture": "#foliage" },
        "south": { "uv": [ 0.5, 1.75, 1.5, 4.75 ], "texture": "#foliage" },
        "west":  { "uv": [ 0.25, 1.75, 1.5, 4.5 ], "texture": "#foliage" },
        "east":  { "uv": [ 0.25, 1.75, 1.5, 4.5 ], "texture": "#foliage" }
    }
},
{
    "__comment": "stem",
    "from": [ 10.8616, -0.6458, 11.448 ],
    "to": [ 11.0248, 0.9862, 11.6112 ],
    "rotation": { "origin": [ 10.8616, 0.9862, 11.448 ], "axis": "z", "angle": -22.5 },
    "faces": {
        "down":  { "uv": [ 0.5, 5.5, 1.75, 11.75 ], "texture": "#foliage" },
        "up":    { "uv": [ 0.5, 5.5, 1.75, 11.75 ], "texture": "#foliage" },
        "north": { "uv": [ 1, 4.75, 2.25, 11.75 ], "texture": "#foliage" },
        "south": { "uv": [ 1, 4.75, 2.25, 11.75 ], "texture": "#foliage" },
        "west":  { "uv": [ 1, 5.25, 2.5, 12.75 ], "texture": "#foliage" },
        "east":  { "uv": [ 1, 5.25, 2.5, 12.75 ], "texture": "#foliage" }
    }
},
{
    "__comment": "stem",
    "from": [ 10.0456, -0.9722, 11.9376 ],
    "to": [ 10.2088, 0.6598, 12.1008 ],
    "rotation": { "origin": [ 10.0456, 0.6598, 11.9376 ], "axis": "x", "angle": 22.5 },
    "faces": {
        "down":  { "uv": [ 0.5, 5.5, 1.75, 11.75 ], "texture": "#foliage" },
        "up":    { "uv": [ 0.5, 5.5, 1.75, 11.75 ], "texture": "#foliage" },
        "north": { "uv": [ 1, 4.75, 2.25, 11.75 ], "texture": "#foliage" },
        "south": { "uv": [ 1, 4.75, 2.25, 11.75 ], "texture": "#foliage" },
        "west":  { "uv": [ 1, 5.25, 2.5, 12.75 ], "texture": "#foliage" },
        "east":  { "uv": [ 1, 5.25, 2.5, 12.75 ], "texture": "#foliage" }
    }
},
{
    "__comment": "stem",
    "from": [ 4.22, -0.945, 5.585 ],
    "to": [ 4.39, 0.755, 5.755 ],
    "rotation": { "origin": [ 4.22, 0.755, 5.585 ], "axis": "x", "angle": 22.5 },
    "faces": {
        "down":  { "uv": [ 0.5, 5.5, 1.75, 11.75 ], "texture": "#foliage" },
        "up":    { "uv": [ 0.5, 5.5, 1.75, 11.75 ], "texture": "#foliage" },
        "north": { "uv": [ 1, 4.75, 2.25, 11.75 ], "texture": "#foliage" },
        "south": { "uv": [ 1, 4.75, 2.25, 11.75 ], "texture": "#foliage" },
        "west":  { "uv": [ 1, 5.25, 2.5, 12.75 ], "texture": "#foliage" },
        "east":  { "uv": [ 1, 5.25, 2.5, 12.75 ], "texture": "#foliage" }
    }
},
{
    "__comment": "stem",
    "from": [ 4.22, -1.115, 3.885 ],
    "to": [ 4.39, 1.265, 4.055 ],
    "rotation": { "origin": [ 4.22, 1.265, 3.885 ], "axis": "x", "angle": -22.5 },
    "faces": {
        "down":  { "uv": [ 0.5, 5.5, 1.75, 11.75 ], "texture": "#foliage" },
        "up":    { "uv": [ 0.5, 5.5, 1.75, 11.75 ], "texture": "#foliage" },
        "north": { "uv": [ 1, 4.75, 2.25, 11.75 ], "texture": "#foliage" },
        "south": { "uv": [ 1, 4.75, 2.25, 11.75 ], "texture": "#foliage" },
        "west":  { "uv": [ 1, 5.25, 2.5, 12.75 ], "texture": "#foliage" },
        "east":  { "uv": [ 1, 5.25, 2.5, 12.75 ], "texture": "#foliage" }
    }
},
{
    "__comment": "leaf",
    "from": [ 9.8824, 0.415, 11.6112 ],
    "to": [ 10.372, 0.5782, 12.264 ],
    "rotation": { "origin": [ 9.8824, 0.5782, 11.6112 ], "axis": "x", "angle": -22.5 },
    "faces": {
        "down":  { "uv": [ 0.25, 1.75, 1.5, 4.75 ], "texture": "#foliage" },
        "up":    { "uv": [ 0.25, 1.75, 1.5, 4.75 ], "texture": "#foliage" },
        "north": { "uv": [ 0.5, 1.75, 1.5, 4.75 ], "texture": "#foliage" },
        "south": { "uv": [ 0.5, 1.75, 1.5, 4.75 ], "texture": "#foliage" },
        "west":  { "uv": [ 0.25, 1.75, 1.5, 4.5 ], "texture": "#foliage" },
        "east":  { "uv": [ 0.25, 1.75, 1.5, 4.5 ], "texture": "#foliage" }
    }
},
{
    "__comment": "leaf",
    "from": [ 9.8824, 0.6598, 12.1824 ],
    "to": [ 10.372, 0.823, 12.5088 ],
    "faces": {
        "down":  { "uv": [ 0.25, 1.75, 1.5, 4.75 ], "texture": "#foliage" },
        "up":    { "uv": [ 0.25, 1.75, 1.5, 4.75 ], "texture": "#foliage" },
        "north": { "uv": [ 0.5, 1.75, 1.5, 4.75 ], "texture": "#foliage" },
        "south": { "uv": [ 0.5, 1.75, 1.5, 4.75 ], "texture": "#foliage" },
        "west":  { "uv": [ 0.25, 1.75, 1.5, 4.5 ], "texture": "#foliage" },
        "east":  { "uv": [ 0.25, 1.75, 1.5, 4.5 ], "texture": "#foliage" }
    }
},
{
    "__comment": "leaf",
    "from": [ 10.1272, 0.660456, 12.264 ],
    "to": [ 10.4536, 0.823656, 12.5904 ],
    "rotation": { "origin": [ 10.1272, 0.660456, 12.264 ], "axis": "y", "angle": -45 },
    "faces": {
        "down":  { "uv": [ 0.25, 1.75, 1.5, 4.75 ], "texture": "#foliage" },
        "up":    { "uv": [ 0.25, 1.75, 1.5, 4.75 ], "texture": "#foliage" },
        "north": { "uv": [ 0.5, 1.75, 1.5, 4.75 ], "texture": "#foliage" },
        "south": { "uv": [ 0.5, 1.75, 1.5, 4.75 ], "texture": "#foliage" },
        "west":  { "uv": [ 0.25, 1.75, 1.5, 4.5 ], "texture": "#foliage" },
        "east":  { "uv": [ 0.25, 1.75, 1.5, 4.5 ], "texture": "#foliage" }
    }
},
{
    "__comment": "leaf",
    "from": [ 4.05, 0.5, 5.245 ],
    "to": [ 4.56, 0.67, 5.925 ],
    "rotation": { "origin": [ 4.05, 0.67, 5.245 ], "axis": "x", "angle": -22.5 },
    "faces": {
        "down":  { "uv": [ 0.25, 1.75, 1.5, 4.75 ], "texture": "#foliage" },
        "up":    { "uv": [ 0.25, 1.75, 1.5, 4.75 ], "texture": "#foliage" },
        "north": { "uv": [ 0.5, 1.75, 1.5, 4.75 ], "texture": "#foliage" },
        "south": { "uv": [ 0.5, 1.75, 1.5, 4.75 ], "texture": "#foliage" },
        "west":  { "uv": [ 0.25, 1.75, 1.5, 4.5 ], "texture": "#foliage" },
        "east":  { "uv": [ 0.25, 1.75, 1.5, 4.5 ], "texture": "#foliage" }
    }
},
{
    "__comment": "leaf",
    "from": [ 4.05, 0.755, 5.84 ],
    "to": [ 4.56, 0.925, 6.18 ],
    "faces": {
        "down":  { "uv": [ 0.25, 1.75, 1.5, 4.75 ], "texture": "#foliage" },
        "up":    { "uv": [ 0.25, 1.75, 1.5, 4.75 ], "texture": "#foliage" },
        "north": { "uv": [ 0.5, 1.75, 1.5, 4.75 ], "texture": "#foliage" },
        "south": { "uv": [ 0.5, 1.75, 1.5, 4.75 ], "texture": "#foliage" },
        "west":  { "uv": [ 0.25, 1.75, 1.5, 4.5 ], "texture": "#foliage" },
        "east":  { "uv": [ 0.25, 1.75, 1.5, 4.5 ], "texture": "#foliage" }
    }
},
{
    "__comment": "leaf",
    "from": [ 4.305, 0.755681, 5.925 ],
    "to": [ 4.645, 0.925681, 6.265 ],
    "rotation": { "origin": [ 4.305, 0.755681, 5.925 ], "axis": "y", "angle": -45 },
    "faces": {
        "down":  { "uv": [ 0.25, 1.75, 1.5, 4.75 ], "texture": "#foliage" },
        "up":    { "uv": [ 0.25, 1.75, 1.5, 4.75 ], "texture": "#foliage" },
        "north": { "uv": [ 0.5, 1.75, 1.5, 4.75 ], "texture": "#foliage" },
        "south": { "uv": [ 0.5, 1.75, 1.5, 4.75 ], "texture": "#foliage" },
        "west":  { "uv": [ 0.25, 1.75, 1.5, 4.5 ], "texture": "#foliage" },
        "east":  { "uv": [ 0.25, 1.75, 1.5, 4.5 ], "texture": "#foliage" }
    }
},
{
    "__comment": "leaf",
    "from": [ 4.05, 1.265, 3.885 ],
    "to": [ 4.56, 1.435, 4.225 ],
    "faces": {
        "down":  { "uv": [ 0.25, 1.75, 1.5, 4.75 ], "texture": "#foliage" },
        "up":    { "uv": [ 0.25, 1.75, 1.5, 4.75 ], "texture": "#foliage" },
        "north": { "uv": [ 0.5, 1.75, 1.5, 4.75 ], "texture": "#foliage" },
        "south": { "uv": [ 0.5, 1.75, 1.5, 4.75 ], "texture": "#foliage" },
        "west":  { "uv": [ 0.25, 1.75, 1.5, 4.5 ], "texture": "#foliage" },
        "east":  { "uv": [ 0.25, 1.75, 1.5, 4.5 ], "texture": "#foliage" }
    }
},
{
    "__comment": "leaf",
    "from": [ 4.135, 1.265, 4.225 ],
    "to": [ 4.475, 1.435, 4.395 ],
    "faces": {
        "down":  { "uv": [ 0.25, 1.75, 1.5, 4.75 ], "texture": "#foliage" },
        "up":    { "uv": [ 0.25, 1.75, 1.5, 4.75 ], "texture": "#foliage" },
        "north": { "uv": [ 0.5, 1.75, 1.5, 4.75 ], "texture": "#foliage" },
        "south": { "uv": [ 0.5, 1.75, 1.5, 4.75 ], "texture": "#foliage" },
        "west":  { "uv": [ 0.25, 1.75, 1.5, 4.5 ], "texture": "#foliage" },
        "east":  { "uv": [ 0.25, 1.75, 1.5, 4.5 ], "texture": "#foliage" }
    }
},
{
    "__comment": "leaf",
    "from": [ 4.305, 1.26568, 3.63 ],
    "to": [ 4.645, 1.43568, 3.97 ],
    "rotation": { "origin": [ 4.305, 1.26568, 3.63 ], "axis": "y", "angle": -45 },
    "faces": {
        "down":  { "uv": [ 0.25, 1.75, 1.5, 4.75 ], "texture": "#foliage" },
        "up":    { "uv": [ 0.25, 1.75, 1.5, 4.75 ], "texture": "#foliage" },
        "north": { "uv": [ 0.5, 1.75, 1.5, 4.75 ], "texture": "#foliage" },
        "south": { "uv": [ 0.5, 1.75, 1.5, 4.75 ], "texture": "#foliage" },
        "west":  { "uv": [ 0.25, 1.75, 1.5, 4.5 ], "texture": "#foliage" },
        "east":  { "uv": [ 0.25, 1.75, 1.5, 4.5 ], "texture": "#foliage" }
    }
},
{
    "__comment": "leaf",
    "from": [ 10.6984, 0.9862, 11.2848 ],
    "to": [ 11.188, 1.1494, 11.7744 ],
    "faces": {
        "down":  { "uv": [ 0.25, 1.75, 1.5, 4.75 ], "texture": "#foliage" },
        "up":    { "uv": [ 0.25, 1.75, 1.5, 4.75 ], "texture": "#foliage" },
        "north": { "uv": [ 0.5, 1.75, 1.5, 4.75 ], "texture": "#foliage" },
        "south": { "uv": [ 0.5, 1.75, 1.5, 4.75 ], "texture": "#foliage" },
        "west":  { "uv": [ 0.25, 1.75, 1.5, 4.5 ], "texture": "#foliage" },
        "east":  { "uv": [ 0.25, 1.75, 1.5, 4.5 ], "texture": "#foliage" }
    }
},
{
    "__comment": "leaf",
    "from": [ 10.5352, 0.9046, 11.3664 ],
    "to": [ 10.6984, 1.0678, 11.6928 ],
    "rotation": { "origin": [ 10.5352, 1.0678, 11.3664 ], "axis": "z", "angle": 22.5 },
    "faces": {
        "down":  { "uv": [ 0.25, 1.75, 1.5, 4.75 ], "texture": "#foliage" },
        "up":    { "uv": [ 0.25, 1.75, 1.5, 4.75 ], "texture": "#foliage" },
        "north": { "uv": [ 0.5, 1.75, 1.5, 4.75 ], "texture": "#foliage" },
        "south": { "uv": [ 0.5, 1.75, 1.5, 4.75 ], "texture": "#foliage" },
        "west":  { "uv": [ 0.25, 1.75, 1.5, 4.5 ], "texture": "#foliage" },
        "east":  { "uv": [ 0.25, 1.75, 1.5, 4.5 ], "texture": "#foliage" }
    }
},
{
    "__comment": "leaf",
    "from": [ 10.9432, 0.986856, 11.5296 ],
    "to": [ 11.2696, 1.15006, 11.856 ],
    "rotation": { "origin": [ 10.9432, 0.986856, 11.5296 ], "axis": "y", "angle": 45 },
    "faces": {
        "down":  { "uv": [ 0.25, 1.75, 1.5, 4.75 ], "texture": "#foliage" },
        "up":    { "uv": [ 0.25, 1.75, 1.5, 4.75 ], "texture": "#foliage" },
        "north": { "uv": [ 0.5, 1.75, 1.5, 4.75 ], "texture": "#foliage" },
        "south": { "uv": [ 0.5, 1.75, 1.5, 4.75 ], "texture": "#foliage" },
        "west":  { "uv": [ 0.25, 1.75, 1.5, 4.5 ], "texture": "#foliage" },
        "east":  { "uv": [ 0.25, 1.75, 1.5, 4.5 ], "texture": "#foliage" }
    }
}
]
}