{
"__comment": "3D Models by Sibsib92 with BDcraft Cubik PRO 0.87 Beta - http://bdcraft.net",
"ambientocclusion": false,
"textures": {
    "particle": "blocks/cauldron_inner",
    "texture": "blocks/water_still"
},
"elements": [ 
{
    "__comment": "16",
    "from": [ 2, 15, 2 ],
    "to": [ 4, 16, 4 ],
    "faces": {
        "down":  { "uv": [ 2, 2, 4, 4 ], "texture": "#particle" },
        "up":    { "uv": [ 2, 2, 4, 4 ], "texture": "#particle" },
        "north": { "uv": [ 4, 0, 2, 1 ], "texture": "#particle" },
        "south": { "uv": [ 2, 0, 4, 1 ], "texture": "#particle" },
        "west":  { "uv": [ 2, 0, 4, 1 ], "texture": "#particle" },
        "east":  { "uv": [ 4, 0, 2, 1 ], "texture": "#particle" }
    }
},
{
    "__comment": "16",
    "from": [ 12, 15, 2 ],
    "to": [ 14, 16, 4 ],
    "faces": {
        "down":  { "uv": [ 12, 2, 14, 4 ], "texture": "#particle" },
        "up":    { "uv": [ 12, 2, 14, 4 ], "texture": "#particle" },
        "north": { "uv": [ 14, 0, 12, 1 ], "texture": "#particle" },
        "south": { "uv": [ 12, 0, 14, 1 ], "texture": "#particle" },
        "west":  { "uv": [ 2, 0, 4, 1 ], "texture": "#particle" },
        "east":  { "uv": [ 4, 0, 2, 1 ], "texture": "#particle" }
    }
},
{
    "__comment": "16",
    "from": [ 2, 15, 12 ],
    "to": [ 4, 16, 14 ],
    "faces": {
        "down":  { "uv": [ 2, 12, 4, 14 ], "texture": "#particle" },
        "up":    { "uv": [ 2, 12, 4, 14 ], "texture": "#particle" },
        "north": { "uv": [ 4, 0, 2, 1 ], "texture": "#particle" },
        "south": { "uv": [ 2, 0, 4, 1 ], "texture": "#particle" },
        "west":  { "uv": [ 12, 0, 14, 1 ], "texture": "#particle" },
        "east":  { "uv": [ 14, 0, 12, 1 ], "texture": "#particle" }
    }
},
{
    "__comment": "16",
    "from": [ 12, 15, 12 ],
    "to": [ 14, 16, 14 ],
    "faces": {
        "down":  { "uv": [ 12, 12, 14, 14 ], "texture": "#particle" },
        "up":    { "uv": [ 12, 12, 14, 14 ], "texture": "#particle" },
        "north": { "uv": [ 14, 0, 12, 1 ], "texture": "#particle" },
        "south": { "uv": [ 12, 0, 14, 1 ], "texture": "#particle" },
        "west":  { "uv": [ 12, 0, 14, 1 ], "texture": "#particle" },
        "east":  { "uv": [ 14, 0, 12, 1 ], "texture": "#particle" }
    }
},
{
    "__comment": "16",
    "from": [ 7, 15, 14 ],
    "to": [ 9, 16, 16 ],
    "faces": {
        "down":  { "uv": [ 7, 14, 9, 16 ], "texture": "#particle" },
        "up":    { "uv": [ 7, 14, 9, 16 ], "texture": "#particle" },
        "north": { "uv": [ 9, 0, 7, 1 ], "texture": "#particle" },
        "south": { "uv": [ 7, 0, 9, 1 ], "texture": "#particle" },
        "west":  { "uv": [ 14, 0, 16, 1 ], "texture": "#particle" },
        "east":  { "uv": [ 16, 0, 14, 1 ], "texture": "#particle" }
    }
},
{
    "__comment": "16",
    "from": [ 0, 15, 7 ],
    "to": [ 2, 16, 9 ],
    "faces": {
        "down":  { "uv": [ 0, 9, 2, 7 ], "texture": "#particle" },
        "up":    { "uv": [ 0, 7, 2, 9 ], "texture": "#particle" },
        "north": { "uv": [ 2, 0, 0, 1 ], "texture": "#particle" },
        "south": { "uv": [ 0, 0, 2, 1 ], "texture": "#particle" },
        "west":  { "uv": [ 7, 0, 9, 1 ], "texture": "#particle" },
        "east":  { "uv": [ 9, 0, 7, 1 ], "texture": "#particle" }
    }
},
{
    "__comment": "16",
    "from": [ 4, 15, 1 ],
    "to": [ 7, 16, 3 ],
    "faces": {
        "down":  { "uv": [ 4, 1, 7, 3 ], "texture": "#particle" },
        "up":    { "uv": [ 4, 1, 7, 3 ], "texture": "#particle" },
        "north": { "uv": [ 7, 0, 4, 1 ], "texture": "#particle" },
        "south": { "uv": [ 4, 0, 7, 1 ], "texture": "#particle" },
        "west":  { "uv": [ 1, 0, 3, 1 ], "texture": "#particle" },
        "east":  { "uv": [ 3, 0, 1, 1 ], "texture": "#particle" }
    }
},
{
    "__comment": "16",
    "from": [ 13, 15, 9 ],
    "to": [ 15, 16, 12 ],
    "faces": {
        "down":  { "uv": [ 13, 9, 15, 12 ], "texture": "#particle" },
        "up":    { "uv": [ 13, 9, 15, 12 ], "texture": "#particle" },
        "north": { "uv": [ 15, 0, 13, 1 ], "texture": "#particle" },
        "south": { "uv": [ 13, 0, 15, 1 ], "texture": "#particle" },
        "west":  { "uv": [ 9, 0, 12, 1 ], "texture": "#particle" },
        "east":  { "uv": [ 12, 0, 9, 1 ], "texture": "#particle" }
    }
},
{
    "__comment": "16",
    "from": [ 9, 15, 13 ],
    "to": [ 12, 16, 15 ],
    "faces": {
        "down":  { "uv": [ 9, 13, 12, 15 ], "texture": "#particle" },
        "up":    { "uv": [ 9, 13, 12, 15 ], "texture": "#particle" },
        "north": { "uv": [ 12, 0, 9, 1 ], "texture": "#particle" },
        "south": { "uv": [ 9, 0, 12, 1 ], "texture": "#particle" },
        "west":  { "uv": [ 13, 0, 15, 1 ], "texture": "#particle" },
        "east":  { "uv": [ 15, 0, 13, 1 ], "texture": "#particle" }
    }
},
{
    "__comment": "16",
    "from": [ 1, 15, 4 ],
    "to": [ 3, 16, 7 ],
    "faces": {
        "down":  { "uv": [ 1, 4, 3, 7 ], "texture": "#particle" },
        "up":    { "uv": [ 1, 4, 3, 7 ], "texture": "#particle" },
        "north": { "uv": [ 3, 0, 1, 1 ], "texture": "#particle" },
        "south": { "uv": [ 1, 0, 3, 1 ], "texture": "#particle" },
        "west":  { "uv": [ 4, 0, 7, 1 ], "texture": "#particle" },
        "east":  { "uv": [ 7, 0, 4, 1 ], "texture": "#particle" }
    }
},
{
    "__comment": "16",
    "from": [ 9, 15, 1 ],
    "to": [ 12, 16, 3 ],
    "faces": {
        "down":  { "uv": [ 9, 1, 12, 3 ], "texture": "#particle" },
        "up":    { "uv": [ 9, 1, 12, 3 ], "texture": "#particle" },
        "north": { "uv": [ 12, 0, 9, 1 ], "texture": "#particle" },
        "south": { "uv": [ 9, 0, 12, 1 ], "texture": "#particle" },
        "west":  { "uv": [ 1, 0, 3, 1 ], "texture": "#particle" },
        "east":  { "uv": [ 3, 0, 1, 1 ], "texture": "#particle" }
    }
},
{
    "__comment": "16",
    "from": [ 14, 15, 7 ],
    "to": [ 16, 16, 9 ],
    "faces": {
        "down":  { "uv": [ 14, 9, 16, 7 ], "texture": "#particle" },
        "up":    { "uv": [ 14, 7, 16, 9 ], "texture": "#particle" },
        "north": { "uv": [ 16, 0, 14, 1 ], "texture": "#particle" },
        "south": { "uv": [ 14, 0, 16, 1 ], "texture": "#particle" },
        "west":  { "uv": [ 7, 0, 9, 1 ], "texture": "#particle" },
        "east":  { "uv": [ 9, 0, 7, 1 ], "texture": "#particle" }
    }
},
{
    "__comment": "16",
    "from": [ 4, 15, 13 ],
    "to": [ 7, 16, 15 ],
    "faces": {
        "down":  { "uv": [ 4, 13, 7, 15 ], "texture": "#particle" },
        "up":    { "uv": [ 4, 13, 7, 15 ], "texture": "#particle" },
        "north": { "uv": [ 7, 0, 4, 1 ], "texture": "#particle" },
        "south": { "uv": [ 4, 0, 7, 1 ], "texture": "#particle" },
        "west":  { "uv": [ 13, 0, 15, 1 ], "texture": "#particle" },
        "east":  { "uv": [ 15, 0, 13, 1 ], "texture": "#particle" }
    }
},
{
    "__comment": "16",
    "from": [ 1, 15, 9 ],
    "to": [ 3, 16, 12 ],
    "faces": {
        "down":  { "uv": [ 1, 12, 3, 9 ], "texture": "#particle" },
        "up":    { "uv": [ 1, 9, 3, 12 ], "texture": "#particle" },
        "north": { "uv": [ 3, 0, 1, 1 ], "texture": "#particle" },
        "south": { "uv": [ 1, 0, 3, 1 ], "texture": "#particle" },
        "west":  { "uv": [ 9, 0, 12, 1 ], "texture": "#particle" },
        "east":  { "uv": [ 12, 0, 9, 1 ], "texture": "#particle" }
    }
},
{
    "__comment": "16",
    "from": [ 7, 15, 0 ],
    "to": [ 9, 16, 2 ],
    "faces": {
        "down":  { "uv": [ 7, 0, 9, 2 ], "texture": "#particle" },
        "up":    { "uv": [ 7, 0, 9, 2 ], "texture": "#particle" },
        "north": { "uv": [ 9, 0, 7, 1 ], "texture": "#particle" },
        "south": { "uv": [ 7, 0, 9, 1 ], "texture": "#particle" },
        "west":  { "uv": [ 0, 0, 2, 1 ], "texture": "#particle" },
        "east":  { "uv": [ 2, 0, 0, 1 ], "texture": "#particle" }
    }
},
{
    "__comment": "16",
    "from": [ 13, 15, 4 ],
    "to": [ 15, 16, 7 ],
    "faces": {
        "down":  { "uv": [ 13, 4, 15, 7 ], "texture": "#particle" },
        "up":    { "uv": [ 13, 4, 15, 7 ], "texture": "#particle" },
        "north": { "uv": [ 15, 0, 13, 1 ], "texture": "#particle" },
        "south": { "uv": [ 13, 0, 15, 1 ], "texture": "#particle" },
        "west":  { "uv": [ 4, 0, 7, 1 ], "texture": "#particle" },
        "east":  { "uv": [ 7, 0, 4, 1 ], "texture": "#particle" }
    }
},
{
    "__comment": "14+15",
    "from": [ 3, 13, 3 ],
    "to": [ 4, 15, 4 ],
    "faces": {
        "down":  { "uv": [ 13, 4, 12, 3 ], "texture": "#particle" },
        "north": { "uv": [ 4, 1, 3, 3 ], "texture": "#particle" },
        "south": { "uv": [ 3, 1, 4, 3 ], "texture": "#particle" },
        "west":  { "uv": [ 3, 1, 4, 3 ], "texture": "#particle" },
        "east":  { "uv": [ 4, 1, 3, 3 ], "texture": "#particle" }
    }
},
{
    "__comment": "14+15",
    "from": [ 12, 13, 3 ],
    "to": [ 13, 15, 4 ],
    "faces": {
        "down":  { "uv": [ 4, 4, 3, 3 ], "texture": "#particle" },
        "north": { "uv": [ 13, 1, 12, 3 ], "texture": "#particle" },
        "south": { "uv": [ 12, 1, 13, 3 ], "texture": "#particle" },
        "west":  { "uv": [ 3, 1, 4, 3 ], "texture": "#particle" },
        "east":  { "uv": [ 4, 1, 3, 3 ], "texture": "#particle" }
    }
},
{
    "__comment": "14+15",
    "from": [ 3, 13, 12 ],
    "to": [ 4, 15, 13 ],
    "faces": {
        "down":  { "uv": [ 13, 13, 12, 12 ], "texture": "#particle" },
        "north": { "uv": [ 4, 1, 3, 3 ], "texture": "#particle" },
        "south": { "uv": [ 3, 1, 4, 3 ], "texture": "#particle" },
        "west":  { "uv": [ 12, 1, 13, 3 ], "texture": "#particle" },
        "east":  { "uv": [ 13, 1, 12, 3 ], "texture": "#particle" }
    }
},
{
    "__comment": "14+15",
    "from": [ 12, 13, 12 ],
    "to": [ 13, 15, 13 ],
    "faces": {
        "down":  { "uv": [ 4, 13, 3, 12 ], "texture": "#particle" },
        "north": { "uv": [ 13, 1, 12, 3 ], "texture": "#particle" },
        "south": { "uv": [ 12, 1, 13, 3 ], "texture": "#particle" },
        "west":  { "uv": [ 12, 1, 13, 3 ], "texture": "#particle" },
        "east":  { "uv": [ 13, 1, 12, 3 ], "texture": "#particle" }
    }
},
{
    "__comment": "14+15",
    "from": [ 7, 13, 14 ],
    "to": [ 9, 15, 15 ],
    "faces": {
        "north": { "uv": [ 9, 1, 7, 3 ], "texture": "#particle" },
        "south": { "uv": [ 7, 1, 9, 3 ], "texture": "#particle" },
        "west":  { "uv": [ 14, 1, 15, 3 ], "texture": "#particle" },
        "east":  { "uv": [ 15, 1, 14, 3 ], "texture": "#particle" }
    }
},
{
    "__comment": "14+15",
    "from": [ 1, 13, 7 ],
    "to": [ 2, 15, 9 ],
    "faces": {
        "north": { "uv": [ 2, 1, 1, 3 ], "texture": "#particle" },
        "south": { "uv": [ 1, 1, 2, 3 ], "texture": "#particle" },
        "west":  { "uv": [ 7, 1, 9, 3 ], "texture": "#particle" },
        "east":  { "uv": [ 9, 1, 7, 3 ], "texture": "#particle" }
    }
},
{
    "__comment": "14+15",
    "from": [ 4, 13, 2 ],
    "to": [ 7, 15, 3 ],
    "faces": {
        "down":  { "uv": [ 12, 3, 9, 2 ], "texture": "#particle" },
        "north": { "uv": [ 7, 1, 4, 3 ], "texture": "#particle" },
        "south": { "uv": [ 4, 1, 7, 3 ], "texture": "#particle" },
        "west":  { "uv": [ 2, 1, 3, 3 ], "texture": "#particle" },
        "east":  { "uv": [ 3, 1, 2, 3 ], "texture": "#particle" }
    }
},
{
    "__comment": "14+15",
    "from": [ 13, 13, 9 ],
    "to": [ 14, 15, 12 ],
    "faces": {
        "down":  { "uv": [ 3, 12, 2, 9 ], "texture": "#particle" },
        "north": { "uv": [ 14, 1, 13, 3 ], "texture": "#particle" },
        "south": { "uv": [ 13, 1, 14, 3 ], "texture": "#particle" },
        "west":  { "uv": [ 9, 1, 12, 3 ], "texture": "#particle" },
        "east":  { "uv": [ 12, 1, 9, 3 ], "texture": "#particle" }
    }
},
{
    "__comment": "14+15",
    "from": [ 9, 13, 13 ],
    "to": [ 12, 15, 14 ],
    "faces": {
        "down":  { "uv": [ 7, 14, 4, 13 ], "texture": "#particle" },
        "north": { "uv": [ 12, 1, 9, 3 ], "texture": "#particle" },
        "south": { "uv": [ 9, 1, 12, 3 ], "texture": "#particle" },
        "west":  { "uv": [ 13, 1, 14, 3 ], "texture": "#particle" },
        "east":  { "uv": [ 14, 1, 13, 3 ], "texture": "#particle" }
    }
},
{
    "__comment": "14+15",
    "from": [ 2, 13, 4 ],
    "to": [ 3, 15, 7 ],
    "faces": {
        "down":  { "uv": [ 14, 7, 13, 4 ], "texture": "#particle" },
        "north": { "uv": [ 3, 1, 2, 3 ], "texture": "#particle" },
        "south": { "uv": [ 2, 1, 3, 3 ], "texture": "#particle" },
        "west":  { "uv": [ 4, 1, 7, 3 ], "texture": "#particle" },
        "east":  { "uv": [ 7, 1, 4, 3 ], "texture": "#particle" }
    }
},
{
    "__comment": "14+15",
    "from": [ 9, 13, 2 ],
    "to": [ 12, 15, 3 ],
    "faces": {
        "down":  { "uv": [ 7, 3, 4, 2 ], "texture": "#particle" },
        "north": { "uv": [ 12, 1, 9, 3 ], "texture": "#particle" },
        "south": { "uv": [ 9, 1, 12, 3 ], "texture": "#particle" },
        "west":  { "uv": [ 2, 1, 3, 3 ], "texture": "#particle" },
        "east":  { "uv": [ 3, 1, 2, 3 ], "texture": "#particle" }
    }
},
{
    "__comment": "14+15",
    "from": [ 14, 13, 7 ],
    "to": [ 15, 15, 9 ],
    "faces": {
        "north": { "uv": [ 15, 1, 14, 3 ], "texture": "#particle" },
        "south": { "uv": [ 14, 1, 15, 3 ], "texture": "#particle" },
        "west":  { "uv": [ 7, 1, 9, 3 ], "texture": "#particle" },
        "east":  { "uv": [ 9, 1, 7, 3 ], "texture": "#particle" }
    }
},
{
    "__comment": "14+15",
    "from": [ 4, 13, 13 ],
    "to": [ 7, 15, 14 ],
    "faces": {
        "down":  { "uv": [ 12, 14, 9, 13 ], "texture": "#particle" },
        "north": { "uv": [ 7, 1, 4, 3 ], "texture": "#particle" },
        "south": { "uv": [ 4, 1, 7, 3 ], "texture": "#particle" },
        "west":  { "uv": [ 13, 1, 14, 3 ], "texture": "#particle" },
        "east":  { "uv": [ 14, 1, 13, 3 ], "texture": "#particle" }
    }
},
{
    "__comment": "14+15",
    "from": [ 2, 13, 9 ],
    "to": [ 3, 15, 12 ],
    "faces": {
        "down":  { "uv": [ 14, 12, 13, 9 ], "texture": "#particle" },
        "north": { "uv": [ 3, 1, 2, 3 ], "texture": "#particle" },
        "south": { "uv": [ 2, 1, 3, 3 ], "texture": "#particle" },
        "west":  { "uv": [ 9, 1, 12, 3 ], "texture": "#particle" },
        "east":  { "uv": [ 12, 1, 9, 3 ], "texture": "#particle" }
    }
},
{
    "__comment": "14+15",
    "from": [ 7, 13, 1 ],
    "to": [ 9, 15, 2 ],
    "faces": {
        "north": { "uv": [ 9, 1, 7, 3 ], "texture": "#particle" },
        "south": { "uv": [ 7, 1, 9, 3 ], "texture": "#particle" },
        "west":  { "uv": [ 1, 1, 2, 3 ], "texture": "#particle" },
        "east":  { "uv": [ 2, 1, 1, 3 ], "texture": "#particle" }
    }
},
{
    "__comment": "14+15",
    "from": [ 13, 13, 4 ],
    "to": [ 14, 15, 7 ],
    "faces": {
        "down":  { "uv": [ 3, 7, 2, 4 ], "texture": "#particle" },
        "north": { "uv": [ 14, 1, 13, 3 ], "texture": "#particle" },
        "south": { "uv": [ 13, 1, 14, 3 ], "texture": "#particle" },
        "west":  { "uv": [ 4, 1, 7, 3 ], "texture": "#particle" },
        "east":  { "uv": [ 7, 1, 4, 3 ], "texture": "#particle" }
    }
},
{
    "__comment": "13",
    "from": [ 3, 12, 2 ],
    "to": [ 5, 13, 3 ],
    "faces": {
        "down":  { "uv": [ 3, 2, 5, 3 ], "texture": "#particle" },
        "up":    { "uv": [ 3, 2, 5, 3 ], "texture": "#particle" },
        "north": { "uv": [ 5, 3, 3, 4 ], "texture": "#particle" },
        "south": { "uv": [ 3, 3, 5, 4 ], "texture": "#particle" },
        "west":  { "uv": [ 2, 3, 3, 4 ], "texture": "#particle" },
        "east":  { "uv": [ 3, 3, 2, 4 ], "texture": "#particle" }
    }
},
{
    "__comment": "13",
    "from": [ 1, 12, 5 ],
    "to": [ 2, 13, 11 ],
    "faces": {
        "down":  { "uv": [ 1, 5, 2, 11 ], "texture": "#particle" },
        "up":    { "uv": [ 1, 5, 2, 11 ], "texture": "#particle" },
        "north": { "uv": [ 2, 3, 1, 4 ], "texture": "#particle" },
        "south": { "uv": [ 1, 3, 2, 4 ], "texture": "#particle" },
        "west":  { "uv": [ 5, 3, 11, 4 ], "texture": "#particle" },
        "east":  { "uv": [ 11, 3, 5, 4 ], "texture": "#particle" }
    }
},
{
    "__comment": "13",
    "from": [ 14, 12, 5 ],
    "to": [ 15, 13, 11 ],
    "faces": {
        "down":  { "uv": [ 14, 5, 15, 11 ], "texture": "#particle" },
        "up":    { "uv": [ 14, 5, 15, 11 ], "texture": "#particle" },
        "north": { "uv": [ 15, 3, 14, 4 ], "texture": "#particle" },
        "south": { "uv": [ 14, 3, 15, 4 ], "texture": "#particle" },
        "west":  { "uv": [ 5, 3, 11, 4 ], "texture": "#particle" },
        "east":  { "uv": [ 11, 3, 5, 4 ], "texture": "#particle" }
    }
},
{
    "__comment": "13",
    "from": [ 11, 12, 13 ],
    "to": [ 13, 13, 14 ],
    "faces": {
        "down":  { "uv": [ 11, 13, 13, 14 ], "texture": "#particle" },
        "up":    { "uv": [ 11, 13, 13, 14 ], "texture": "#particle" },
        "north": { "uv": [ 13, 3, 11, 4 ], "texture": "#particle" },
        "south": { "uv": [ 11, 3, 13, 4 ], "texture": "#particle" },
        "west":  { "uv": [ 13, 3, 14, 4 ], "texture": "#particle" },
        "east":  { "uv": [ 14, 3, 13, 4 ], "texture": "#particle" }
    }
},
{
    "__comment": "13",
    "from": [ 11, 12, 2 ],
    "to": [ 13, 13, 3 ],
    "faces": {
        "down":  { "uv": [ 11, 2, 13, 3 ], "texture": "#particle" },
        "up":    { "uv": [ 11, 2, 13, 3 ], "texture": "#particle" },
        "north": { "uv": [ 13, 3, 11, 4 ], "texture": "#particle" },
        "south": { "uv": [ 11, 3, 13, 4 ], "texture": "#particle" },
        "west":  { "uv": [ 2, 3, 3, 4 ], "texture": "#particle" },
        "east":  { "uv": [ 3, 3, 2, 4 ], "texture": "#particle" }
    }
},
{
    "__comment": "13",
    "from": [ 2, 12, 11 ],
    "to": [ 3, 13, 13 ],
    "faces": {
        "down":  { "uv": [ 2, 11, 3, 13 ], "texture": "#particle" },
        "up":    { "uv": [ 2, 11, 3, 13 ], "texture": "#particle" },
        "north": { "uv": [ 3, 3, 2, 4 ], "texture": "#particle" },
        "south": { "uv": [ 2, 3, 3, 4 ], "texture": "#particle" },
        "west":  { "uv": [ 11, 3, 13, 4 ], "texture": "#particle" },
        "east":  { "uv": [ 13, 3, 11, 4 ], "texture": "#particle" }
    }
},
{
    "__comment": "13",
    "from": [ 13, 12, 3 ],
    "to": [ 14, 13, 5 ],
    "faces": {
        "down":  { "uv": [ 13, 3, 14, 5 ], "texture": "#particle" },
        "up":    { "uv": [ 13, 3, 14, 5 ], "texture": "#particle" },
        "north": { "uv": [ 14, 3, 13, 4 ], "texture": "#particle" },
        "south": { "uv": [ 13, 3, 14, 4 ], "texture": "#particle" },
        "west":  { "uv": [ 3, 3, 5, 4 ], "texture": "#particle" },
        "east":  { "uv": [ 5, 3, 3, 4 ], "texture": "#particle" }
    }
},
{
    "__comment": "13",
    "from": [ 5, 12, 14 ],
    "to": [ 11, 13, 15 ],
    "faces": {
        "down":  { "uv": [ 5, 14, 11, 15 ], "texture": "#particle" },
        "up":    { "uv": [ 5, 14, 11, 15 ], "texture": "#particle" },
        "north": { "uv": [ 11, 3, 5, 4 ], "texture": "#particle" },
        "south": { "uv": [ 5, 3, 11, 4 ], "texture": "#particle" },
        "west":  { "uv": [ 14, 3, 15, 4 ], "texture": "#particle" },
        "east":  { "uv": [ 15, 3, 14, 4 ], "texture": "#particle" }
    }
},
{
    "__comment": "13",
    "from": [ 5, 12, 1 ],
    "to": [ 11, 13, 2 ],
    "faces": {
        "down":  { "uv": [ 5, 1, 11, 2 ], "texture": "#particle" },
        "up":    { "uv": [ 5, 1, 11, 2 ], "texture": "#particle" },
        "north": { "uv": [ 11, 3, 5, 4 ], "texture": "#particle" },
        "south": { "uv": [ 5, 3, 11, 4 ], "texture": "#particle" },
        "west":  { "uv": [ 1, 3, 2, 4 ], "texture": "#particle" },
        "east":  { "uv": [ 2, 3, 1, 4 ], "texture": "#particle" }
    }
},
{
    "__comment": "13",
    "from": [ 2, 12, 3 ],
    "to": [ 3, 13, 5 ],
    "faces": {
        "down":  { "uv": [ 2, 3, 3, 5 ], "texture": "#particle" },
        "up":    { "uv": [ 2, 3, 3, 5 ], "texture": "#particle" },
        "north": { "uv": [ 3, 3, 2, 4 ], "texture": "#particle" },
        "south": { "uv": [ 2, 3, 3, 4 ], "texture": "#particle" },
        "west":  { "uv": [ 3, 3, 5, 4 ], "texture": "#particle" },
        "east":  { "uv": [ 5, 3, 3, 4 ], "texture": "#particle" }
    }
},
{
    "__comment": "13",
    "from": [ 13, 12, 11 ],
    "to": [ 14, 13, 13 ],
    "faces": {
        "down":  { "uv": [ 13, 11, 14, 13 ], "texture": "#particle" },
        "up":    { "uv": [ 13, 11, 14, 13 ], "texture": "#particle" },
        "north": { "uv": [ 14, 3, 13, 4 ], "texture": "#particle" },
        "south": { "uv": [ 13, 3, 14, 4 ], "texture": "#particle" },
        "west":  { "uv": [ 11, 3, 13, 4 ], "texture": "#particle" },
        "east":  { "uv": [ 13, 3, 11, 4 ], "texture": "#particle" }
    }
},
{
    "__comment": "13",
    "from": [ 3, 12, 13 ],
    "to": [ 5, 13, 14 ],
    "faces": {
        "down":  { "uv": [ 3, 13, 5, 14 ], "texture": "#particle" },
        "up":    { "uv": [ 3, 13, 5, 14 ], "texture": "#particle" },
        "north": { "uv": [ 5, 3, 3, 4 ], "texture": "#particle" },
        "south": { "uv": [ 3, 3, 5, 4 ], "texture": "#particle" },
        "west":  { "uv": [ 13, 3, 14, 4 ], "texture": "#particle" },
        "east":  { "uv": [ 14, 3, 13, 4 ], "texture": "#particle" }
    }
},
{
    "__comment": "12",
    "from": [ 2, 11, 12 ],
    "to": [ 3, 12, 13 ],
    "faces": {
        "north": { "uv": [ 3, 4, 2, 5 ], "texture": "#particle" },
        "south": { "uv": [ 2, 4, 3, 5 ], "texture": "#particle" },
        "west":  { "uv": [ 12, 4, 13, 5 ], "texture": "#particle" },
        "east":  { "uv": [ 13, 4, 12, 5 ], "texture": "#particle" }
    }
},
{
    "__comment": "12",
    "from": [ 12, 11, 13 ],
    "to": [ 13, 12, 14 ],
    "faces": {
        "north": { "uv": [ 13, 4, 12, 5 ], "texture": "#particle" },
        "south": { "uv": [ 12, 4, 13, 5 ], "texture": "#particle" },
        "west":  { "uv": [ 13, 4, 14, 5 ], "texture": "#particle" },
        "east":  { "uv": [ 14, 4, 13, 5 ], "texture": "#particle" }
    }
},
{
    "__comment": "12",
    "from": [ 13, 11, 3 ],
    "to": [ 14, 12, 4 ],
    "faces": {
        "north": { "uv": [ 14, 4, 13, 5 ], "texture": "#particle" },
        "south": { "uv": [ 13, 4, 14, 5 ], "texture": "#particle" },
        "west":  { "uv": [ 3, 4, 4, 5 ], "texture": "#particle" },
        "east":  { "uv": [ 4, 4, 3, 5 ], "texture": "#particle" }
    }
},
{
    "__comment": "12",
    "from": [ 12, 11, 2 ],
    "to": [ 13, 12, 3 ],
    "faces": {
        "north": { "uv": [ 13, 4, 12, 5 ], "texture": "#particle" },
        "south": { "uv": [ 12, 4, 13, 5 ], "texture": "#particle" },
        "west":  { "uv": [ 2, 4, 3, 5 ], "texture": "#particle" },
        "east":  { "uv": [ 3, 4, 2, 5 ], "texture": "#particle" }
    }
},
{
    "__comment": "12",
    "from": [ 13, 11, 12 ],
    "to": [ 14, 12, 13 ],
    "faces": {
        "north": { "uv": [ 14, 4, 13, 5 ], "texture": "#particle" },
        "south": { "uv": [ 13, 4, 14, 5 ], "texture": "#particle" },
        "west":  { "uv": [ 12, 4, 13, 5 ], "texture": "#particle" },
        "east":  { "uv": [ 13, 4, 12, 5 ], "texture": "#particle" }
    }
},
{
    "__comment": "12",
    "from": [ 3, 11, 13 ],
    "to": [ 4, 12, 14 ],
    "faces": {
        "north": { "uv": [ 4, 4, 3, 5 ], "texture": "#particle" },
        "south": { "uv": [ 3, 4, 4, 5 ], "texture": "#particle" },
        "west":  { "uv": [ 13, 4, 14, 5 ], "texture": "#particle" },
        "east":  { "uv": [ 14, 4, 13, 5 ], "texture": "#particle" }
    }
},
{
    "__comment": "12",
    "from": [ 3, 11, 2 ],
    "to": [ 4, 12, 3 ],
    "faces": {
        "north": { "uv": [ 4, 4, 3, 5 ], "texture": "#particle" },
        "south": { "uv": [ 3, 4, 4, 5 ], "texture": "#particle" },
        "west":  { "uv": [ 2, 4, 3, 5 ], "texture": "#particle" },
        "east":  { "uv": [ 3, 4, 2, 5 ], "texture": "#particle" }
    }
},
{
    "__comment": "12",
    "from": [ 2, 11, 3 ],
    "to": [ 3, 12, 4 ],
    "faces": {
        "north": { "uv": [ 3, 4, 2, 5 ], "texture": "#particle" },
        "south": { "uv": [ 2, 4, 3, 5 ], "texture": "#particle" },
        "west":  { "uv": [ 3, 4, 4, 5 ], "texture": "#particle" },
        "east":  { "uv": [ 4, 4, 3, 5 ], "texture": "#particle" }
    }
},
{
    "__comment": "12",
    "from": [ 4, 11, 1 ],
    "to": [ 7, 12, 2 ],
    "faces": {
        "down":  { "uv": [ 4, 1, 7, 2 ], "texture": "#particle" },
        "up":    { "uv": [ 4, 1, 7, 2 ], "texture": "#particle" },
        "north": { "uv": [ 7, 4, 4, 5 ], "texture": "#particle" },
        "south": { "uv": [ 4, 4, 7, 5 ], "texture": "#particle" },
        "west":  { "uv": [ 1, 4, 2, 5 ], "texture": "#particle" },
        "east":  { "uv": [ 2, 4, 1, 5 ], "texture": "#particle" }
    }
},
{
    "__comment": "12",
    "from": [ 0, 11, 7 ],
    "to": [ 1, 12, 9 ],
    "faces": {
        "up":    { "uv": [ 0, 7, 1, 9 ], "texture": "#particle" },
        "north": { "uv": [ 1, 4, 0, 5 ], "texture": "#particle" },
        "south": { "uv": [ 0, 4, 1, 5 ], "texture": "#particle" },
        "west":  { "uv": [ 7, 4, 9, 5 ], "texture": "#particle" },
        "east":  { "uv": [ 9, 4, 7, 5 ], "texture": "#particle" }
    }
},
{
    "__comment": "12",
    "from": [ 4, 11, 14 ],
    "to": [ 7, 12, 15 ],
    "faces": {
        "down":  { "uv": [ 4, 14, 7, 15 ], "texture": "#particle" },
        "up":    { "uv": [ 4, 14, 7, 15 ], "texture": "#particle" },
        "north": { "uv": [ 7, 4, 4, 5 ], "texture": "#particle" },
        "south": { "uv": [ 4, 4, 7, 5 ], "texture": "#particle" },
        "west":  { "uv": [ 14, 4, 15, 5 ], "texture": "#particle" },
        "east":  { "uv": [ 15, 4, 14, 5 ], "texture": "#particle" }
    }
},
{
    "__comment": "12",
    "from": [ 14, 11, 9 ],
    "to": [ 15, 12, 12 ],
    "faces": {
        "down":  { "uv": [ 14, 9, 15, 12 ], "texture": "#particle" },
        "up":    { "uv": [ 14, 9, 15, 12 ], "texture": "#particle" },
        "north": { "uv": [ 15, 4, 14, 5 ], "texture": "#particle" },
        "south": { "uv": [ 14, 4, 15, 5 ], "texture": "#particle" },
        "west":  { "uv": [ 9, 4, 12, 5 ], "texture": "#particle" },
        "east":  { "uv": [ 12, 4, 9, 5 ], "texture": "#particle" }
    }
},
{
    "__comment": "12",
    "from": [ 7, 11, 0 ],
    "to": [ 9, 12, 1 ],
    "faces": {
        "up":    { "uv": [ 7, 0, 9, 1 ], "texture": "#particle" },
        "north": { "uv": [ 9, 4, 7, 5 ], "texture": "#particle" },
        "south": { "uv": [ 7, 4, 9, 5 ], "texture": "#particle" },
        "west":  { "uv": [ 0, 4, 1, 5 ], "texture": "#particle" },
        "east":  { "uv": [ 1, 4, 0, 5 ], "texture": "#particle" }
    }
},
{
    "__comment": "12",
    "from": [ 1, 11, 4 ],
    "to": [ 2, 12, 7 ],
    "faces": {
        "down":  { "uv": [ 1, 4, 2, 7 ], "texture": "#particle" },
        "up":    { "uv": [ 1, 4, 2, 7 ], "texture": "#particle" },
        "north": { "uv": [ 2, 4, 1, 5 ], "texture": "#particle" },
        "south": { "uv": [ 1, 4, 2, 5 ], "texture": "#particle" },
        "west":  { "uv": [ 4, 4, 7, 5 ], "texture": "#particle" },
        "east":  { "uv": [ 7, 4, 4, 5 ], "texture": "#particle" }
    }
},
{
    "__comment": "12",
    "from": [ 7, 11, 15 ],
    "to": [ 9, 12, 16 ],
    "faces": {
        "up":    { "uv": [ 7, 15, 9, 16 ], "texture": "#particle" },
        "north": { "uv": [ 9, 4, 7, 5 ], "texture": "#particle" },
        "south": { "uv": [ 7, 4, 9, 5 ], "texture": "#particle" },
        "west":  { "uv": [ 15, 4, 16, 5 ], "texture": "#particle" },
        "east":  { "uv": [ 16, 4, 15, 5 ], "texture": "#particle" }
    }
},
{
    "__comment": "12",
    "from": [ 15, 11, 7 ],
    "to": [ 16, 12, 9 ],
    "faces": {
        "up":    { "uv": [ 15, 7, 16, 9 ], "texture": "#particle" },
        "north": { "uv": [ 16, 4, 15, 5 ], "texture": "#particle" },
        "south": { "uv": [ 15, 4, 16, 5 ], "texture": "#particle" },
        "west":  { "uv": [ 7, 4, 9, 5 ], "texture": "#particle" },
        "east":  { "uv": [ 9, 4, 7, 5 ], "texture": "#particle" }
    }
},
{
    "__comment": "12",
    "from": [ 9, 11, 1 ],
    "to": [ 12, 12, 2 ],
    "faces": {
        "down":  { "uv": [ 9, 1, 12, 2 ], "texture": "#particle" },
        "up":    { "uv": [ 9, 1, 12, 2 ], "texture": "#particle" },
        "north": { "uv": [ 12, 4, 9, 5 ], "texture": "#particle" },
        "south": { "uv": [ 9, 4, 12, 5 ], "texture": "#particle" },
        "west":  { "uv": [ 1, 4, 2, 5 ], "texture": "#particle" },
        "east":  { "uv": [ 2, 4, 1, 5 ], "texture": "#particle" }
    }
},
{
    "__comment": "12",
    "from": [ 1, 11, 9 ],
    "to": [ 2, 12, 12 ],
    "faces": {
        "down":  { "uv": [ 1, 9, 2, 12 ], "texture": "#particle" },
        "up":    { "uv": [ 1, 9, 2, 12 ], "texture": "#particle" },
        "north": { "uv": [ 2, 4, 1, 5 ], "texture": "#particle" },
        "south": { "uv": [ 1, 4, 2, 5 ], "texture": "#particle" },
        "west":  { "uv": [ 9, 4, 12, 5 ], "texture": "#particle" },
        "east":  { "uv": [ 12, 4, 9, 5 ], "texture": "#particle" }
    }
},
{
    "__comment": "12",
    "from": [ 9, 11, 14 ],
    "to": [ 12, 12, 15 ],
    "faces": {
        "down":  { "uv": [ 9, 14, 12, 15 ], "texture": "#particle" },
        "up":    { "uv": [ 9, 14, 12, 15 ], "texture": "#particle" },
        "north": { "uv": [ 12, 4, 9, 5 ], "texture": "#particle" },
        "south": { "uv": [ 9, 4, 12, 5 ], "texture": "#particle" },
        "west":  { "uv": [ 14, 4, 15, 5 ], "texture": "#particle" },
        "east":  { "uv": [ 15, 4, 14, 5 ], "texture": "#particle" }
    }
},
{
    "__comment": "12",
    "from": [ 14, 11, 4 ],
    "to": [ 15, 12, 7 ],
    "faces": {
        "down":  { "uv": [ 14, 4, 15, 7 ], "texture": "#particle" },
        "up":    { "uv": [ 14, 4, 15, 7 ], "texture": "#particle" },
        "north": { "uv": [ 15, 4, 14, 5 ], "texture": "#particle" },
        "south": { "uv": [ 14, 4, 15, 5 ], "texture": "#particle" },
        "west":  { "uv": [ 4, 4, 7, 5 ], "texture": "#particle" },
        "east":  { "uv": [ 7, 4, 4, 5 ], "texture": "#particle" }
    }
},
{
    "__comment": "10+11",
    "from": [ 2, 9, 3 ],
    "to": [ 3, 11, 4 ],
    "faces": {
        "down":  { "uv": [ 14, 4, 13, 3 ], "texture": "#particle" },
        "south": { "uv": [ 2, 5, 3, 7 ], "texture": "#particle" },
        "west":  { "uv": [ 3, 5, 4, 7 ], "texture": "#particle" },
        "east":  { "uv": [ 4, 5, 3, 7 ], "texture": "#particle" }
    }
},
{
    "__comment": "10+11",
    "from": [ 2, 9, 13 ],
    "to": [ 4, 11, 14 ],
    "faces": {
        "down":  { "uv": [ 14, 14, 12, 13 ], "texture": "#particle" },
        "up":    { "uv": [ 2, 13, 4, 14 ], "texture": "#particle" },
        "north": { "uv": [ 4, 5, 2, 7 ], "texture": "#particle" },
        "south": { "uv": [ 2, 5, 4, 7 ], "texture": "#particle" },
        "west":  { "uv": [ 13, 5, 14, 7 ], "texture": "#particle" },
        "east":  { "uv": [ 14, 5, 13, 7 ], "texture": "#particle" }
    }
},
{
    "__comment": "10+11",
    "from": [ 13, 9, 12 ],
    "to": [ 14, 11, 13 ],
    "faces": {
        "down":  { "uv": [ 3, 13, 2, 12 ], "texture": "#particle" },
        "north": { "uv": [ 14, 5, 13, 7 ], "texture": "#particle" },
        "west":  { "uv": [ 12, 5, 13, 7 ], "texture": "#particle" },
        "east":  { "uv": [ 13, 5, 12, 7 ], "texture": "#particle" }
    }
},
{
    "__comment": "10+11",
    "from": [ 13, 9, 3 ],
    "to": [ 14, 11, 4 ],
    "faces": {
        "down":  { "uv": [ 3, 4, 2, 3 ], "texture": "#particle" },
        "south": { "uv": [ 13, 5, 14, 7 ], "texture": "#particle" },
        "west":  { "uv": [ 3, 5, 4, 7 ], "texture": "#particle" },
        "east":  { "uv": [ 4, 5, 3, 7 ], "texture": "#particle" }
    }
},
{
    "__comment": "10+11",
    "from": [ 2, 9, 2 ],
    "to": [ 4, 11, 3 ],
    "faces": {
        "down":  { "uv": [ 14, 3, 12, 2 ], "texture": "#particle" },
        "up":    { "uv": [ 2, 2, 4, 3 ], "texture": "#particle" },
        "north": { "uv": [ 4, 5, 2, 7 ], "texture": "#particle" },
        "south": { "uv": [ 2, 5, 4, 7 ], "texture": "#particle" },
        "west":  { "uv": [ 2, 5, 3, 7 ], "texture": "#particle" },
        "east":  { "uv": [ 3, 5, 2, 7 ], "texture": "#particle" }
    }
},
{
    "__comment": "10+11",
    "from": [ 2, 9, 12 ],
    "to": [ 3, 11, 13 ],
    "faces": {
        "down":  { "uv": [ 14, 13, 13, 12 ], "texture": "#particle" },
        "north": { "uv": [ 3, 5, 2, 7 ], "texture": "#particle" },
        "west":  { "uv": [ 12, 5, 13, 7 ], "texture": "#particle" },
        "east":  { "uv": [ 13, 5, 12, 7 ], "texture": "#particle" }
    }
},
{
    "__comment": "10+11",
    "from": [ 12, 9, 13 ],
    "to": [ 14, 11, 14 ],
    "faces": {
        "down":  { "uv": [ 4, 14, 2, 13 ], "texture": "#particle" },
        "up":    { "uv": [ 12, 13, 14, 14 ], "texture": "#particle" },
        "north": { "uv": [ 14, 5, 12, 7 ], "texture": "#particle" },
        "south": { "uv": [ 12, 5, 14, 7 ], "texture": "#particle" },
        "west":  { "uv": [ 13, 5, 14, 7 ], "texture": "#particle" },
        "east":  { "uv": [ 14, 5, 13, 7 ], "texture": "#particle" }
    }
},
{
    "__comment": "10+11",
    "from": [ 12, 9, 2 ],
    "to": [ 14, 11, 3 ],
    "faces": {
        "down":  { "uv": [ 4, 3, 2, 2 ], "texture": "#particle" },
        "up":    { "uv": [ 12, 2, 14, 3 ], "texture": "#particle" },
        "north": { "uv": [ 14, 5, 12, 7 ], "texture": "#particle" },
        "south": { "uv": [ 12, 5, 14, 7 ], "texture": "#particle" },
        "west":  { "uv": [ 2, 5, 3, 7 ], "texture": "#particle" },
        "east":  { "uv": [ 3, 5, 2, 7 ], "texture": "#particle" }
    }
},
{
    "__comment": "10+11",
    "from": [ 10, 9, 1 ],
    "to": [ 12, 11, 2 ],
    "faces": {
        "down":  { "uv": [ 6, 2, 4, 1 ], "texture": "#particle" },
        "north": { "uv": [ 12, 5, 10, 7 ], "texture": "#particle" },
        "south": { "uv": [ 10, 5, 12, 7 ], "texture": "#particle" },
        "west":  { "uv": [ 1, 5, 2, 7 ], "texture": "#particle" },
        "east":  { "uv": [ 2, 5, 1, 7 ], "texture": "#particle" }
    }
},
{
    "__comment": "10+11",
    "from": [ 1, 9, 10 ],
    "to": [ 2, 11, 12 ],
    "faces": {
        "down":  { "uv": [ 15, 12, 14, 10 ], "texture": "#particle" },
        "north": { "uv": [ 2, 5, 1, 7 ], "texture": "#particle" },
        "south": { "uv": [ 1, 5, 2, 7 ], "texture": "#particle" },
        "west":  { "uv": [ 10, 5, 12, 7 ], "texture": "#particle" },
        "east":  { "uv": [ 12, 5, 10, 7 ], "texture": "#particle" }
    }
},
{
    "__comment": "10+11",
    "from": [ 15, 9, 6 ],
    "to": [ 16, 11, 10 ],
    "faces": {
        "up":    { "uv": [ 15, 6, 16, 10 ], "texture": "#particle" },
        "north": { "uv": [ 16, 5, 15, 7 ], "texture": "#particle" },
        "south": { "uv": [ 15, 5, 16, 7 ], "texture": "#particle" },
        "west":  { "uv": [ 6, 5, 10, 7 ], "texture": "#particle" },
        "east":  { "uv": [ 10, 5, 6, 7 ], "texture": "#particle" }
    }
},
{
    "__comment": "10+11",
    "from": [ 4, 9, 14 ],
    "to": [ 6, 11, 15 ],
    "faces": {
        "down":  { "uv": [ 12, 15, 10, 14 ], "texture": "#particle" },
        "north": { "uv": [ 6, 5, 4, 7 ], "texture": "#particle" },
        "south": { "uv": [ 4, 5, 6, 7 ], "texture": "#particle" },
        "west":  { "uv": [ 14, 5, 15, 7 ], "texture": "#particle" },
        "east":  { "uv": [ 15, 5, 14, 7 ], "texture": "#particle" }
    }
},
{
    "__comment": "10+11",
    "from": [ 6, 9, 0 ],
    "to": [ 10, 11, 1 ],
    "faces": {
        "up":    { "uv": [ 6, 0, 10, 1 ], "texture": "#particle" },
        "north": { "uv": [ 10, 5, 6, 7 ], "texture": "#particle" },
        "south": { "uv": [ 6, 5, 10, 7 ], "texture": "#particle" },
        "west":  { "uv": [ 0, 5, 1, 7 ], "texture": "#particle" },
        "east":  { "uv": [ 1, 5, 0, 7 ], "texture": "#particle" }
    }
},
{
    "__comment": "10+11",
    "from": [ 1, 9, 4 ],
    "to": [ 2, 11, 6 ],
    "faces": {
        "down":  { "uv": [ 15, 6, 14, 4 ], "texture": "#particle" },
        "north": { "uv": [ 2, 5, 1, 7 ], "texture": "#particle" },
        "south": { "uv": [ 1, 5, 2, 7 ], "texture": "#particle" },
        "west":  { "uv": [ 4, 5, 6, 7 ], "texture": "#particle" },
        "east":  { "uv": [ 6, 5, 4, 7 ], "texture": "#particle" }
    }
},
{
    "__comment": "10+11",
    "from": [ 14, 9, 4 ],
    "to": [ 15, 11, 6 ],
    "faces": {
        "down":  { "uv": [ 2, 6, 1, 4 ], "texture": "#particle" },
        "north": { "uv": [ 15, 5, 14, 7 ], "texture": "#particle" },
        "south": { "uv": [ 14, 5, 15, 7 ], "texture": "#particle" },
        "west":  { "uv": [ 4, 5, 6, 7 ], "texture": "#particle" },
        "east":  { "uv": [ 6, 5, 4, 7 ], "texture": "#particle" }
    }
},
{
    "__comment": "10+11",
    "from": [ 10, 9, 14 ],
    "to": [ 12, 11, 15 ],
    "faces": {
        "down":  { "uv": [ 6, 15, 4, 14 ], "texture": "#particle" },
        "north": { "uv": [ 12, 5, 10, 7 ], "texture": "#particle" },
        "south": { "uv": [ 10, 5, 12, 7 ], "texture": "#particle" },
        "west":  { "uv": [ 14, 5, 15, 7 ], "texture": "#particle" },
        "east":  { "uv": [ 15, 5, 14, 7 ], "texture": "#particle" }
    }
},
{
    "__comment": "10+11",
    "from": [ 4, 9, 1 ],
    "to": [ 6, 11, 2 ],
    "faces": {
        "down":  { "uv": [ 12, 2, 10, 1 ], "texture": "#particle" },
        "north": { "uv": [ 6, 5, 4, 7 ], "texture": "#particle" },
        "south": { "uv": [ 4, 5, 6, 7 ], "texture": "#particle" },
        "west":  { "uv": [ 1, 5, 2, 7 ], "texture": "#particle" },
        "east":  { "uv": [ 2, 5, 1, 7 ], "texture": "#particle" }
    }
},
{
    "__comment": "10+11",
    "from": [ 0, 9, 6 ],
    "to": [ 1, 11, 10 ],
    "faces": {
        "up":    { "uv": [ 0, 6, 1, 10 ], "texture": "#particle" },
        "north": { "uv": [ 1, 5, 0, 7 ], "texture": "#particle" },
        "south": { "uv": [ 0, 5, 1, 7 ], "texture": "#particle" },
        "west":  { "uv": [ 6, 5, 10, 7 ], "texture": "#particle" },
        "east":  { "uv": [ 10, 5, 6, 7 ], "texture": "#particle" }
    }
},
{
    "__comment": "10+11",
    "from": [ 14, 9, 10 ],
    "to": [ 15, 11, 12 ],
    "faces": {
        "down":  { "uv": [ 2, 12, 1, 10 ], "texture": "#particle" },
        "north": { "uv": [ 15, 5, 14, 7 ], "texture": "#particle" },
        "south": { "uv": [ 14, 5, 15, 7 ], "texture": "#particle" },
        "west":  { "uv": [ 10, 5, 12, 7 ], "texture": "#particle" },
        "east":  { "uv": [ 12, 5, 10, 7 ], "texture": "#particle" }
    }
},
{
    "__comment": "10+11",
    "from": [ 6, 9, 15 ],
    "to": [ 10, 11, 16 ],
    "faces": {
        "up":    { "uv": [ 6, 15, 10, 16 ], "texture": "#particle" },
        "north": { "uv": [ 10, 5, 6, 7 ], "texture": "#particle" },
        "south": { "uv": [ 6, 5, 10, 7 ], "texture": "#particle" },
        "west":  { "uv": [ 15, 5, 16, 7 ], "texture": "#particle" },
        "east":  { "uv": [ 16, 5, 15, 7 ], "texture": "#particle" }
    }
},
{
    "__comment": "8+9",
    "from": [ 13, 7, 13 ],
    "to": [ 14, 9, 14 ],
    "faces": {
        "north": { "uv": [ 14, 7, 13, 9 ], "texture": "#particle" },
        "south": { "uv": [ 13, 7, 14, 9 ], "texture": "#particle" },
        "west":  { "uv": [ 13, 7, 14, 9 ], "texture": "#particle" },
        "east":  { "uv": [ 14, 7, 13, 9 ], "texture": "#particle" }
    }
},
{
    "__comment": "8+9",
    "from": [ 13, 7, 2 ],
    "to": [ 14, 9, 3 ],
    "faces": {
        "north": { "uv": [ 14, 7, 13, 9 ], "texture": "#particle" },
        "south": { "uv": [ 13, 7, 14, 9 ], "texture": "#particle" },
        "west":  { "uv": [ 2, 7, 3, 9 ], "texture": "#particle" },
        "east":  { "uv": [ 3, 7, 2, 9 ], "texture": "#particle" }
    }
},
{
    "__comment": "8+9",
    "from": [ 2, 7, 2 ],
    "to": [ 3, 9, 3 ],
    "faces": {
        "north": { "uv": [ 3, 7, 2, 9 ], "texture": "#particle" },
        "south": { "uv": [ 2, 7, 3, 9 ], "texture": "#particle" },
        "west":  { "uv": [ 2, 7, 3, 9 ], "texture": "#particle" },
        "east":  { "uv": [ 3, 7, 2, 9 ], "texture": "#particle" }
    }
},
{
    "__comment": "8+9",
    "from": [ 2, 7, 13 ],
    "to": [ 3, 9, 14 ],
    "faces": {
        "north": { "uv": [ 3, 7, 2, 9 ], "texture": "#particle" },
        "south": { "uv": [ 2, 7, 3, 9 ], "texture": "#particle" },
        "west":  { "uv": [ 13, 7, 14, 9 ], "texture": "#particle" },
        "east":  { "uv": [ 14, 7, 13, 9 ], "texture": "#particle" }
    }
},
{
    "__comment": "8+9",
    "from": [ 11, 7, 1 ],
    "to": [ 13, 9, 2 ],
    "faces": {
        "down":  { "uv": [ 5, 2, 3, 1 ], "texture": "#particle" },
        "up":    { "uv": [ 11, 1, 13, 2 ], "texture": "#particle" },
        "north": { "uv": [ 13, 7, 11, 9 ], "texture": "#particle" },
        "south": { "uv": [ 11, 7, 13, 9 ], "texture": "#particle" },
        "west":  { "uv": [ 1, 7, 2, 9 ], "texture": "#particle" },
        "east":  { "uv": [ 2, 7, 1, 9 ], "texture": "#particle" }
    }
},
{
    "__comment": "8+9",
    "from": [ 1, 7, 11 ],
    "to": [ 2, 9, 13 ],
    "faces": {
        "down":  { "uv": [ 15, 13, 14, 11 ], "texture": "#particle" },
        "up":    { "uv": [ 1, 11, 2, 13 ], "texture": "#particle" },
        "north": { "uv": [ 2, 7, 1, 9 ], "texture": "#particle" },
        "south": { "uv": [ 1, 7, 2, 9 ], "texture": "#particle" },
        "west":  { "uv": [ 11, 7, 13, 9 ], "texture": "#particle" },
        "east":  { "uv": [ 13, 7, 11, 9 ], "texture": "#particle" }
    }
},
{
    "__comment": "8+9",
    "from": [ 14, 7, 11 ],
    "to": [ 15, 9, 13 ],
    "faces": {
        "down":  { "uv": [ 2, 13, 1, 11 ], "texture": "#particle" },
        "up":    { "uv": [ 14, 11, 15, 13 ], "texture": "#particle" },
        "north": { "uv": [ 15, 7, 14, 9 ], "texture": "#particle" },
        "south": { "uv": [ 14, 7, 15, 9 ], "texture": "#particle" },
        "west":  { "uv": [ 11, 7, 13, 9 ], "texture": "#particle" },
        "east":  { "uv": [ 13, 7, 11, 9 ], "texture": "#particle" }
    }
},
{
    "__comment": "8+9",
    "from": [ 11, 7, 14 ],
    "to": [ 13, 9, 15 ],
    "faces": {
        "down":  { "uv": [ 5, 15, 3, 14 ], "texture": "#particle" },
        "up":    { "uv": [ 11, 14, 13, 15 ], "texture": "#particle" },
        "north": { "uv": [ 13, 7, 11, 9 ], "texture": "#particle" },
        "south": { "uv": [ 11, 7, 13, 9 ], "texture": "#particle" },
        "west":  { "uv": [ 14, 7, 15, 9 ], "texture": "#particle" },
        "east":  { "uv": [ 15, 7, 14, 9 ], "texture": "#particle" }
    }
},
{
    "__comment": "8+9",
    "from": [ 3, 7, 1 ],
    "to": [ 5, 9, 2 ],
    "faces": {
        "down":  { "uv": [ 13, 2, 11, 1 ], "texture": "#particle" },
        "up":    { "uv": [ 3, 1, 5, 2 ], "texture": "#particle" },
        "north": { "uv": [ 5, 7, 3, 9 ], "texture": "#particle" },
        "south": { "uv": [ 3, 7, 5, 9 ], "texture": "#particle" },
        "west":  { "uv": [ 1, 7, 2, 9 ], "texture": "#particle" },
        "east":  { "uv": [ 2, 7, 1, 9 ], "texture": "#particle" }
    }
},
{
    "__comment": "8+9",
    "from": [ 1, 7, 3 ],
    "to": [ 2, 9, 5 ],
    "faces": {
        "down":  { "uv": [ 15, 5, 14, 3 ], "texture": "#particle" },
        "up":    { "uv": [ 1, 3, 2, 5 ], "texture": "#particle" },
        "north": { "uv": [ 2, 7, 1, 9 ], "texture": "#particle" },
        "south": { "uv": [ 1, 7, 2, 9 ], "texture": "#particle" },
        "west":  { "uv": [ 3, 7, 5, 9 ], "texture": "#particle" },
        "east":  { "uv": [ 5, 7, 3, 9 ], "texture": "#particle" }
    }
},
{
    "__comment": "8+9",
    "from": [ 15, 7, 5 ],
    "to": [ 16, 9, 11 ],
    "faces": {
        "down":  { "uv": [ 1, 11, 0, 5 ], "texture": "#particle" },
        "up":    { "uv": [ 15, 5, 16, 11 ], "texture": "#particle" },
        "north": { "uv": [ 16, 7, 15, 9 ], "texture": "#particle" },
        "south": { "uv": [ 15, 7, 16, 9 ], "texture": "#particle" },
        "west":  { "uv": [ 5, 7, 11, 9 ], "texture": "#particle" },
        "east":  { "uv": [ 11, 7, 5, 9 ], "texture": "#particle" }
    }
},
{
    "__comment": "8+9",
    "from": [ 5, 7, 15 ],
    "to": [ 11, 9, 16 ],
    "faces": {
        "down":  { "uv": [ 11, 16, 5, 15 ], "texture": "#particle" },
        "up":    { "uv": [ 5, 15, 11, 16 ], "texture": "#particle" },
        "north": { "uv": [ 11, 7, 5, 9 ], "texture": "#particle" },
        "south": { "uv": [ 5, 7, 11, 9 ], "texture": "#particle" },
        "west":  { "uv": [ 15, 7, 16, 9 ], "texture": "#particle" },
        "east":  { "uv": [ 16, 7, 15, 9 ], "texture": "#particle" }
    }
},
{
    "__comment": "8+9",
    "from": [ 5, 7, 0 ],
    "to": [ 11, 9, 1 ],
    "faces": {
        "down":  { "uv": [ 11, 1, 5, 0 ], "texture": "#particle" },
        "up":    { "uv": [ 5, 0, 11, 1 ], "texture": "#particle" },
        "north": { "uv": [ 11, 7, 5, 9 ], "texture": "#particle" },
        "south": { "uv": [ 5, 7, 11, 9 ], "texture": "#particle" },
        "west":  { "uv": [ 0, 7, 1, 9 ], "texture": "#particle" },
        "east":  { "uv": [ 1, 7, 0, 9 ], "texture": "#particle" }
    }
},
{
    "__comment": "8+9",
    "from": [ 0, 7, 5 ],
    "to": [ 1, 9, 11 ],
    "faces": {
        "down":  { "uv": [ 16, 11, 15, 5 ], "texture": "#particle" },
        "up":    { "uv": [ 0, 5, 1, 11 ], "texture": "#particle" },
        "north": { "uv": [ 1, 7, 0, 9 ], "texture": "#particle" },
        "south": { "uv": [ 0, 7, 1, 9 ], "texture": "#particle" },
        "west":  { "uv": [ 5, 7, 11, 9 ], "texture": "#particle" },
        "east":  { "uv": [ 11, 7, 5, 9 ], "texture": "#particle" }
    }
},
{
    "__comment": "8+9",
    "from": [ 14, 7, 3 ],
    "to": [ 15, 9, 5 ],
    "faces": {
        "down":  { "uv": [ 2, 5, 1, 3 ], "texture": "#particle" },
        "up":    { "uv": [ 14, 3, 15, 5 ], "texture": "#particle" },
        "north": { "uv": [ 15, 7, 14, 9 ], "texture": "#particle" },
        "south": { "uv": [ 14, 7, 15, 9 ], "texture": "#particle" },
        "west":  { "uv": [ 3, 7, 5, 9 ], "texture": "#particle" },
        "east":  { "uv": [ 5, 7, 3, 9 ], "texture": "#particle" }
    }
},
{
    "__comment": "8+9",
    "from": [ 3, 7, 14 ],
    "to": [ 5, 9, 15 ],
    "faces": {
        "down":  { "uv": [ 13, 15, 11, 14 ], "texture": "#particle" },
        "up":    { "uv": [ 3, 14, 5, 15 ], "texture": "#particle" },
        "north": { "uv": [ 5, 7, 3, 9 ], "texture": "#particle" },
        "south": { "uv": [ 3, 7, 5, 9 ], "texture": "#particle" },
        "west":  { "uv": [ 14, 7, 15, 9 ], "texture": "#particle" },
        "east":  { "uv": [ 15, 7, 14, 9 ], "texture": "#particle" }
    }
},
{
    "__comment": "7",
    "from": [ 2, 6, 3 ],
    "to": [ 3, 7, 4 ],
    "faces": {
        "up":    { "uv": [ 2, 3, 3, 4 ], "texture": "#particle" },
        "south": { "uv": [ 2, 9, 3, 10 ], "texture": "#particle" },
        "west":  { "uv": [ 3, 9, 4, 10 ], "texture": "#particle" },
        "east":  { "uv": [ 4, 9, 3, 10 ], "texture": "#particle" }
    }
},
{
    "__comment": "7",
    "from": [ 2, 6, 13 ],
    "to": [ 4, 7, 14 ],
    "faces": {
        "down":  { "uv": [ 2, 13, 4, 14 ], "texture": "#particle" },
        "up":    { "uv": [ 2, 13, 4, 14 ], "texture": "#particle" },
        "north": { "uv": [ 4, 9, 2, 10 ], "texture": "#particle" },
        "south": { "uv": [ 2, 9, 4, 10 ], "texture": "#particle" },
        "west":  { "uv": [ 13, 9, 14, 10 ], "texture": "#particle" },
        "east":  { "uv": [ 14, 9, 13, 10 ], "texture": "#particle" }
    }
},
{
    "__comment": "7",
    "from": [ 13, 6, 12 ],
    "to": [ 14, 7, 13 ],
    "faces": {
        "up":    { "uv": [ 13, 12, 14, 13 ], "texture": "#particle" },
        "north": { "uv": [ 14, 9, 13, 10 ], "texture": "#particle" },
        "west":  { "uv": [ 12, 9, 13, 10 ], "texture": "#particle" },
        "east":  { "uv": [ 13, 9, 12, 10 ], "texture": "#particle" }
    }
},
{
    "__comment": "7",
    "from": [ 13, 6, 3 ],
    "to": [ 14, 7, 4 ],
    "faces": {
        "up":    { "uv": [ 13, 3, 14, 4 ], "texture": "#particle" },
        "south": { "uv": [ 13, 9, 14, 10 ], "texture": "#particle" },
        "west":  { "uv": [ 3, 9, 4, 10 ], "texture": "#particle" },
        "east":  { "uv": [ 4, 9, 3, 10 ], "texture": "#particle" }
    }
},
{
    "__comment": "7",
    "from": [ 2, 6, 2 ],
    "to": [ 4, 7, 3 ],
    "faces": {
        "down":  { "uv": [ 2, 2, 4, 3 ], "texture": "#particle" },
        "up":    { "uv": [ 2, 2, 4, 3 ], "texture": "#particle" },
        "north": { "uv": [ 4, 9, 2, 10 ], "texture": "#particle" },
        "south": { "uv": [ 2, 9, 4, 10 ], "texture": "#particle" },
        "west":  { "uv": [ 2, 9, 3, 10 ], "texture": "#particle" },
        "east":  { "uv": [ 3, 9, 2, 10 ], "texture": "#particle" }
    }
},
{
    "__comment": "7",
    "from": [ 2, 6, 12 ],
    "to": [ 3, 7, 13 ],
    "faces": {
        "up":    { "uv": [ 2, 12, 3, 13 ], "texture": "#particle" },
        "north": { "uv": [ 3, 9, 2, 10 ], "texture": "#particle" },
        "west":  { "uv": [ 12, 9, 13, 10 ], "texture": "#particle" },
        "east":  { "uv": [ 13, 9, 12, 10 ], "texture": "#particle" }
    }
},
{
    "__comment": "7",
    "from": [ 12, 6, 13 ],
    "to": [ 14, 7, 14 ],
    "faces": {
        "down":  { "uv": [ 12, 13, 14, 14 ], "texture": "#particle" },
        "up":    { "uv": [ 12, 13, 14, 14 ], "texture": "#particle" },
        "north": { "uv": [ 14, 9, 12, 10 ], "texture": "#particle" },
        "south": { "uv": [ 12, 9, 14, 10 ], "texture": "#particle" },
        "west":  { "uv": [ 13, 9, 14, 10 ], "texture": "#particle" },
        "east":  { "uv": [ 14, 9, 13, 10 ], "texture": "#particle" }
    }
},
{
    "__comment": "7",
    "from": [ 12, 6, 2 ],
    "to": [ 14, 7, 3 ],
    "faces": {
        "down":  { "uv": [ 12, 2, 14, 3 ], "texture": "#particle" },
        "up":    { "uv": [ 12, 2, 14, 3 ], "texture": "#particle" },
        "north": { "uv": [ 14, 9, 12, 10 ], "texture": "#particle" },
        "south": { "uv": [ 12, 9, 14, 10 ], "texture": "#particle" },
        "west":  { "uv": [ 2, 9, 3, 10 ], "texture": "#particle" },
        "east":  { "uv": [ 3, 9, 2, 10 ], "texture": "#particle" }
    }
},
{
    "__comment": "7",
    "from": [ 10, 6, 1 ],
    "to": [ 12, 7, 2 ],
    "faces": {
        "up":    { "uv": [ 10, 1, 12, 2 ], "texture": "#particle" },
        "north": { "uv": [ 12, 9, 10, 10 ], "texture": "#particle" },
        "south": { "uv": [ 10, 9, 12, 10 ], "texture": "#particle" },
        "west":  { "uv": [ 1, 9, 2, 10 ], "texture": "#particle" },
        "east":  { "uv": [ 2, 9, 1, 10 ], "texture": "#particle" }
    }
},
{
    "__comment": "7",
    "from": [ 1, 6, 10 ],
    "to": [ 2, 7, 12 ],
    "faces": {
        "up":    { "uv": [ 1, 10, 2, 12 ], "texture": "#particle" },
        "north": { "uv": [ 2, 9, 1, 10 ], "texture": "#particle" },
        "south": { "uv": [ 1, 9, 2, 10 ], "texture": "#particle" },
        "west":  { "uv": [ 10, 9, 12, 10 ], "texture": "#particle" },
        "east":  { "uv": [ 12, 9, 10, 10 ], "texture": "#particle" }
    }
},
{
    "__comment": "7",
    "from": [ 15, 6, 6 ],
    "to": [ 16, 7, 10 ],
    "faces": {
        "down":  { "uv": [ 15, 6, 16, 10 ], "texture": "#particle" },
        "north": { "uv": [ 16, 9, 15, 10 ], "texture": "#particle" },
        "south": { "uv": [ 15, 9, 16, 10 ], "texture": "#particle" },
        "west":  { "uv": [ 6, 9, 10, 10 ], "texture": "#particle" },
        "east":  { "uv": [ 10, 9, 6, 10 ], "texture": "#particle" }
    }
},
{
    "__comment": "7",
    "from": [ 4, 6, 14 ],
    "to": [ 6, 7, 15 ],
    "faces": {
        "up":    { "uv": [ 4, 14, 6, 15 ], "texture": "#particle" },
        "north": { "uv": [ 6, 9, 4, 10 ], "texture": "#particle" },
        "south": { "uv": [ 4, 9, 6, 10 ], "texture": "#particle" },
        "west":  { "uv": [ 14, 9, 15, 10 ], "texture": "#particle" },
        "east":  { "uv": [ 15, 9, 14, 10 ], "texture": "#particle" }
    }
},
{
    "__comment": "7",
    "from": [ 6, 6, 0 ],
    "to": [ 10, 7, 1 ],
    "faces": {
        "down":  { "uv": [ 6, 0, 10, 1 ], "texture": "#particle" },
        "north": { "uv": [ 10, 9, 6, 10 ], "texture": "#particle" },
        "south": { "uv": [ 6, 9, 10, 10 ], "texture": "#particle" },
        "west":  { "uv": [ 0, 9, 1, 10 ], "texture": "#particle" },
        "east":  { "uv": [ 1, 9, 0, 10 ], "texture": "#particle" }
    }
},
{
    "__comment": "7",
    "from": [ 1, 6, 4 ],
    "to": [ 2, 7, 6 ],
    "faces": {
        "up":    { "uv": [ 1, 4, 2, 6 ], "texture": "#particle" },
        "north": { "uv": [ 2, 9, 1, 10 ], "texture": "#particle" },
        "south": { "uv": [ 1, 9, 2, 10 ], "texture": "#particle" },
        "west":  { "uv": [ 4, 9, 6, 10 ], "texture": "#particle" },
        "east":  { "uv": [ 6, 9, 4, 10 ], "texture": "#particle" }
    }
},
{
    "__comment": "7",
    "from": [ 14, 6, 4 ],
    "to": [ 15, 7, 6 ],
    "faces": {
        "up":    { "uv": [ 14, 4, 15, 6 ], "texture": "#particle" },
        "north": { "uv": [ 15, 9, 14, 10 ], "texture": "#particle" },
        "south": { "uv": [ 14, 9, 15, 10 ], "texture": "#particle" },
        "west":  { "uv": [ 4, 9, 6, 10 ], "texture": "#particle" },
        "east":  { "uv": [ 6, 9, 4, 10 ], "texture": "#particle" }
    }
},
{
    "__comment": "7",
    "from": [ 10, 6, 14 ],
    "to": [ 12, 7, 15 ],
    "faces": {
        "up":    { "uv": [ 10, 14, 12, 15 ], "texture": "#particle" },
        "north": { "uv": [ 12, 9, 10, 10 ], "texture": "#particle" },
        "south": { "uv": [ 10, 9, 12, 10 ], "texture": "#particle" },
        "west":  { "uv": [ 14, 9, 15, 10 ], "texture": "#particle" },
        "east":  { "uv": [ 15, 9, 14, 10 ], "texture": "#particle" }
    }
},
{
    "__comment": "7",
    "from": [ 4, 6, 1 ],
    "to": [ 6, 7, 2 ],
    "faces": {
        "up":    { "uv": [ 4, 1, 6, 2 ], "texture": "#particle" },
        "north": { "uv": [ 6, 9, 4, 10 ], "texture": "#particle" },
        "south": { "uv": [ 4, 9, 6, 10 ], "texture": "#particle" },
        "west":  { "uv": [ 1, 9, 2, 10 ], "texture": "#particle" },
        "east":  { "uv": [ 2, 9, 1, 10 ], "texture": "#particle" }
    }
},
{
    "__comment": "7",
    "from": [ 0, 6, 6 ],
    "to": [ 1, 7, 10 ],
    "faces": {
        "down":  { "uv": [ 0, 6, 1, 10 ], "texture": "#particle" },
        "north": { "uv": [ 1, 9, 0, 10 ], "texture": "#particle" },
        "south": { "uv": [ 0, 9, 1, 10 ], "texture": "#particle" },
        "west":  { "uv": [ 6, 9, 10, 10 ], "texture": "#particle" },
        "east":  { "uv": [ 10, 9, 6, 10 ], "texture": "#particle" }
    }
},
{
    "__comment": "7",
    "from": [ 14, 6, 10 ],
    "to": [ 15, 7, 12 ],
    "faces": {
        "up":    { "uv": [ 14, 10, 15, 12 ], "texture": "#particle" },
        "north": { "uv": [ 15, 9, 14, 10 ], "texture": "#particle" },
        "south": { "uv": [ 14, 9, 15, 10 ], "texture": "#particle" },
        "west":  { "uv": [ 10, 9, 12, 10 ], "texture": "#particle" },
        "east":  { "uv": [ 12, 9, 10, 10 ], "texture": "#particle" }
    }
},
{
    "__comment": "7",
    "from": [ 6, 6, 15 ],
    "to": [ 10, 7, 16 ],
    "faces": {
        "down":  { "uv": [ 6, 15, 10, 16 ], "texture": "#particle" },
        "north": { "uv": [ 10, 9, 6, 10 ], "texture": "#particle" },
        "south": { "uv": [ 6, 9, 10, 10 ], "texture": "#particle" },
        "west":  { "uv": [ 15, 9, 16, 10 ], "texture": "#particle" },
        "east":  { "uv": [ 16, 9, 15, 10 ], "texture": "#particle" }
    }
},
{
    "__comment": "6",
    "from": [ 2, 5, 12 ],
    "to": [ 3, 6, 13 ],
    "faces": {
        "north": { "uv": [ 3, 10, 2, 11 ], "texture": "#particle" },
        "south": { "uv": [ 2, 10, 3, 11 ], "texture": "#particle" },
        "west":  { "uv": [ 12, 10, 13, 11 ], "texture": "#particle" },
        "east":  { "uv": [ 13, 10, 12, 11 ], "texture": "#particle" }
    }
},
{
    "__comment": "6",
    "from": [ 12, 5, 13 ],
    "to": [ 13, 6, 14 ],
    "faces": {
        "north": { "uv": [ 13, 10, 12, 11 ], "texture": "#particle" },
        "south": { "uv": [ 12, 10, 13, 11 ], "texture": "#particle" },
        "west":  { "uv": [ 13, 10, 14, 11 ], "texture": "#particle" },
        "east":  { "uv": [ 14, 10, 13, 11 ], "texture": "#particle" }
    }
},
{
    "__comment": "6",
    "from": [ 13, 5, 3 ],
    "to": [ 14, 6, 4 ],
    "faces": {
        "north": { "uv": [ 14, 10, 13, 11 ], "texture": "#particle" },
        "south": { "uv": [ 13, 10, 14, 11 ], "texture": "#particle" },
        "west":  { "uv": [ 3, 10, 4, 11 ], "texture": "#particle" },
        "east":  { "uv": [ 4, 10, 3, 11 ], "texture": "#particle" }
    }
},
{
    "__comment": "6",
    "from": [ 12, 5, 2 ],
    "to": [ 13, 6, 3 ],
    "faces": {
        "north": { "uv": [ 13, 10, 12, 11 ], "texture": "#particle" },
        "south": { "uv": [ 12, 10, 13, 11 ], "texture": "#particle" },
        "west":  { "uv": [ 2, 10, 3, 11 ], "texture": "#particle" },
        "east":  { "uv": [ 3, 10, 2, 11 ], "texture": "#particle" }
    }
},
{
    "__comment": "6",
    "from": [ 13, 5, 12 ],
    "to": [ 14, 6, 13 ],
    "faces": {
        "north": { "uv": [ 14, 10, 13, 11 ], "texture": "#particle" },
        "south": { "uv": [ 13, 10, 14, 11 ], "texture": "#particle" },
        "west":  { "uv": [ 12, 10, 13, 11 ], "texture": "#particle" },
        "east":  { "uv": [ 13, 10, 12, 11 ], "texture": "#particle" }
    }
},
{
    "__comment": "6",
    "from": [ 3, 5, 13 ],
    "to": [ 4, 6, 14 ],
    "faces": {
        "north": { "uv": [ 4, 10, 3, 11 ], "texture": "#particle" },
        "south": { "uv": [ 3, 10, 4, 11 ], "texture": "#particle" },
        "west":  { "uv": [ 13, 10, 14, 11 ], "texture": "#particle" },
        "east":  { "uv": [ 14, 10, 13, 11 ], "texture": "#particle" }
    }
},
{
    "__comment": "6",
    "from": [ 3, 5, 2 ],
    "to": [ 4, 6, 3 ],
    "faces": {
        "north": { "uv": [ 4, 10, 3, 11 ], "texture": "#particle" },
        "south": { "uv": [ 3, 10, 4, 11 ], "texture": "#particle" },
        "west":  { "uv": [ 2, 10, 3, 11 ], "texture": "#particle" },
        "east":  { "uv": [ 3, 10, 2, 11 ], "texture": "#particle" }
    }
},
{
    "__comment": "6",
    "from": [ 2, 5, 3 ],
    "to": [ 3, 6, 4 ],
    "faces": {
        "north": { "uv": [ 3, 10, 2, 11 ], "texture": "#particle" },
        "south": { "uv": [ 2, 10, 3, 11 ], "texture": "#particle" },
        "west":  { "uv": [ 3, 10, 4, 11 ], "texture": "#particle" },
        "east":  { "uv": [ 4, 10, 3, 11 ], "texture": "#particle" }
    }
},
{
    "__comment": "6",
    "from": [ 4, 5, 1 ],
    "to": [ 7, 6, 2 ],
    "faces": {
        "down":  { "uv": [ 4, 1, 7, 2 ], "texture": "#particle" },
        "up":    { "uv": [ 4, 1, 7, 2 ], "texture": "#particle" },
        "north": { "uv": [ 7, 10, 4, 11 ], "texture": "#particle" },
        "south": { "uv": [ 4, 10, 7, 11 ], "texture": "#particle" },
        "west":  { "uv": [ 1, 10, 2, 11 ], "texture": "#particle" },
        "east":  { "uv": [ 2, 10, 1, 11 ], "texture": "#particle" }
    }
},
{
    "__comment": "6",
    "from": [ 0, 5, 7 ],
    "to": [ 1, 6, 9 ],
    "faces": {
        "down":  { "uv": [ 0, 7, 1, 9 ], "texture": "#particle" },
        "north": { "uv": [ 1, 10, 0, 11 ], "texture": "#particle" },
        "south": { "uv": [ 0, 10, 1, 11 ], "texture": "#particle" },
        "west":  { "uv": [ 7, 10, 9, 11 ], "texture": "#particle" },
        "east":  { "uv": [ 9, 10, 7, 11 ], "texture": "#particle" }
    }
},
{
    "__comment": "6",
    "from": [ 4, 5, 14 ],
    "to": [ 7, 6, 15 ],
    "faces": {
        "down":  { "uv": [ 4, 14, 7, 15 ], "texture": "#particle" },
        "up":    { "uv": [ 4, 14, 7, 15 ], "texture": "#particle" },
        "north": { "uv": [ 7, 10, 4, 11 ], "texture": "#particle" },
        "south": { "uv": [ 4, 10, 7, 11 ], "texture": "#particle" },
        "west":  { "uv": [ 14, 10, 15, 11 ], "texture": "#particle" },
        "east":  { "uv": [ 15, 10, 14, 11 ], "texture": "#particle" }
    }
},
{
    "__comment": "6",
    "from": [ 14, 5, 9 ],
    "to": [ 15, 6, 12 ],
    "faces": {
        "down":  { "uv": [ 14, 9, 15, 12 ], "texture": "#particle" },
        "up":    { "uv": [ 14, 9, 15, 12 ], "texture": "#particle" },
        "north": { "uv": [ 15, 10, 14, 11 ], "texture": "#particle" },
        "south": { "uv": [ 14, 10, 15, 11 ], "texture": "#particle" },
        "west":  { "uv": [ 9, 10, 12, 11 ], "texture": "#particle" },
        "east":  { "uv": [ 12, 10, 9, 11 ], "texture": "#particle" }
    }
},
{
    "__comment": "6",
    "from": [ 7, 5, 0 ],
    "to": [ 9, 6, 1 ],
    "faces": {
        "down":  { "uv": [ 7, 0, 9, 1 ], "texture": "#particle" },
        "north": { "uv": [ 9, 10, 7, 11 ], "texture": "#particle" },
        "south": { "uv": [ 7, 10, 9, 11 ], "texture": "#particle" },
        "west":  { "uv": [ 0, 10, 1, 11 ], "texture": "#particle" },
        "east":  { "uv": [ 1, 10, 0, 11 ], "texture": "#particle" }
    }
},
{
    "__comment": "6",
    "from": [ 1, 5, 4 ],
    "to": [ 2, 6, 7 ],
    "faces": {
        "down":  { "uv": [ 1, 4, 2, 7 ], "texture": "#particle" },
        "up":    { "uv": [ 1, 4, 2, 7 ], "texture": "#particle" },
        "north": { "uv": [ 2, 10, 1, 11 ], "texture": "#particle" },
        "south": { "uv": [ 1, 10, 2, 11 ], "texture": "#particle" },
        "west":  { "uv": [ 4, 10, 7, 11 ], "texture": "#particle" },
        "east":  { "uv": [ 7, 10, 4, 11 ], "texture": "#particle" }
    }
},
{
    "__comment": "6",
    "from": [ 7, 5, 15 ],
    "to": [ 9, 6, 16 ],
    "faces": {
        "down":  { "uv": [ 7, 15, 9, 16 ], "texture": "#particle" },
        "north": { "uv": [ 9, 10, 7, 11 ], "texture": "#particle" },
        "south": { "uv": [ 7, 10, 9, 11 ], "texture": "#particle" },
        "west":  { "uv": [ 15, 10, 16, 11 ], "texture": "#particle" },
        "east":  { "uv": [ 16, 10, 15, 11 ], "texture": "#particle" }
    }
},
{
    "__comment": "6",
    "from": [ 15, 5, 7 ],
    "to": [ 16, 6, 9 ],
    "faces": {
        "down":  { "uv": [ 15, 7, 16, 9 ], "texture": "#particle" },
        "north": { "uv": [ 16, 10, 15, 11 ], "texture": "#particle" },
        "south": { "uv": [ 15, 10, 16, 11 ], "texture": "#particle" },
        "west":  { "uv": [ 7, 10, 9, 11 ], "texture": "#particle" },
        "east":  { "uv": [ 9, 10, 7, 11 ], "texture": "#particle" }
    }
},
{
    "__comment": "6",
    "from": [ 9, 5, 1 ],
    "to": [ 12, 6, 2 ],
    "faces": {
        "down":  { "uv": [ 9, 1, 12, 2 ], "texture": "#particle" },
        "up":    { "uv": [ 9, 1, 12, 2 ], "texture": "#particle" },
        "north": { "uv": [ 12, 10, 9, 11 ], "texture": "#particle" },
        "south": { "uv": [ 9, 10, 12, 11 ], "texture": "#particle" },
        "west":  { "uv": [ 1, 10, 2, 11 ], "texture": "#particle" },
        "east":  { "uv": [ 2, 10, 1, 11 ], "texture": "#particle" }
    }
},
{
    "__comment": "6",
    "from": [ 1, 5, 9 ],
    "to": [ 2, 6, 12 ],
    "faces": {
        "down":  { "uv": [ 1, 9, 2, 12 ], "texture": "#particle" },
        "up":    { "uv": [ 1, 9, 2, 12 ], "texture": "#particle" },
        "north": { "uv": [ 2, 10, 1, 11 ], "texture": "#particle" },
        "south": { "uv": [ 1, 10, 2, 11 ], "texture": "#particle" },
        "west":  { "uv": [ 9, 10, 12, 11 ], "texture": "#particle" },
        "east":  { "uv": [ 12, 10, 9, 11 ], "texture": "#particle" }
    }
},
{
    "__comment": "6",
    "from": [ 9, 5, 14 ],
    "to": [ 12, 6, 15 ],
    "faces": {
        "down":  { "uv": [ 9, 14, 12, 15 ], "texture": "#particle" },
        "up":    { "uv": [ 9, 14, 12, 15 ], "texture": "#particle" },
        "north": { "uv": [ 12, 10, 9, 11 ], "texture": "#particle" },
        "south": { "uv": [ 9, 10, 12, 11 ], "texture": "#particle" },
        "west":  { "uv": [ 14, 10, 15, 11 ], "texture": "#particle" },
        "east":  { "uv": [ 15, 10, 14, 11 ], "texture": "#particle" }
    }
},
{
    "__comment": "6",
    "from": [ 14, 5, 4 ],
    "to": [ 15, 6, 7 ],
    "faces": {
        "down":  { "uv": [ 14, 4, 15, 7 ], "texture": "#particle" },
        "up":    { "uv": [ 14, 4, 15, 7 ], "texture": "#particle" },
        "north": { "uv": [ 15, 10, 14, 11 ], "texture": "#particle" },
        "south": { "uv": [ 14, 10, 15, 11 ], "texture": "#particle" },
        "west":  { "uv": [ 4, 10, 7, 11 ], "texture": "#particle" },
        "east":  { "uv": [ 7, 10, 4, 11 ], "texture": "#particle" }
    }
},
{
    "__comment": "5",
    "from": [ 3, 4, 2 ],
    "to": [ 5, 5, 3 ],
    "faces": {
        "down":  { "uv": [ 3, 2, 5, 3 ], "texture": "#particle" },
        "up":    { "uv": [ 3, 2, 5, 3 ], "texture": "#particle" },
        "north": { "uv": [ 5, 11, 3, 12 ], "texture": "#particle" },
        "south": { "uv": [ 3, 11, 5, 12 ], "texture": "#particle" },
        "west":  { "uv": [ 2, 11, 3, 12 ], "texture": "#particle" },
        "east":  { "uv": [ 3, 11, 2, 12 ], "texture": "#particle" }
    }
},
{
    "__comment": "5",
    "from": [ 1, 4, 5 ],
    "to": [ 2, 5, 11 ],
    "faces": {
        "down":  { "uv": [ 1, 5, 2, 11 ], "texture": "#particle" },
        "up":    { "uv": [ 1, 5, 2, 11 ], "texture": "#particle" },
        "north": { "uv": [ 2, 11, 1, 12 ], "texture": "#particle" },
        "south": { "uv": [ 1, 11, 2, 12 ], "texture": "#particle" },
        "west":  { "uv": [ 5, 11, 11, 12 ], "texture": "#particle" },
        "east":  { "uv": [ 11, 11, 5, 12 ], "texture": "#particle" }
    }
},
{
    "__comment": "5",
    "from": [ 14, 4, 5 ],
    "to": [ 15, 5, 11 ],
    "faces": {
        "down":  { "uv": [ 14, 5, 15, 11 ], "texture": "#particle" },
        "up":    { "uv": [ 14, 5, 15, 11 ], "texture": "#particle" },
        "north": { "uv": [ 15, 11, 14, 12 ], "texture": "#particle" },
        "south": { "uv": [ 14, 11, 15, 12 ], "texture": "#particle" },
        "west":  { "uv": [ 5, 11, 11, 12 ], "texture": "#particle" },
        "east":  { "uv": [ 11, 11, 5, 12 ], "texture": "#particle" }
    }
},
{
    "__comment": "5",
    "from": [ 11, 4, 13 ],
    "to": [ 13, 5, 14 ],
    "faces": {
        "down":  { "uv": [ 11, 13, 13, 14 ], "texture": "#particle" },
        "up":    { "uv": [ 11, 13, 13, 14 ], "texture": "#particle" },
        "north": { "uv": [ 13, 11, 11, 12 ], "texture": "#particle" },
        "south": { "uv": [ 11, 11, 13, 12 ], "texture": "#particle" },
        "west":  { "uv": [ 13, 11, 14, 12 ], "texture": "#particle" },
        "east":  { "uv": [ 14, 11, 13, 12 ], "texture": "#particle" }
    }
},
{
    "__comment": "5",
    "from": [ 11, 4, 2 ],
    "to": [ 13, 5, 3 ],
    "faces": {
        "down":  { "uv": [ 11, 2, 13, 3 ], "texture": "#particle" },
        "up":    { "uv": [ 11, 2, 13, 3 ], "texture": "#particle" },
        "north": { "uv": [ 13, 11, 11, 12 ], "texture": "#particle" },
        "south": { "uv": [ 11, 11, 13, 12 ], "texture": "#particle" },
        "west":  { "uv": [ 2, 11, 3, 12 ], "texture": "#particle" },
        "east":  { "uv": [ 3, 11, 2, 12 ], "texture": "#particle" }
    }
},
{
    "__comment": "5",
    "from": [ 2, 4, 11 ],
    "to": [ 3, 5, 13 ],
    "faces": {
        "down":  { "uv": [ 2, 11, 3, 13 ], "texture": "#particle" },
        "up":    { "uv": [ 2, 11, 3, 13 ], "texture": "#particle" },
        "north": { "uv": [ 3, 11, 2, 12 ], "texture": "#particle" },
        "south": { "uv": [ 2, 11, 3, 12 ], "texture": "#particle" },
        "west":  { "uv": [ 11, 11, 13, 12 ], "texture": "#particle" },
        "east":  { "uv": [ 13, 11, 11, 12 ], "texture": "#particle" }
    }
},
{
    "__comment": "5",
    "from": [ 13, 4, 3 ],
    "to": [ 14, 5, 5 ],
    "faces": {
        "down":  { "uv": [ 13, 3, 14, 5 ], "texture": "#particle" },
        "up":    { "uv": [ 13, 3, 14, 5 ], "texture": "#particle" },
        "north": { "uv": [ 14, 11, 13, 12 ], "texture": "#particle" },
        "south": { "uv": [ 13, 11, 14, 12 ], "texture": "#particle" },
        "west":  { "uv": [ 3, 11, 5, 12 ], "texture": "#particle" },
        "east":  { "uv": [ 5, 11, 3, 12 ], "texture": "#particle" }
    }
},
{
    "__comment": "5",
    "from": [ 5, 4, 14 ],
    "to": [ 11, 5, 15 ],
    "faces": {
        "down":  { "uv": [ 5, 14, 11, 15 ], "texture": "#particle" },
        "up":    { "uv": [ 5, 14, 11, 15 ], "texture": "#particle" },
        "north": { "uv": [ 11, 11, 5, 12 ], "texture": "#particle" },
        "south": { "uv": [ 5, 11, 11, 12 ], "texture": "#particle" },
        "west":  { "uv": [ 14, 11, 15, 12 ], "texture": "#particle" },
        "east":  { "uv": [ 15, 11, 14, 12 ], "texture": "#particle" }
    }
},
{
    "__comment": "5",
    "from": [ 5, 4, 1 ],
    "to": [ 11, 5, 2 ],
    "faces": {
        "down":  { "uv": [ 5, 1, 11, 2 ], "texture": "#particle" },
        "up":    { "uv": [ 5, 1, 11, 2 ], "texture": "#particle" },
        "north": { "uv": [ 11, 11, 5, 12 ], "texture": "#particle" },
        "south": { "uv": [ 5, 11, 11, 12 ], "texture": "#particle" },
        "west":  { "uv": [ 1, 11, 2, 12 ], "texture": "#particle" },
        "east":  { "uv": [ 2, 11, 1, 12 ], "texture": "#particle" }
    }
},
{
    "__comment": "5",
    "from": [ 2, 4, 3 ],
    "to": [ 3, 5, 5 ],
    "faces": {
        "down":  { "uv": [ 2, 3, 3, 5 ], "texture": "#particle" },
        "up":    { "uv": [ 2, 3, 3, 5 ], "texture": "#particle" },
        "north": { "uv": [ 3, 11, 2, 12 ], "texture": "#particle" },
        "south": { "uv": [ 2, 11, 3, 12 ], "texture": "#particle" },
        "west":  { "uv": [ 3, 11, 5, 12 ], "texture": "#particle" },
        "east":  { "uv": [ 5, 11, 3, 12 ], "texture": "#particle" }
    }
},
{
    "__comment": "5",
    "from": [ 13, 4, 11 ],
    "to": [ 14, 5, 13 ],
    "faces": {
        "down":  { "uv": [ 13, 11, 14, 13 ], "texture": "#particle" },
        "up":    { "uv": [ 13, 11, 14, 13 ], "texture": "#particle" },
        "north": { "uv": [ 14, 11, 13, 12 ], "texture": "#particle" },
        "south": { "uv": [ 13, 11, 14, 12 ], "texture": "#particle" },
        "west":  { "uv": [ 11, 11, 13, 12 ], "texture": "#particle" },
        "east":  { "uv": [ 13, 11, 11, 12 ], "texture": "#particle" }
    }
},
{
    "__comment": "5",
    "from": [ 3, 4, 13 ],
    "to": [ 5, 5, 14 ],
    "faces": {
        "down":  { "uv": [ 3, 13, 5, 14 ], "texture": "#particle" },
        "up":    { "uv": [ 3, 13, 5, 14 ], "texture": "#particle" },
        "north": { "uv": [ 5, 11, 3, 12 ], "texture": "#particle" },
        "south": { "uv": [ 3, 11, 5, 12 ], "texture": "#particle" },
        "west":  { "uv": [ 13, 11, 14, 12 ], "texture": "#particle" },
        "east":  { "uv": [ 14, 11, 13, 12 ], "texture": "#particle" }
    }
},
{
    "__comment": "4",
    "from": [ 3, 3, 3 ],
    "to": [ 4, 4, 4 ],
    "faces": {
        "down":  { "uv": [ 3, 3, 4, 4 ], "texture": "#particle" },
        "up":    { "uv": [ 3, 3, 4, 4 ], "texture": "#particle" },
        "north": { "uv": [ 4, 12, 3, 13 ], "texture": "#particle" },
        "south": { "uv": [ 3, 12, 4, 13 ], "texture": "#particle" },
        "west":  { "uv": [ 3, 12, 4, 13 ], "texture": "#particle" },
        "east":  { "uv": [ 4, 12, 3, 13 ], "texture": "#particle" }
    }
},
{
    "__comment": "4",
    "from": [ 12, 3, 3 ],
    "to": [ 13, 4, 4 ],
    "faces": {
        "down":  { "uv": [ 12, 3, 13, 4 ], "texture": "#particle" },
        "up":    { "uv": [ 12, 3, 13, 4 ], "texture": "#particle" },
        "north": { "uv": [ 13, 12, 12, 13 ], "texture": "#particle" },
        "south": { "uv": [ 12, 12, 13, 13 ], "texture": "#particle" },
        "west":  { "uv": [ 3, 12, 4, 13 ], "texture": "#particle" },
        "east":  { "uv": [ 4, 12, 3, 13 ], "texture": "#particle" }
    }
},
{
    "__comment": "4",
    "from": [ 3, 3, 12 ],
    "to": [ 4, 4, 13 ],
    "faces": {
        "down":  { "uv": [ 3, 12, 4, 13 ], "texture": "#particle" },
        "up":    { "uv": [ 3, 12, 4, 13 ], "texture": "#particle" },
        "north": { "uv": [ 4, 12, 3, 13 ], "texture": "#particle" },
        "south": { "uv": [ 3, 12, 4, 13 ], "texture": "#particle" },
        "west":  { "uv": [ 12, 12, 13, 13 ], "texture": "#particle" },
        "east":  { "uv": [ 13, 12, 12, 13 ], "texture": "#particle" }
    }
},
{
    "__comment": "4",
    "from": [ 12, 3, 12 ],
    "to": [ 13, 4, 13 ],
    "faces": {
        "down":  { "uv": [ 12, 12, 13, 13 ], "texture": "#particle" },
        "up":    { "uv": [ 12, 12, 13, 13 ], "texture": "#particle" },
        "north": { "uv": [ 13, 12, 12, 13 ], "texture": "#particle" },
        "south": { "uv": [ 12, 12, 13, 13 ], "texture": "#particle" },
        "west":  { "uv": [ 12, 12, 13, 13 ], "texture": "#particle" },
        "east":  { "uv": [ 13, 12, 12, 13 ], "texture": "#particle" }
    }
},
{
    "__comment": "4",
    "from": [ 7, 3, 14 ],
    "to": [ 9, 4, 15 ],
    "faces": {
        "down":  { "uv": [ 7, 14, 9, 15 ], "texture": "#particle" },
        "north": { "uv": [ 9, 12, 7, 13 ], "texture": "#particle" },
        "south": { "uv": [ 7, 12, 9, 13 ], "texture": "#particle" },
        "west":  { "uv": [ 14, 12, 15, 13 ], "texture": "#particle" },
        "east":  { "uv": [ 15, 12, 14, 13 ], "texture": "#particle" }
    }
},
{
    "__comment": "4",
    "from": [ 1, 3, 7 ],
    "to": [ 2, 4, 9 ],
    "faces": {
        "down":  { "uv": [ 1, 7, 2, 9 ], "texture": "#particle" },
        "north": { "uv": [ 2, 12, 1, 13 ], "texture": "#particle" },
        "south": { "uv": [ 1, 12, 2, 13 ], "texture": "#particle" },
        "west":  { "uv": [ 7, 12, 9, 13 ], "texture": "#particle" },
        "east":  { "uv": [ 9, 12, 7, 13 ], "texture": "#particle" }
    }
},
{
    "__comment": "4",
    "from": [ 4, 3, 2 ],
    "to": [ 7, 4, 3 ],
    "faces": {
        "down":  { "uv": [ 4, 2, 7, 3 ], "texture": "#particle" },
        "up":    { "uv": [ 4, 2, 7, 3 ], "texture": "#particle" },
        "north": { "uv": [ 7, 12, 4, 13 ], "texture": "#particle" },
        "south": { "uv": [ 4, 12, 7, 13 ], "texture": "#particle" },
        "west":  { "uv": [ 2, 12, 3, 13 ], "texture": "#particle" },
        "east":  { "uv": [ 3, 12, 2, 13 ], "texture": "#particle" }
    }
},
{
    "__comment": "4",
    "from": [ 13, 3, 9 ],
    "to": [ 14, 4, 12 ],
    "faces": {
        "down":  { "uv": [ 13, 9, 14, 12 ], "texture": "#particle" },
        "up":    { "uv": [ 13, 9, 14, 12 ], "texture": "#particle" },
        "north": { "uv": [ 14, 12, 13, 13 ], "texture": "#particle" },
        "south": { "uv": [ 13, 12, 14, 13 ], "texture": "#particle" },
        "west":  { "uv": [ 9, 12, 12, 13 ], "texture": "#particle" },
        "east":  { "uv": [ 12, 12, 9, 13 ], "texture": "#particle" }
    }
},
{
    "__comment": "4",
    "from": [ 9, 3, 13 ],
    "to": [ 12, 4, 14 ],
    "faces": {
        "down":  { "uv": [ 9, 13, 12, 14 ], "texture": "#particle" },
        "up":    { "uv": [ 9, 13, 12, 14 ], "texture": "#particle" },
        "north": { "uv": [ 12, 12, 9, 13 ], "texture": "#particle" },
        "south": { "uv": [ 9, 12, 12, 13 ], "texture": "#particle" },
        "west":  { "uv": [ 13, 12, 14, 13 ], "texture": "#particle" },
        "east":  { "uv": [ 14, 12, 13, 13 ], "texture": "#particle" }
    }
},
{
    "__comment": "4",
    "from": [ 2, 3, 4 ],
    "to": [ 3, 4, 7 ],
    "faces": {
        "down":  { "uv": [ 2, 4, 3, 7 ], "texture": "#particle" },
        "up":    { "uv": [ 2, 4, 3, 7 ], "texture": "#particle" },
        "north": { "uv": [ 3, 12, 2, 13 ], "texture": "#particle" },
        "south": { "uv": [ 2, 12, 3, 13 ], "texture": "#particle" },
        "west":  { "uv": [ 4, 12, 7, 13 ], "texture": "#particle" },
        "east":  { "uv": [ 7, 12, 4, 13 ], "texture": "#particle" }
    }
},
{
    "__comment": "4",
    "from": [ 9, 3, 2 ],
    "to": [ 12, 4, 3 ],
    "faces": {
        "down":  { "uv": [ 9, 2, 12, 3 ], "texture": "#particle" },
        "up":    { "uv": [ 9, 2, 12, 3 ], "texture": "#particle" },
        "north": { "uv": [ 12, 12, 9, 13 ], "texture": "#particle" },
        "south": { "uv": [ 9, 12, 12, 13 ], "texture": "#particle" },
        "west":  { "uv": [ 2, 12, 3, 13 ], "texture": "#particle" },
        "east":  { "uv": [ 3, 12, 2, 13 ], "texture": "#particle" }
    }
},
{
    "__comment": "4",
    "from": [ 14, 3, 7 ],
    "to": [ 15, 4, 9 ],
    "faces": {
        "down":  { "uv": [ 14, 7, 15, 9 ], "texture": "#particle" },
        "north": { "uv": [ 15, 12, 14, 13 ], "texture": "#particle" },
        "south": { "uv": [ 14, 12, 15, 13 ], "texture": "#particle" },
        "west":  { "uv": [ 7, 12, 9, 13 ], "texture": "#particle" },
        "east":  { "uv": [ 9, 12, 7, 13 ], "texture": "#particle" }
    }
},
{
    "__comment": "4",
    "from": [ 4, 3, 13 ],
    "to": [ 7, 4, 14 ],
    "faces": {
        "down":  { "uv": [ 4, 13, 7, 14 ], "texture": "#particle" },
        "up":    { "uv": [ 4, 13, 7, 14 ], "texture": "#particle" },
        "north": { "uv": [ 7, 12, 4, 13 ], "texture": "#particle" },
        "south": { "uv": [ 4, 12, 7, 13 ], "texture": "#particle" },
        "west":  { "uv": [ 13, 12, 14, 13 ], "texture": "#particle" },
        "east":  { "uv": [ 14, 12, 13, 13 ], "texture": "#particle" }
    }
},
{
    "__comment": "4",
    "from": [ 2, 3, 9 ],
    "to": [ 3, 4, 12 ],
    "faces": {
        "down":  { "uv": [ 2, 9, 3, 12 ], "texture": "#particle" },
        "up":    { "uv": [ 2, 9, 3, 12 ], "texture": "#particle" },
        "north": { "uv": [ 3, 12, 2, 13 ], "texture": "#particle" },
        "south": { "uv": [ 2, 12, 3, 13 ], "texture": "#particle" },
        "west":  { "uv": [ 9, 12, 12, 13 ], "texture": "#particle" },
        "east":  { "uv": [ 12, 12, 9, 13 ], "texture": "#particle" }
    }
},
{
    "__comment": "4",
    "from": [ 7, 3, 1 ],
    "to": [ 9, 4, 2 ],
    "faces": {
        "down":  { "uv": [ 7, 1, 9, 2 ], "texture": "#particle" },
        "north": { "uv": [ 9, 12, 7, 13 ], "texture": "#particle" },
        "south": { "uv": [ 7, 12, 9, 13 ], "texture": "#particle" },
        "west":  { "uv": [ 1, 12, 2, 13 ], "texture": "#particle" },
        "east":  { "uv": [ 2, 12, 1, 13 ], "texture": "#particle" }
    }
},
{
    "__comment": "4",
    "from": [ 13, 3, 4 ],
    "to": [ 14, 4, 7 ],
    "faces": {
        "down":  { "uv": [ 13, 4, 14, 7 ], "texture": "#particle" },
        "up":    { "uv": [ 13, 4, 14, 7 ], "texture": "#particle" },
        "north": { "uv": [ 14, 12, 13, 13 ], "texture": "#particle" },
        "south": { "uv": [ 13, 12, 14, 13 ], "texture": "#particle" },
        "west":  { "uv": [ 4, 12, 7, 13 ], "texture": "#particle" },
        "east":  { "uv": [ 7, 12, 4, 13 ], "texture": "#particle" }
    }
},
{
    "__comment": "3",
    "from": [ 4, 2, 4 ],
    "to": [ 5, 3, 5 ],
    "faces": {
        "down":  { "uv": [ 4, 4, 5, 5 ], "texture": "#particle" },
        "up":    { "uv": [ 4, 4, 5, 5 ], "texture": "#particle" },
        "south": { "uv": [ 4, 13, 5, 14 ], "texture": "#particle" },
        "east":  { "uv": [ 5, 13, 4, 14 ], "texture": "#particle" }
    }
},
{
    "__comment": "3",
    "from": [ 4, 2, 11 ],
    "to": [ 5, 3, 12 ],
    "faces": {
        "down":  { "uv": [ 4, 11, 5, 12 ], "texture": "#particle" },
        "up":    { "uv": [ 4, 11, 5, 12 ], "texture": "#particle" },
        "north": { "uv": [ 5, 13, 4, 14 ], "texture": "#particle" },
        "east":  { "uv": [ 12, 13, 11, 14 ], "texture": "#particle" }
    }
},
{
    "__comment": "3",
    "from": [ 11, 2, 11 ],
    "to": [ 12, 3, 12 ],
    "faces": {
        "down":  { "uv": [ 11, 11, 12, 12 ], "texture": "#particle" },
        "up":    { "uv": [ 11, 11, 12, 12 ], "texture": "#particle" },
        "north": { "uv": [ 12, 13, 11, 14 ], "texture": "#particle" },
        "west":  { "uv": [ 11, 13, 12, 14 ], "texture": "#particle" }
    }
},
{
    "__comment": "3",
    "from": [ 11, 2, 4 ],
    "to": [ 12, 3, 5 ],
    "faces": {
        "down":  { "uv": [ 11, 4, 12, 5 ], "texture": "#particle" },
        "up":    { "uv": [ 11, 4, 12, 5 ], "texture": "#particle" },
        "south": { "uv": [ 11, 13, 12, 14 ], "texture": "#particle" },
        "west":  { "uv": [ 4, 13, 5, 14 ], "texture": "#particle" }
    }
},
{
    "__comment": "3",
    "from": [ 9, 2, 3 ],
    "to": [ 12, 3, 4 ],
    "faces": {
        "down":  { "uv": [ 9, 3, 12, 4 ], "texture": "#particle" },
        "up":    { "uv": [ 9, 3, 12, 4 ], "texture": "#particle" },
        "north": { "uv": [ 12, 13, 9, 14 ], "texture": "#particle" },
        "south": { "uv": [ 9, 13, 12, 14 ], "texture": "#particle" },
        "west":  { "uv": [ 3, 13, 4, 14 ], "texture": "#particle" },
        "east":  { "uv": [ 4, 13, 3, 14 ], "texture": "#particle" }
    }
},
{
    "__comment": "3",
    "from": [ 3, 2, 4 ],
    "to": [ 4, 3, 7 ],
    "faces": {
        "down":  { "uv": [ 3, 4, 4, 7 ], "texture": "#particle" },
        "up":    { "uv": [ 3, 4, 4, 7 ], "texture": "#particle" },
        "north": { "uv": [ 4, 13, 3, 14 ], "texture": "#particle" },
        "south": { "uv": [ 3, 13, 4, 14 ], "texture": "#particle" },
        "west":  { "uv": [ 4, 13, 7, 14 ], "texture": "#particle" },
        "east":  { "uv": [ 7, 13, 4, 14 ], "texture": "#particle" }
    }
},
{
    "__comment": "3",
    "from": [ 12, 2, 9 ],
    "to": [ 13, 3, 12 ],
    "faces": {
        "down":  { "uv": [ 12, 9, 13, 12 ], "texture": "#particle" },
        "up":    { "uv": [ 12, 9, 13, 12 ], "texture": "#particle" },
        "north": { "uv": [ 13, 13, 12, 14 ], "texture": "#particle" },
        "south": { "uv": [ 12, 13, 13, 14 ], "texture": "#particle" },
        "west":  { "uv": [ 9, 13, 12, 14 ], "texture": "#particle" },
        "east":  { "uv": [ 12, 13, 9, 14 ], "texture": "#particle" }
    }
},
{
    "__comment": "3",
    "from": [ 9, 2, 12 ],
    "to": [ 12, 3, 13 ],
    "faces": {
        "down":  { "uv": [ 9, 12, 12, 13 ], "texture": "#particle" },
        "up":    { "uv": [ 9, 12, 12, 13 ], "texture": "#particle" },
        "north": { "uv": [ 12, 13, 9, 14 ], "texture": "#particle" },
        "south": { "uv": [ 9, 13, 12, 14 ], "texture": "#particle" },
        "west":  { "uv": [ 12, 13, 13, 14 ], "texture": "#particle" },
        "east":  { "uv": [ 13, 13, 12, 14 ], "texture": "#particle" }
    }
},
{
    "__comment": "3",
    "from": [ 4, 2, 3 ],
    "to": [ 7, 3, 4 ],
    "faces": {
        "down":  { "uv": [ 4, 3, 7, 4 ], "texture": "#particle" },
        "up":    { "uv": [ 4, 3, 7, 4 ], "texture": "#particle" },
        "north": { "uv": [ 7, 13, 4, 14 ], "texture": "#particle" },
        "south": { "uv": [ 4, 13, 7, 14 ], "texture": "#particle" },
        "west":  { "uv": [ 3, 13, 4, 14 ], "texture": "#particle" },
        "east":  { "uv": [ 4, 13, 3, 14 ], "texture": "#particle" }
    }
},
{
    "__comment": "3",
    "from": [ 3, 2, 9 ],
    "to": [ 4, 3, 12 ],
    "faces": {
        "down":  { "uv": [ 3, 9, 4, 12 ], "texture": "#particle" },
        "up":    { "uv": [ 3, 9, 4, 12 ], "texture": "#particle" },
        "north": { "uv": [ 4, 13, 3, 14 ], "texture": "#particle" },
        "south": { "uv": [ 3, 13, 4, 14 ], "texture": "#particle" },
        "west":  { "uv": [ 9, 13, 12, 14 ], "texture": "#particle" },
        "east":  { "uv": [ 12, 13, 9, 14 ], "texture": "#particle" }
    }
},
{
    "__comment": "3",
    "from": [ 13, 2, 6 ],
    "to": [ 14, 3, 10 ],
    "faces": {
        "down":  { "uv": [ 13, 6, 14, 10 ], "texture": "#particle" },
        "up":    { "uv": [ 13, 6, 14, 10 ], "texture": "#particle" },
        "north": { "uv": [ 14, 13, 13, 14 ], "texture": "#particle" },
        "south": { "uv": [ 13, 13, 14, 14 ], "texture": "#particle" },
        "west":  { "uv": [ 6, 13, 10, 14 ], "texture": "#particle" },
        "east":  { "uv": [ 10, 13, 6, 14 ], "texture": "#particle" }
    }
},
{
    "__comment": "3",
    "from": [ 6, 2, 13 ],
    "to": [ 10, 3, 14 ],
    "faces": {
        "down":  { "uv": [ 6, 13, 10, 14 ], "texture": "#particle" },
        "up":    { "uv": [ 6, 13, 10, 14 ], "texture": "#particle" },
        "north": { "uv": [ 10, 13, 6, 14 ], "texture": "#particle" },
        "south": { "uv": [ 6, 13, 10, 14 ], "texture": "#particle" },
        "west":  { "uv": [ 13, 13, 14, 14 ], "texture": "#particle" },
        "east":  { "uv": [ 14, 13, 13, 14 ], "texture": "#particle" }
    }
},
{
    "__comment": "3",
    "from": [ 6, 2, 2 ],
    "to": [ 10, 3, 3 ],
    "faces": {
        "down":  { "uv": [ 6, 2, 10, 3 ], "texture": "#particle" },
        "up":    { "uv": [ 6, 2, 10, 3 ], "texture": "#particle" },
        "north": { "uv": [ 10, 13, 6, 14 ], "texture": "#particle" },
        "south": { "uv": [ 6, 13, 10, 14 ], "texture": "#particle" },
        "west":  { "uv": [ 2, 13, 3, 14 ], "texture": "#particle" },
        "east":  { "uv": [ 3, 13, 2, 14 ], "texture": "#particle" }
    }
},
{
    "__comment": "3",
    "from": [ 2, 2, 6 ],
    "to": [ 3, 3, 10 ],
    "faces": {
        "down":  { "uv": [ 14, 10, 13, 6 ], "texture": "#particle" },
        "up":    { "uv": [ 2, 6, 3, 10 ], "texture": "#particle" },
        "north": { "uv": [ 3, 13, 2, 14 ], "texture": "#particle" },
        "south": { "uv": [ 2, 13, 3, 14 ], "texture": "#particle" },
        "west":  { "uv": [ 6, 13, 10, 14 ], "texture": "#particle" },
        "east":  { "uv": [ 10, 13, 6, 14 ], "texture": "#particle" }
    }
},
{
    "__comment": "3",
    "from": [ 12, 2, 4 ],
    "to": [ 13, 3, 7 ],
    "faces": {
        "down":  { "uv": [ 12, 4, 13, 7 ], "texture": "#particle" },
        "up":    { "uv": [ 12, 4, 13, 7 ], "texture": "#particle" },
        "north": { "uv": [ 13, 13, 12, 14 ], "texture": "#particle" },
        "south": { "uv": [ 12, 13, 13, 14 ], "texture": "#particle" },
        "west":  { "uv": [ 4, 13, 7, 14 ], "texture": "#particle" },
        "east":  { "uv": [ 7, 13, 4, 14 ], "texture": "#particle" }
    }
},
{
    "__comment": "3",
    "from": [ 4, 2, 12 ],
    "to": [ 7, 3, 13 ],
    "faces": {
        "down":  { "uv": [ 4, 12, 7, 13 ], "texture": "#particle" },
        "up":    { "uv": [ 4, 12, 7, 13 ], "texture": "#particle" },
        "north": { "uv": [ 7, 13, 4, 14 ], "texture": "#particle" },
        "south": { "uv": [ 4, 13, 7, 14 ], "texture": "#particle" },
        "west":  { "uv": [ 12, 13, 13, 14 ], "texture": "#particle" },
        "east":  { "uv": [ 13, 13, 12, 14 ], "texture": "#particle" }
    }
},
{
    "__comment": "2",
    "from": [ 5, 1, 4 ],
    "to": [ 11, 2, 12 ],
    "faces": {
        "down":  { "uv": [ 11, 12, 5, 4 ], "texture": "#particle" },
        "up":    { "uv": [ 5, 4, 11, 12 ], "texture": "#particle" },
        "north": { "uv": [ 5, 14, 11, 15 ], "texture": "#particle" },
        "south": { "uv": [ 5, 14, 11, 15 ], "texture": "#particle" },
        "west":  { "uv": [ 4, 14, 12, 15 ], "texture": "#particle" },
        "east":  { "uv": [ 4, 14, 12, 15 ], "texture": "#particle" }
    }
},
{
    "__comment": "2",
    "from": [ 4, 1, 5 ],
    "to": [ 5, 2, 11 ],
    "faces": {
        "down":  { "uv": [ 12, 11, 11, 5 ], "texture": "#particle" },
        "up":    { "uv": [ 4, 5, 5, 11 ], "texture": "#particle" },
        "north": { "uv": [ 11, 14, 12, 15 ], "texture": "#particle" },
        "south": { "uv": [ 4, 14, 5, 15 ], "texture": "#particle" },
        "west":  { "uv": [ 5, 14, 11, 15 ], "texture": "#particle" }
    }
},
{
    "__comment": "2",
    "from": [ 11, 1, 5 ],
    "to": [ 12, 2, 11 ],
    "faces": {
        "down":  { "uv": [ 5, 11, 4, 5 ], "texture": "#particle" },
        "up":    { "uv": [ 11, 5, 12, 11 ], "texture": "#particle" },
        "north": { "uv": [ 4, 14, 5, 15 ], "texture": "#particle" },
        "south": { "uv": [ 11, 14, 12, 15 ], "texture": "#particle" },
        "east":  { "uv": [ 5, 14, 11, 15 ], "texture": "#particle" }
    }
},
{
    "__comment": "2",
    "from": [ 3, 1, 7 ],
    "to": [ 4, 2, 9 ],
    "faces": {
        "down":  { "uv": [ 13, 9, 12, 7 ], "texture": "#particle" },
        "up":    { "uv": [ 3, 7, 4, 9 ], "texture": "#particle" },
        "north": { "uv": [ 12, 14, 13, 15 ], "texture": "#particle" },
        "south": { "uv": [ 3, 14, 4, 15 ], "texture": "#particle" },
        "west":  { "uv": [ 7, 14, 9, 15 ], "texture": "#particle" }
    }
},
{
    "__comment": "2",
    "from": [ 12, 1, 7 ],
    "to": [ 13, 2, 9 ],
    "faces": {
        "down":  { "uv": [ 4, 9, 3, 7 ], "texture": "#particle" },
        "up":    { "uv": [ 12, 7, 13, 9 ], "texture": "#particle" },
        "north": { "uv": [ 3, 14, 4, 15 ], "texture": "#particle" },
        "south": { "uv": [ 12, 14, 13, 15 ], "texture": "#particle" },
        "east":  { "uv": [ 7, 14, 9, 15 ], "texture": "#particle" }
    }
},
{
    "__comment": "2",
    "from": [ 7, 1, 12 ],
    "to": [ 9, 2, 13 ],
    "faces": {
        "down":  { "uv": [ 9, 13, 7, 12 ], "texture": "#particle" },
        "up":    { "uv": [ 7, 12, 9, 13 ], "texture": "#particle" },
        "south": { "uv": [ 7, 14, 9, 15 ], "texture": "#particle" },
        "west":  { "uv": [ 12, 14, 13, 15 ], "texture": "#particle" },
        "east":  { "uv": [ 3, 14, 4, 15 ], "texture": "#particle" }
    }
},
{
    "__comment": "2",
    "from": [ 7, 1, 3 ],
    "to": [ 9, 2, 4 ],
    "faces": {
        "down":  { "uv": [ 9, 4, 7, 3 ], "texture": "#particle" },
        "up":    { "uv": [ 7, 3, 9, 4 ], "texture": "#particle" },
        "north": { "uv": [ 7, 14, 9, 15 ], "texture": "#particle" },
        "west":  { "uv": [ 3, 14, 4, 15 ], "texture": "#particle" },
        "east":  { "uv": [ 12, 14, 13, 15 ], "texture": "#particle" }
    }
},
{
    "__comment": "1",
    "from": [ 0, -0.5, 11.3125 ],
    "to": [ 16, 0.5, 12.3125 ],
    "rotation": { "origin": [ 0, 0.5, 11.3125 ], "axis": "x", "angle": -45 },
    "faces": {
        "down":  { "uv": [ 16, 12, 0, 11 ], "texture": "#particle" },
        "up":    { "uv": [ 0, 13, 16, 14 ], "texture": "#particle" },
        "north": { "uv": [ 0, 15, 16, 16 ], "texture": "#particle" },
        "south": { "uv": [ 0, 15, 16, 16 ], "texture": "#particle" },
        "west":  { "uv": [ 15, 15, 16, 16 ], "texture": "#particle" },
        "east":  { "uv": [ 0, 15, 1, 16 ], "texture": "#particle" }
    }
},
{
    "__comment": "1",
    "from": [ 0, -0.5, 3.3125 ],
    "to": [ 16, 0.5, 4.3125 ],
    "rotation": { "origin": [ 0, 0.5, 3.3125 ], "axis": "x", "angle": -45 },
    "faces": {
        "down":  { "uv": [ 16, 12, 0, 11 ], "texture": "#particle" },
        "up":    { "uv": [ 0, 13, 16, 14 ], "texture": "#particle" },
        "north": { "uv": [ 0, 15, 16, 16 ], "texture": "#particle" },
        "south": { "uv": [ 0, 15, 16, 16 ], "texture": "#particle" },
        "west":  { "uv": [ 15, 15, 16, 16 ], "texture": "#particle" },
        "east":  { "uv": [ 0, 15, 1, 16 ], "texture": "#particle" }
    }
},
{
    "__comment": "1",
    "from": [ 3.3125, -0.5, 0 ],
    "to": [ 4.3125, 0.5, 16 ],
    "rotation": { "origin": [ 3.3125, 0.5, 0 ], "axis": "z", "angle": 45 },
    "faces": {
        "down":  { "uv": [ 4, 16, 3, 0 ], "texture": "#particle" },
        "up":    { "uv": [ 11, 0, 12, 16 ], "texture": "#particle" },
        "north": { "uv": [ 0, 15, 1, 16 ], "texture": "#particle" },
        "south": { "uv": [ 15, 15, 16, 16 ], "texture": "#particle" },
        "west":  { "uv": [ 0, 15, 16, 16 ], "texture": "#particle" },
        "east":  { "uv": [ 0, 15, 16, 16 ], "texture": "#particle" }
    }
},
{
    "__comment": "1",
    "from": [ 11.3125, -0.5, 0 ],
    "to": [ 12.3125, 0.5, 16 ],
    "rotation": { "origin": [ 11.3125, 0.5, 0 ], "axis": "z", "angle": 45 },
    "faces": {
        "down":  { "uv": [ 4, 16, 3, 0 ], "texture": "#particle" },
        "up":    { "uv": [ 11, 0, 12, 16 ], "texture": "#particle" },
        "north": { "uv": [ 0, 15, 1, 16 ], "texture": "#particle" },
        "south": { "uv": [ 15, 15, 16, 16 ], "texture": "#particle" },
        "west":  { "uv": [ 0, 15, 16, 16 ], "texture": "#particle" },
        "east":  { "uv": [ 0, 15, 16, 16 ], "texture": "#particle" }
    }
},
{
    "__comment": "Water",
    "from": [ 3, 11, 3 ],
    "to": [ 13, 11.5, 13 ],
    "faces": {
        "up":    { "uv": [ 3, 3, 13, 13 ], "texture": "#texture" }
    }
},
{
    "__comment": "Water",
    "from": [ 1, 11, 4 ],
    "to": [ 3, 11.5, 12 ],
    "faces": {
        "up":    { "uv": [ 1, 4, 3, 12 ], "texture": "#texture" }
    }
},
{
    "__comment": "Water",
    "from": [ 4, 11, 1 ],
    "to": [ 12, 11.5, 3 ],
    "faces": {
        "up":    { "uv": [ 4, 1, 12, 3 ], "texture": "#texture" }
    }
},
{
    "__comment": "Water",
    "from": [ 13, 11, 4 ],
    "to": [ 15, 11.5, 12 ],
    "faces": {
        "up":    { "uv": [ 13, 4, 15, 12 ], "texture": "#texture" }
    }
},
{
    "__comment": "Water",
    "from": [ 4, 11, 13 ],
    "to": [ 12, 11.5, 15 ],
    "faces": {
        "up":    { "uv": [ 4, 13, 12, 15 ], "texture": "#texture" }
    }
}
]
}