{
"__comment": "Designed by CoolScreenName http://www.planetminecraft.com/member/coolscreenname/",
"textures": {
    "particle": "blocks/leaves_big_oak",
    "texture": "blocks/planks_oak",
    "log_big_oak": "blocks/log_big_oak",
    "leaves_big_oak": "blocks/leaves_big_oak"
},
"elements": [ 
{
    "__comment": "!acorn",
    "from": [ 4.348, -2.498, 3.974 ],
    "to": [ 7.01, -1.288, 5.184 ],
    "faces": {
        "down":  { "uv": [ 5, 6.25, 5, 6.25 ], "texture": "#texture" },
        "up":    { "uv": [ 5, 6.25, 5, 6.25 ], "rotation": 180, "texture": "#texture" },
        "north": { "uv": [ 6.25, 6.75, 6.25, 6.5 ], "rotation": 180, "texture": "#texture" },
        "south": { "uv": [ 6.25, 6.75, 6.25, 6.5 ], "texture": "#texture" },
        "west":  { "uv": [ 5, 6.25, 5, 6.75 ], "rotation": 90, "texture": "#texture" },
        "east":  { "uv": [ 5, 6.25, 5, 6.75 ], "rotation": 270, "texture": "#texture" }
    }
},
{
    "__comment": "!acorn",
    "from": [ 4.348, -2.498, 5.184 ],
    "to": [ 7.01, -1.53, 5.426 ],
    "faces": {
        "down":  { "uv": [ 5, 6.25, 5, 6.25 ], "texture": "#texture" },
        "up":    { "uv": [ 5, 6.25, 5, 6.25 ], "rotation": 180, "texture": "#texture" },
        "north": { "uv": [ 6.25, 6.75, 6.25, 6.5 ], "rotation": 180, "texture": "#texture" },
        "south": { "uv": [ 6.25, 6.75, 6.25, 6.5 ], "texture": "#texture" },
        "west":  { "uv": [ 5, 6.25, 5, 6.75 ], "rotation": 90, "texture": "#texture" },
        "east":  { "uv": [ 5, 6.25, 5, 6.75 ], "rotation": 270, "texture": "#texture" }
    }
},
{
    "__comment": "!acorn",
    "from": [ 4.348, -2.014, 3.732 ],
    "to": [ 7.252, -1.772, 3.974 ],
    "faces": {
        "down":  { "uv": [ 5, 6.25, 5, 6.25 ], "texture": "#texture" },
        "up":    { "uv": [ 5, 6.25, 5, 6.25 ], "rotation": 180, "texture": "#texture" },
        "north": { "uv": [ 6.25, 6.75, 6.25, 6.5 ], "rotation": 180, "texture": "#texture" },
        "south": { "uv": [ 6.25, 6.75, 6.25, 6.5 ], "texture": "#texture" },
        "west":  { "uv": [ 5, 6.25, 5, 6.75 ], "rotation": 90, "texture": "#texture" },
        "east":  { "uv": [ 5, 6.25, 5, 6.75 ], "rotation": 270, "texture": "#texture" }
    }
},
{
    "__comment": "!acorn",
    "from": [ 4.59, -1.288, 3.974 ],
    "to": [ 7.01, -1.046, 5.426 ],
    "faces": {
        "down":  { "uv": [ 5, 6.25, 5, 6.25 ], "texture": "#log_big_oak" },
        "up":    { "uv": [ 5, 6.25, 5, 6.25 ], "rotation": 180, "texture": "#log_big_oak" },
        "north": { "uv": [ 6.25, 6.75, 6.25, 6.5 ], "rotation": 180, "texture": "#log_big_oak" },
        "south": { "uv": [ 6.25, 6.75, 6.25, 6.5 ], "texture": "#log_big_oak" },
        "west":  { "uv": [ 5, 6.25, 5, 6.75 ], "rotation": 90, "texture": "#log_big_oak" },
        "east":  { "uv": [ 5, 6.25, 5, 6.75 ], "rotation": 270, "texture": "#log_big_oak" }
    }
},
{
    "__comment": "!acorn",
    "from": [ 4.59, -1.772, 3.732 ],
    "to": [ 7.01, -1.288, 3.974 ],
    "faces": {
        "down":  { "uv": [ 5, 6.25, 5, 6.25 ], "texture": "#log_big_oak" },
        "up":    { "uv": [ 5, 6.25, 5, 6.25 ], "rotation": 180, "texture": "#log_big_oak" },
        "north": { "uv": [ 6.25, 6.75, 6.25, 6.5 ], "rotation": 180, "texture": "#log_big_oak" },
        "south": { "uv": [ 6.25, 6.75, 6.25, 6.5 ], "texture": "#log_big_oak" },
        "west":  { "uv": [ 5, 6.25, 5, 6.75 ], "rotation": 90, "texture": "#log_big_oak" },
        "east":  { "uv": [ 5, 6.25, 5, 6.75 ], "rotation": 270, "texture": "#log_big_oak" }
    }
},
{
    "__comment": "!acorn",
    "from": [ 4.59, -1.53, 5.184 ],
    "to": [ 7.01, -1.288, 5.668 ],
    "faces": {
        "down":  { "uv": [ 5, 6.25, 5, 6.25 ], "texture": "#log_big_oak" },
        "up":    { "uv": [ 5, 6.25, 5, 6.25 ], "rotation": 180, "texture": "#log_big_oak" },
        "north": { "uv": [ 6.25, 6.75, 6.25, 6.5 ], "rotation": 180, "texture": "#log_big_oak" },
        "south": { "uv": [ 6.25, 6.75, 6.25, 6.5 ], "texture": "#log_big_oak" },
        "west":  { "uv": [ 5, 6.25, 5, 6.75 ], "rotation": 90, "texture": "#log_big_oak" },
        "east":  { "uv": [ 5, 6.25, 5, 6.75 ], "rotation": 270, "texture": "#log_big_oak" }
    }
},
{
    "__comment": "!acorn",
    "from": [ 4.59, -2.014, 3.49 ],
    "to": [ 7.01, -1.53, 3.732 ],
    "faces": {
        "down":  { "uv": [ 5, 6.25, 5, 6.25 ], "texture": "#texture" },
        "up":    { "uv": [ 5, 6.25, 5, 6.25 ], "rotation": 180, "texture": "#texture" },
        "north": { "uv": [ 6.25, 6.75, 6.25, 6.5 ], "rotation": 180, "texture": "#texture" },
        "south": { "uv": [ 6.25, 6.75, 6.25, 6.5 ], "texture": "#texture" },
        "west":  { "uv": [ 5, 6.25, 5, 6.75 ], "rotation": 90, "texture": "#texture" },
        "east":  { "uv": [ 5, 6.25, 5, 6.75 ], "rotation": 270, "texture": "#texture" }
    }
},
{
    "__comment": "!acorn",
    "from": [ 4.59, -2.498, 5.426 ],
    "to": [ 7.01, -1.53, 5.668 ],
    "faces": {
        "down":  { "uv": [ 5, 6.25, 5, 6.25 ], "texture": "#texture" },
        "up":    { "uv": [ 5, 6.25, 5, 6.25 ], "rotation": 180, "texture": "#texture" },
        "north": { "uv": [ 6.25, 6.75, 6.25, 6.5 ], "rotation": 180, "texture": "#texture" },
        "south": { "uv": [ 6.25, 6.75, 6.25, 6.5 ], "texture": "#texture" },
        "west":  { "uv": [ 5, 6.25, 5, 6.75 ], "rotation": 90, "texture": "#texture" },
        "east":  { "uv": [ 5, 6.25, 5, 6.75 ], "rotation": 270, "texture": "#texture" }
    }
},
{
    "__comment": "!acorn",
    "from": [ 4.59, -2.256, 5.668 ],
    "to": [ 7.01, -1.53, 5.91 ],
    "faces": {
        "down":  { "uv": [ 5, 6.25, 5, 6.25 ], "texture": "#texture" },
        "up":    { "uv": [ 5, 6.25, 5, 6.25 ], "rotation": 180, "texture": "#texture" },
        "north": { "uv": [ 6.25, 6.75, 6.25, 6.5 ], "rotation": 180, "texture": "#texture" },
        "south": { "uv": [ 6.25, 6.75, 6.25, 6.5 ], "texture": "#texture" },
        "west":  { "uv": [ 5, 6.25, 5, 6.75 ], "rotation": 90, "texture": "#texture" },
        "east":  { "uv": [ 5, 6.25, 5, 6.75 ], "rotation": 270, "texture": "#texture" }
    }
},
{
    "__comment": "!acorn",
    "from": [ 4.59, -2.498, 3.732 ],
    "to": [ 7.01, -2.014, 3.974 ],
    "faces": {
        "down":  { "uv": [ 5, 6.25, 5, 6.25 ], "texture": "#texture" },
        "up":    { "uv": [ 5, 6.25, 5, 6.25 ], "rotation": 180, "texture": "#texture" },
        "north": { "uv": [ 6.25, 6.75, 6.25, 6.5 ], "rotation": 180, "texture": "#texture" },
        "south": { "uv": [ 6.25, 6.75, 6.25, 6.5 ], "texture": "#texture" },
        "west":  { "uv": [ 5, 6.25, 5, 6.75 ], "rotation": 90, "texture": "#texture" },
        "east":  { "uv": [ 5, 6.25, 5, 6.75 ], "rotation": 270, "texture": "#texture" }
    }
},
{
    "__comment": "!acorn",
    "from": [ 4.59, -2.74, 3.974 ],
    "to": [ 7.01, -2.498, 5.426 ],
    "faces": {
        "down":  { "uv": [ 5, 6.25, 5, 6.25 ], "texture": "#texture" },
        "up":    { "uv": [ 5, 6.25, 5, 6.25 ], "rotation": 180, "texture": "#texture" },
        "north": { "uv": [ 6.25, 6.75, 6.25, 6.5 ], "rotation": 180, "texture": "#texture" },
        "south": { "uv": [ 6.25, 6.75, 6.25, 6.5 ], "texture": "#texture" },
        "west":  { "uv": [ 5, 6.25, 5, 6.75 ], "rotation": 90, "texture": "#texture" },
        "east":  { "uv": [ 5, 6.25, 5, 6.75 ], "rotation": 270, "texture": "#texture" }
    }
},
{
    "__comment": "!acorn",
    "from": [ 4.59, -2.982, 4.216 ],
    "to": [ 7.01, -2.74, 5.184 ],
    "faces": {
        "down":  { "uv": [ 5, 6.25, 5, 6.25 ], "texture": "#texture" },
        "up":    { "uv": [ 5, 6.25, 5, 6.25 ], "rotation": 180, "texture": "#texture" },
        "north": { "uv": [ 6.25, 6.75, 6.25, 6.5 ], "rotation": 180, "texture": "#texture" },
        "south": { "uv": [ 6.25, 6.75, 6.25, 6.5 ], "texture": "#texture" },
        "west":  { "uv": [ 5, 6.25, 5, 6.75 ], "rotation": 90, "texture": "#texture" },
        "east":  { "uv": [ 5, 6.25, 5, 6.75 ], "rotation": 270, "texture": "#texture" }
    }
},
{
    "__comment": "!acorn",
    "from": [ 4.832, -1.046, 3.974 ],
    "to": [ 6.768, -0.804, 5.426 ],
    "faces": {
        "down":  { "uv": [ 5, 6.25, 5, 6.25 ], "texture": "#log_big_oak" },
        "up":    { "uv": [ 5, 6.25, 5, 6.25 ], "rotation": 180, "texture": "#log_big_oak" },
        "north": { "uv": [ 6.25, 6.75, 6.25, 6.5 ], "rotation": 180, "texture": "#log_big_oak" },
        "south": { "uv": [ 6.25, 6.75, 6.25, 6.5 ], "texture": "#log_big_oak" },
        "west":  { "uv": [ 5, 6.25, 5, 6.75 ], "rotation": 90, "texture": "#log_big_oak" },
        "east":  { "uv": [ 5, 6.25, 5, 6.75 ], "rotation": 270, "texture": "#log_big_oak" }
    }
},
{
    "__comment": "!acorn",
    "from": [ 4.832, -1.288, 3.732 ],
    "to": [ 6.768, -1.046, 3.974 ],
    "faces": {
        "down":  { "uv": [ 5, 6.25, 5, 6.25 ], "texture": "#log_big_oak" },
        "up":    { "uv": [ 5, 6.25, 5, 6.25 ], "rotation": 180, "texture": "#log_big_oak" },
        "north": { "uv": [ 6.25, 6.75, 6.25, 6.5 ], "rotation": 180, "texture": "#log_big_oak" },
        "south": { "uv": [ 6.25, 6.75, 6.25, 6.5 ], "texture": "#log_big_oak" },
        "west":  { "uv": [ 5, 6.25, 5, 6.75 ], "rotation": 90, "texture": "#log_big_oak" },
        "east":  { "uv": [ 5, 6.25, 5, 6.75 ], "rotation": 270, "texture": "#log_big_oak" }
    }
},
{
    "__comment": "!acorn",
    "from": [ 4.832, -1.288, 5.426 ],
    "to": [ 6.768, -1.046, 5.668 ],
    "faces": {
        "down":  { "uv": [ 5, 6.25, 5, 6.25 ], "texture": "#log_big_oak" },
        "up":    { "uv": [ 5, 6.25, 5, 6.25 ], "rotation": 180, "texture": "#log_big_oak" },
        "north": { "uv": [ 6.25, 6.75, 6.25, 6.5 ], "rotation": 180, "texture": "#log_big_oak" },
        "south": { "uv": [ 6.25, 6.75, 6.25, 6.5 ], "texture": "#log_big_oak" },
        "west":  { "uv": [ 5, 6.25, 5, 6.75 ], "rotation": 90, "texture": "#log_big_oak" },
        "east":  { "uv": [ 5, 6.25, 5, 6.75 ], "rotation": 270, "texture": "#log_big_oak" }
    }
},
{
    "__comment": "!acorn",
    "from": [ 4.832, -1.53, 3.49 ],
    "to": [ 6.768, -1.288, 3.732 ],
    "faces": {
        "down":  { "uv": [ 5, 6.25, 5, 6.25 ], "texture": "#log_big_oak" },
        "up":    { "uv": [ 5, 6.25, 5, 6.25 ], "rotation": 180, "texture": "#log_big_oak" },
        "north": { "uv": [ 6.25, 6.75, 6.25, 6.5 ], "rotation": 180, "texture": "#log_big_oak" },
        "south": { "uv": [ 6.25, 6.75, 6.25, 6.5 ], "texture": "#log_big_oak" },
        "west":  { "uv": [ 5, 6.25, 5, 6.75 ], "rotation": 90, "texture": "#log_big_oak" },
        "east":  { "uv": [ 5, 6.25, 5, 6.75 ], "rotation": 270, "texture": "#log_big_oak" }
    }
},
{
    "__comment": "!acorn",
    "from": [ 4.832, -1.53, 5.668 ],
    "to": [ 6.768, -1.288, 5.91 ],
    "faces": {
        "down":  { "uv": [ 5, 6.25, 5, 6.25 ], "texture": "#log_big_oak" },
        "up":    { "uv": [ 5, 6.25, 5, 6.25 ], "rotation": 180, "texture": "#log_big_oak" },
        "north": { "uv": [ 6.25, 6.75, 6.25, 6.5 ], "rotation": 180, "texture": "#log_big_oak" },
        "south": { "uv": [ 6.25, 6.75, 6.25, 6.5 ], "texture": "#log_big_oak" },
        "west":  { "uv": [ 5, 6.25, 5, 6.75 ], "rotation": 90, "texture": "#log_big_oak" },
        "east":  { "uv": [ 5, 6.25, 5, 6.75 ], "rotation": 270, "texture": "#log_big_oak" }
    }
},
{
    "__comment": "!acorn",
    "from": [ 4.832, -2.014, 5.91 ],
    "to": [ 6.768, -1.53, 6.152 ],
    "faces": {
        "down":  { "uv": [ 5, 6.25, 5, 6.25 ], "texture": "#texture" },
        "up":    { "uv": [ 5, 6.25, 5, 6.25 ], "rotation": 180, "texture": "#texture" },
        "north": { "uv": [ 6.25, 6.75, 6.25, 6.5 ], "rotation": 180, "texture": "#texture" },
        "south": { "uv": [ 6.25, 6.75, 6.25, 6.5 ], "texture": "#texture" },
        "west":  { "uv": [ 5, 6.25, 5, 6.75 ], "rotation": 90, "texture": "#texture" },
        "east":  { "uv": [ 5, 6.25, 5, 6.75 ], "rotation": 270, "texture": "#texture" }
    }
},
{
    "__comment": "!acorn",
    "from": [ 4.832, -2.498, 3.49 ],
    "to": [ 6.768, -2.014, 3.732 ],
    "faces": {
        "down":  { "uv": [ 5, 6.25, 5, 6.25 ], "texture": "#texture" },
        "up":    { "uv": [ 5, 6.25, 5, 6.25 ], "rotation": 180, "texture": "#texture" },
        "north": { "uv": [ 6.25, 6.75, 6.25, 6.5 ], "rotation": 180, "texture": "#texture" },
        "south": { "uv": [ 6.25, 6.75, 6.25, 6.5 ], "texture": "#texture" },
        "west":  { "uv": [ 5, 6.25, 5, 6.75 ], "rotation": 90, "texture": "#texture" },
        "east":  { "uv": [ 5, 6.25, 5, 6.75 ], "rotation": 270, "texture": "#texture" }
    }
},
{
    "__comment": "!acorn",
    "from": [ 4.832, -2.498, 5.668 ],
    "to": [ 6.768, -2.256, 5.91 ],
    "faces": {
        "down":  { "uv": [ 5, 6.25, 5, 6.25 ], "texture": "#texture" },
        "up":    { "uv": [ 5, 6.25, 5, 6.25 ], "rotation": 180, "texture": "#texture" },
        "north": { "uv": [ 6.25, 6.75, 6.25, 6.5 ], "rotation": 180, "texture": "#texture" },
        "south": { "uv": [ 6.25, 6.75, 6.25, 6.5 ], "texture": "#texture" },
        "west":  { "uv": [ 5, 6.25, 5, 6.75 ], "rotation": 90, "texture": "#texture" },
        "east":  { "uv": [ 5, 6.25, 5, 6.75 ], "rotation": 270, "texture": "#texture" }
    }
},
{
    "__comment": "!acorn",
    "from": [ 4.832, -2.74, 3.732 ],
    "to": [ 6.768, -2.498, 3.974 ],
    "faces": {
        "down":  { "uv": [ 5, 6.25, 5, 6.25 ], "texture": "#texture" },
        "up":    { "uv": [ 5, 6.25, 5, 6.25 ], "rotation": 180, "texture": "#texture" },
        "north": { "uv": [ 6.25, 6.75, 6.25, 6.5 ], "rotation": 180, "texture": "#texture" },
        "south": { "uv": [ 6.25, 6.75, 6.25, 6.5 ], "texture": "#texture" },
        "west":  { "uv": [ 5, 6.25, 5, 6.75 ], "rotation": 90, "texture": "#texture" },
        "east":  { "uv": [ 5, 6.25, 5, 6.75 ], "rotation": 270, "texture": "#texture" }
    }
},
{
    "__comment": "!acorn",
    "from": [ 4.832, -2.982, 5.426 ],
    "to": [ 6.768, -2.498, 5.668 ],
    "faces": {
        "down":  { "uv": [ 5, 6.25, 5, 6.25 ], "texture": "#texture" },
        "up":    { "uv": [ 5, 6.25, 5, 6.25 ], "rotation": 180, "texture": "#texture" },
        "north": { "uv": [ 6.25, 6.75, 6.25, 6.5 ], "rotation": 180, "texture": "#texture" },
        "south": { "uv": [ 6.25, 6.75, 6.25, 6.5 ], "texture": "#texture" },
        "west":  { "uv": [ 5, 6.25, 5, 6.75 ], "rotation": 90, "texture": "#texture" },
        "east":  { "uv": [ 5, 6.25, 5, 6.75 ], "rotation": 270, "texture": "#texture" }
    }
},
{
    "__comment": "!acorn",
    "from": [ 4.832, -2.982, 3.974 ],
    "to": [ 7.01, -2.74, 4.216 ],
    "faces": {
        "down":  { "uv": [ 5, 6.25, 5, 6.25 ], "texture": "#texture" },
        "up":    { "uv": [ 5, 6.25, 5, 6.25 ], "rotation": 180, "texture": "#texture" },
        "north": { "uv": [ 6.25, 6.75, 6.25, 6.5 ], "rotation": 180, "texture": "#texture" },
        "south": { "uv": [ 6.25, 6.75, 6.25, 6.5 ], "texture": "#texture" },
        "west":  { "uv": [ 5, 6.25, 5, 6.75 ], "rotation": 90, "texture": "#texture" },
        "east":  { "uv": [ 5, 6.25, 5, 6.75 ], "rotation": 270, "texture": "#texture" }
    }
},
{
    "__comment": "!acorn",
    "from": [ 4.832, -2.982, 5.184 ],
    "to": [ 6.768, -2.74, 5.426 ],
    "faces": {
        "down":  { "uv": [ 5, 6.25, 5, 6.25 ], "texture": "#texture" },
        "up":    { "uv": [ 5, 6.25, 5, 6.25 ], "rotation": 180, "texture": "#texture" },
        "north": { "uv": [ 6.25, 6.75, 6.25, 6.5 ], "rotation": 180, "texture": "#texture" },
        "south": { "uv": [ 6.25, 6.75, 6.25, 6.5 ], "texture": "#texture" },
        "west":  { "uv": [ 5, 6.25, 5, 6.75 ], "rotation": 90, "texture": "#texture" },
        "east":  { "uv": [ 5, 6.25, 5, 6.75 ], "rotation": 270, "texture": "#texture" }
    }
},
{
    "__comment": "!acorn",
    "from": [ 4.832, -3.224, 4.216 ],
    "to": [ 6.768, -2.982, 5.184 ],
    "faces": {
        "down":  { "uv": [ 5, 6.25, 5, 6.25 ], "texture": "#texture" },
        "up":    { "uv": [ 5, 6.25, 5, 6.25 ], "rotation": 180, "texture": "#texture" },
        "north": { "uv": [ 6.25, 6.75, 6.25, 6.5 ], "rotation": 180, "texture": "#texture" },
        "south": { "uv": [ 6.25, 6.75, 6.25, 6.5 ], "texture": "#texture" },
        "west":  { "uv": [ 5, 6.25, 5, 6.75 ], "rotation": 90, "texture": "#texture" },
        "east":  { "uv": [ 5, 6.25, 5, 6.75 ], "rotation": 270, "texture": "#texture" }
    }
},
{
    "__comment": "!acorn",
    "from": [ 5.074, -0.804, 4.216 ],
    "to": [ 6.526, -0.562, 5.184 ],
    "faces": {
        "down":  { "uv": [ 5, 6.25, 5, 6.25 ], "texture": "#log_big_oak" },
        "up":    { "uv": [ 5, 6.25, 5, 6.25 ], "rotation": 180, "texture": "#log_big_oak" },
        "north": { "uv": [ 6.25, 6.75, 6.25, 6.5 ], "rotation": 180, "texture": "#log_big_oak" },
        "south": { "uv": [ 6.25, 6.75, 6.25, 6.5 ], "texture": "#log_big_oak" },
        "west":  { "uv": [ 5, 6.25, 5, 6.75 ], "rotation": 90, "texture": "#log_big_oak" },
        "east":  { "uv": [ 5, 6.25, 5, 6.75 ], "rotation": 270, "texture": "#log_big_oak" }
    }
},
{
    "__comment": "!acorn",
    "from": [ 5.074, -1.046, 3.732 ],
    "to": [ 6.526, -0.804, 3.974 ],
    "faces": {
        "down":  { "uv": [ 5, 6.25, 5, 6.25 ], "texture": "#log_big_oak" },
        "up":    { "uv": [ 5, 6.25, 5, 6.25 ], "rotation": 180, "texture": "#log_big_oak" },
        "north": { "uv": [ 6.25, 6.75, 6.25, 6.5 ], "rotation": 180, "texture": "#log_big_oak" },
        "south": { "uv": [ 6.25, 6.75, 6.25, 6.5 ], "texture": "#log_big_oak" },
        "west":  { "uv": [ 5, 6.25, 5, 6.75 ], "rotation": 90, "texture": "#log_big_oak" },
        "east":  { "uv": [ 5, 6.25, 5, 6.75 ], "rotation": 270, "texture": "#log_big_oak" }
    }
},
{
    "__comment": "!acorn",
    "from": [ 5.074, -1.046, 5.426 ],
    "to": [ 6.526, -0.804, 5.668 ],
    "faces": {
        "down":  { "uv": [ 5, 6.25, 5, 6.25 ], "texture": "#log_big_oak" },
        "up":    { "uv": [ 5, 6.25, 5, 6.25 ], "rotation": 180, "texture": "#log_big_oak" },
        "north": { "uv": [ 6.25, 6.75, 6.25, 6.5 ], "rotation": 180, "texture": "#log_big_oak" },
        "south": { "uv": [ 6.25, 6.75, 6.25, 6.5 ], "texture": "#log_big_oak" },
        "west":  { "uv": [ 5, 6.25, 5, 6.75 ], "rotation": 90, "texture": "#log_big_oak" },
        "east":  { "uv": [ 5, 6.25, 5, 6.75 ], "rotation": 270, "texture": "#log_big_oak" }
    }
},
{
    "__comment": "!acorn",
    "from": [ 5.074, -1.288, 3.49 ],
    "to": [ 6.526, -1.046, 3.732 ],
    "faces": {
        "down":  { "uv": [ 5, 6.25, 5, 6.25 ], "texture": "#log_big_oak" },
        "up":    { "uv": [ 5, 6.25, 5, 6.25 ], "rotation": 180, "texture": "#log_big_oak" },
        "north": { "uv": [ 6.25, 6.75, 6.25, 6.5 ], "rotation": 180, "texture": "#log_big_oak" },
        "south": { "uv": [ 6.25, 6.75, 6.25, 6.5 ], "texture": "#log_big_oak" },
        "west":  { "uv": [ 5, 6.25, 5, 6.75 ], "rotation": 90, "texture": "#log_big_oak" },
        "east":  { "uv": [ 5, 6.25, 5, 6.75 ], "rotation": 270, "texture": "#log_big_oak" }
    }
},
{
    "__comment": "!acorn",
    "from": [ 5.074, -1.288, 5.668 ],
    "to": [ 6.768, -1.046, 5.91 ],
    "faces": {
        "down":  { "uv": [ 5, 6.25, 5, 6.25 ], "texture": "#log_big_oak" },
        "up":    { "uv": [ 5, 6.25, 5, 6.25 ], "rotation": 180, "texture": "#log_big_oak" },
        "north": { "uv": [ 6.25, 6.75, 6.25, 6.5 ], "rotation": 180, "texture": "#log_big_oak" },
        "south": { "uv": [ 6.25, 6.75, 6.25, 6.5 ], "texture": "#log_big_oak" },
        "west":  { "uv": [ 5, 6.25, 5, 6.75 ], "rotation": 90, "texture": "#log_big_oak" },
        "east":  { "uv": [ 5, 6.25, 5, 6.75 ], "rotation": 270, "texture": "#log_big_oak" }
    }
},
{
    "__comment": "!acorn",
    "from": [ 5.074, -2.256, 3.248 ],
    "to": [ 6.526, -1.53, 3.49 ],
    "faces": {
        "down":  { "uv": [ 5, 6.25, 5, 6.25 ], "texture": "#texture" },
        "up":    { "uv": [ 5, 6.25, 5, 6.25 ], "rotation": 180, "texture": "#texture" },
        "north": { "uv": [ 6.25, 6.75, 6.25, 6.5 ], "rotation": 180, "texture": "#texture" },
        "south": { "uv": [ 6.25, 6.75, 6.25, 6.5 ], "texture": "#texture" },
        "west":  { "uv": [ 5, 6.25, 5, 6.75 ], "rotation": 90, "texture": "#texture" },
        "east":  { "uv": [ 5, 6.25, 5, 6.75 ], "rotation": 270, "texture": "#texture" }
    }
},
{
    "__comment": "!acorn",
    "from": [ 5.074, -2.256, 5.91 ],
    "to": [ 6.526, -2.014, 6.152 ],
    "faces": {
        "down":  { "uv": [ 5, 6.25, 5, 6.25 ], "texture": "#texture" },
        "up":    { "uv": [ 5, 6.25, 5, 6.25 ], "rotation": 180, "texture": "#texture" },
        "north": { "uv": [ 6.25, 6.75, 6.25, 6.5 ], "rotation": 180, "texture": "#texture" },
        "south": { "uv": [ 6.25, 6.75, 6.25, 6.5 ], "texture": "#texture" },
        "west":  { "uv": [ 5, 6.25, 5, 6.75 ], "rotation": 90, "texture": "#texture" },
        "east":  { "uv": [ 5, 6.25, 5, 6.75 ], "rotation": 270, "texture": "#texture" }
    }
},
{
    "__comment": "!acorn",
    "from": [ 5.074, -2.74, 3.49 ],
    "to": [ 6.526, -2.498, 3.732 ],
    "faces": {
        "down":  { "uv": [ 5, 6.25, 5, 6.25 ], "texture": "#texture" },
        "up":    { "uv": [ 5, 6.25, 5, 6.25 ], "rotation": 180, "texture": "#texture" },
        "north": { "uv": [ 6.25, 6.75, 6.25, 6.5 ], "rotation": 180, "texture": "#texture" },
        "south": { "uv": [ 6.25, 6.75, 6.25, 6.5 ], "texture": "#texture" },
        "west":  { "uv": [ 5, 6.25, 5, 6.75 ], "rotation": 90, "texture": "#texture" },
        "east":  { "uv": [ 5, 6.25, 5, 6.75 ], "rotation": 270, "texture": "#texture" }
    }
},
{
    "__comment": "!acorn",
    "from": [ 5.074, -2.74, 5.668 ],
    "to": [ 6.768, -2.498, 5.91 ],
    "faces": {
        "down":  { "uv": [ 5, 6.25, 5, 6.25 ], "texture": "#texture" },
        "up":    { "uv": [ 5, 6.25, 5, 6.25 ], "rotation": 180, "texture": "#texture" },
        "north": { "uv": [ 6.25, 6.75, 6.25, 6.5 ], "rotation": 180, "texture": "#texture" },
        "south": { "uv": [ 6.25, 6.75, 6.25, 6.5 ], "texture": "#texture" },
        "west":  { "uv": [ 5, 6.25, 5, 6.75 ], "rotation": 90, "texture": "#texture" },
        "east":  { "uv": [ 5, 6.25, 5, 6.75 ], "rotation": 270, "texture": "#texture" }
    }
},
{
    "__comment": "!acorn",
    "from": [ 5.074, -2.982, 3.732 ],
    "to": [ 6.768, -2.74, 3.974 ],
    "faces": {
        "down":  { "uv": [ 5, 6.25, 5, 6.25 ], "texture": "#texture" },
        "up":    { "uv": [ 5, 6.25, 5, 6.25 ], "rotation": 180, "texture": "#texture" },
        "north": { "uv": [ 6.25, 6.75, 6.25, 6.5 ], "rotation": 180, "texture": "#texture" },
        "south": { "uv": [ 6.25, 6.75, 6.25, 6.5 ], "texture": "#texture" },
        "west":  { "uv": [ 5, 6.25, 5, 6.75 ], "rotation": 90, "texture": "#texture" },
        "east":  { "uv": [ 5, 6.25, 5, 6.75 ], "rotation": 270, "texture": "#texture" }
    }
},
{
    "__comment": "!acorn",
    "from": [ 5.074, -3.224, 3.974 ],
    "to": [ 6.768, -2.982, 4.216 ],
    "faces": {
        "down":  { "uv": [ 5, 6.25, 5, 6.25 ], "texture": "#texture" },
        "up":    { "uv": [ 5, 6.25, 5, 6.25 ], "rotation": 180, "texture": "#texture" },
        "north": { "uv": [ 6.25, 6.75, 6.25, 6.5 ], "rotation": 180, "texture": "#texture" },
        "south": { "uv": [ 6.25, 6.75, 6.25, 6.5 ], "texture": "#texture" },
        "west":  { "uv": [ 5, 6.25, 5, 6.75 ], "rotation": 90, "texture": "#texture" },
        "east":  { "uv": [ 5, 6.25, 5, 6.75 ], "rotation": 270, "texture": "#texture" }
    }
},
{
    "__comment": "!acorn",
    "from": [ 5.074, -3.224, 5.184 ],
    "to": [ 6.768, -2.982, 5.426 ],
    "faces": {
        "down":  { "uv": [ 5, 6.25, 5, 6.25 ], "texture": "#texture" },
        "up":    { "uv": [ 5, 6.25, 5, 6.25 ], "rotation": 180, "texture": "#texture" },
        "north": { "uv": [ 6.25, 6.75, 6.25, 6.5 ], "rotation": 180, "texture": "#texture" },
        "south": { "uv": [ 6.25, 6.75, 6.25, 6.5 ], "texture": "#texture" },
        "west":  { "uv": [ 5, 6.25, 5, 6.75 ], "rotation": 90, "texture": "#texture" },
        "east":  { "uv": [ 5, 6.25, 5, 6.75 ], "rotation": 270, "texture": "#texture" }
    }
},
{
    "__comment": "!acorn",
    "from": [ 5.074, -3.466, 4.216 ],
    "to": [ 6.526, -3.224, 5.184 ],
    "faces": {
        "down":  { "uv": [ 5, 6.25, 5, 6.25 ], "texture": "#texture" },
        "up":    { "uv": [ 5, 6.25, 5, 6.25 ], "rotation": 180, "texture": "#texture" },
        "north": { "uv": [ 6.25, 6.75, 6.25, 6.5 ], "rotation": 180, "texture": "#texture" },
        "south": { "uv": [ 6.25, 6.75, 6.25, 6.5 ], "texture": "#texture" },
        "west":  { "uv": [ 5, 6.25, 5, 6.75 ], "rotation": 90, "texture": "#texture" },
        "east":  { "uv": [ 5, 6.25, 5, 6.75 ], "rotation": 270, "texture": "#texture" }
    }
},
{
    "__comment": "!acorn",
    "from": [ 5.316, -0.804, 3.974 ],
    "to": [ 6.284, -0.562, 4.216 ],
    "faces": {
        "down":  { "uv": [ 5, 6.25, 5, 6.25 ], "texture": "#log_big_oak" },
        "up":    { "uv": [ 5, 6.25, 5, 6.25 ], "rotation": 180, "texture": "#log_big_oak" },
        "north": { "uv": [ 6.25, 6.75, 6.25, 6.5 ], "rotation": 180, "texture": "#log_big_oak" },
        "south": { "uv": [ 6.25, 6.75, 6.25, 6.5 ], "texture": "#log_big_oak" },
        "west":  { "uv": [ 5, 6.25, 5, 6.75 ], "rotation": 90, "texture": "#log_big_oak" },
        "east":  { "uv": [ 5, 6.25, 5, 6.75 ], "rotation": 270, "texture": "#log_big_oak" }
    }
},
{
    "__comment": "!acorn",
    "from": [ 5.316, -0.804, 5.184 ],
    "to": [ 6.526, -0.562, 5.426 ],
    "faces": {
        "down":  { "uv": [ 5, 6.25, 5, 6.25 ], "texture": "#log_big_oak" },
        "up":    { "uv": [ 5, 6.25, 5, 6.25 ], "rotation": 180, "texture": "#log_big_oak" },
        "north": { "uv": [ 6.25, 6.75, 6.25, 6.5 ], "rotation": 180, "texture": "#log_big_oak" },
        "south": { "uv": [ 6.25, 6.75, 6.25, 6.5 ], "texture": "#log_big_oak" },
        "west":  { "uv": [ 5, 6.25, 5, 6.75 ], "rotation": 90, "texture": "#log_big_oak" },
        "east":  { "uv": [ 5, 6.25, 5, 6.75 ], "rotation": 270, "texture": "#log_big_oak" }
    }
},
{
    "__comment": "!acorn",
    "from": [ 5.316, -1.53, 3.248 ],
    "to": [ 6.284, -1.288, 3.49 ],
    "faces": {
        "down":  { "uv": [ 5, 6.25, 5, 6.25 ], "texture": "#texture" },
        "up":    { "uv": [ 5, 6.25, 5, 6.25 ], "rotation": 180, "texture": "#texture" },
        "north": { "uv": [ 6.25, 6.75, 6.25, 6.5 ], "rotation": 180, "texture": "#texture" },
        "south": { "uv": [ 6.25, 6.75, 6.25, 6.5 ], "texture": "#texture" },
        "west":  { "uv": [ 5, 6.25, 5, 6.75 ], "rotation": 90, "texture": "#texture" },
        "east":  { "uv": [ 5, 6.25, 5, 6.75 ], "rotation": 270, "texture": "#texture" }
    }
},
{
    "__comment": "!acorn",
    "from": [ 5.316, -1.53, 5.91 ],
    "to": [ 6.284, -1.288, 6.152 ],
    "faces": {
        "down":  { "uv": [ 5, 6.25, 5, 6.25 ], "texture": "#texture" },
        "up":    { "uv": [ 5, 6.25, 5, 6.25 ], "rotation": 180, "texture": "#texture" },
        "north": { "uv": [ 6.25, 6.75, 6.25, 6.5 ], "rotation": 180, "texture": "#texture" },
        "south": { "uv": [ 6.25, 6.75, 6.25, 6.5 ], "texture": "#texture" },
        "west":  { "uv": [ 5, 6.25, 5, 6.75 ], "rotation": 90, "texture": "#texture" },
        "east":  { "uv": [ 5, 6.25, 5, 6.75 ], "rotation": 270, "texture": "#texture" }
    }
},
{
    "__comment": "!acorn",
    "from": [ 5.316, -2.498, 3.248 ],
    "to": [ 6.284, -2.256, 3.49 ],
    "faces": {
        "down":  { "uv": [ 5, 6.25, 5, 6.25 ], "texture": "#texture" },
        "up":    { "uv": [ 5, 6.25, 5, 6.25 ], "rotation": 180, "texture": "#texture" },
        "north": { "uv": [ 6.25, 6.75, 6.25, 6.5 ], "rotation": 180, "texture": "#texture" },
        "south": { "uv": [ 6.25, 6.75, 6.25, 6.5 ], "texture": "#texture" },
        "west":  { "uv": [ 5, 6.25, 5, 6.75 ], "rotation": 90, "texture": "#texture" },
        "east":  { "uv": [ 5, 6.25, 5, 6.75 ], "rotation": 270, "texture": "#texture" }
    }
},
{
    "__comment": "!acorn",
    "from": [ 5.316, -2.498, 5.91 ],
    "to": [ 6.284, -2.256, 6.152 ],
    "faces": {
        "down":  { "uv": [ 5, 6.25, 5, 6.25 ], "texture": "#texture" },
        "up":    { "uv": [ 5, 6.25, 5, 6.25 ], "rotation": 180, "texture": "#texture" },
        "north": { "uv": [ 6.25, 6.75, 6.25, 6.5 ], "rotation": 180, "texture": "#texture" },
        "south": { "uv": [ 6.25, 6.75, 6.25, 6.5 ], "texture": "#texture" },
        "west":  { "uv": [ 5, 6.25, 5, 6.75 ], "rotation": 90, "texture": "#texture" },
        "east":  { "uv": [ 5, 6.25, 5, 6.75 ], "rotation": 270, "texture": "#texture" }
    }
},
{
    "__comment": "!acorn",
    "from": [ 5.316, -2.982, 3.49 ],
    "to": [ 6.526, -2.74, 3.732 ],
    "faces": {
        "down":  { "uv": [ 5, 6.25, 5, 6.25 ], "texture": "#texture" },
        "up":    { "uv": [ 5, 6.25, 5, 6.25 ], "rotation": 180, "texture": "#texture" },
        "north": { "uv": [ 6.25, 6.75, 6.25, 6.5 ], "rotation": 180, "texture": "#texture" },
        "south": { "uv": [ 6.25, 6.75, 6.25, 6.5 ], "texture": "#texture" },
        "west":  { "uv": [ 5, 6.25, 5, 6.75 ], "rotation": 90, "texture": "#texture" },
        "east":  { "uv": [ 5, 6.25, 5, 6.75 ], "rotation": 270, "texture": "#texture" }
    }
},
{
    "__comment": "!acorn",
    "from": [ 5.316, -2.982, 5.668 ],
    "to": [ 6.526, -2.74, 5.91 ],
    "faces": {
        "down":  { "uv": [ 5, 6.25, 5, 6.25 ], "texture": "#texture" },
        "up":    { "uv": [ 5, 6.25, 5, 6.25 ], "rotation": 180, "texture": "#texture" },
        "north": { "uv": [ 6.25, 6.75, 6.25, 6.5 ], "rotation": 180, "texture": "#texture" },
        "south": { "uv": [ 6.25, 6.75, 6.25, 6.5 ], "texture": "#texture" },
        "west":  { "uv": [ 5, 6.25, 5, 6.75 ], "rotation": 90, "texture": "#texture" },
        "east":  { "uv": [ 5, 6.25, 5, 6.75 ], "rotation": 270, "texture": "#texture" }
    }
},
{
    "__comment": "!acorn",
    "from": [ 5.316, -3.224, 3.732 ],
    "to": [ 6.526, -2.982, 3.974 ],
    "faces": {
        "down":  { "uv": [ 5, 6.25, 5, 6.25 ], "texture": "#texture" },
        "up":    { "uv": [ 5, 6.25, 5, 6.25 ], "rotation": 180, "texture": "#texture" },
        "north": { "uv": [ 6.25, 6.75, 6.25, 6.5 ], "rotation": 180, "texture": "#texture" },
        "south": { "uv": [ 6.25, 6.75, 6.25, 6.5 ], "texture": "#texture" },
        "west":  { "uv": [ 5, 6.25, 5, 6.75 ], "rotation": 90, "texture": "#texture" },
        "east":  { "uv": [ 5, 6.25, 5, 6.75 ], "rotation": 270, "texture": "#texture" }
    }
},
{
    "__comment": "!acorn",
    "from": [ 5.316, -3.224, 5.426 ],
    "to": [ 6.526, -2.982, 5.668 ],
    "faces": {
        "down":  { "uv": [ 5, 6.25, 5, 6.25 ], "texture": "#texture" },
        "up":    { "uv": [ 5, 6.25, 5, 6.25 ], "rotation": 180, "texture": "#texture" },
        "north": { "uv": [ 6.25, 6.75, 6.25, 6.5 ], "rotation": 180, "texture": "#texture" },
        "south": { "uv": [ 6.25, 6.75, 6.25, 6.5 ], "texture": "#texture" },
        "west":  { "uv": [ 5, 6.25, 5, 6.75 ], "rotation": 90, "texture": "#texture" },
        "east":  { "uv": [ 5, 6.25, 5, 6.75 ], "rotation": 270, "texture": "#texture" }
    }
},
{
    "__comment": "!acorn",
    "from": [ 5.316, -3.466, 3.974 ],
    "to": [ 6.526, -3.224, 4.216 ],
    "faces": {
        "down":  { "uv": [ 5, 6.25, 5, 6.25 ], "texture": "#texture" },
        "up":    { "uv": [ 5, 6.25, 5, 6.25 ], "rotation": 180, "texture": "#texture" },
        "north": { "uv": [ 6.25, 6.75, 6.25, 6.5 ], "rotation": 180, "texture": "#texture" },
        "south": { "uv": [ 6.25, 6.75, 6.25, 6.5 ], "texture": "#texture" },
        "west":  { "uv": [ 5, 6.25, 5, 6.75 ], "rotation": 90, "texture": "#texture" },
        "east":  { "uv": [ 5, 6.25, 5, 6.75 ], "rotation": 270, "texture": "#texture" }
    }
},
{
    "__comment": "!acorn",
    "from": [ 5.316, -3.466, 5.184 ],
    "to": [ 6.526, -3.224, 5.426 ],
    "faces": {
        "down":  { "uv": [ 5, 6.25, 5, 6.25 ], "texture": "#texture" },
        "up":    { "uv": [ 5, 6.25, 5, 6.25 ], "rotation": 180, "texture": "#texture" },
        "north": { "uv": [ 6.25, 6.75, 6.25, 6.5 ], "rotation": 180, "texture": "#texture" },
        "south": { "uv": [ 6.25, 6.75, 6.25, 6.5 ], "texture": "#texture" },
        "west":  { "uv": [ 5, 6.25, 5, 6.75 ], "rotation": 90, "texture": "#texture" },
        "east":  { "uv": [ 5, 6.25, 5, 6.75 ], "rotation": 270, "texture": "#texture" }
    }
},
{
    "__comment": "!acorn",
    "from": [ 5.316, -3.708, 4.216 ],
    "to": [ 6.284, -3.466, 5.184 ],
    "faces": {
        "down":  { "uv": [ 5, 6.25, 5, 6.25 ], "texture": "#texture" },
        "up":    { "uv": [ 5, 6.25, 5, 6.25 ], "rotation": 180, "texture": "#texture" },
        "north": { "uv": [ 6.25, 6.75, 6.25, 6.5 ], "rotation": 180, "texture": "#texture" },
        "south": { "uv": [ 6.25, 6.75, 6.25, 6.5 ], "texture": "#texture" },
        "west":  { "uv": [ 5, 6.25, 5, 6.75 ], "rotation": 90, "texture": "#texture" },
        "east":  { "uv": [ 5, 6.25, 5, 6.75 ], "rotation": 270, "texture": "#texture" }
    }
},
{
    "__comment": "!acorn",
    "from": [ 5.558, -0.562, 4.458 ],
    "to": [ 6.042, -0.078, 4.942 ],
    "faces": {
        "down":  { "uv": [ 5, 6.25, 5, 6.25 ], "texture": "#log_big_oak" },
        "up":    { "uv": [ 5, 6.25, 5, 6.25 ], "rotation": 180, "texture": "#log_big_oak" },
        "north": { "uv": [ 6.25, 6.75, 6.25, 6.5 ], "rotation": 180, "texture": "#log_big_oak" },
        "south": { "uv": [ 6.25, 6.75, 6.25, 6.5 ], "texture": "#log_big_oak" },
        "west":  { "uv": [ 5, 6.25, 5, 6.75 ], "rotation": 90, "texture": "#log_big_oak" },
        "east":  { "uv": [ 5, 6.25, 5, 6.75 ], "rotation": 270, "texture": "#log_big_oak" }
    }
},
{
    "__comment": "!acorn",
    "from": [ 5.558, -3.95, 4.458 ],
    "to": [ 6.042, -3.708, 4.942 ],
    "faces": {
        "down":  { "uv": [ 5, 6.25, 5, 6.25 ], "texture": "#texture" },
        "up":    { "uv": [ 5, 6.25, 5, 6.25 ], "rotation": 180, "texture": "#texture" },
        "north": { "uv": [ 6.25, 6.75, 6.25, 6.5 ], "rotation": 180, "texture": "#texture" },
        "south": { "uv": [ 6.25, 6.75, 6.25, 6.5 ], "texture": "#texture" },
        "west":  { "uv": [ 5, 6.25, 5, 6.75 ], "rotation": 90, "texture": "#texture" },
        "east":  { "uv": [ 5, 6.25, 5, 6.75 ], "rotation": 270, "texture": "#texture" }
    }
},
{
    "__comment": "!acorn",
    "from": [ 5.8, -3.466, 5.426 ],
    "to": [ 6.042, -3.224, 5.668 ],
    "faces": {
        "down":  { "uv": [ 5, 6.25, 5, 6.25 ], "texture": "#texture" },
        "up":    { "uv": [ 5, 6.25, 5, 6.25 ], "rotation": 180, "texture": "#texture" },
        "north": { "uv": [ 6.25, 6.75, 6.25, 6.5 ], "rotation": 180, "texture": "#texture" },
        "south": { "uv": [ 6.25, 6.75, 6.25, 6.5 ], "texture": "#texture" },
        "west":  { "uv": [ 5, 6.25, 5, 6.75 ], "rotation": 90, "texture": "#texture" },
        "east":  { "uv": [ 5, 6.25, 5, 6.75 ], "rotation": 270, "texture": "#texture" }
    }
},
{
    "__comment": "!acorn",
    "from": [ 5.8, -3.708, 5.184 ],
    "to": [ 6.042, -3.466, 5.426 ],
    "faces": {
        "down":  { "uv": [ 5, 6.25, 5, 6.25 ], "texture": "#texture" },
        "up":    { "uv": [ 5, 6.25, 5, 6.25 ], "rotation": 180, "texture": "#texture" },
        "north": { "uv": [ 6.25, 6.75, 6.25, 6.5 ], "rotation": 180, "texture": "#texture" },
        "south": { "uv": [ 6.25, 6.75, 6.25, 6.5 ], "texture": "#texture" },
        "west":  { "uv": [ 5, 6.25, 5, 6.75 ], "rotation": 90, "texture": "#texture" },
        "east":  { "uv": [ 5, 6.25, 5, 6.75 ], "rotation": 270, "texture": "#texture" }
    }
},
{
    "__comment": "!acorn",
    "from": [ 6.042, -0.32, 4.458 ],
    "to": [ 6.284, -0.078, 4.7 ],
    "faces": {
        "down":  { "uv": [ 5, 6.25, 5, 6.25 ], "texture": "#log_big_oak" },
        "up":    { "uv": [ 5, 6.25, 5, 6.25 ], "rotation": 180, "texture": "#log_big_oak" },
        "north": { "uv": [ 6.25, 6.75, 6.25, 6.5 ], "rotation": 180, "texture": "#log_big_oak" },
        "south": { "uv": [ 6.25, 6.75, 6.25, 6.5 ], "texture": "#log_big_oak" },
        "west":  { "uv": [ 5, 6.25, 5, 6.75 ], "rotation": 90, "texture": "#log_big_oak" },
        "east":  { "uv": [ 5, 6.25, 5, 6.75 ], "rotation": 270, "texture": "#log_big_oak" }
    }
},
{
    "__comment": "!acorn",
    "from": [ 6.284, -3.708, 4.458 ],
    "to": [ 6.526, -3.466, 4.942 ],
    "faces": {
        "down":  { "uv": [ 5, 6.25, 5, 6.25 ], "texture": "#texture" },
        "up":    { "uv": [ 5, 6.25, 5, 6.25 ], "rotation": 180, "texture": "#texture" },
        "north": { "uv": [ 6.25, 6.75, 6.25, 6.5 ], "rotation": 180, "texture": "#texture" },
        "south": { "uv": [ 6.25, 6.75, 6.25, 6.5 ], "texture": "#texture" },
        "west":  { "uv": [ 5, 6.25, 5, 6.75 ], "rotation": 90, "texture": "#texture" },
        "east":  { "uv": [ 5, 6.25, 5, 6.75 ], "rotation": 270, "texture": "#texture" }
    }
},
{
    "__comment": "!acorn",
    "from": [ 6.526, -3.466, 4.458 ],
    "to": [ 6.768, -3.224, 4.942 ],
    "faces": {
        "down":  { "uv": [ 5, 6.25, 5, 6.25 ], "texture": "#texture" },
        "up":    { "uv": [ 5, 6.25, 5, 6.25 ], "rotation": 180, "texture": "#texture" },
        "north": { "uv": [ 6.25, 6.75, 6.25, 6.5 ], "rotation": 180, "texture": "#texture" },
        "south": { "uv": [ 6.25, 6.75, 6.25, 6.5 ], "texture": "#texture" },
        "west":  { "uv": [ 5, 6.25, 5, 6.75 ], "rotation": 90, "texture": "#texture" },
        "east":  { "uv": [ 5, 6.25, 5, 6.75 ], "rotation": 270, "texture": "#texture" }
    }
},
{
    "__comment": "!acorn",
    "from": [ 6.768, -1.046, 4.7 ],
    "to": [ 7.01, -0.804, 5.184 ],
    "faces": {
        "down":  { "uv": [ 5, 6.25, 5, 6.25 ], "texture": "#log_big_oak" },
        "up":    { "uv": [ 5, 6.25, 5, 6.25 ], "rotation": 180, "texture": "#log_big_oak" },
        "north": { "uv": [ 6.25, 6.75, 6.25, 6.5 ], "rotation": 180, "texture": "#log_big_oak" },
        "south": { "uv": [ 6.25, 6.75, 6.25, 6.5 ], "texture": "#log_big_oak" },
        "west":  { "uv": [ 5, 6.25, 5, 6.75 ], "rotation": 90, "texture": "#log_big_oak" },
        "east":  { "uv": [ 5, 6.25, 5, 6.75 ], "rotation": 270, "texture": "#log_big_oak" }
    }
},
{
    "__comment": "!acorn",
    "from": [ 6.768, -2.256, 3.49 ],
    "to": [ 7.01, -2.014, 3.732 ],
    "faces": {
        "down":  { "uv": [ 5, 6.25, 5, 6.25 ], "texture": "#texture" },
        "up":    { "uv": [ 5, 6.25, 5, 6.25 ], "rotation": 180, "texture": "#texture" },
        "north": { "uv": [ 6.25, 6.75, 6.25, 6.5 ], "rotation": 180, "texture": "#texture" },
        "south": { "uv": [ 6.25, 6.75, 6.25, 6.5 ], "texture": "#texture" },
        "west":  { "uv": [ 5, 6.25, 5, 6.75 ], "rotation": 90, "texture": "#texture" },
        "east":  { "uv": [ 5, 6.25, 5, 6.75 ], "rotation": 270, "texture": "#texture" }
    }
},
{
    "__comment": "!acorn",
    "from": [ 7.01, -2.74, 4.458 ],
    "to": [ 7.252, -1.046, 4.942 ],
    "faces": {
        "down":  { "uv": [ 5, 6.25, 5, 6.25 ], "texture": "#texture" },
        "up":    { "uv": [ 5, 6.25, 5, 6.25 ], "rotation": 180, "texture": "#texture" },
        "north": { "uv": [ 6.25, 6.75, 6.25, 6.5 ], "rotation": 180, "texture": "#texture" },
        "south": { "uv": [ 6.25, 6.75, 6.25, 6.5 ], "texture": "#texture" },
        "west":  { "uv": [ 5, 6.25, 5, 6.75 ], "rotation": 90, "texture": "#texture" },
        "east":  { "uv": [ 5, 6.25, 5, 6.75 ], "rotation": 270, "texture": "#texture" }
    }
},
{
    "__comment": "!acorn",
    "from": [ 7.01, -2.256, 3.974 ],
    "to": [ 7.252, -1.288, 4.458 ],
    "faces": {
        "down":  { "uv": [ 5, 6.25, 5, 6.25 ], "texture": "#texture" },
        "up":    { "uv": [ 5, 6.25, 5, 6.25 ], "rotation": 180, "texture": "#texture" },
        "north": { "uv": [ 6.25, 6.75, 6.25, 6.5 ], "rotation": 180, "texture": "#texture" },
        "south": { "uv": [ 6.25, 6.75, 6.25, 6.5 ], "texture": "#texture" },
        "west":  { "uv": [ 5, 6.25, 5, 6.75 ], "rotation": 90, "texture": "#texture" },
        "east":  { "uv": [ 5, 6.25, 5, 6.75 ], "rotation": 270, "texture": "#texture" }
    }
},
{
    "__comment": "!acorn",
    "from": [ 7.01, -2.498, 4.942 ],
    "to": [ 7.252, -1.288, 5.184 ],
    "faces": {
        "down":  { "uv": [ 5, 6.25, 5, 6.25 ], "texture": "#texture" },
        "up":    { "uv": [ 5, 6.25, 5, 6.25 ], "rotation": 180, "texture": "#texture" },
        "north": { "uv": [ 6.25, 6.75, 6.25, 6.5 ], "rotation": 180, "texture": "#texture" },
        "south": { "uv": [ 6.25, 6.75, 6.25, 6.5 ], "texture": "#texture" },
        "west":  { "uv": [ 5, 6.25, 5, 6.75 ], "rotation": 90, "texture": "#texture" },
        "east":  { "uv": [ 5, 6.25, 5, 6.75 ], "rotation": 270, "texture": "#texture" }
    }
},
{
    "__comment": "!acorn",
    "from": [ 7.01, -2.256, 5.184 ],
    "to": [ 7.252, -1.288, 5.426 ],
    "faces": {
        "down":  { "uv": [ 5, 6.25, 5, 6.25 ], "texture": "#log_big_oak" },
        "up":    { "uv": [ 5, 6.25, 5, 6.25 ], "rotation": 180, "texture": "#log_big_oak" },
        "north": { "uv": [ 6.25, 6.75, 6.25, 6.5 ], "rotation": 180, "texture": "#log_big_oak" },
        "south": { "uv": [ 6.25, 6.75, 6.25, 6.5 ], "texture": "#log_big_oak" },
        "west":  { "uv": [ 5, 6.25, 5, 6.75 ], "rotation": 90, "texture": "#log_big_oak" },
        "east":  { "uv": [ 5, 6.25, 5, 6.75 ], "rotation": 270, "texture": "#log_big_oak" }
    }
},
{
    "__comment": "!acorn",
    "from": [ 7.01, -2.256, 5.426 ],
    "to": [ 7.252, -1.53, 5.668 ],
    "faces": {
        "down":  { "uv": [ 5, 6.25, 5, 6.25 ], "texture": "#texture" },
        "up":    { "uv": [ 5, 6.25, 5, 6.25 ], "rotation": 180, "texture": "#texture" },
        "north": { "uv": [ 6.25, 6.75, 6.25, 6.5 ], "rotation": 180, "texture": "#texture" },
        "south": { "uv": [ 6.25, 6.75, 6.25, 6.5 ], "texture": "#texture" },
        "west":  { "uv": [ 5, 6.25, 5, 6.75 ], "rotation": 90, "texture": "#texture" },
        "east":  { "uv": [ 5, 6.25, 5, 6.75 ], "rotation": 270, "texture": "#texture" }
    }
},
{
    "__comment": "!acorn",
    "from": [ 7.01, -2.256, 3.732 ],
    "to": [ 7.252, -2.014, 3.974 ],
    "faces": {
        "down":  { "uv": [ 5, 6.25, 5, 6.25 ], "texture": "#texture" },
        "up":    { "uv": [ 5, 6.25, 5, 6.25 ], "rotation": 180, "texture": "#texture" },
        "north": { "uv": [ 6.25, 6.75, 6.25, 6.5 ], "rotation": 180, "texture": "#texture" },
        "south": { "uv": [ 6.25, 6.75, 6.25, 6.5 ], "texture": "#texture" },
        "west":  { "uv": [ 5, 6.25, 5, 6.75 ], "rotation": 90, "texture": "#texture" },
        "east":  { "uv": [ 5, 6.25, 5, 6.75 ], "rotation": 270, "texture": "#texture" }
    }
},
{
    "__comment": "!acorn",
    "from": [ 7.01, -2.498, 4.216 ],
    "to": [ 7.252, -2.256, 4.458 ],
    "faces": {
        "down":  { "uv": [ 5, 6.25, 5, 6.25 ], "texture": "#texture" },
        "up":    { "uv": [ 5, 6.25, 5, 6.25 ], "rotation": 180, "texture": "#texture" },
        "north": { "uv": [ 6.25, 6.75, 6.25, 6.5 ], "rotation": 180, "texture": "#texture" },
        "south": { "uv": [ 6.25, 6.75, 6.25, 6.5 ], "texture": "#texture" },
        "west":  { "uv": [ 5, 6.25, 5, 6.75 ], "rotation": 90, "texture": "#texture" },
        "east":  { "uv": [ 5, 6.25, 5, 6.75 ], "rotation": 270, "texture": "#texture" }
    }
},
{
    "from": [ 0, 0, 0 ],
    "to": [ 16, 16, 16 ],
    "faces": {
        "down":  { "uv": [ 16, 16, 0, 0 ], "texture": "#leaves_big_oak", "tintindex": 0 },
        "up":    { "uv": [ 0, 0, 16, 16 ], "texture": "#leaves_big_oak", "tintindex": 0 },
        "north": { "uv": [ 0, 0, 16, 16 ], "texture": "#leaves_big_oak", "tintindex": 0 },
        "south": { "uv": [ 0, 0, 16, 16 ], "texture": "#leaves_big_oak", "tintindex": 0 },
        "west":  { "uv": [ 0, 0, 16, 16 ], "texture": "#leaves_big_oak", "tintindex": 0 },
        "east":  { "uv": [ 0, 0, 16, 16 ], "texture": "#leaves_big_oak", "tintindex": 0 }
    }
}
]
}