{
"__comment": "Designed by CoolScreenName http://www.planetminecraft.com/member/coolscreenname/",
"textures": {
    "particle": "blocks/sapling_roofed_oak",
    "texture": "blocks/leaves_big_oak",
    "log_oak": "blocks/log_big_oak"
},
"elements": [ 
{
    "__comment": "leaves",
    "from": [ 3, 9, 2 ],
    "to": [ 13, 11.5, 14 ],
    "faces": {
        "down":  { "uv": [ 12, 3.5, 16, 11.5 ], "texture": "#texture" },
        "up":    { "uv": [ 12, 3.5, 16, 11.5 ], "texture": "#texture" },
        "north": { "uv": [ 12, 3.5, 16, 11.5 ], "texture": "#texture" },
        "south": { "uv": [ 12, 3.5, 16, 11.5 ], "texture": "#texture" },
        "west":  { "uv": [ 12, 3.5, 16, 11.5 ], "texture": "#texture" },
        "east":  { "uv": [ 12, 3.5, 16, 11.5 ], "texture": "#texture" }
    }
},
{
    "__comment": "log",
    "from": [ 6, 0, 6 ],
    "to": [ 9.5, 11, 10 ],
    "faces": {
        "down":  { "uv": [ 0, 0, 16, 9 ], "texture": "#log_oak" },
        "north": { "uv": [ 0, 0, 16, 9 ], "texture": "#log_oak" },
        "south": { "uv": [ 0, 0, 16, 9 ], "texture": "#log_oak" },
        "west":  { "uv": [ 0, 0, 16, 9 ], "texture": "#log_oak" },
        "east":  { "uv": [ 0, 0, 16, 9 ], "texture": "#log_oak" }
    }
},
{
    "__comment": "leaves",
    "from": [ 6, 11.5, 3 ],
    "to": [ 10, 13, 13 ],
    "faces": {
        "up":    { "uv": [ 12, 3.5, 16, 11.5 ], "texture": "#texture" },
        "north": { "uv": [ 12, 3.5, 16, 11.5 ], "texture": "#texture" },
        "south": { "uv": [ 12, 3.5, 16, 11.5 ], "texture": "#texture" },
        "west":  { "uv": [ 12, 3.5, 16, 11.5 ], "texture": "#texture" },
        "east":  { "uv": [ 12, 3.5, 16, 11.5 ], "texture": "#texture" }
    }
},
{
    "__comment": "leaves",
    "from": [ 4, 11.5, 4 ],
    "to": [ 12, 13, 12 ],
    "faces": {
        "down":  { "uv": [ 12, 3.5, 16, 11.5 ], "texture": "#texture" },
        "up":    { "uv": [ 12, 3.5, 16, 11.5 ], "texture": "#texture" },
        "north": { "uv": [ 12, 3.5, 16, 11.5 ], "texture": "#texture" },
        "south": { "uv": [ 12, 3.5, 16, 11.5 ], "texture": "#texture" },
        "west":  { "uv": [ 12, 3.5, 16, 11.5 ], "texture": "#texture" },
        "east":  { "uv": [ 12, 3.5, 16, 11.5 ], "texture": "#texture" }
    }
},
{
    "__comment": "log",
    "from": [ 9, 6, 9.5 ],
    "to": [ 11.5, 10.5, 12 ],
    "faces": {
        "down":  { "uv": [ 0, 0, 16, 16 ], "texture": "#log_oak" },
        "up":    { "uv": [ 0, 0, 16, 16 ], "texture": "#log_oak" },
        "south": { "uv": [ 0, 0, 16, 16 ], "texture": "#log_oak" },
        "west":  { "uv": [ 0, 0, 16, 16 ], "texture": "#log_oak" },
        "east":  { "uv": [ 0, 0, 16, 16 ], "texture": "#log_oak" }
    }
},
{
    "__comment": "leaves",
    "from": [ 4.5, 13, 4.5 ],
    "to": [ 11.5, 14, 11.5 ],
    "faces": {
        "down":  { "uv": [ 12, 3.5, 16, 11.5 ], "texture": "#texture" },
        "up":    { "uv": [ 12, 3.5, 16, 11.5 ], "texture": "#texture" },
        "north": { "uv": [ 12, 3.5, 16, 11.5 ], "texture": "#texture" },
        "south": { "uv": [ 12, 3.5, 16, 11.5 ], "texture": "#texture" },
        "west":  { "uv": [ 12, 3.5, 16, 11.5 ], "texture": "#texture" },
        "east":  { "uv": [ 12, 3.5, 16, 11.5 ], "texture": "#texture" }
    }
}
],
"display": {
    "thirdperson_righthand": {
        "rotation": [ 0, -99, -1 ],
        "translation": [ 0, 4, 0.5 ],
        "scale": [ 0.69, 0.69, 0.69 ]
    },
    "thirdperson_lefthand": {
        "rotation": [ 0, -99, -1 ],
        "translation": [ 0, 4, 0.5 ],
        "scale": [ 0.69, 0.69, 0.69 ]
    },
    "head": {
        "rotation": [ 0, 95, 0 ],
        "translation": [ 0, 13, 0 ],
        "scale": [ 1, 1, 1 ]
    },
    "ground": {
        "rotation": [ 0, 0, 0 ],
        "translation": [ 0, 2, 0 ],
        "scale": [ 0.34, 0.34, 0.34 ]
    },
    "fixed": {
        "rotation": [ 0, 85, 0 ],
        "translation": [ 0, 0, 0 ],
        "scale": [ 1, 1, 1 ]
    },
    "firstperson_righthand": {
        "rotation": [ 0, -113, 20 ],
        "translation": [ 1.12, 3.97, 1.12 ],
        "scale": [ 0.68, 0.68, 0.68 ]
    },
    "firstperson_lefthand": {
        "rotation": [ 0, -91, 17 ],
        "translation": [ 1.7, 4.35, 1.12 ],
        "scale": [ 0.68, 0.68, 0.68 ]
    },
    "gui": {
        "rotation": [ 9, 57, 1 ],
        "translation": [ -0.38, 0, 0 ],
        "scale": [ 0.62, 0.62, 0.62 ]
    }
}
}