{
"__comment": "CoolScreenName http://www.planetminecraft.com/member/coolscreenname/",
"textures": {
    "particle": "blocks/door_dark_oak_lower",
    "texture": "blocks/planks_big_oak",
    "cauldron_inner": "blocks/cauldron_inner",
    "gold_block": "blocks/gold_block",
    "log_big_oak": "blocks/log_big_oak"
},
"elements": [ 
{
    "__comment": "border",
    "from": [ 0, 14, 0 ],
    "to": [ 3, 16, 16 ],
    "faces": {
        "down":  { "uv": [ 0, 0, 3, 16 ], "rotation": 180, "texture": "#log_big_oak" },
        "up":    { "uv": [ 16, 16, 13, 0 ], "rotation": 180, "texture": "#log_big_oak" },
        "north": { "uv": [ 13, 14, 16, 16 ], "rotation": 180, "texture": "#log_big_oak" },
        "south": { "uv": [ 0, 14, 3, 16 ], "rotation": 180, "texture": "#log_big_oak" },
        "west":  { "uv": [ 0, 14, 16, 16 ], "rotation": 180, "texture": "#log_big_oak" },
        "east":  { "uv": [ 0, 14, 16, 16 ], "rotation": 180, "texture": "#log_big_oak" }
    }
},
{
    "__comment": "border",
    "from": [ 0, 0, 0 ],
    "to": [ 3, 14, 2 ],
    "faces": {
        "down":  { "uv": [ 0, 0, 3, 2 ], "rotation": 180, "texture": "#log_big_oak" },
        "up":    { "uv": [ 16, 2, 13, 0 ], "rotation": 180, "texture": "#log_big_oak" },
        "north": { "uv": [ 13, 0, 16, 14 ], "rotation": 180, "texture": "#log_big_oak" },
        "south": { "uv": [ 0, 0, 3, 14 ], "rotation": 180, "texture": "#log_big_oak" },
        "west":  { "uv": [ 14, 0, 16, 14 ], "rotation": 180, "texture": "#log_big_oak" },
        "east":  { "uv": [ 0, 0, 2, 14 ], "rotation": 180, "texture": "#log_big_oak" }
    }
},
{
    "__comment": "border",
    "from": [ 0, 4, 14 ],
    "to": [ 3, 14, 16 ],
    "faces": {
        "down":  { "uv": [ 0, 14, 3, 16 ], "rotation": 180, "texture": "#log_big_oak" },
        "up":    { "uv": [ 16, 16, 13, 14 ], "rotation": 180, "texture": "#log_big_oak" },
        "north": { "uv": [ 13, 4, 16, 14 ], "rotation": 180, "texture": "#log_big_oak" },
        "south": { "uv": [ 0, 4, 3, 14 ], "rotation": 180, "texture": "#log_big_oak" },
        "west":  { "uv": [ 0, 4, 2, 14 ], "rotation": 180, "texture": "#log_big_oak" },
        "east":  { "uv": [ 14, 4, 16, 14 ], "rotation": 180, "texture": "#log_big_oak" }
    }
},
{
    "__comment": "handel",
    "from": [ 0, 0, 12.5 ],
    "to": [ 3, 4, 16 ],
    "faces": {
        "down":  { "uv": [ 0, 12.5, 3, 16 ], "rotation": 180, "texture": "#cauldron_inner" },
        "up":    { "uv": [ 16, 16, 13, 12.5 ], "rotation": 180, "texture": "#cauldron_inner" },
        "north": { "uv": [ 13, 0, 16, 4 ], "rotation": 180, "texture": "#cauldron_inner" },
        "south": { "uv": [ 0, 0, 3, 4 ], "rotation": 180, "texture": "#cauldron_inner" },
        "west":  { "uv": [ 0, 0, 3.5, 4 ], "rotation": 180, "texture": "#cauldron_inner" },
        "east":  { "uv": [ 12.5, 0, 16, 4 ], "rotation": 180, "texture": "#cauldron_inner" }
    }
},
{
    "from": [ 0.375, 0, 2 ],
    "to": [ 2.625, 14, 3 ],
    "faces": {
        "down":  { "uv": [ 0.375, 2, 2.625, 3 ], "rotation": 180, "texture": "#texture" },
        "up":    { "uv": [ 15.625, 3, 13.375, 2 ], "rotation": 180, "texture": "#texture" },
        "north": { "uv": [ 13.375, 0, 15.625, 14 ], "rotation": 180, "texture": "#texture" },
        "south": { "uv": [ 0.375, 0, 2.625, 14 ], "rotation": 180, "texture": "#texture" },
        "west":  { "uv": [ 13, 0, 14, 14 ], "rotation": 180, "texture": "#texture" },
        "east":  { "uv": [ 2, 0, 3, 14 ], "rotation": 180, "texture": "#texture" }
    }
},
{
    "from": [ 0.375, 13, 3 ],
    "to": [ 2.625, 14, 14 ],
    "faces": {
        "down":  { "uv": [ 0.375, 3, 2.625, 14 ], "rotation": 180, "texture": "#texture" },
        "up":    { "uv": [ 15.625, 14, 13.375, 3 ], "rotation": 180, "texture": "#texture" },
        "north": { "uv": [ 13.375, 13, 15.625, 14 ], "rotation": 180, "texture": "#texture" },
        "south": { "uv": [ 0.375, 13, 2.625, 14 ], "rotation": 180, "texture": "#texture" },
        "west":  { "uv": [ 2, 13, 13, 14 ], "rotation": 180, "texture": "#texture" },
        "east":  { "uv": [ 3, 13, 14, 14 ], "rotation": 180, "texture": "#texture" }
    }
},
{
    "from": [ 0.625, 0, 3 ],
    "to": [ 2.375, 13, 4.25 ],
    "faces": {
        "down":  { "uv": [ 0.625, 3, 2.375, 4.25 ], "rotation": 180, "texture": "#texture" },
        "up":    { "uv": [ 15.375, 4.25, 13.625, 3 ], "rotation": 180, "texture": "#texture" },
        "north": { "uv": [ 13.625, 0, 15.375, 13 ], "rotation": 180, "texture": "#texture" },
        "south": { "uv": [ 0.625, 0, 2.375, 13 ], "rotation": 180, "texture": "#texture" },
        "west":  { "uv": [ 11.75, 0, 13, 13 ], "rotation": 180, "texture": "#texture" },
        "east":  { "uv": [ 3, 0, 4.25, 13 ], "rotation": 180, "texture": "#texture" }
    }
},
{
    "from": [ 0.625, 11.75, 4.25 ],
    "to": [ 2.375, 13, 14 ],
    "faces": {
        "down":  { "uv": [ 0.625, 4.25, 2.375, 14 ], "rotation": 180, "texture": "#texture" },
        "up":    { "uv": [ 15.375, 14, 13.625, 4.25 ], "rotation": 180, "texture": "#texture" },
        "north": { "uv": [ 13.625, 11.75, 15.375, 13 ], "rotation": 180, "texture": "#texture" },
        "south": { "uv": [ 0.625, 11.75, 2.375, 13 ], "rotation": 180, "texture": "#texture" },
        "west":  { "uv": [ 2, 11.75, 11.75, 13 ], "rotation": 180, "texture": "#texture" },
        "east":  { "uv": [ 4.25, 11.75, 14, 13 ], "rotation": 180, "texture": "#texture" }
    }
},
{
    "from": [ 0.875, 0, 4.25 ],
    "to": [ 2.125, 11.75, 5.75 ],
    "faces": {
        "down":  { "uv": [ 0.875, 4.25, 2.125, 5.75 ], "rotation": 180, "texture": "#texture" },
        "up":    { "uv": [ 15.125, 5.75, 13.875, 4.25 ], "rotation": 180, "texture": "#texture" },
        "north": { "uv": [ 13.875, 0, 15.125, 11.75 ], "rotation": 180, "texture": "#texture" },
        "south": { "uv": [ 0.875, 0, 2.125, 11.75 ], "rotation": 180, "texture": "#texture" },
        "west":  { "uv": [ 10.25, 0, 11.75, 11.75 ], "rotation": 180, "texture": "#texture" },
        "east":  { "uv": [ 4.25, 0, 5.75, 11.75 ], "rotation": 180, "texture": "#texture" }
    }
},
{
    "from": [ 0.875, 10.25, 5.75 ],
    "to": [ 2.125, 11.75, 14 ],
    "faces": {
        "down":  { "uv": [ 0.875, 5.75, 2.125, 14 ], "rotation": 180, "texture": "#texture" },
        "up":    { "uv": [ 15.125, 14, 13.875, 5.75 ], "rotation": 180, "texture": "#texture" },
        "north": { "uv": [ 13.875, 10.25, 15.125, 11.75 ], "rotation": 180, "texture": "#texture" },
        "south": { "uv": [ 0.875, 10.25, 2.125, 11.75 ], "rotation": 180, "texture": "#texture" },
        "west":  { "uv": [ 2, 10.25, 10.25, 11.75 ], "rotation": 180, "texture": "#texture" },
        "east":  { "uv": [ 5.75, 10.25, 14, 11.75 ], "rotation": 180, "texture": "#texture" }
    }
},
{
    "from": [ 1, 8.5, 7.5 ],
    "to": [ 1.875, 10.25, 14.375 ],
    "faces": {
        "down":  { "uv": [ 1.125, 7.5, 2, 14.375 ], "rotation": 180, "texture": "#texture" },
        "up":    { "uv": [ 14.875, 14.375, 14, 7.5 ], "rotation": 180, "texture": "#texture" },
        "north": { "uv": [ 14, 8.5, 14.875, 10.25 ], "rotation": 180, "texture": "#texture" },
        "south": { "uv": [ 1.125, 8.5, 2, 10.25 ], "rotation": 180, "texture": "#texture" },
        "west":  { "uv": [ 1.625, 8.5, 8.5, 10.25 ], "rotation": 180, "texture": "#texture" },
        "east":  { "uv": [ 7.5, 8.5, 14.375, 10.25 ], "rotation": 180, "texture": "#texture" }
    }
},
{
    "from": [ 1, 0, 5.75 ],
    "to": [ 1.875, 10.25, 7.5 ],
    "faces": {
        "down":  { "uv": [ 1.125, 5.75, 2, 7.5 ], "rotation": 180, "texture": "#texture" },
        "up":    { "uv": [ 14.875, 7.5, 14, 5.75 ], "rotation": 180, "texture": "#texture" },
        "north": { "uv": [ 14, 0, 14.875, 10.25 ], "rotation": 180, "texture": "#texture" },
        "south": { "uv": [ 1.125, 0, 2, 10.25 ], "rotation": 180, "texture": "#texture" },
        "west":  { "uv": [ 8.5, 0, 10.25, 10.25 ], "rotation": 180, "texture": "#texture" },
        "east":  { "uv": [ 5.75, 0, 7.5, 10.25 ], "rotation": 180, "texture": "#texture" }
    }
},
{
    "from": [ 1.25, 0, 7.5 ],
    "to": [ 1.625, 8.5, 9.5 ],
    "faces": {
        "down":  { "uv": [ 1.375, 7.5, 1.75, 9.5 ], "rotation": 180, "texture": "#texture" },
        "up":    { "uv": [ 14.625, 9.5, 14.25, 7.5 ], "rotation": 180, "texture": "#texture" },
        "north": { "uv": [ 14.25, 0, 14.625, 8.5 ], "rotation": 180, "texture": "#texture" },
        "south": { "uv": [ 1.375, 0, 1.75, 8.5 ], "rotation": 180, "texture": "#texture" },
        "west":  { "uv": [ 6.5, 0, 8.5, 8.5 ], "rotation": 180, "texture": "#texture" },
        "east":  { "uv": [ 7.5, 0, 9.5, 8.5 ], "rotation": 180, "texture": "#texture" }
    }
},
{
    "from": [ 1.25, 6.5, 9.5 ],
    "to": [ 1.625, 8.5, 14 ],
    "faces": {
        "down":  { "uv": [ 1.375, 9.5, 1.75, 14 ], "rotation": 180, "texture": "#texture" },
        "up":    { "uv": [ 14.625, 14, 14.25, 9.5 ], "rotation": 180, "texture": "#texture" },
        "north": { "uv": [ 14.25, 6.5, 14.625, 8.5 ], "rotation": 180, "texture": "#texture" },
        "south": { "uv": [ 1.375, 6.5, 1.75, 8.5 ], "rotation": 180, "texture": "#texture" },
        "west":  { "uv": [ 2, 6.5, 6.5, 8.5 ], "rotation": 180, "texture": "#texture" },
        "east":  { "uv": [ 9.5, 6.5, 14, 8.5 ], "rotation": 180, "texture": "#texture" }
    }
},
{
    "from": [ 1.375, 0, 9.5 ],
    "to": [ 1.5, 6.5, 14 ],
    "faces": {
        "down":  { "uv": [ 1.375, 9.5, 1.5, 14 ], "texture": "#log_big_oak" },
        "up":    { "uv": [ 1.375, 9.5, 1.5, 14 ], "texture": "#log_big_oak" },
        "north": { "uv": [ 1.375, 9.5, 1.5, 16 ], "texture": "#log_big_oak" },
        "south": { "uv": [ 1.375, 9.5, 1.5, 16 ], "texture": "#log_big_oak" },
        "west":  { "uv": [ 9.5, 9.5, 14, 16 ], "texture": "#log_big_oak" },
        "east":  { "uv": [ 9.5, 9.5, 14, 16 ], "texture": "#log_big_oak" }
    }
},
{
    "__comment": "handel",
    "from": [ -1, 1.375, 13.75 ],
    "to": [ 0, 2.375, 14.75 ],
    "faces": {
        "down":  { "uv": [ 3, 13.75, 4, 14.75 ], "rotation": 180, "texture": "#gold_block" },
        "up":    { "uv": [ 13, 14.75, 12, 13.75 ], "rotation": 180, "texture": "#gold_block" },
        "north": { "uv": [ 12, 1.375, 13, 2.375 ], "rotation": 180, "texture": "#gold_block" },
        "south": { "uv": [ 3, 1.375, 4, 2.375 ], "rotation": 180, "texture": "#gold_block" },
        "west":  { "uv": [ 1.25, 1.375, 2.25, 2.375 ], "rotation": 180, "texture": "#gold_block" },
        "east":  { "uv": [ 13.75, 1.375, 14.75, 2.375 ], "rotation": 180, "texture": "#gold_block" }
    }
},
{
    "__comment": "handel",
    "from": [ 4, 0, 13.75 ],
    "to": [ 4.5, 1.625, 14.75 ],
    "faces": {
        "down":  { "uv": [ 0, 13.75, 0, 14.75 ], "rotation": 180, "texture": "#gold_block" },
        "up":    { "uv": [ 16, 14.75, 16, 13.75 ], "rotation": 180, "texture": "#gold_block" },
        "north": { "uv": [ 16, 0, 16, 1.625 ], "rotation": 180, "texture": "#gold_block" },
        "south": { "uv": [ 0, 0, 0, 1.625 ], "rotation": 180, "texture": "#gold_block" },
        "west":  { "uv": [ 1.25, 0, 2.25, 1.625 ], "rotation": 180, "texture": "#gold_block" },
        "east":  { "uv": [ 13.75, 0, 14.75, 1.625 ], "rotation": 180, "texture": "#gold_block" }
    }
},
{
    "__comment": "handel*",
    "from": [ 3, 1.375, 13.75 ],
    "to": [ 4, 2.375, 14.75 ],
    "faces": {
        "down":  { "uv": [ 0, 13.75, 0, 14.75 ], "rotation": 180, "texture": "#gold_block" },
        "up":    { "uv": [ 16, 14.75, 16, 13.75 ], "rotation": 180, "texture": "#gold_block" },
        "north": { "uv": [ 16, 1.375, 16, 2.375 ], "rotation": 180, "texture": "#gold_block" },
        "south": { "uv": [ 0, 1.375, 0, 2.375 ], "rotation": 180, "texture": "#gold_block" },
        "west":  { "uv": [ 1.25, 1.375, 2.25, 2.375 ], "rotation": 180, "texture": "#gold_block" },
        "east":  { "uv": [ 13.75, 1.375, 14.75, 2.375 ], "rotation": 180, "texture": "#gold_block" }
    }
},
{
    "__comment": "handel*",
    "from": [ -1.5, 0, 13.75 ],
    "to": [ -1, 1.625, 14.75 ],
    "faces": {
        "down":  { "uv": [ 4, 13.75, 4.5, 14.75 ], "rotation": 180, "texture": "#gold_block" },
        "up":    { "uv": [ 12, 14.75, 11.5, 13.75 ], "rotation": 180, "texture": "#gold_block" },
        "north": { "uv": [ 11.5, 0, 12, 1.625 ], "rotation": 180, "texture": "#gold_block" },
        "south": { "uv": [ 4, 0, 4.5, 1.625 ], "rotation": 180, "texture": "#gold_block" },
        "west":  { "uv": [ 1.25, 0, 2.25, 1.625 ], "rotation": 180, "texture": "#gold_block" },
        "east":  { "uv": [ 13.75, 0, 14.75, 1.625 ], "rotation": 180, "texture": "#gold_block" }
    }
},
{
    "from": [ -0.25, 0, -0.25 ],
    "to": [ 3.25, 1, 0.75 ],
    "faces": {
        "down":  { "uv": [ 0, 0, 3.25, 0.75 ], "rotation": 180, "texture": "#cauldron_inner" },
        "up":    { "uv": [ 16, 0.75, 12.75, 0 ], "rotation": 180, "texture": "#cauldron_inner" },
        "north": { "uv": [ 12.75, 0, 16, 1 ], "rotation": 180, "texture": "#cauldron_inner" },
        "south": { "uv": [ 0, 0, 3.25, 1 ], "rotation": 180, "texture": "#cauldron_inner" },
        "west":  { "uv": [ 15.25, 0, 16, 1 ], "rotation": 180, "texture": "#cauldron_inner" },
        "east":  { "uv": [ 0, 0, 0.75, 1 ], "rotation": 180, "texture": "#cauldron_inner" }
    }
},
{
    "from": [ -0.25, 10, -0.375 ],
    "to": [ 3.25, 12.125, 0.625 ],
    "faces": {
        "down":  { "uv": [ 0, 0, 3.25, 0.625 ], "rotation": 180, "texture": "#cauldron_inner" },
        "up":    { "uv": [ 16, 0.625, 12.75, 0 ], "rotation": 180, "texture": "#cauldron_inner" },
        "north": { "uv": [ 12.75, 10, 16, 12.125 ], "rotation": 180, "texture": "#cauldron_inner" },
        "south": { "uv": [ 0, 10, 3.25, 12.125 ], "rotation": 180, "texture": "#cauldron_inner" },
        "west":  { "uv": [ 15.375, 10, 16, 12.125 ], "rotation": 180, "texture": "#cauldron_inner" },
        "east":  { "uv": [ 0, 10, 0.625, 12.125 ], "rotation": 180, "texture": "#cauldron_inner" }
    }
}
],
"display": {
    "thirdperson_righthand": {
        "rotation": [ 0, 0, 0 ],
        "translation": [ 0, 0, 0 ],
        "scale": [ 0.36, 0.36, 0.36 ]
    },
    "thirdperson_lefthand": {
        "rotation": [ 0, 0, 0 ],
        "translation": [ 4.16, 0, 0 ],
        "scale": [ 0.36, 0.36, 0.36 ]
    },
    "head": {
        "rotation": [ 0, 90, 0 ],
        "translation": [ -0.19, -24, -1.32 ],
        "scale": [ 1, 1, 1 ]
    },
    "ground": {
        "rotation": [ 0, 0, 0 ],
        "translation": [ 0.96, 1.92, 0.96 ],
        "scale": [ 0.25, 0.25, 0.25 ]
    },
    "fixed": {
        "rotation": [ 0, -90, 0 ],
        "translation": [ 0.38, -3.59, 2.94 ],
        "scale": [ 0.5, 0.5, 0.5 ]
    },
    "firstperson_righthand": {
        "rotation": [ 0, -137, 0 ],
        "translation": [ 0.19, -0.96, -0.96 ],
        "scale": [ 0.24, 0.24, 0.24 ]
    },
    "firstperson_lefthand": {
        "rotation": [ 0, -137, 0 ],
        "translation": [ 0.19, -0.96, -0.96 ],
        "scale": [ 0.24, 0.24, 0.24 ]
    },
    "gui": {
        "rotation": [ 30, 106, 0 ],
        "translation": [ 0, -1.92, 0 ],
        "scale": [ 0.46, 0.46, 0.46 ]
    }
}
}