{
"__comment": "CoolScreenName http://www.planetminecraft.com/member/coolscreenname/",
"textures": {
    "particle": "blocks/enchanting_table_top",
    "texture": "blocks/obsidian",
    "diamond_block": "blocks/diamond_block",
    "enchanting_table_side": "blocks/enchanting_table_side",
    "log_oak": "blocks/log_spruce"
},
"elements": [ 
{
    "__comment": "table",
    "from": [ 0, 10, 0 ],
    "to": [ 16, 11, 16 ],
    "faces": {
        "down":  { "uv": [ 0, 0, 16, 16 ], "texture": "#texture" },
        "up":    { "uv": [ 0, 0, 16, 16 ], "texture": "#texture" },
        "north": { "uv": [ 0, 4, 16, 5 ], "texture": "#texture" },
        "south": { "uv": [ 0, 4, 16, 5 ], "texture": "#texture" },
        "west":  { "uv": [ 0, 4, 16, 5 ], "texture": "#texture" },
        "east":  { "uv": [ 0, 4, 16, 5 ], "texture": "#texture" }
    }
},
{
    "__comment": "feet top",
    "from": [ 12.75, 8.5, 0.75 ],
    "to": [ 15.25, 10, 3.25 ],
    "faces": {
        "down":  { "uv": [ 0, 0, 16, 16 ], "texture": "#texture" },
        "up":    { "uv": [ 0, 0, 16, 16 ], "texture": "#texture" },
        "north": { "uv": [ 0, 0, 16, 16 ], "texture": "#texture" },
        "south": { "uv": [ 0, 0, 16, 16 ], "texture": "#texture" },
        "west":  { "uv": [ 0, 0, 16, 16 ], "texture": "#texture" },
        "east":  { "uv": [ 0, 0, 16, 16 ], "texture": "#texture" }
    }
},
{
    "__comment": "feet top",
    "from": [ 0.75, 8.5, 12.75 ],
    "to": [ 3.25, 10, 15.25 ],
    "faces": {
        "down":  { "uv": [ 0, 0, 16, 16 ], "texture": "#texture" },
        "up":    { "uv": [ 0, 0, 16, 16 ], "texture": "#texture" },
        "north": { "uv": [ 0, 0, 16, 16 ], "texture": "#texture" },
        "south": { "uv": [ 0, 0, 16, 16 ], "texture": "#texture" },
        "west":  { "uv": [ 0, 0, 16, 16 ], "texture": "#texture" },
        "east":  { "uv": [ 0, 0, 16, 16 ], "texture": "#texture" }
    }
},
{
    "__comment": "feet top",
    "from": [ 12.75, 8.5, 12.75 ],
    "to": [ 15.25, 10, 15.25 ],
    "faces": {
        "down":  { "uv": [ 0, 0, 16, 16 ], "texture": "#texture" },
        "up":    { "uv": [ 0, 0, 16, 16 ], "texture": "#texture" },
        "north": { "uv": [ 0, 0, 16, 16 ], "texture": "#texture" },
        "south": { "uv": [ 0, 0, 16, 16 ], "texture": "#texture" },
        "west":  { "uv": [ 0, 0, 16, 16 ], "texture": "#texture" },
        "east":  { "uv": [ 0, 0, 16, 16 ], "texture": "#texture" }
    }
},
{
    "__comment": "feet top",
    "from": [ 0.75, 8.5, 0.75 ],
    "to": [ 3.25, 10, 3.25 ],
    "faces": {
        "down":  { "uv": [ 0, 0, 16, 16 ], "texture": "#texture" },
        "up":    { "uv": [ 0, 0, 16, 16 ], "texture": "#texture" },
        "north": { "uv": [ 0, 0, 16, 16 ], "texture": "#texture" },
        "south": { "uv": [ 0, 0, 16, 16 ], "texture": "#texture" },
        "west":  { "uv": [ 0, 0, 16, 16 ], "texture": "#texture" },
        "east":  { "uv": [ 0, 0, 16, 16 ], "texture": "#texture" }
    }
},
{
    "__comment": "legs",
    "from": [ 1.25, 1, 13.25 ],
    "to": [ 2.75, 8.5, 14.75 ],
    "faces": {
        "down":  { "uv": [ 0, 0, 7, 16 ], "texture": "#log_oak" },
        "up":    { "uv": [ 0, 0, 7, 16 ], "texture": "#log_oak" },
        "north": { "uv": [ 0, 0, 7, 16 ], "texture": "#log_oak" },
        "south": { "uv": [ 0, 0, 7, 16 ], "texture": "#log_oak" },
        "west":  { "uv": [ 0, 0, 7, 16 ], "texture": "#log_oak" },
        "east":  { "uv": [ 0, 0, 7, 16 ], "texture": "#log_oak" }
    }
},
{
    "__comment": "legs",
    "from": [ 13.25, 1, 1.25 ],
    "to": [ 14.75, 8.5, 2.75 ],
    "faces": {
        "down":  { "uv": [ 0, 0, 7, 16 ], "texture": "#log_oak" },
        "up":    { "uv": [ 0, 0, 7, 16 ], "texture": "#log_oak" },
        "north": { "uv": [ 0, 0, 7, 16 ], "texture": "#log_oak" },
        "south": { "uv": [ 0, 0, 7, 16 ], "texture": "#log_oak" },
        "west":  { "uv": [ 0, 0, 7, 16 ], "texture": "#log_oak" },
        "east":  { "uv": [ 0, 0, 7, 16 ], "texture": "#log_oak" }
    }
},
{
    "__comment": "legs",
    "from": [ 13.25, 1, 13.25 ],
    "to": [ 14.75, 8.5, 14.75 ],
    "faces": {
        "down":  { "uv": [ 0, 0, 7, 16 ], "texture": "#log_oak" },
        "up":    { "uv": [ 0, 0, 7, 16 ], "texture": "#log_oak" },
        "north": { "uv": [ 0, 0, 7, 16 ], "texture": "#log_oak" },
        "south": { "uv": [ 0, 0, 7, 16 ], "texture": "#log_oak" },
        "west":  { "uv": [ 0, 0, 7, 16 ], "texture": "#log_oak" },
        "east":  { "uv": [ 0, 0, 7, 16 ], "texture": "#log_oak" }
    }
},
{
    "__comment": "legs",
    "from": [ 1.25, 1, 1.25 ],
    "to": [ 2.75, 8.5, 2.75 ],
    "faces": {
        "down":  { "uv": [ 0, 0, 7, 16 ], "texture": "#log_oak" },
        "up":    { "uv": [ 0, 0, 7, 16 ], "texture": "#log_oak" },
        "north": { "uv": [ 0, 0, 7, 16 ], "texture": "#log_oak" },
        "south": { "uv": [ 0, 0, 7, 16 ], "texture": "#log_oak" },
        "west":  { "uv": [ 0, 0, 7, 16 ], "texture": "#log_oak" },
        "east":  { "uv": [ 0, 0, 7, 16 ], "texture": "#log_oak" }
    }
},
{
    "__comment": "feet",
    "from": [ 13, 0, 13 ],
    "to": [ 15, 1, 15 ],
    "faces": {
        "down":  { "uv": [ 0, 0, 16, 16 ], "texture": "#texture" },
        "up":    { "uv": [ 0, 0, 16, 16 ], "texture": "#texture" },
        "north": { "uv": [ 0, 0, 16, 16 ], "texture": "#texture" },
        "south": { "uv": [ 0, 0, 16, 16 ], "texture": "#texture" },
        "west":  { "uv": [ 0, 0, 16, 16 ], "texture": "#texture" },
        "east":  { "uv": [ 0, 0, 16, 16 ], "texture": "#texture" }
    }
},
{
    "__comment": "feet",
    "from": [ 13, 0, 1 ],
    "to": [ 15, 1, 3 ],
    "faces": {
        "down":  { "uv": [ 0, 0, 16, 16 ], "texture": "#texture" },
        "up":    { "uv": [ 0, 0, 16, 16 ], "texture": "#texture" },
        "north": { "uv": [ 0, 0, 16, 16 ], "texture": "#texture" },
        "south": { "uv": [ 0, 0, 16, 16 ], "texture": "#texture" },
        "west":  { "uv": [ 0, 0, 16, 16 ], "texture": "#texture" },
        "east":  { "uv": [ 0, 0, 16, 16 ], "texture": "#texture" }
    }
},
{
    "__comment": "feet",
    "from": [ 1, 0, 13 ],
    "to": [ 3, 1, 15 ],
    "faces": {
        "down":  { "uv": [ 0, 0, 16, 16 ], "texture": "#texture" },
        "up":    { "uv": [ 0, 0, 16, 16 ], "texture": "#texture" },
        "north": { "uv": [ 0, 0, 16, 16 ], "texture": "#texture" },
        "south": { "uv": [ 0, 0, 16, 16 ], "texture": "#texture" },
        "west":  { "uv": [ 0, 0, 16, 16 ], "texture": "#texture" },
        "east":  { "uv": [ 0, 0, 16, 16 ], "texture": "#texture" }
    }
},
{
    "__comment": "feet",
    "from": [ 1, 0, 1 ],
    "to": [ 3, 1, 3 ],
    "faces": {
        "down":  { "uv": [ 0, 0, 16, 16 ], "texture": "#texture" },
        "up":    { "uv": [ 0, 0, 16, 16 ], "texture": "#texture" },
        "north": { "uv": [ 0, 0, 16, 16 ], "texture": "#texture" },
        "south": { "uv": [ 0, 0, 16, 16 ], "texture": "#texture" },
        "west":  { "uv": [ 0, 0, 16, 16 ], "texture": "#texture" },
        "east":  { "uv": [ 0, 0, 16, 16 ], "texture": "#texture" }
    }
},
{
    "__comment": "bars",
    "from": [ 1.75, 1.75, 2.5 ],
    "to": [ 2.25, 2.25, 13.5 ],
    "faces": {
        "down":  { "uv": [ 14.25, 13.5, 13.75, 2.5 ], "texture": "#texture" },
        "up":    { "uv": [ 1.75, 2.5, 2.25, 13.5 ], "texture": "#texture" },
        "north": { "uv": [ 13.75, 12.75, 14.25, 13.25 ], "texture": "#texture" },
        "south": { "uv": [ 1.75, 12.75, 2.25, 13.25 ], "texture": "#texture" },
        "west":  { "uv": [ 2.5, 12.75, 13.5, 13.25 ], "texture": "#texture" },
        "east":  { "uv": [ 2.5, 12.75, 13.5, 13.25 ], "texture": "#texture" }
    }
},
{
    "__comment": "bars",
    "from": [ 13.75, 1.75, 2.5 ],
    "to": [ 14.25, 2.25, 13.5 ],
    "faces": {
        "down":  { "uv": [ 2.25, 13.5, 1.75, 2.5 ], "texture": "#texture" },
        "up":    { "uv": [ 13.75, 2.5, 14.25, 13.5 ], "texture": "#texture" },
        "north": { "uv": [ 1.75, 12.75, 2.25, 13.25 ], "texture": "#texture" },
        "south": { "uv": [ 13.75, 12.75, 14.25, 13.25 ], "texture": "#texture" },
        "west":  { "uv": [ 2.5, 12.75, 13.5, 13.25 ], "texture": "#texture" },
        "east":  { "uv": [ 2.5, 12.75, 13.5, 13.25 ], "texture": "#texture" }
    }
},
{
    "__comment": "bars",
    "from": [ 2.5, 1.75, 13.75 ],
    "to": [ 13.5, 2.25, 14.25 ],
    "faces": {
        "down":  { "uv": [ 13.5, 14.25, 2.5, 13.75 ], "texture": "#texture" },
        "up":    { "uv": [ 2.5, 13.75, 13.5, 14.25 ], "texture": "#texture" },
        "north": { "uv": [ 2.5, 12.75, 13.5, 13.25 ], "texture": "#texture" },
        "south": { "uv": [ 2.5, 12.75, 13.5, 13.25 ], "texture": "#texture" },
        "west":  { "uv": [ 13.75, 12.75, 14.25, 13.25 ], "texture": "#texture" },
        "east":  { "uv": [ 1.75, 12.75, 2.25, 13.25 ], "texture": "#texture" }
    }
},
{
    "__comment": "bars",
    "from": [ 2.5, 1.75, 1.75 ],
    "to": [ 13.5, 2.25, 2.25 ],
    "faces": {
        "down":  { "uv": [ 13.5, 2.25, 2.5, 1.75 ], "texture": "#texture" },
        "up":    { "uv": [ 2.5, 1.75, 13.5, 2.25 ], "texture": "#texture" },
        "north": { "uv": [ 2.5, 12.75, 13.5, 13.25 ], "texture": "#texture" },
        "south": { "uv": [ 2.5, 12.75, 13.5, 13.25 ], "texture": "#texture" },
        "west":  { "uv": [ 1.75, 12.75, 2.25, 13.25 ], "texture": "#texture" },
        "east":  { "uv": [ 13.75, 12.75, 14.25, 13.25 ], "texture": "#texture" }
    }
},
{
    "__comment": "bars",
    "from": [ 2.5, 6, 1.75 ],
    "to": [ 13.5, 6.5, 2.25 ],
    "faces": {
        "down":  { "uv": [ 13.5, 2.25, 2.5, 1.75 ], "texture": "#texture" },
        "up":    { "uv": [ 2.5, 1.75, 13.5, 2.25 ], "texture": "#texture" },
        "north": { "uv": [ 2.5, 8.5, 13.5, 9 ], "texture": "#texture" },
        "south": { "uv": [ 2.5, 8.5, 13.5, 9 ], "texture": "#texture" },
        "west":  { "uv": [ 1.75, 8.5, 2.25, 9 ], "texture": "#texture" },
        "east":  { "uv": [ 13.75, 8.5, 14.25, 9 ], "texture": "#texture" }
    }
},
{
    "__comment": "bars",
    "from": [ 2.5, 6, 13.75 ],
    "to": [ 13.5, 6.5, 14.25 ],
    "faces": {
        "down":  { "uv": [ 13.5, 14.25, 2.5, 13.75 ], "texture": "#texture" },
        "up":    { "uv": [ 2.5, 13.75, 13.5, 14.25 ], "texture": "#texture" },
        "north": { "uv": [ 2.5, 8.5, 13.5, 9 ], "texture": "#texture" },
        "south": { "uv": [ 2.5, 8.5, 13.5, 9 ], "texture": "#texture" },
        "west":  { "uv": [ 13.75, 8.5, 14.25, 9 ], "texture": "#texture" },
        "east":  { "uv": [ 1.75, 8.5, 2.25, 9 ], "texture": "#texture" }
    }
},
{
    "__comment": "bars",
    "from": [ 1.75, 6, 2.5 ],
    "to": [ 2.25, 6.5, 13.5 ],
    "faces": {
        "down":  { "uv": [ 14.25, 13.5, 13.75, 2.5 ], "texture": "#texture" },
        "up":    { "uv": [ 1.75, 2.5, 2.25, 13.5 ], "texture": "#texture" },
        "north": { "uv": [ 13.75, 8.5, 14.25, 9 ], "texture": "#texture" },
        "south": { "uv": [ 1.75, 8.5, 2.25, 9 ], "texture": "#texture" },
        "west":  { "uv": [ 2.5, 8.5, 13.5, 9 ], "texture": "#texture" },
        "east":  { "uv": [ 2.5, 8.5, 13.5, 9 ], "texture": "#texture" }
    }
},
{
    "__comment": "bars",
    "from": [ 13.75, 6, 2.5 ],
    "to": [ 14.25, 6.5, 13.5 ],
    "faces": {
        "down":  { "uv": [ 2.25, 13.5, 1.75, 2.5 ], "texture": "#texture" },
        "up":    { "uv": [ 13.75, 2.5, 14.25, 13.5 ], "texture": "#texture" },
        "north": { "uv": [ 1.75, 8.5, 2.25, 9 ], "texture": "#texture" },
        "south": { "uv": [ 13.75, 8.5, 14.25, 9 ], "texture": "#texture" },
        "west":  { "uv": [ 2.5, 8.5, 13.5, 9 ], "texture": "#texture" },
        "east":  { "uv": [ 2.5, 8.5, 13.5, 9 ], "texture": "#texture" }
    }
},
{
    "__comment": "drape top",
    "from": [ 3, 11, 0 ],
    "to": [ 13, 11.25, 16 ],
    "faces": {
        "down":  { "uv": [ 4, 0, 12, 16 ], "texture": "#particle" },
        "up":    { "uv": [ 4, 0, 12, 16 ], "texture": "#particle" },
        "north": { "uv": [ 2, 4.25, 14, 4.5 ], "texture": "#particle" },
        "south": { "uv": [ 2, 4.25, 14, 4.5 ], "texture": "#particle" },
        "west":  { "uv": [ 0, 4.25, 16, 4.5 ], "texture": "#particle" },
        "east":  { "uv": [ 0, 4.25, 16, 4.5 ], "texture": "#particle" }
    }
},
{
    "__comment": "drape top",
    "from": [ 0, 10.999, 3 ],
    "to": [ 16, 11.249, 13 ],
    "faces": {
        "down":  { "uv": [ 0, 4, 16, 12 ], "texture": "#particle" },
        "up":    { "uv": [ 0, 4, 16, 12 ], "texture": "#particle" },
        "north": { "uv": [ 0, 4, 16, 4.25 ], "texture": "#particle" },
        "south": { "uv": [ 0, 4, 16, 4.25 ], "texture": "#particle" },
        "west":  { "uv": [ 2, 4, 14, 4.25 ], "texture": "#particle" },
        "east":  { "uv": [ 2, 4, 14, 4.25 ], "texture": "#particle" }
    }
},
{
    "__comment": "diamond base",
    "from": [ 0, 11, 0 ],
    "to": [ 3, 11.5, 3 ],
    "faces": {
        "down":  { "uv": [ 0, 0, 16, 16 ], "texture": "#diamond_block" },
        "up":    { "uv": [ 0, 0, 16, 16 ], "texture": "#diamond_block" },
        "north": { "uv": [ 0, 0, 16, 16 ], "texture": "#diamond_block" },
        "south": { "uv": [ 0, 0, 16, 16 ], "texture": "#diamond_block" },
        "west":  { "uv": [ 0, 0, 16, 16 ], "texture": "#diamond_block" },
        "east":  { "uv": [ 0, 0, 16, 16 ], "texture": "#diamond_block" }
    }
},
{
    "__comment": "diamond base",
    "from": [ 13, 11, 13 ],
    "to": [ 16, 11.5, 16 ],
    "faces": {
        "down":  { "uv": [ 0, 0, 16, 16 ], "texture": "#diamond_block" },
        "up":    { "uv": [ 0, 0, 16, 16 ], "texture": "#diamond_block" },
        "north": { "uv": [ 0, 0, 16, 16 ], "texture": "#diamond_block" },
        "south": { "uv": [ 0, 0, 16, 16 ], "texture": "#diamond_block" },
        "west":  { "uv": [ 0, 0, 16, 16 ], "texture": "#diamond_block" },
        "east":  { "uv": [ 0, 0, 16, 16 ], "texture": "#diamond_block" }
    }
},
{
    "__comment": "diamond base",
    "from": [ 13, 11, 0 ],
    "to": [ 16, 11.5, 3 ],
    "faces": {
        "down":  { "uv": [ 0, 0, 16, 16 ], "texture": "#diamond_block" },
        "up":    { "uv": [ 0, 0, 16, 16 ], "texture": "#diamond_block" },
        "north": { "uv": [ 0, 0, 16, 16 ], "texture": "#diamond_block" },
        "south": { "uv": [ 0, 0, 16, 16 ], "texture": "#diamond_block" },
        "west":  { "uv": [ 0, 0, 16, 16 ], "texture": "#diamond_block" },
        "east":  { "uv": [ 0, 0, 16, 16 ], "texture": "#diamond_block" }
    }
},
{
    "__comment": "diamond base",
    "from": [ 0, 11, 13 ],
    "to": [ 3, 11.5, 16 ],
    "faces": {
        "down":  { "uv": [ 0, 0, 16, 16 ], "texture": "#diamond_block" },
        "up":    { "uv": [ 0, 0, 16, 16 ], "texture": "#diamond_block" },
        "north": { "uv": [ 0, 0, 16, 16 ], "texture": "#diamond_block" },
        "south": { "uv": [ 0, 0, 16, 16 ], "texture": "#diamond_block" },
        "west":  { "uv": [ 0, 0, 16, 16 ], "texture": "#diamond_block" },
        "east":  { "uv": [ 0, 0, 16, 16 ], "texture": "#diamond_block" }
    }
},
{
    "__comment": "drape",
    "from": [ 3.5, 6.25, -0.25 ],
    "to": [ 4, 11, 0 ],
    "faces": {
        "down":  { "uv": [ 7, 0, 9, 16 ], "texture": "#particle" },
        "up":    { "uv": [ 7, 0, 9, 16 ], "texture": "#particle" },
        "north": { "uv": [ 7, 0, 9, 16 ], "texture": "#particle" },
        "south": { "uv": [ 7, 0, 9, 16 ], "texture": "#particle" },
        "west":  { "uv": [ 7, 0, 9, 16 ], "texture": "#particle" },
        "east":  { "uv": [ 7, 0, 9, 16 ], "texture": "#particle" }
    }
},
{
    "__comment": "drape",
    "from": [ 4, 5.75, -0.25 ],
    "to": [ 4.75, 11, 0 ],
    "faces": {
        "down":  { "uv": [ 7, 0, 9, 16 ], "texture": "#particle" },
        "up":    { "uv": [ 7, 0, 9, 16 ], "texture": "#particle" },
        "north": { "uv": [ 7, 0, 9, 16 ], "texture": "#particle" },
        "south": { "uv": [ 7, 0, 9, 16 ], "texture": "#particle" },
        "west":  { "uv": [ 7, 0, 9, 16 ], "texture": "#particle" },
        "east":  { "uv": [ 7, 0, 9, 16 ], "texture": "#particle" }
    }
},
{
    "__comment": "drape",
    "from": [ 4.75, 5.75, -0.25 ],
    "to": [ 5.25, 11, 0 ],
    "faces": {
        "down":  { "uv": [ 7, 0, 9, 16 ], "texture": "#particle" },
        "up":    { "uv": [ 7, 0, 9, 16 ], "texture": "#particle" },
        "north": { "uv": [ 7, 0, 9, 16 ], "texture": "#particle" },
        "south": { "uv": [ 7, 0, 9, 16 ], "texture": "#particle" },
        "west":  { "uv": [ 7, 0, 9, 16 ], "texture": "#particle" },
        "east":  { "uv": [ 7, 0, 9, 16 ], "texture": "#particle" }
    }
},
{
    "__comment": "drape",
    "from": [ 5.25, 5.25, -0.25 ],
    "to": [ 6, 11, 0 ],
    "faces": {
        "down":  { "uv": [ 7, 0, 9, 16 ], "texture": "#particle" },
        "up":    { "uv": [ 7, 0, 9, 16 ], "texture": "#particle" },
        "north": { "uv": [ 7, 0, 9, 16 ], "texture": "#particle" },
        "south": { "uv": [ 7, 0, 9, 16 ], "texture": "#particle" },
        "west":  { "uv": [ 7, 0, 9, 16 ], "texture": "#particle" },
        "east":  { "uv": [ 7, 0, 9, 16 ], "texture": "#particle" }
    }
},
{
    "__comment": "drape",
    "from": [ 6, 5.75, -0.25 ],
    "to": [ 6.75, 11, 0 ],
    "faces": {
        "down":  { "uv": [ 7, 0, 9, 16 ], "texture": "#particle" },
        "up":    { "uv": [ 7, 0, 9, 16 ], "texture": "#particle" },
        "north": { "uv": [ 7, 0, 9, 16 ], "texture": "#particle" },
        "south": { "uv": [ 7, 0, 9, 16 ], "texture": "#particle" },
        "west":  { "uv": [ 7, 0, 9, 16 ], "texture": "#particle" },
        "east":  { "uv": [ 7, 0, 9, 16 ], "texture": "#particle" }
    }
},
{
    "__comment": "drape",
    "from": [ 6.75, 6.25, -0.25 ],
    "to": [ 7.5, 11, 0 ],
    "faces": {
        "down":  { "uv": [ 7, 0, 9, 16 ], "texture": "#particle" },
        "up":    { "uv": [ 7, 0, 9, 16 ], "texture": "#particle" },
        "north": { "uv": [ 7, 0, 9, 16 ], "texture": "#particle" },
        "south": { "uv": [ 7, 0, 9, 16 ], "texture": "#particle" },
        "west":  { "uv": [ 7, 0, 9, 16 ], "texture": "#particle" },
        "east":  { "uv": [ 7, 0, 9, 16 ], "texture": "#particle" }
    }
},
{
    "__comment": "drape",
    "from": [ 7.5, 5.75, -0.25 ],
    "to": [ 8, 11, 0 ],
    "faces": {
        "down":  { "uv": [ 7, 0, 9, 16 ], "texture": "#particle" },
        "up":    { "uv": [ 7, 0, 9, 16 ], "texture": "#particle" },
        "north": { "uv": [ 7, 0, 9, 16 ], "texture": "#particle" },
        "south": { "uv": [ 7, 0, 9, 16 ], "texture": "#particle" },
        "west":  { "uv": [ 7, 0, 9, 16 ], "texture": "#particle" },
        "east":  { "uv": [ 7, 0, 9, 16 ], "texture": "#particle" }
    }
},
{
    "__comment": "drape",
    "from": [ 8, 6.25, -0.25 ],
    "to": [ 8.75, 11, 0 ],
    "faces": {
        "down":  { "uv": [ 7, 0, 9, 16 ], "texture": "#particle" },
        "up":    { "uv": [ 7, 0, 9, 16 ], "texture": "#particle" },
        "north": { "uv": [ 7, 0, 9, 16 ], "texture": "#particle" },
        "south": { "uv": [ 7, 0, 9, 16 ], "texture": "#particle" },
        "west":  { "uv": [ 7, 0, 9, 16 ], "texture": "#particle" },
        "east":  { "uv": [ 7, 0, 9, 16 ], "texture": "#particle" }
    }
},
{
    "__comment": "drape",
    "from": [ 8.75, 5.75, -0.25 ],
    "to": [ 9.5, 11, 0 ],
    "faces": {
        "down":  { "uv": [ 7, 0, 9, 16 ], "texture": "#particle" },
        "up":    { "uv": [ 7, 0, 9, 16 ], "texture": "#particle" },
        "north": { "uv": [ 7, 0, 9, 16 ], "texture": "#particle" },
        "south": { "uv": [ 7, 0, 9, 16 ], "texture": "#particle" },
        "west":  { "uv": [ 7, 0, 9, 16 ], "texture": "#particle" },
        "east":  { "uv": [ 7, 0, 9, 16 ], "texture": "#particle" }
    }
},
{
    "__comment": "drape",
    "from": [ 9.5, 5.5, -0.25 ],
    "to": [ 10, 11, 0 ],
    "faces": {
        "down":  { "uv": [ 7, 0, 9, 16 ], "texture": "#particle" },
        "up":    { "uv": [ 7, 0, 9, 16 ], "texture": "#particle" },
        "north": { "uv": [ 7, 0, 9, 16 ], "texture": "#particle" },
        "south": { "uv": [ 7, 0, 9, 16 ], "texture": "#particle" },
        "west":  { "uv": [ 7, 0, 9, 16 ], "texture": "#particle" },
        "east":  { "uv": [ 7, 0, 9, 16 ], "texture": "#particle" }
    }
},
{
    "__comment": "drape",
    "from": [ 10, 6.25, -0.25 ],
    "to": [ 10.75, 11, 0 ],
    "faces": {
        "down":  { "uv": [ 7, 0, 9, 16 ], "texture": "#particle" },
        "up":    { "uv": [ 7, 0, 9, 16 ], "texture": "#particle" },
        "north": { "uv": [ 7, 0, 9, 16 ], "texture": "#particle" },
        "south": { "uv": [ 7, 0, 9, 16 ], "texture": "#particle" },
        "west":  { "uv": [ 7, 0, 9, 16 ], "texture": "#particle" },
        "east":  { "uv": [ 7, 0, 9, 16 ], "texture": "#particle" }
    }
},
{
    "__comment": "drape",
    "from": [ 10.75, 5.25, -0.25 ],
    "to": [ 11.25, 11, 0 ],
    "faces": {
        "down":  { "uv": [ 7, 0, 9, 16 ], "texture": "#particle" },
        "up":    { "uv": [ 7, 0, 9, 16 ], "texture": "#particle" },
        "north": { "uv": [ 7, 0, 9, 16 ], "texture": "#particle" },
        "south": { "uv": [ 7, 0, 9, 16 ], "texture": "#particle" },
        "west":  { "uv": [ 7, 0, 9, 16 ], "texture": "#particle" },
        "east":  { "uv": [ 7, 0, 9, 16 ], "texture": "#particle" }
    }
},
{
    "__comment": "drape",
    "from": [ 11.25, 5.75, -0.25 ],
    "to": [ 12, 11, 0 ],
    "faces": {
        "down":  { "uv": [ 7, 0, 9, 16 ], "texture": "#particle" },
        "up":    { "uv": [ 7, 0, 9, 16 ], "texture": "#particle" },
        "north": { "uv": [ 7, 0, 9, 16 ], "texture": "#particle" },
        "south": { "uv": [ 7, 0, 9, 16 ], "texture": "#particle" },
        "west":  { "uv": [ 7, 0, 9, 16 ], "texture": "#particle" },
        "east":  { "uv": [ 7, 0, 9, 16 ], "texture": "#particle" }
    }
},
{
    "__comment": "drape",
    "from": [ 12, 6.25, -0.25 ],
    "to": [ 13, 11, 0 ],
    "faces": {
        "down":  { "uv": [ 7, 0, 9, 16 ], "texture": "#particle" },
        "up":    { "uv": [ 7, 0, 9, 16 ], "texture": "#particle" },
        "north": { "uv": [ 7, 0, 9, 16 ], "texture": "#particle" },
        "south": { "uv": [ 7, 0, 9, 16 ], "texture": "#particle" },
        "west":  { "uv": [ 7, 0, 9, 16 ], "texture": "#particle" },
        "east":  { "uv": [ 7, 0, 9, 16 ], "texture": "#particle" }
    }
},
{
    "__comment": "drape",
    "from": [ 3, 6.5, -0.25 ],
    "to": [ 3.5, 11, 0 ],
    "faces": {
        "down":  { "uv": [ 7, 0, 9, 16 ], "texture": "#particle" },
        "up":    { "uv": [ 7, 0, 9, 16 ], "texture": "#particle" },
        "north": { "uv": [ 7, 0, 9, 16 ], "texture": "#particle" },
        "south": { "uv": [ 7, 0, 9, 16 ], "texture": "#particle" },
        "west":  { "uv": [ 7, 0, 9, 16 ], "texture": "#particle" },
        "east":  { "uv": [ 7, 0, 9, 16 ], "texture": "#particle" }
    }
},
{
    "__comment": "drape",
    "from": [ 3.25, 6.25, 16 ],
    "to": [ 4.25, 11, 16.25 ],
    "faces": {
        "down":  { "uv": [ 7, 0, 9, 16 ], "texture": "#particle" },
        "up":    { "uv": [ 7, 0, 9, 16 ], "texture": "#particle" },
        "north": { "uv": [ 7, 0, 9, 16 ], "texture": "#particle" },
        "south": { "uv": [ 7, 0, 9, 16 ], "texture": "#particle" },
        "west":  { "uv": [ 7, 0, 9, 16 ], "texture": "#particle" },
        "east":  { "uv": [ 7, 0, 9, 16 ], "texture": "#particle" }
    }
},
{
    "__comment": "drape",
    "from": [ 4.25, 6, 16 ],
    "to": [ 4.75, 11, 16.25 ],
    "faces": {
        "down":  { "uv": [ 7, 0, 9, 16 ], "texture": "#particle" },
        "up":    { "uv": [ 7, 0, 9, 16 ], "texture": "#particle" },
        "north": { "uv": [ 7, 0, 9, 16 ], "texture": "#particle" },
        "south": { "uv": [ 7, 0, 9, 16 ], "texture": "#particle" },
        "west":  { "uv": [ 7, 0, 9, 16 ], "texture": "#particle" },
        "east":  { "uv": [ 7, 0, 9, 16 ], "texture": "#particle" }
    }
},
{
    "__comment": "drape",
    "from": [ 4.75, 5.5, 16 ],
    "to": [ 5.25, 11, 16.25 ],
    "faces": {
        "down":  { "uv": [ 7, 0, 9, 16 ], "texture": "#particle" },
        "up":    { "uv": [ 7, 0, 9, 16 ], "texture": "#particle" },
        "north": { "uv": [ 7, 0, 9, 16 ], "texture": "#particle" },
        "south": { "uv": [ 7, 0, 9, 16 ], "texture": "#particle" },
        "west":  { "uv": [ 7, 0, 9, 16 ], "texture": "#particle" },
        "east":  { "uv": [ 7, 0, 9, 16 ], "texture": "#particle" }
    }
},
{
    "__comment": "drape",
    "from": [ 5.25, 6, 16 ],
    "to": [ 6, 11, 16.25 ],
    "faces": {
        "down":  { "uv": [ 7, 0, 9, 16 ], "texture": "#particle" },
        "up":    { "uv": [ 7, 0, 9, 16 ], "texture": "#particle" },
        "north": { "uv": [ 7, 0, 9, 16 ], "texture": "#particle" },
        "south": { "uv": [ 7, 0, 9, 16 ], "texture": "#particle" },
        "west":  { "uv": [ 7, 0, 9, 16 ], "texture": "#particle" },
        "east":  { "uv": [ 7, 0, 9, 16 ], "texture": "#particle" }
    }
},
{
    "__comment": "drape",
    "from": [ 6, 6, 16 ],
    "to": [ 7, 11, 16.25 ],
    "faces": {
        "down":  { "uv": [ 7, 0, 9, 16 ], "texture": "#particle" },
        "up":    { "uv": [ 7, 0, 9, 16 ], "texture": "#particle" },
        "north": { "uv": [ 7, 0, 9, 16 ], "texture": "#particle" },
        "south": { "uv": [ 7, 0, 9, 16 ], "texture": "#particle" },
        "west":  { "uv": [ 7, 0, 9, 16 ], "texture": "#particle" },
        "east":  { "uv": [ 7, 0, 9, 16 ], "texture": "#particle" }
    }
},
{
    "__comment": "drape",
    "from": [ 7, 5.5, 16 ],
    "to": [ 7.75, 11, 16.25 ],
    "faces": {
        "down":  { "uv": [ 7, 0, 9, 16 ], "texture": "#particle" },
        "up":    { "uv": [ 7, 0, 9, 16 ], "texture": "#particle" },
        "north": { "uv": [ 7, 0, 9, 16 ], "texture": "#particle" },
        "south": { "uv": [ 7, 0, 9, 16 ], "texture": "#particle" },
        "west":  { "uv": [ 7, 0, 9, 16 ], "texture": "#particle" },
        "east":  { "uv": [ 7, 0, 9, 16 ], "texture": "#particle" }
    }
},
{
    "__comment": "drape",
    "from": [ 7.75, 6, 16 ],
    "to": [ 8.25, 11, 16.25 ],
    "faces": {
        "down":  { "uv": [ 7, 0, 9, 16 ], "texture": "#particle" },
        "up":    { "uv": [ 7, 0, 9, 16 ], "texture": "#particle" },
        "north": { "uv": [ 7, 0, 9, 16 ], "texture": "#particle" },
        "south": { "uv": [ 7, 0, 9, 16 ], "texture": "#particle" },
        "west":  { "uv": [ 7, 0, 9, 16 ], "texture": "#particle" },
        "east":  { "uv": [ 7, 0, 9, 16 ], "texture": "#particle" }
    }
},
{
    "__comment": "drape",
    "from": [ 8.25, 6.5, 16 ],
    "to": [ 9, 11, 16.25 ],
    "faces": {
        "down":  { "uv": [ 7, 0, 9, 16 ], "texture": "#particle" },
        "up":    { "uv": [ 7, 0, 9, 16 ], "texture": "#particle" },
        "north": { "uv": [ 7, 0, 9, 16 ], "texture": "#particle" },
        "south": { "uv": [ 7, 0, 9, 16 ], "texture": "#particle" },
        "west":  { "uv": [ 7, 0, 9, 16 ], "texture": "#particle" },
        "east":  { "uv": [ 7, 0, 9, 16 ], "texture": "#particle" }
    }
},
{
    "__comment": "drape",
    "from": [ 9, 5.75, 16 ],
    "to": [ 9.5, 11, 16.25 ],
    "faces": {
        "down":  { "uv": [ 7, 0, 9, 16 ], "texture": "#particle" },
        "up":    { "uv": [ 7, 0, 9, 16 ], "texture": "#particle" },
        "north": { "uv": [ 7, 0, 9, 16 ], "texture": "#particle" },
        "south": { "uv": [ 7, 0, 9, 16 ], "texture": "#particle" },
        "west":  { "uv": [ 7, 0, 9, 16 ], "texture": "#particle" },
        "east":  { "uv": [ 7, 0, 9, 16 ], "texture": "#particle" }
    }
},
{
    "__comment": "drape",
    "from": [ 9.5, 5.5, 16 ],
    "to": [ 10, 11, 16.25 ],
    "faces": {
        "down":  { "uv": [ 7, 0, 9, 16 ], "texture": "#particle" },
        "up":    { "uv": [ 7, 0, 9, 16 ], "texture": "#particle" },
        "north": { "uv": [ 7, 0, 9, 16 ], "texture": "#particle" },
        "south": { "uv": [ 7, 0, 9, 16 ], "texture": "#particle" },
        "west":  { "uv": [ 7, 0, 9, 16 ], "texture": "#particle" },
        "east":  { "uv": [ 7, 0, 9, 16 ], "texture": "#particle" }
    }
},
{
    "__comment": "drape",
    "from": [ 10, 6.5, 16 ],
    "to": [ 10.75, 11, 16.25 ],
    "faces": {
        "down":  { "uv": [ 7, 0, 9, 16 ], "texture": "#particle" },
        "up":    { "uv": [ 7, 0, 9, 16 ], "texture": "#particle" },
        "north": { "uv": [ 7, 0, 9, 16 ], "texture": "#particle" },
        "south": { "uv": [ 7, 0, 9, 16 ], "texture": "#particle" },
        "west":  { "uv": [ 7, 0, 9, 16 ], "texture": "#particle" },
        "east":  { "uv": [ 7, 0, 9, 16 ], "texture": "#particle" }
    }
},
{
    "__comment": "drape",
    "from": [ 10.75, 6.75, 16 ],
    "to": [ 11.25, 11, 16.25 ],
    "faces": {
        "down":  { "uv": [ 7, 0, 9, 16 ], "texture": "#particle" },
        "up":    { "uv": [ 7, 0, 9, 16 ], "texture": "#particle" },
        "north": { "uv": [ 7, 0, 9, 16 ], "texture": "#particle" },
        "south": { "uv": [ 7, 0, 9, 16 ], "texture": "#particle" },
        "west":  { "uv": [ 7, 0, 9, 16 ], "texture": "#particle" },
        "east":  { "uv": [ 7, 0, 9, 16 ], "texture": "#particle" }
    }
},
{
    "__comment": "drape",
    "from": [ 11.25, 6.75, 16 ],
    "to": [ 12, 11, 16.25 ],
    "faces": {
        "down":  { "uv": [ 7, 0, 9, 16 ], "texture": "#particle" },
        "up":    { "uv": [ 7, 0, 9, 16 ], "texture": "#particle" },
        "north": { "uv": [ 7, 0, 9, 16 ], "texture": "#particle" },
        "south": { "uv": [ 7, 0, 9, 16 ], "texture": "#particle" },
        "west":  { "uv": [ 7, 0, 9, 16 ], "texture": "#particle" },
        "east":  { "uv": [ 7, 0, 9, 16 ], "texture": "#particle" }
    }
},
{
    "__comment": "drape",
    "from": [ 12, 6.25, 16 ],
    "to": [ 13, 11, 16.25 ],
    "faces": {
        "down":  { "uv": [ 7, 0, 9, 16 ], "texture": "#particle" },
        "up":    { "uv": [ 7, 0, 9, 16 ], "texture": "#particle" },
        "north": { "uv": [ 7, 0, 9, 16 ], "texture": "#particle" },
        "south": { "uv": [ 7, 0, 9, 16 ], "texture": "#particle" },
        "west":  { "uv": [ 7, 0, 9, 16 ], "texture": "#particle" },
        "east":  { "uv": [ 7, 0, 9, 16 ], "texture": "#particle" }
    }
},
{
    "__comment": "drape",
    "from": [ 3, 7, 16 ],
    "to": [ 3.25, 11, 16.25 ],
    "faces": {
        "down":  { "uv": [ 7, 0, 9, 16 ], "texture": "#particle" },
        "up":    { "uv": [ 7, 0, 9, 16 ], "texture": "#particle" },
        "north": { "uv": [ 7, 0, 9, 16 ], "texture": "#particle" },
        "south": { "uv": [ 7, 0, 9, 16 ], "texture": "#particle" },
        "west":  { "uv": [ 7, 0, 9, 16 ], "texture": "#particle" },
        "east":  { "uv": [ 7, 0, 9, 16 ], "texture": "#particle" }
    }
},
{
    "__comment": "drape",
    "from": [ -0.25, 7, 12.5 ],
    "to": [ 0, 11, 13 ],
    "faces": {
        "down":  { "uv": [ 7, 0, 9, 16 ], "texture": "#particle" },
        "up":    { "uv": [ 7, 0, 9, 16 ], "texture": "#particle" },
        "north": { "uv": [ 7, 0, 9, 16 ], "texture": "#particle" },
        "south": { "uv": [ 7, 0, 9, 16 ], "texture": "#particle" },
        "west":  { "uv": [ 7, 0, 9, 16 ], "texture": "#particle" },
        "east":  { "uv": [ 7, 0, 9, 16 ], "texture": "#particle" }
    }
},
{
    "__comment": "drape",
    "from": [ -0.25, 6.5, 11.75 ],
    "to": [ 0, 11, 12.5 ],
    "faces": {
        "down":  { "uv": [ 7, 0, 9, 16 ], "texture": "#particle" },
        "up":    { "uv": [ 7, 0, 9, 16 ], "texture": "#particle" },
        "north": { "uv": [ 7, 0, 9, 16 ], "texture": "#particle" },
        "south": { "uv": [ 7, 0, 9, 16 ], "texture": "#particle" },
        "west":  { "uv": [ 7, 0, 9, 16 ], "texture": "#particle" },
        "east":  { "uv": [ 7, 0, 9, 16 ], "texture": "#particle" }
    }
},
{
    "__comment": "drape",
    "from": [ -0.25, 6.25, 11.25 ],
    "to": [ 0, 11, 11.75 ],
    "faces": {
        "down":  { "uv": [ 7, 0, 9, 16 ], "texture": "#particle" },
        "up":    { "uv": [ 7, 0, 9, 16 ], "texture": "#particle" },
        "north": { "uv": [ 7, 0, 9, 16 ], "texture": "#particle" },
        "south": { "uv": [ 7, 0, 9, 16 ], "texture": "#particle" },
        "west":  { "uv": [ 7, 0, 9, 16 ], "texture": "#particle" },
        "east":  { "uv": [ 7, 0, 9, 16 ], "texture": "#particle" }
    }
},
{
    "__comment": "drape",
    "from": [ -0.25, 6.75, 10.75 ],
    "to": [ 0, 11, 11.25 ],
    "faces": {
        "down":  { "uv": [ 7, 0, 9, 16 ], "texture": "#particle" },
        "up":    { "uv": [ 7, 0, 9, 16 ], "texture": "#particle" },
        "north": { "uv": [ 7, 0, 9, 16 ], "texture": "#particle" },
        "south": { "uv": [ 7, 0, 9, 16 ], "texture": "#particle" },
        "west":  { "uv": [ 7, 0, 9, 16 ], "texture": "#particle" },
        "east":  { "uv": [ 7, 0, 9, 16 ], "texture": "#particle" }
    }
},
{
    "__comment": "drape",
    "from": [ -0.25, 6.5, 10 ],
    "to": [ 0, 11, 10.75 ],
    "faces": {
        "down":  { "uv": [ 7, 0, 9, 16 ], "texture": "#particle" },
        "up":    { "uv": [ 7, 0, 9, 16 ], "texture": "#particle" },
        "north": { "uv": [ 7, 0, 9, 16 ], "texture": "#particle" },
        "south": { "uv": [ 7, 0, 9, 16 ], "texture": "#particle" },
        "west":  { "uv": [ 7, 0, 9, 16 ], "texture": "#particle" },
        "east":  { "uv": [ 7, 0, 9, 16 ], "texture": "#particle" }
    }
},
{
    "__comment": "drape",
    "from": [ -0.25, 6.25, 9.5 ],
    "to": [ 0, 11, 10 ],
    "faces": {
        "down":  { "uv": [ 7, 0, 9, 16 ], "texture": "#particle" },
        "up":    { "uv": [ 7, 0, 9, 16 ], "texture": "#particle" },
        "north": { "uv": [ 7, 0, 9, 16 ], "texture": "#particle" },
        "south": { "uv": [ 7, 0, 9, 16 ], "texture": "#particle" },
        "west":  { "uv": [ 7, 0, 9, 16 ], "texture": "#particle" },
        "east":  { "uv": [ 7, 0, 9, 16 ], "texture": "#particle" }
    }
},
{
    "__comment": "drape",
    "from": [ -0.25, 6, 9 ],
    "to": [ 0, 11, 9.5 ],
    "faces": {
        "down":  { "uv": [ 7, 0, 9, 16 ], "texture": "#particle" },
        "up":    { "uv": [ 7, 0, 9, 16 ], "texture": "#particle" },
        "north": { "uv": [ 7, 0, 9, 16 ], "texture": "#particle" },
        "south": { "uv": [ 7, 0, 9, 16 ], "texture": "#particle" },
        "west":  { "uv": [ 7, 0, 9, 16 ], "texture": "#particle" },
        "east":  { "uv": [ 7, 0, 9, 16 ], "texture": "#particle" }
    }
},
{
    "__comment": "drape",
    "from": [ -0.25, 6.5, 8.25 ],
    "to": [ 0, 11, 9 ],
    "faces": {
        "down":  { "uv": [ 7, 0, 9, 16 ], "texture": "#particle" },
        "up":    { "uv": [ 7, 0, 9, 16 ], "texture": "#particle" },
        "north": { "uv": [ 7, 0, 9, 16 ], "texture": "#particle" },
        "south": { "uv": [ 7, 0, 9, 16 ], "texture": "#particle" },
        "west":  { "uv": [ 7, 0, 9, 16 ], "texture": "#particle" },
        "east":  { "uv": [ 7, 0, 9, 16 ], "texture": "#particle" }
    }
},
{
    "__comment": "drape",
    "from": [ -0.25, 7, 7.75 ],
    "to": [ 0, 11, 8.25 ],
    "faces": {
        "down":  { "uv": [ 7, 0, 9, 16 ], "texture": "#particle" },
        "up":    { "uv": [ 7, 0, 9, 16 ], "texture": "#particle" },
        "north": { "uv": [ 7, 0, 9, 16 ], "texture": "#particle" },
        "south": { "uv": [ 7, 0, 9, 16 ], "texture": "#particle" },
        "west":  { "uv": [ 7, 0, 9, 16 ], "texture": "#particle" },
        "east":  { "uv": [ 7, 0, 9, 16 ], "texture": "#particle" }
    }
},
{
    "__comment": "drape",
    "from": [ -0.25, 8, 7.25 ],
    "to": [ 0, 11, 7.75 ],
    "faces": {
        "down":  { "uv": [ 7, 0, 9, 16 ], "texture": "#particle" },
        "up":    { "uv": [ 7, 0, 9, 16 ], "texture": "#particle" },
        "north": { "uv": [ 7, 0, 9, 16 ], "texture": "#particle" },
        "south": { "uv": [ 7, 0, 9, 16 ], "texture": "#particle" },
        "west":  { "uv": [ 7, 0, 9, 16 ], "texture": "#particle" },
        "east":  { "uv": [ 7, 0, 9, 16 ], "texture": "#particle" }
    }
},
{
    "__comment": "drape",
    "from": [ -0.25, 7, 6.5 ],
    "to": [ 0, 11, 7.25 ],
    "faces": {
        "down":  { "uv": [ 7, 0, 9, 16 ], "texture": "#particle" },
        "up":    { "uv": [ 7, 0, 9, 16 ], "texture": "#particle" },
        "north": { "uv": [ 7, 0, 9, 16 ], "texture": "#particle" },
        "south": { "uv": [ 7, 0, 9, 16 ], "texture": "#particle" },
        "west":  { "uv": [ 7, 0, 9, 16 ], "texture": "#particle" },
        "east":  { "uv": [ 7, 0, 9, 16 ], "texture": "#particle" }
    }
},
{
    "__comment": "drape",
    "from": [ -0.25, 6.5, 5.25 ],
    "to": [ 0, 11, 6 ],
    "faces": {
        "down":  { "uv": [ 7, 0, 9, 16 ], "texture": "#particle" },
        "up":    { "uv": [ 7, 0, 9, 16 ], "texture": "#particle" },
        "north": { "uv": [ 7, 0, 9, 16 ], "texture": "#particle" },
        "south": { "uv": [ 7, 0, 9, 16 ], "texture": "#particle" },
        "west":  { "uv": [ 7, 0, 9, 16 ], "texture": "#particle" },
        "east":  { "uv": [ 7, 0, 9, 16 ], "texture": "#particle" }
    }
},
{
    "__comment": "drape",
    "from": [ -0.25, 6.75, 6 ],
    "to": [ 0, 11, 6.5 ],
    "faces": {
        "down":  { "uv": [ 7, 0, 9, 16 ], "texture": "#particle" },
        "up":    { "uv": [ 7, 0, 9, 16 ], "texture": "#particle" },
        "north": { "uv": [ 7, 0, 9, 16 ], "texture": "#particle" },
        "south": { "uv": [ 7, 0, 9, 16 ], "texture": "#particle" },
        "west":  { "uv": [ 7, 0, 9, 16 ], "texture": "#particle" },
        "east":  { "uv": [ 7, 0, 9, 16 ], "texture": "#particle" }
    }
},
{
    "__comment": "drape",
    "from": [ -0.25, 7, 4.75 ],
    "to": [ 0, 11, 5.25 ],
    "faces": {
        "down":  { "uv": [ 7, 0, 9, 16 ], "texture": "#particle" },
        "up":    { "uv": [ 7, 0, 9, 16 ], "texture": "#particle" },
        "north": { "uv": [ 7, 0, 9, 16 ], "texture": "#particle" },
        "south": { "uv": [ 7, 0, 9, 16 ], "texture": "#particle" },
        "west":  { "uv": [ 7, 0, 9, 16 ], "texture": "#particle" },
        "east":  { "uv": [ 7, 0, 9, 16 ], "texture": "#particle" }
    }
},
{
    "__comment": "drape",
    "from": [ -0.25, 6.25, 4 ],
    "to": [ 0, 11, 4.75 ],
    "faces": {
        "down":  { "uv": [ 7, 0, 9, 16 ], "texture": "#particle" },
        "up":    { "uv": [ 7, 0, 9, 16 ], "texture": "#particle" },
        "north": { "uv": [ 7, 0, 9, 16 ], "texture": "#particle" },
        "south": { "uv": [ 7, 0, 9, 16 ], "texture": "#particle" },
        "west":  { "uv": [ 7, 0, 9, 16 ], "texture": "#particle" },
        "east":  { "uv": [ 7, 0, 9, 16 ], "texture": "#particle" }
    }
},
{
    "__comment": "drape",
    "from": [ -0.25, 6.75, 3.5 ],
    "to": [ 0, 11, 4 ],
    "faces": {
        "down":  { "uv": [ 7, 0, 9, 16 ], "texture": "#particle" },
        "up":    { "uv": [ 7, 0, 9, 16 ], "texture": "#particle" },
        "north": { "uv": [ 7, 0, 9, 16 ], "texture": "#particle" },
        "south": { "uv": [ 7, 0, 9, 16 ], "texture": "#particle" },
        "west":  { "uv": [ 7, 0, 9, 16 ], "texture": "#particle" },
        "east":  { "uv": [ 7, 0, 9, 16 ], "texture": "#particle" }
    }
},
{
    "__comment": "drape",
    "from": [ -0.25, 7.25, 3 ],
    "to": [ 0, 11, 3.5 ],
    "faces": {
        "down":  { "uv": [ 7, 0, 9, 16 ], "texture": "#particle" },
        "up":    { "uv": [ 7, 0, 9, 16 ], "texture": "#particle" },
        "north": { "uv": [ 7, 0, 9, 16 ], "texture": "#particle" },
        "south": { "uv": [ 7, 0, 9, 16 ], "texture": "#particle" },
        "west":  { "uv": [ 7, 0, 9, 16 ], "texture": "#particle" },
        "east":  { "uv": [ 7, 0, 9, 16 ], "texture": "#particle" }
    }
},
{
    "__comment": "drape",
    "from": [ 16, 6.75, 3 ],
    "to": [ 16.25, 11, 3.25 ],
    "faces": {
        "down":  { "uv": [ 7, 0, 9, 16 ], "texture": "#particle" },
        "up":    { "uv": [ 7, 0, 9, 16 ], "texture": "#particle" },
        "north": { "uv": [ 7, 0, 9, 16 ], "texture": "#particle" },
        "south": { "uv": [ 7, 0, 9, 16 ], "texture": "#particle" },
        "west":  { "uv": [ 7, 0, 9, 16 ], "texture": "#particle" },
        "east":  { "uv": [ 7, 0, 9, 16 ], "texture": "#particle" }
    }
},
{
    "__comment": "drape",
    "from": [ 16, 6.5, 3.25 ],
    "to": [ 16.25, 11, 4 ],
    "faces": {
        "down":  { "uv": [ 7, 0, 9, 16 ], "texture": "#particle" },
        "up":    { "uv": [ 7, 0, 9, 16 ], "texture": "#particle" },
        "north": { "uv": [ 7, 0, 9, 16 ], "texture": "#particle" },
        "south": { "uv": [ 7, 0, 9, 16 ], "texture": "#particle" },
        "west":  { "uv": [ 7, 0, 9, 16 ], "texture": "#particle" },
        "east":  { "uv": [ 7, 0, 9, 16 ], "texture": "#particle" }
    }
},
{
    "__comment": "drape",
    "from": [ 16, 7, 4 ],
    "to": [ 16.25, 11, 5 ],
    "faces": {
        "down":  { "uv": [ 7, 0, 9, 16 ], "texture": "#particle" },
        "up":    { "uv": [ 7, 0, 9, 16 ], "texture": "#particle" },
        "north": { "uv": [ 7, 0, 9, 16 ], "texture": "#particle" },
        "south": { "uv": [ 7, 0, 9, 16 ], "texture": "#particle" },
        "west":  { "uv": [ 7, 0, 9, 16 ], "texture": "#particle" },
        "east":  { "uv": [ 7, 0, 9, 16 ], "texture": "#particle" }
    }
},
{
    "__comment": "drape",
    "from": [ 16, 7.5, 5 ],
    "to": [ 16.25, 11, 5.75 ],
    "faces": {
        "down":  { "uv": [ 7, 0, 9, 16 ], "texture": "#particle" },
        "up":    { "uv": [ 7, 0, 9, 16 ], "texture": "#particle" },
        "north": { "uv": [ 7, 0, 9, 16 ], "texture": "#particle" },
        "south": { "uv": [ 7, 0, 9, 16 ], "texture": "#particle" },
        "west":  { "uv": [ 7, 0, 9, 16 ], "texture": "#particle" },
        "east":  { "uv": [ 7, 0, 9, 16 ], "texture": "#particle" }
    }
},
{
    "__comment": "drape",
    "from": [ 16, 7.25, 5.75 ],
    "to": [ 16.25, 11, 6.25 ],
    "faces": {
        "down":  { "uv": [ 7, 0, 9, 16 ], "texture": "#particle" },
        "up":    { "uv": [ 7, 0, 9, 16 ], "texture": "#particle" },
        "north": { "uv": [ 7, 0, 9, 16 ], "texture": "#particle" },
        "south": { "uv": [ 7, 0, 9, 16 ], "texture": "#particle" },
        "west":  { "uv": [ 7, 0, 9, 16 ], "texture": "#particle" },
        "east":  { "uv": [ 7, 0, 9, 16 ], "texture": "#particle" }
    }
},
{
    "__comment": "drape",
    "from": [ 16, 6.75, 6.25 ],
    "to": [ 16.25, 11, 6.75 ],
    "faces": {
        "down":  { "uv": [ 7, 0, 9, 16 ], "texture": "#particle" },
        "up":    { "uv": [ 7, 0, 9, 16 ], "texture": "#particle" },
        "north": { "uv": [ 7, 0, 9, 16 ], "texture": "#particle" },
        "south": { "uv": [ 7, 0, 9, 16 ], "texture": "#particle" },
        "west":  { "uv": [ 7, 0, 9, 16 ], "texture": "#particle" },
        "east":  { "uv": [ 7, 0, 9, 16 ], "texture": "#particle" }
    }
},
{
    "__comment": "drape",
    "from": [ 16, 6.5, 6.75 ],
    "to": [ 16.25, 11, 7.5 ],
    "faces": {
        "down":  { "uv": [ 7, 0, 9, 16 ], "texture": "#particle" },
        "up":    { "uv": [ 7, 0, 9, 16 ], "texture": "#particle" },
        "north": { "uv": [ 7, 0, 9, 16 ], "texture": "#particle" },
        "south": { "uv": [ 7, 0, 9, 16 ], "texture": "#particle" },
        "west":  { "uv": [ 7, 0, 9, 16 ], "texture": "#particle" },
        "east":  { "uv": [ 7, 0, 9, 16 ], "texture": "#particle" }
    }
},
{
    "__comment": "drape",
    "from": [ 16, 6.25, 7.5 ],
    "to": [ 16.25, 11, 8 ],
    "faces": {
        "down":  { "uv": [ 7, 0, 9, 16 ], "texture": "#particle" },
        "up":    { "uv": [ 7, 0, 9, 16 ], "texture": "#particle" },
        "north": { "uv": [ 7, 0, 9, 16 ], "texture": "#particle" },
        "south": { "uv": [ 7, 0, 9, 16 ], "texture": "#particle" },
        "west":  { "uv": [ 7, 0, 9, 16 ], "texture": "#particle" },
        "east":  { "uv": [ 7, 0, 9, 16 ], "texture": "#particle" }
    }
},
{
    "__comment": "drape",
    "from": [ 16, 6.75, 8 ],
    "to": [ 16.25, 11, 8.5 ],
    "faces": {
        "down":  { "uv": [ 7, 0, 9, 16 ], "texture": "#particle" },
        "up":    { "uv": [ 7, 0, 9, 16 ], "texture": "#particle" },
        "north": { "uv": [ 7, 0, 9, 16 ], "texture": "#particle" },
        "south": { "uv": [ 7, 0, 9, 16 ], "texture": "#particle" },
        "west":  { "uv": [ 7, 0, 9, 16 ], "texture": "#particle" },
        "east":  { "uv": [ 7, 0, 9, 16 ], "texture": "#particle" }
    }
},
{
    "__comment": "drape",
    "from": [ 16, 7.25, 8.5 ],
    "to": [ 16.25, 11, 9.25 ],
    "faces": {
        "down":  { "uv": [ 7, 0, 9, 16 ], "texture": "#particle" },
        "up":    { "uv": [ 7, 0, 9, 16 ], "texture": "#particle" },
        "north": { "uv": [ 7, 0, 9, 16 ], "texture": "#particle" },
        "south": { "uv": [ 7, 0, 9, 16 ], "texture": "#particle" },
        "west":  { "uv": [ 7, 0, 9, 16 ], "texture": "#particle" },
        "east":  { "uv": [ 7, 0, 9, 16 ], "texture": "#particle" }
    }
},
{
    "__comment": "drape",
    "from": [ 16, 6.75, 9.25 ],
    "to": [ 16.25, 11, 9.75 ],
    "faces": {
        "down":  { "uv": [ 7, 0, 9, 16 ], "texture": "#particle" },
        "up":    { "uv": [ 7, 0, 9, 16 ], "texture": "#particle" },
        "north": { "uv": [ 7, 0, 9, 16 ], "texture": "#particle" },
        "south": { "uv": [ 7, 0, 9, 16 ], "texture": "#particle" },
        "west":  { "uv": [ 7, 0, 9, 16 ], "texture": "#particle" },
        "east":  { "uv": [ 7, 0, 9, 16 ], "texture": "#particle" }
    }
},
{
    "__comment": "drape",
    "from": [ 16, 6.5, 9.75 ],
    "to": [ 16.25, 11, 10.5 ],
    "faces": {
        "down":  { "uv": [ 7, 0, 9, 16 ], "texture": "#particle" },
        "up":    { "uv": [ 7, 0, 9, 16 ], "texture": "#particle" },
        "north": { "uv": [ 7, 0, 9, 16 ], "texture": "#particle" },
        "south": { "uv": [ 7, 0, 9, 16 ], "texture": "#particle" },
        "west":  { "uv": [ 7, 0, 9, 16 ], "texture": "#particle" },
        "east":  { "uv": [ 7, 0, 9, 16 ], "texture": "#particle" }
    }
},
{
    "__comment": "drape",
    "from": [ 16, 7.25, 10.5 ],
    "to": [ 16.25, 11, 11.25 ],
    "faces": {
        "down":  { "uv": [ 7, 0, 9, 16 ], "texture": "#particle" },
        "up":    { "uv": [ 7, 0, 9, 16 ], "texture": "#particle" },
        "north": { "uv": [ 7, 0, 9, 16 ], "texture": "#particle" },
        "south": { "uv": [ 7, 0, 9, 16 ], "texture": "#particle" },
        "west":  { "uv": [ 7, 0, 9, 16 ], "texture": "#particle" },
        "east":  { "uv": [ 7, 0, 9, 16 ], "texture": "#particle" }
    }
},
{
    "__comment": "drape",
    "from": [ 16, 6.5, 11.25 ],
    "to": [ 16.25, 11, 11.75 ],
    "faces": {
        "down":  { "uv": [ 7, 0, 9, 16 ], "texture": "#particle" },
        "up":    { "uv": [ 7, 0, 9, 16 ], "texture": "#particle" },
        "north": { "uv": [ 7, 0, 9, 16 ], "texture": "#particle" },
        "south": { "uv": [ 7, 0, 9, 16 ], "texture": "#particle" },
        "west":  { "uv": [ 7, 0, 9, 16 ], "texture": "#particle" },
        "east":  { "uv": [ 7, 0, 9, 16 ], "texture": "#particle" }
    }
},
{
    "__comment": "drape",
    "from": [ 16, 6.75, 11.75 ],
    "to": [ 16.25, 11, 12.5 ],
    "faces": {
        "down":  { "uv": [ 7, 0, 9, 16 ], "texture": "#particle" },
        "up":    { "uv": [ 7, 0, 9, 16 ], "texture": "#particle" },
        "north": { "uv": [ 7, 0, 9, 16 ], "texture": "#particle" },
        "south": { "uv": [ 7, 0, 9, 16 ], "texture": "#particle" },
        "west":  { "uv": [ 7, 0, 9, 16 ], "texture": "#particle" },
        "east":  { "uv": [ 7, 0, 9, 16 ], "texture": "#particle" }
    }
},
{
    "__comment": "drape",
    "from": [ 16, 7, 12.5 ],
    "to": [ 16.25, 11, 13 ],
    "faces": {
        "down":  { "uv": [ 7, 0, 9, 16 ], "texture": "#particle" },
        "up":    { "uv": [ 7, 0, 9, 16 ], "texture": "#particle" },
        "north": { "uv": [ 7, 0, 9, 16 ], "texture": "#particle" },
        "south": { "uv": [ 7, 0, 9, 16 ], "texture": "#particle" },
        "west":  { "uv": [ 7, 0, 9, 16 ], "texture": "#particle" },
        "east":  { "uv": [ 7, 0, 9, 16 ], "texture": "#particle" }
    }
},
{
    "__comment": "diamond",
    "from": [ 0.5, 13.25, 1.47671 ],
    "to": [ 2.5, 15.25, 3.47671 ],
    "rotation": { "origin": [ 0.5, 15.25, 1.47671 ], "axis": "x", "angle": 45 },
    "faces": {
        "down":  { "uv": [ 1, 1, 15, 15 ], "texture": "#diamond_block" },
        "up":    { "uv": [ 1, 1, 15, 15 ], "texture": "#diamond_block" },
        "north": { "uv": [ 1, 1, 15, 15 ], "texture": "#diamond_block" },
        "south": { "uv": [ 1, 1, 15, 15 ], "texture": "#diamond_block" },
        "west":  { "uv": [ 1, 1, 15, 15 ], "texture": "#diamond_block" },
        "east":  { "uv": [ 1, 1, 15, 15 ], "texture": "#diamond_block" }
    }
},
{
    "__comment": "diamond",
    "from": [ 0.5, 13.25, 14.5 ],
    "to": [ 2.5, 15.25, 16.5 ],
    "rotation": { "origin": [ 0.5, 15.25, 14.5 ], "axis": "x", "angle": 45 },
    "faces": {
        "down":  { "uv": [ 1, 1, 15, 15 ], "texture": "#diamond_block" },
        "up":    { "uv": [ 1, 1, 15, 15 ], "texture": "#diamond_block" },
        "north": { "uv": [ 1, 1, 15, 15 ], "texture": "#diamond_block" },
        "south": { "uv": [ 1, 1, 15, 15 ], "texture": "#diamond_block" },
        "west":  { "uv": [ 1, 1, 15, 15 ], "texture": "#diamond_block" },
        "east":  { "uv": [ 1, 1, 15, 15 ], "texture": "#diamond_block" }
    }
},
{
    "__comment": "diamond",
    "from": [ 13.5, 13.25, 1.5 ],
    "to": [ 15.5, 15.25, 3.5 ],
    "rotation": { "origin": [ 13.5, 15.25, 1.5 ], "axis": "x", "angle": 45 },
    "faces": {
        "down":  { "uv": [ 1, 1, 15, 15 ], "texture": "#diamond_block" },
        "up":    { "uv": [ 1, 1, 15, 15 ], "texture": "#diamond_block" },
        "north": { "uv": [ 1, 1, 15, 15 ], "texture": "#diamond_block" },
        "south": { "uv": [ 1, 1, 15, 15 ], "texture": "#diamond_block" },
        "west":  { "uv": [ 1, 1, 15, 15 ], "texture": "#diamond_block" },
        "east":  { "uv": [ 1, 1, 15, 15 ], "texture": "#diamond_block" }
    }
},
{
    "__comment": "diamond",
    "from": [ 13.5, 13.25, 14.5 ],
    "to": [ 15.5, 15.25, 16.5 ],
    "rotation": { "origin": [ 13.5, 15.25, 14.5 ], "axis": "x", "angle": 45 },
    "faces": {
        "down":  { "uv": [ 1, 1, 15, 15 ], "texture": "#diamond_block" },
        "up":    { "uv": [ 1, 1, 15, 15 ], "texture": "#diamond_block" },
        "north": { "uv": [ 1, 1, 15, 15 ], "texture": "#diamond_block" },
        "south": { "uv": [ 1, 1, 15, 15 ], "texture": "#diamond_block" },
        "west":  { "uv": [ 1, 1, 15, 15 ], "texture": "#diamond_block" },
        "east":  { "uv": [ 1, 1, 15, 15 ], "texture": "#diamond_block" }
    }
},
{
    "__comment": "diamond",
    "from": [ 1.5, 13.25, 13.5 ],
    "to": [ 3.5, 15.25, 15.5 ],
    "rotation": { "origin": [ 1.5, 15.25, 13.5 ], "axis": "z", "angle": -45 },
    "faces": {
        "down":  { "uv": [ 1, 1, 15, 15 ], "texture": "#diamond_block" },
        "up":    { "uv": [ 1, 1, 15, 15 ], "texture": "#diamond_block" },
        "north": { "uv": [ 1, 1, 15, 15 ], "texture": "#diamond_block" },
        "south": { "uv": [ 1, 1, 15, 15 ], "texture": "#diamond_block" },
        "west":  { "uv": [ 1, 1, 15, 15 ], "texture": "#diamond_block" },
        "east":  { "uv": [ 1, 1, 15, 15 ], "texture": "#diamond_block" }
    }
},
{
    "__comment": "diamond",
    "from": [ 14.5, 13.25, 13.5 ],
    "to": [ 16.5, 15.25, 15.5 ],
    "rotation": { "origin": [ 14.5, 15.25, 13.5 ], "axis": "z", "angle": -45 },
    "faces": {
        "down":  { "uv": [ 1, 1, 15, 15 ], "texture": "#diamond_block" },
        "up":    { "uv": [ 1, 1, 15, 15 ], "texture": "#diamond_block" },
        "north": { "uv": [ 1, 1, 15, 15 ], "texture": "#diamond_block" },
        "south": { "uv": [ 1, 1, 15, 15 ], "texture": "#diamond_block" },
        "west":  { "uv": [ 1, 1, 15, 15 ], "texture": "#diamond_block" },
        "east":  { "uv": [ 1, 1, 15, 15 ], "texture": "#diamond_block" }
    }
},
{
    "__comment": "diamond",
    "from": [ 1.5, 13.25, 0.5 ],
    "to": [ 3.5, 15.25, 2.5 ],
    "rotation": { "origin": [ 1.5, 15.25, 0.5 ], "axis": "z", "angle": -45 },
    "faces": {
        "down":  { "uv": [ 1, 1, 15, 15 ], "texture": "#diamond_block" },
        "up":    { "uv": [ 1, 1, 15, 15 ], "texture": "#diamond_block" },
        "north": { "uv": [ 1, 1, 15, 15 ], "texture": "#diamond_block" },
        "south": { "uv": [ 1, 1, 15, 15 ], "texture": "#diamond_block" },
        "west":  { "uv": [ 1, 1, 15, 15 ], "texture": "#diamond_block" },
        "east":  { "uv": [ 1, 1, 15, 15 ], "texture": "#diamond_block" }
    }
},
{
    "__comment": "diamond",
    "from": [ 14.5, 13.25, 0.5 ],
    "to": [ 16.5, 15.25, 2.5 ],
    "rotation": { "origin": [ 14.5, 15.25, 0.5 ], "axis": "z", "angle": -45 },
    "faces": {
        "down":  { "uv": [ 1, 1, 15, 15 ], "texture": "#diamond_block" },
        "up":    { "uv": [ 1, 1, 15, 15 ], "texture": "#diamond_block" },
        "north": { "uv": [ 1, 1, 15, 15 ], "texture": "#diamond_block" },
        "south": { "uv": [ 1, 1, 15, 15 ], "texture": "#diamond_block" },
        "west":  { "uv": [ 1, 1, 15, 15 ], "texture": "#diamond_block" },
        "east":  { "uv": [ 1, 1, 15, 15 ], "texture": "#diamond_block" }
    }
},
{
    "from": [ 1.25, 11.5, 14.25 ],
    "to": [ 1.75, 13.25, 14.75 ],
    "faces": {
        "down":  { "uv": [ 14.75, 14.75, 14.25, 14.25 ], "texture": "#texture" },
        "up":    { "uv": [ 1.25, 14.25, 1.75, 14.75 ], "texture": "#texture" },
        "north": { "uv": [ 14.25, 2.75, 14.75, 4.5 ], "texture": "#texture" },
        "south": { "uv": [ 1.25, 2.75, 1.75, 4.5 ], "texture": "#texture" },
        "west":  { "uv": [ 14.25, 2.75, 14.75, 4.5 ], "texture": "#texture" },
        "east":  { "uv": [ 1.25, 2.75, 1.75, 4.5 ], "texture": "#texture" }
    }
},
{
    "from": [ 1.25, 11.5, 1.25 ],
    "to": [ 1.75, 13.25, 1.75 ],
    "faces": {
        "down":  { "uv": [ 14.75, 1.75, 14.25, 1.25 ], "texture": "#texture" },
        "up":    { "uv": [ 1.25, 1.25, 1.75, 1.75 ], "texture": "#texture" },
        "north": { "uv": [ 14.25, 2.75, 14.75, 4.5 ], "texture": "#texture" },
        "south": { "uv": [ 1.25, 2.75, 1.75, 4.5 ], "texture": "#texture" },
        "west":  { "uv": [ 1.25, 2.75, 1.75, 4.5 ], "texture": "#texture" },
        "east":  { "uv": [ 14.25, 2.75, 14.75, 4.5 ], "texture": "#texture" }
    }
},
{
    "from": [ 14.25, 11.5, 1.25 ],
    "to": [ 14.75, 13.25, 1.75 ],
    "faces": {
        "down":  { "uv": [ 1.75, 1.75, 1.25, 1.25 ], "texture": "#texture" },
        "up":    { "uv": [ 14.25, 1.25, 14.75, 1.75 ], "texture": "#texture" },
        "north": { "uv": [ 1.25, 2.75, 1.75, 4.5 ], "texture": "#texture" },
        "south": { "uv": [ 14.25, 2.75, 14.75, 4.5 ], "texture": "#texture" },
        "west":  { "uv": [ 1.25, 2.75, 1.75, 4.5 ], "texture": "#texture" },
        "east":  { "uv": [ 14.25, 2.75, 14.75, 4.5 ], "texture": "#texture" }
    }
},
{
    "from": [ 14.25, 11.5, 14.25 ],
    "to": [ 14.75, 13.25, 14.75 ],
    "faces": {
        "down":  { "uv": [ 1.75, 14.75, 1.25, 14.25 ], "texture": "#texture" },
        "up":    { "uv": [ 14.25, 14.25, 14.75, 14.75 ], "texture": "#texture" },
        "north": { "uv": [ 1.25, 2.75, 1.75, 4.5 ], "texture": "#texture" },
        "south": { "uv": [ 14.25, 2.75, 14.75, 4.5 ], "texture": "#texture" },
        "west":  { "uv": [ 14.25, 2.75, 14.75, 4.5 ], "texture": "#texture" },
        "east":  { "uv": [ 1.25, 2.75, 1.75, 4.5 ], "texture": "#texture" }
    }
}
],
"display": {
    "thirdperson_righthand": {
        "rotation": [ 75, 45, 0 ],
        "translation": [ 0, 2.5, 0 ],
        "scale": [ 0.375, 0.375, 0.375 ]
    },
    "thirdperson_lefthand": {
        "rotation": [ 75, 45, 0 ],
        "translation": [ 0, 2.5, 0 ],
        "scale": [ 0.375, 0.375, 0.375 ]
    },
    "head": {
        "rotation": [ 0, 0, 0 ],
        "translation": [ 0, 13, 0 ],
        "scale": [ 1, 1, 1 ]
    },
    "ground": {
        "rotation": [ 0, 0, 0 ],
        "translation": [ 0, 3, 0 ],
        "scale": [ 0.25, 0.25, 0.25 ]
    },
    "fixed": {
        "rotation": [ 0, 0, 0 ],
        "translation": [ 0, 0, 0 ],
        "scale": [ 0.82, 0.82, 0.82 ]
    },
    "firstperson_righthand": {
        "rotation": [ 0, 45, 0 ],
        "translation": [ 0, 0, 0 ],
        "scale": [ 0.4, 0.4, 0.4 ]
    },
    "firstperson_lefthand": {
        "rotation": [ 0, 225, 0 ],
        "translation": [ 0, 0, 0 ],
        "scale": [ 0.4, 0.4, 0.4 ]
    },
    "gui": {
        "rotation": [ 30, 136, 0 ],
        "translation": [ 0, 0, 0 ],
        "scale": [ 0.62, 0.62, 0.62 ]
    }
}
}