{
"__comment":"Made by Know2Good, part of the 'Default 3D™' resource pack || Official download page: http://www.planetminecraft.com/texture_pack/default-3d-2985741/ || © Know2Good. All rights reserved. ",
"__comment":"No UV-bleed, OK coordinate, OK texture, OK cullface",

"textures": {
	"block": 	"blocks/end_stone",
	"sparkle": 	"custom/endermansparkle",
	"particle": "blocks/end_stone"
},
"elements": [ 
	{
		"__comment": "Block",
		"from": [0,0,0],
		"to": [16,16,16],
		"rotation": {"origin": [ 8, 1, 8 ], "axis": "y", "angle": 0 },
		"faces": {
			"down":{"uv":	[0,0,16,16],"texture":"#block","cullface":down},
			"up":{"uv":		[0,0,16,16],"texture":"#block","cullface":"up"},
			"north":{"uv":	[0,0,16,16],"texture":"#block","cullface":north},
			"south":{"uv":	[0,0,16,16],"texture":"#block","cullface":south},
			"west":{"uv":	[0,0,16,16],"texture":"#block","cullface":west},
			"east":{"uv":	[0,0,16,16],"texture":"#block","cullface":east}
		}
	},
	{
		"__comment": "Sparkle",
		"from": [3,16,8],
		"to": [5,17,9],
		"rotation": {"origin": [ 8, 1, 8 ], "axis": "y", "angle": -45 },
		"faces": {
			"up":{"uv":		[2.01,2.01,3.99,2.99],"texture":"#sparkle","cullface":"up"},
			"north":{"uv":	[2.01,2.01,3.99,2.99],"texture":"#sparkle","cullface":"up","rotation":180},
			"south":{"uv":	[2.01,2.01,3.99,2.99],"texture":"#sparkle","cullface":"up"},
			"west":{"uv":	[2.01,2.01,2.99,2.99],"texture":"#sparkle","cullface":"up"},
			"east":{"uv":	[3.01,2.01,3.99,2.99],"texture":"#sparkle","cullface":"up"}
		}
	},
	{
		"__comment": "Sparkle",
		"from": [4,16,9],
		"to": [6,17,10],
		"rotation": {"origin": [ 8, 1, 8 ], "axis": "y", "angle": -45 },
		"faces": {
			"up":{"uv":		[3.01,3.01,4.99,3.99],"texture":"#sparkle","cullface":"up"},
			"north":{"uv":	[3.01,3.01,4.99,3.99],"texture":"#sparkle","cullface":"up","rotation":180},
			"south":{"uv":	[3.01,3.01,4.99,3.99],"texture":"#sparkle","cullface":"up"},
			"west":{"uv":	[3.01,3.01,3.99,3.99],"texture":"#sparkle","cullface":"up"},
			"east":{"uv":	[4.01,3.01,4.99,3.99],"texture":"#sparkle","cullface":"up"}
		}
	},
	{
		"__comment": "Sparkle",
		"from": [5,16,10],
		"to": [7,17,11],
		"rotation": {"origin": [ 8, 1, 8 ], "axis": "y", "angle": -45 },
		"faces": {
			"up":{"uv":		[4.01,4.01,5.99,4.99],"texture":"#sparkle","cullface":"up"},
			"north":{"uv":	[4.01,4.01,5.99,4.99],"texture":"#sparkle","cullface":"up","rotation":180},
			"south":{"uv":	[4.01,4.01,5.99,4.99],"texture":"#sparkle","cullface":"up"},
			"west":{"uv":	[4.01,4.01,4.99,4.99],"texture":"#sparkle","cullface":"up"},
			"east":{"uv":	[5.01,4.01,5.99,4.99],"texture":"#sparkle","cullface":"up"}
		}
	},
	{
		"__comment": "Sparkle",
		"from": [5,16,7],
		"to": [6,17,8],
		"rotation": {"origin": [ 8, 1, 8 ], "axis": "y", "angle": -45 },
		"faces": {
			"up":{"uv":		[4.01,1.01,4.99,1.99],"texture":"#sparkle","cullface":"up"},
			"north":{"uv":	[4.01,1.01,4.99,1.99],"texture":"#sparkle","cullface":"up"},
			"south":{"uv":	[4.01,1.01,4.99,1.99],"texture":"#sparkle","cullface":"up"},
			"west":{"uv":	[4.01,1.01,4.99,1.99],"texture":"#sparkle","cullface":"up"},
			"east":{"uv":	[4.01,1.01,4.99,1.99],"texture":"#sparkle","cullface":"up"}
		}
	},
	{
		"__comment": "Sparkle",
		"from": [6,16,8],
		"to": [7,17,9],
		"rotation": {"origin": [ 8, 1, 8 ], "axis": "y", "angle": -45 },
		"faces": {
			"up":{"uv":		[5.01,2.01,5.99,2.99],"texture":"#sparkle","cullface":"up"},
			"north":{"uv":	[5.01,2.01,5.99,2.99],"texture":"#sparkle","cullface":"up"},
			"south":{"uv":	[5.01,2.01,5.99,2.99],"texture":"#sparkle","cullface":"up"},
			"west":{"uv":	[5.01,2.01,5.99,2.99],"texture":"#sparkle","cullface":"up"},
			"east":{"uv":	[5.01,2.01,5.99,2.99],"texture":"#sparkle","cullface":"up"}
		}
	},
	{
		"__comment": "Sparkle",
		"from": [7,16,9],
		"to": [9,17,10],
		"rotation": {"origin": [ 8, 1, 8 ], "axis": "y", "angle": -45 },
		"faces": {
			"up":{"uv":		[6.01,3.01,7.99,3.99],"texture":"#sparkle","cullface":"up"},
			"north":{"uv":	[6.01,3.01,7.99,3.99],"texture":"#sparkle","cullface":"up","rotation":180},
			"south":{"uv":	[6.01,3.01,7.99,3.99],"texture":"#sparkle","cullface":"up"},
			"west":{"uv":	[6.01,3.01,6.99,3.99],"texture":"#sparkle","cullface":"up"},
			"east":{"uv":	[7.01,3.01,7.99,3.99],"texture":"#sparkle","cullface":"up"}
		}
	},
	{
		"__comment": "Sparkle",
		"from": [2,16,10],
		"to": [4,17,11],
		"rotation": {"origin": [ 8, 1, 8 ], "axis": "y", "angle": -45 },
		"faces": {
			"up":{"uv":		[1.01,4.01,2.99,4.99],"texture":"#sparkle","cullface":"up"},
			"north":{"uv":	[1.01,4.01,2.99,4.99],"texture":"#sparkle","cullface":"up","rotation":180},
			"south":{"uv":	[1.01,4.01,2.99,4.99],"texture":"#sparkle","cullface":"up"},
			"west":{"uv":	[1.01,4.01,1.99,4.99],"texture":"#sparkle","cullface":"up"},
			"east":{"uv":	[2.01,4.01,2.99,4.99],"texture":"#sparkle","cullface":"up"}
		}
	},
	{
		"__comment": "Sparkle",
		"from": [3,16,12],
		"to": [4,17,13],
		"rotation": {"origin": [ 8, 1, 8 ], "axis": "y", "angle": -45 },
		"faces": {
			"up":{"uv":		[2.01,6.01,2.99,6.99],"texture":"#sparkle","cullface":"up"},
			"north":{"uv":	[2.01,6.01,2.99,6.99],"texture":"#sparkle","cullface":"up"},
			"south":{"uv":	[2.01,6.01,2.99,6.99],"texture":"#sparkle","cullface":"up"},
			"west":{"uv":	[2.01,6.01,2.99,6.99],"texture":"#sparkle","cullface":"up"},
			"east":{"uv":	[2.01,6.01,2.99,6.99],"texture":"#sparkle","cullface":"up"}
		}
	},
	{
		"__comment": "Sparkle",
		"from": [4,16,13],
		"to": [5,17,14],
		"rotation": {"origin": [ 8, 1, 8 ], "axis": "y", "angle": -45 },
		"faces": {
			"up":{"uv":		[3.01,7.01,3.99,7.99],"texture":"#sparkle","cullface":"up"},
			"north":{"uv":	[3.01,7.01,3.99,7.99],"texture":"#sparkle","cullface":"up"},
			"south":{"uv":	[3.01,7.01,3.99,7.99],"texture":"#sparkle","cullface":"up"},
			"west":{"uv":	[3.01,7.01,3.99,7.99],"texture":"#sparkle","cullface":"up"},
			"east":{"uv":	[3.01,7.01,3.99,7.99],"texture":"#sparkle","cullface":"up"}
		}
	},
	{
		"__comment": "Sparkle",
		"from": [4,16,11],
		"to": [8,17,12],
		"rotation": {"origin": [ 8, 1, 8 ], "axis": "y", "angle": -45 },
		"faces": {
			"up":{"uv":		[3.01,5.01,6.99,5.99],"texture":"#sparkle","cullface":"up"},
			"north":{"uv":	[3.01,5.01,6.99,5.99],"texture":"#sparkle","cullface":"up","rotation":180},
			"south":{"uv":	[3.01,5.01,6.99,5.99],"texture":"#sparkle","cullface":"up"},
			"west":{"uv":	[3.01,5.01,3.99,5.99],"texture":"#sparkle","cullface":"up"},
			"east":{"uv":	[6.01,5.01,6.99,5.99],"texture":"#sparkle","cullface":"up"}
		}
	},
	{
		"__comment": "Sparkle",
		"from": [7,16,12],
		"to": [8,17,13],
		"rotation": {"origin": [ 8, 1, 8 ], "axis": "y", "angle": -45 },
		"faces": {
			"up":{"uv":		[6.01,6.01,6.99,6.99],"texture":"#sparkle","cullface":"up"},
			"north":{"uv":	[6.01,6.01,6.99,6.99],"texture":"#sparkle","cullface":"up"},
			"south":{"uv":	[6.01,6.01,6.99,6.99],"texture":"#sparkle","cullface":"up"},
			"west":{"uv":	[6.01,6.01,6.99,6.99],"texture":"#sparkle","cullface":"up"},
			"east":{"uv":	[6.01,6.01,6.99,6.99],"texture":"#sparkle","cullface":"up"}
		}
	},
	{
		"__comment": "Sparkle",
		"from": [5,16,12],
		"to": [6,17,13],
		"rotation": {"origin": [ 8, 1, 8 ], "axis": "y", "angle": -45 },
		"faces": {
			"up":{"uv":		[4.01,6.01,4.99,6.99],"texture":"#sparkle","cullface":"up"},
			"north":{"uv":	[4.01,6.01,4.99,6.99],"texture":"#sparkle","cullface":"up"},
			"south":{"uv":	[4.01,6.01,4.99,6.99],"texture":"#sparkle","cullface":"up"},
			"west":{"uv":	[4.01,6.01,4.99,6.99],"texture":"#sparkle","cullface":"up"},
			"east":{"uv":	[4.01,6.01,4.99,6.99],"texture":"#sparkle","cullface":"up"}
            }
        }
    ]
}