{
"__comment": "3D Models by Sibsib92 with BDcraft Cubik PRO 0.87 Beta - http://bdcraft.net",
"ambientocclusion": false,
"textures": {
    "particle": "blocks/rail_golden_powered",
    "texture": "blocks/planks_oak",
    "inner": "blocks/anvil_base",
    "outer": "blocks/iron_block",
    "gold": "blocks/gold_block",
    "redstone": "blocks/redstone_block"
},
"elements": [ 
{
    "__comment": "Redstone",
    "from": [ 7, 16, 0 ],
    "to": [ 9, 16.5, 22.625 ],
    "rotation": { "origin": [ 7, 16.5, 0 ], "axis": "x", "angle": 45 },
    "faces": {
        "down":  { "uv": [ 9, 16, 7, 0 ], "texture": "#redstone" },
        "up":    { "uv": [ 7, 0, 9, 16 ], "texture": "#redstone" },
        "north": { "uv": [ 7, 0, 9, 0.5 ], "texture": "#redstone" },
        "south": { "uv": [ 7, 0, 9, 0.5 ], "texture": "#redstone" },
        "west":  { "uv": [ 0, 0, 16, 0.5 ], "texture": "#redstone" },
        "east":  { "uv": [ 0, 0, 16, 0.5 ], "texture": "#redstone" }
    }
},
{
    "__comment": "Redstone",
    "from": [ 5, 7.9375, 9 ],
    "to": [ 6, 8.4375, 11 ],
    "rotation": { "origin": [ 5, 8.4375, 9 ], "axis": "x", "angle": 45 },
    "faces": {
        "down":  { "uv": [ 11, 7, 10, 5 ], "texture": "#redstone" },
        "up":    { "uv": [ 5, 5, 6, 7 ], "texture": "#redstone" },
        "north": { "uv": [ 10, 14.5, 11, 15 ], "texture": "#redstone" },
        "south": { "uv": [ 5, 14.5, 6, 15 ], "texture": "#redstone" },
        "west":  { "uv": [ 5, 14.5, 7, 15 ], "texture": "#redstone" },
        "east":  { "uv": [ 9, 14.5, 11, 15 ], "texture": "#redstone" }
    }
},
{
    "__comment": "Redstone",
    "from": [ 10, 11.9375, 5 ],
    "to": [ 11, 12.4375, 7 ],
    "rotation": { "origin": [ 10, 12.4375, 5 ], "axis": "x", "angle": 45 },
    "faces": {
        "down":  { "uv": [ 6, 7, 5, 5 ], "texture": "#redstone" },
        "up":    { "uv": [ 10, 5, 11, 7 ], "texture": "#redstone" },
        "north": { "uv": [ 5, 14.5, 6, 15 ], "texture": "#redstone" },
        "south": { "uv": [ 10, 14.5, 11, 15 ], "texture": "#redstone" },
        "west":  { "uv": [ 5, 14.5, 7, 15 ], "texture": "#redstone" },
        "east":  { "uv": [ 9, 14.5, 11, 15 ], "texture": "#redstone" }
    }
},
{
    "__comment": "Redstone",
    "from": [ 5, 11.9375, 5 ],
    "to": [ 6, 12.4375, 7 ],
    "rotation": { "origin": [ 5, 12.4375, 5 ], "axis": "x", "angle": 45 },
    "faces": {
        "down":  { "uv": [ 11, 11, 10, 9 ], "texture": "#redstone" },
        "up":    { "uv": [ 5, 9, 6, 11 ], "texture": "#redstone" },
        "north": { "uv": [ 10, 14.5, 11, 15 ], "texture": "#redstone" },
        "south": { "uv": [ 5, 14.5, 6, 15 ], "texture": "#redstone" },
        "west":  { "uv": [ 9, 14.5, 11, 15 ], "texture": "#redstone" },
        "east":  { "uv": [ 5, 14.5, 7, 15 ], "texture": "#redstone" }
    }
},
{
    "__comment": "Redstone",
    "from": [ 10, 7.9375, 9 ],
    "to": [ 11, 8.4375, 11 ],
    "rotation": { "origin": [ 10, 8.4375, 9 ], "axis": "x", "angle": 45 },
    "faces": {
        "down":  { "uv": [ 6, 11, 5, 9 ], "texture": "#redstone" },
        "up":    { "uv": [ 10, 9, 11, 11 ], "texture": "#redstone" },
        "north": { "uv": [ 5, 14.5, 6, 15 ], "texture": "#redstone" },
        "south": { "uv": [ 10, 14.5, 11, 15 ], "texture": "#redstone" },
        "west":  { "uv": [ 9, 14.5, 11, 15 ], "texture": "#redstone" },
        "east":  { "uv": [ 5, 14.5, 7, 15 ], "texture": "#redstone" }
    }
},
{
    "__comment": "Wood",
    "from": [ 1, 11.0625, 4.625 ],
    "to": [ 15, 12.0625, 6.625 ],
    "rotation": { "origin": [ 1, 12.0625, 4.625 ], "axis": "x", "angle": 45 },
    "faces": {
        "down":  { "uv": [ 1, 7, 15, 5 ], "texture": "#texture" },
        "up":    { "uv": [ 1, 5, 15, 7 ], "texture": "#texture" },
        "north": { "uv": [ 15, 5, 1, 6 ], "texture": "#texture" },
        "south": { "uv": [ 1, 6, 15, 7 ], "texture": "#texture" },
        "west":  { "uv": [ 1, 7, 2, 5 ], "rotation": 90, "texture": "#texture" },
        "east":  { "uv": [ 14, 5, 15, 7 ], "rotation": 90, "texture": "#texture" }
    }
},
{
    "__comment": "Wood",
    "from": [ 1, 7.0625, 8.625 ],
    "to": [ 15, 8.0625, 10.625 ],
    "rotation": { "origin": [ 1, 8.0625, 8.625 ], "axis": "x", "angle": 45 },
    "faces": {
        "down":  { "uv": [ 1, 11, 15, 9 ], "texture": "#texture" },
        "up":    { "uv": [ 1, 9, 15, 11 ], "texture": "#texture" },
        "north": { "uv": [ 15, 9, 1, 10 ], "texture": "#texture" },
        "south": { "uv": [ 1, 10, 15, 11 ], "texture": "#texture" },
        "west":  { "uv": [ 1, 11, 2, 9 ], "rotation": 90, "texture": "#texture" },
        "east":  { "uv": [ 14, 9, 15, 11 ], "rotation": 90, "texture": "#texture" }
    }
},
{
    "__comment": "Inner",
    "from": [ 3, 17, 0 ],
    "to": [ 4, 18, 22.625 ],
    "rotation": { "origin": [ 3, 18, 0 ], "axis": "x", "angle": 45 },
    "faces": {
        "down":  { "uv": [ 1, 16, 0, 0 ], "texture": "#inner" },
        "up":    { "uv": [ 0, 0, 1, 16 ], "texture": "#inner" },
        "north": { "uv": [ 0, 0, 1, 1 ], "texture": "#inner" },
        "south": { "uv": [ 0, 15, 1, 16 ], "texture": "#inner" },
        "west":  { "uv": [ 0, 16, 1, 0 ], "rotation": 90, "texture": "#inner" },
        "east":  { "uv": [ 0, 0, 1, 16 ], "rotation": 90, "texture": "#inner" }
    }
},
{
    "__comment": "Inner",
    "from": [ 12, 17, 0 ],
    "to": [ 13, 18, 22.625 ],
    "rotation": { "origin": [ 12, 18, 0 ], "axis": "x", "angle": 45 },
    "faces": {
        "down":  { "uv": [ 1, 16, 0, 0 ], "texture": "#inner" },
        "up":    { "uv": [ 0, 0, 1, 16 ], "texture": "#inner" },
        "north": { "uv": [ 0, 0, 1, 1 ], "texture": "#inner" },
        "south": { "uv": [ 0, 15, 1, 16 ], "texture": "#inner" },
        "west":  { "uv": [ 0, 16, 1, 0 ], "rotation": 90, "texture": "#inner" },
        "east":  { "uv": [ 0, 0, 1, 16 ], "rotation": 90, "texture": "#inner" }
    }
},
{
    "__comment": "Outer",
    "from": [ 2, 17, 0 ],
    "to": [ 3, 18.5, 22.625 ],
    "rotation": { "origin": [ 2, 18.5, 0 ], "axis": "x", "angle": 45 },
    "faces": {
        "down":  { "uv": [ 16, 0, 0, 1 ], "rotation": 90, "texture": "#outer" },
        "up":    { "uv": [ 0, 0, 16, 1 ], "rotation": 90, "texture": "#outer" },
        "north": { "uv": [ 15, 0, 16, 1 ], "texture": "#outer" },
        "south": { "uv": [ 0, 0, 1, 1 ], "texture": "#outer" },
        "west":  { "uv": [ 0, 0, 16, 1 ], "texture": "#outer" },
        "east":  { "uv": [ 16, 0, 0, 1 ], "texture": "#outer" }
    }
},
{
    "__comment": "Outer",
    "from": [ 13, 17, 0 ],
    "to": [ 14, 18.5, 22.625 ],
    "rotation": { "origin": [ 13, 18.5, 0 ], "axis": "x", "angle": 45 },
    "faces": {
        "down":  { "uv": [ 16, 0, 0, 1 ], "rotation": 90, "texture": "#outer" },
        "up":    { "uv": [ 0, 0, 16, 1 ], "rotation": 90, "texture": "#outer" },
        "north": { "uv": [ 15, 0, 16, 1 ], "texture": "#outer" },
        "south": { "uv": [ 0, 0, 1, 1 ], "texture": "#outer" },
        "west":  { "uv": [ 0, 0, 16, 1 ], "texture": "#outer" },
        "east":  { "uv": [ 16, 0, 0, 1 ], "texture": "#outer" }
    }
},
{
    "__comment": "Wood Post",
    "from": [ 7, 0, 4.5 ],
    "to": [ 9, 8, 8.5 ],
    "faces": {
        "down":  { "uv": [ 9, 8, 7, 4 ], "texture": "#texture" },
        "up":    { "uv": [ 7, 4, 9, 8 ], "texture": "#texture" },
        "north": { "uv": [ 7, 8, 9, 16 ], "texture": "#texture" },
        "south": { "uv": [ 7, 8, 9, 16 ], "texture": "#texture" },
        "west":  { "uv": [ 4, 8, 8, 16 ], "texture": "#texture" },
        "east":  { "uv": [ 8, 8, 12, 16 ], "texture": "#texture" }
    }
},
{
    "__comment": "Wood Post",
    "from": [ 6, 0, 5.5 ],
    "to": [ 10, 8, 7.5 ],
    "faces": {
        "down":  { "uv": [ 10, 7, 6, 5 ], "texture": "#texture" },
        "north": { "uv": [ 6, 8, 10, 16 ], "texture": "#texture" },
        "south": { "uv": [ 6, 8, 10, 16 ], "texture": "#texture" },
        "west":  { "uv": [ 5, 8, 7, 16 ], "texture": "#texture" },
        "east":  { "uv": [ 9, 8, 11, 16 ], "texture": "#texture" }
    }
},
{
    "__comment": "Wood Post",
    "from": [ 6, 8, 5.5 ],
    "to": [ 10, 9, 7.5 ],
    "faces": {
        "up":    { "uv": [ 6, 5, 10, 7 ], "texture": "#texture" },
        "north": { "uv": [ 6, 7, 10, 8 ], "texture": "#texture" },
        "south": { "uv": [ 6, 7, 10, 8 ], "texture": "#texture" },
        "west":  { "uv": [ 5, 7, 7, 8 ], "texture": "#texture" },
        "east":  { "uv": [ 9, 7, 11, 8 ], "texture": "#texture" }
    }
},
{
    "__comment": "Wood Post",
    "from": [ 7, 8, 4.5 ],
    "to": [ 9, 11, 5.5 ],
    "faces": {
        "up":    { "uv": [ 7, 4, 9, 5 ], "texture": "#texture" },
        "north": { "uv": [ 7, 5, 9, 8 ], "texture": "#texture" },
        "south": { "uv": [ 7, 5, 9, 8 ], "texture": "#texture" },
        "west":  { "uv": [ 4, 5, 5, 8 ], "texture": "#texture" },
        "east":  { "uv": [ 11, 5, 12, 8 ], "texture": "#texture" }
    }
},
{
    "__comment": "Wood Post",
    "from": [ 6, 9, 5.5 ],
    "to": [ 10, 10, 6.5 ],
    "faces": {
        "up":    { "uv": [ 6, 5, 10, 6 ], "texture": "#texture" },
        "north": { "uv": [ 6, 6, 10, 7 ], "texture": "#texture" },
        "south": { "uv": [ 6, 6, 10, 7 ], "texture": "#texture" },
        "west":  { "uv": [ 5, 6, 6, 7 ], "texture": "#texture" },
        "east":  { "uv": [ 10, 6, 11, 7 ], "texture": "#texture" }
    }
},
{
    "__comment": "Gold",
    "from": [ 4, 16.9375, 0 ],
    "to": [ 5, 17.4375, 22.625 ],
    "rotation": { "origin": [ 4, 17.4375, 0 ], "axis": "x", "angle": 45 },
    "faces": {
        "down":  { "uv": [ 16, 0, 0, 1 ], "rotation": 90, "texture": "#gold" },
        "up":    { "uv": [ 0, 0, 16, 1 ], "rotation": 90, "texture": "#gold" },
        "north": { "uv": [ 15, 0, 16, 1 ], "texture": "#gold" },
        "south": { "uv": [ 0, 0, 1, 1 ], "texture": "#gold" },
        "west":  { "uv": [ 0, 0, 16, 1 ], "texture": "#gold" },
        "east":  { "uv": [ 16, 0, 0, 1 ], "texture": "#gold" }
    }
},
{
    "__comment": "Gold",
    "from": [ 11, 16.9375, 0 ],
    "to": [ 12, 17.4375, 22.625 ],
    "rotation": { "origin": [ 11, 17.4375, 0 ], "axis": "x", "angle": 45 },
    "faces": {
        "down":  { "uv": [ 16, 0, 0, 1 ], "rotation": 90, "texture": "#gold" },
        "up":    { "uv": [ 0, 0, 16, 1 ], "rotation": 90, "texture": "#gold" },
        "north": { "uv": [ 15, 0, 16, 1 ], "texture": "#gold" },
        "south": { "uv": [ 0, 0, 1, 1 ], "texture": "#gold" },
        "west":  { "uv": [ 0, 0, 16, 1 ], "texture": "#gold" },
        "east":  { "uv": [ 16, 0, 0, 1 ], "texture": "#gold" }
    }
}
]
}