{
"textures": {
    "particle": "blocks/iron_bars",
    "cauldron_inner": "blocks/cauldron_inner",
    "debug": "blocks/debug"
},
"elements": [ 
{
    "from": [ 7.75, 2.625, 6.875 ],
    "to": [ 8.375, 11.75, 7 ],
    "faces": {
        "down":  { "uv": [ 6.25, 1.25, 6.75, 1.75 ], "rotation": 180, "texture": "#debug" },
        "up":    { "uv": [ 6.25, 1.25, 6.75, 1.75 ], "rotation": 180, "texture": "#debug" },
        "north": { "uv": [ 6.25, 1.375, 6.625, 1.75 ], "texture": "#debug" },
        "south": { "uv": [ 6.25, 1.375, 6.625, 1.75 ], "texture": "#debug" },
        "west":  { "uv": [ 6.25, 1.25, 6.75, 1.75 ], "texture": "#debug" },
        "east":  { "uv": [ 6.25, 1.25, 6.75, 1.75 ], "texture": "#debug" }
    }
},
{
    "from": [ 7, 0, 7 ],
    "to": [ 9, 15.5, 9 ],
    "faces": {
        "down":  { "uv": [ 9, 9, 7, 7 ], "texture": "#cauldron_inner" },
        "up":    { "uv": [ 7, 7, 9, 9 ], "texture": "#cauldron_inner" },
        "north": { "uv": [ 7, 0.5, 9, 16 ], "texture": "#cauldron_inner" },
        "south": { "uv": [ 7, 0.5, 9, 16 ], "texture": "#cauldron_inner" },
        "west":  { "uv": [ 7, 0.5, 9, 16 ], "texture": "#cauldron_inner" },
        "east":  { "uv": [ 7, 0.5, 9, 16 ], "texture": "#cauldron_inner" }
    }
},
{
    "from": [ 6.75, 2, 6.75 ],
    "to": [ 9.25, 4, 9.25 ],
    "faces": {
        "down":  { "uv": [ 6.25, 1.25, 6.75, 1.75 ], "texture": "#debug" },
        "up":    { "uv": [ 6.25, 1.25, 6.75, 1.75 ], "texture": "#debug" },
        "north": { "uv": [ 6.25, 1.375, 6.625, 1.75 ], "texture": "#debug" },
        "south": { "uv": [ 6.25, 1.375, 6.625, 1.75 ], "texture": "#debug" },
        "west":  { "uv": [ 6.25, 1.25, 6.75, 1.75 ], "texture": "#debug" },
        "east":  { "uv": [ 6.25, 1.25, 6.75, 1.75 ], "texture": "#debug" }
    }
},
{
    "from": [ 6.75, 10, 6.75 ],
    "to": [ 9.25, 12, 9.25 ],
    "faces": {
        "down":  { "uv": [ 6.25, 1.25, 6.75, 1.75 ], "texture": "#debug" },
        "up":    { "uv": [ 6.25, 1.25, 6.75, 1.75 ], "texture": "#debug" },
        "north": { "uv": [ 6.25, 1.375, 6.625, 1.75 ], "texture": "#debug" },
        "south": { "uv": [ 6.25, 1.375, 6.625, 1.75 ], "texture": "#debug" },
        "west":  { "uv": [ 6.25, 1.25, 6.75, 1.75 ], "texture": "#debug" },
        "east":  { "uv": [ 6.25, 1.25, 6.75, 1.75 ], "texture": "#debug" }
    }
},
{
    "from": [ 7.75, 2.125, 9 ],
    "to": [ 8.375, 11.75, 9.125 ],
    "faces": {
        "down":  { "uv": [ 6.25, 1.25, 6.75, 1.75 ], "rotation": 180, "texture": "#debug" },
        "up":    { "uv": [ 6.25, 1.25, 6.75, 1.75 ], "rotation": 180, "texture": "#debug" },
        "north": { "uv": [ 6.25, 1.375, 6.625, 1.75 ], "texture": "#debug" },
        "south": { "uv": [ 6.25, 1.375, 6.625, 1.75 ], "texture": "#debug" },
        "west":  { "uv": [ 6.25, 1.25, 6.75, 1.75 ], "texture": "#debug" },
        "east":  { "uv": [ 6.25, 1.25, 6.75, 1.75 ], "texture": "#debug" }
    }
},
{
    "from": [ 6.875, 2.25, 7.75 ],
    "to": [ 7, 11.625, 8.375 ],
    "faces": {
        "down":  { "uv": [ 6.25, 1.25, 6.75, 1.75 ], "texture": "#debug" },
        "up":    { "uv": [ 6.25, 1.25, 6.75, 1.75 ], "texture": "#debug" },
        "north": { "uv": [ 6.25, 1.375, 6.625, 1.75 ], "texture": "#debug" },
        "south": { "uv": [ 6.25, 1.375, 6.625, 1.75 ], "texture": "#debug" },
        "west":  { "uv": [ 6.25, 1.25, 6.75, 1.75 ], "texture": "#debug" },
        "east":  { "uv": [ 6.25, 1.25, 6.75, 1.75 ], "texture": "#debug" }
    }
},
{
    "from": [ 9, 1.875, 7.75 ],
    "to": [ 9.125, 11.75, 8.375 ],
    "faces": {
        "down":  { "uv": [ 6.25, 1.25, 6.75, 1.75 ], "texture": "#debug" },
        "up":    { "uv": [ 6.25, 1.25, 6.75, 1.75 ], "texture": "#debug" },
        "north": { "uv": [ 6.25, 1.375, 6.625, 1.75 ], "texture": "#debug" },
        "south": { "uv": [ 6.25, 1.375, 6.625, 1.75 ], "texture": "#debug" },
        "west":  { "uv": [ 6.25, 1.25, 6.75, 1.75 ], "texture": "#debug" },
        "east":  { "uv": [ 6.25, 1.25, 6.75, 1.75 ], "texture": "#debug" }
    }
},
{
    "from": [ 6.75, 15.25, 6.75 ],
    "to": [ 9.25, 16, 9.25 ],
    "faces": {
        "down":  { "uv": [ 6.25, 1.25, 6.75, 1.75 ], "rotation": 180, "texture": "#debug" },
        "up":    { "uv": [ 6.25, 1.25, 6.75, 1.75 ], "rotation": 180, "texture": "#debug" },
        "north": { "uv": [ 6.25, 1.375, 6.625, 1.75 ], "texture": "#debug" },
        "south": { "uv": [ 6.25, 1.375, 6.625, 1.75 ], "texture": "#debug" },
        "west":  { "uv": [ 6.25, 1.25, 6.75, 1.75 ], "texture": "#debug" },
        "east":  { "uv": [ 6.25, 1.25, 6.75, 1.75 ], "texture": "#debug" }
    }
}
],
"display": {
    "thirdperson_righthand": {
        "rotation": [ 5, 45, 0 ],
        "translation": [ 0, -0.38, 0 ],
        "scale": [ 0.37, 0.37, 0.37 ]
    },
    "thirdperson_lefthand": {
        "rotation": [ 5, 45, 0 ],
        "translation": [ 0, -0.38, 0 ],
        "scale": [ 0.37, 0.37, 0.37 ]
    },
    "head": {
        "rotation": [ 0, 0, 0 ],
        "translation": [ 0, 13, 0 ],
        "scale": [ 1, 1, 1 ]
    },
    "ground": {
        "rotation": [ 0, 0, 0 ],
        "translation": [ 0, 2.96, 0 ],
        "scale": [ 0.5, 0.5, 0.5 ]
    },
    "fixed": {
        "rotation": [ 0, -91, 0 ],
        "translation": [ 0, 0, -0.96 ],
        "scale": [ 0.82, 0.82, 0.82 ]
    },
    "firstperson_righthand": {
        "rotation": [ 0, 45, 0 ],
        "translation": [ 0, 0, 0 ],
        "scale": [ 0.4, 0.4, 0.4 ]
    },
    "firstperson_lefthand": {
        "rotation": [ 0, 45, 0 ],
        "translation": [ 0, 0, 0 ],
        "scale": [ 0.4, 0.4, 0.4 ]
    },
    "gui": {
        "rotation": [ 30, 225, 0 ],
        "translation": [ 0, 0, 0 ],
        "scale": [ 0.625, 0.625, 0.625 ]
    }
}
}