{
"textures": {
    "particle": "blocks/planks_birch",
    "back": "blocks/itemframe_background",
    "wood": "blocks/planks_birch",
    "cauldron_inner": "blocks/cauldron_inner"
},
"elements": [ 
{
    "from": [ 0.75, 4.25, 11.5 ],
    "to": [ 15.25, 5, 12.75 ],
    "faces": {
        "down":  { "uv": [ 15.25, 12.75, 0.75, 11.5 ], "texture": "#wood" },
        "up":    { "uv": [ 0.75, 11.5, 15.25, 12.75 ], "texture": "#wood" },
        "north": { "uv": [ 0.75, 11, 15.25, 11.75 ], "texture": "#wood" },
        "south": { "uv": [ 0.75, 11, 15.25, 11.75 ], "texture": "#wood" },
        "west":  { "uv": [ 11.5, 11, 12.75, 11.75 ], "texture": "#wood" },
        "east":  { "uv": [ 3.25, 11, 4.5, 11.75 ], "texture": "#wood" }
    }
},
{
    "from": [ 2, 4, 15.75 ],
    "to": [ 3, 16, 16 ],
    "rotation": { "origin": [ 2, 16, 15.75 ], "axis": "x", "angle": 22.5 },
    "faces": {
        "down":  { "uv": [ 14, 16, 13, 15.75 ], "texture": "#back" },
        "up":    { "uv": [ 2, 15.75, 3, 16 ], "texture": "#back" },
        "north": { "uv": [ 13, 0, 14, 12 ], "texture": "#back" },
        "south": { "uv": [ 2, 0, 3, 12 ], "texture": "#back" },
        "west":  { "uv": [ 15.75, 0, 16, 12 ], "texture": "#back" },
        "east":  { "uv": [ 0, 0, 0.25, 12 ], "texture": "#back" }
    }
},
{
    "from": [ 13, 4, 15.75 ],
    "to": [ 14, 16, 16 ],
    "rotation": { "origin": [ 13, 16, 15.75 ], "axis": "x", "angle": 22.5 },
    "faces": {
        "down":  { "uv": [ 3, 16, 2, 15.75 ], "texture": "#back" },
        "up":    { "uv": [ 13, 15.75, 14, 16 ], "texture": "#back" },
        "north": { "uv": [ 2, 0, 3, 12 ], "texture": "#back" },
        "south": { "uv": [ 13, 0, 14, 12 ], "texture": "#back" },
        "west":  { "uv": [ 15.75, 0, 16, 12 ], "texture": "#back" },
        "east":  { "uv": [ 0, 0, 0.25, 12 ], "texture": "#back" }
    }
},
{
    "from": [ 0.75, 4.25, 13 ],
    "to": [ 15.25, 5, 14.5 ],
    "faces": {
        "down":  { "uv": [ 15.25, 14.5, 0.75, 13 ], "texture": "#wood" },
        "up":    { "uv": [ 0.75, 13, 15.25, 14.5 ], "texture": "#wood" },
        "north": { "uv": [ 0.75, 11, 15.25, 11.75 ], "texture": "#wood" },
        "south": { "uv": [ 0.75, 11, 15.25, 11.75 ], "texture": "#wood" },
        "west":  { "uv": [ 13, 11, 14.5, 11.75 ], "texture": "#wood" },
        "east":  { "uv": [ 1.5, 11, 3, 11.75 ], "texture": "#wood" }
    }
},
{
    "from": [ 0.75, 4.1875, 14.6875 ],
    "to": [ 15.25, 5, 15.8125 ],
    "faces": {
        "down":  { "uv": [ 15.25, 15.8125, 0.75, 14.6875 ], "texture": "#wood" },
        "up":    { "uv": [ 0.75, 14.6875, 15.25, 15.8125 ], "texture": "#wood" },
        "north": { "uv": [ 0.75, 11, 15.25, 11.8125 ], "texture": "#wood" },
        "south": { "uv": [ 0.75, 11, 15.25, 11.8125 ], "texture": "#wood" },
        "west":  { "uv": [ 14.6875, 11, 15.8125, 11.8125 ], "texture": "#wood" },
        "east":  { "uv": [ 0.1875, 11, 1.3125, 11.8125 ], "texture": "#wood" }
    }
},
{
    "from": [ 13.001, 4, 11.125 ],
    "to": [ 14.001, 5, 11.375 ],
    "faces": {
        "down":  { "uv": [ 2.999, 11.375, 1.999, 11.125 ], "texture": "#back" },
        "up":    { "uv": [ 13.001, 11.125, 14.001, 11.375 ], "texture": "#back" },
        "north": { "uv": [ 1.999, 11, 2.999, 12 ], "texture": "#back" },
        "south": { "uv": [ 13.001, 11, 14.001, 12 ], "texture": "#back" },
        "west":  { "uv": [ 11.125, 11, 11.375, 12 ], "texture": "#back" },
        "east":  { "uv": [ 4.625, 11, 4.875, 12 ], "texture": "#back" }
    }
},
{
    "from": [ 2.001, 4, 11.125 ],
    "to": [ 3.001, 5, 11.375 ],
    "faces": {
        "down":  { "uv": [ 13.999, 11.375, 12.999, 11.125 ], "texture": "#back" },
        "up":    { "uv": [ 2.001, 11.125, 3.001, 11.375 ], "texture": "#back" },
        "north": { "uv": [ 12.999, 11, 13.999, 12 ], "texture": "#back" },
        "south": { "uv": [ 2.001, 11, 3.001, 12 ], "texture": "#back" },
        "west":  { "uv": [ 11.125, 11, 11.375, 12 ], "texture": "#back" },
        "east":  { "uv": [ 4.625, 11, 4.875, 12 ], "texture": "#back" }
    }
},
{
    "from": [ 13, 4, 11.25 ],
    "to": [ 14, 4.25, 16 ],
    "faces": {
        "down":  { "uv": [ 3, 16, 2, 11.25 ], "texture": "#back" },
        "up":    { "uv": [ 13, 11.25, 14, 16 ], "texture": "#back" },
        "north": { "uv": [ 2, 11.75, 3, 12 ], "texture": "#back" },
        "south": { "uv": [ 13, 11.75, 14, 12 ], "texture": "#back" },
        "west":  { "uv": [ 11.25, 11.75, 16, 12 ], "texture": "#back" },
        "east":  { "uv": [ 0, 11.75, 4.75, 12 ], "texture": "#back" }
    }
},
{
    "from": [ 2, 4, 11.25 ],
    "to": [ 3, 4.25, 16 ],
    "faces": {
        "down":  { "uv": [ 14, 16, 13, 11.25 ], "texture": "#back" },
        "up":    { "uv": [ 2, 11.25, 3, 16 ], "texture": "#back" },
        "north": { "uv": [ 13, 11.75, 14, 12 ], "texture": "#back" },
        "south": { "uv": [ 2, 11.75, 3, 12 ], "texture": "#back" },
        "west":  { "uv": [ 11.25, 11.75, 16, 12 ], "texture": "#back" },
        "east":  { "uv": [ 0, 11.75, 4.75, 12 ], "texture": "#back" }
    }
},
{
    "from": [ 13, 4, 15.75 ],
    "to": [ 14, 16, 16 ],
    "rotation": { "origin": [ 13, 16, 15.75 ], "axis": "x", "angle": 22.5 },
    "faces": {
        "down":  { "uv": [ 3, 16, 2, 15.75 ], "texture": "#back" },
        "up":    { "uv": [ 13, 15.75, 14, 16 ], "texture": "#back" },
        "north": { "uv": [ 2, 0, 3, 12 ], "texture": "#back" },
        "south": { "uv": [ 13, 0, 14, 12 ], "texture": "#back" },
        "west":  { "uv": [ 15.75, 0, 16, 12 ], "texture": "#back" },
        "east":  { "uv": [ 0, 0, 0.25, 12 ], "texture": "#back" }
    }
},
{
    "from": [ 13, 4.25, 15.75 ],
    "to": [ 14, 15.75, 16 ],
    "faces": {
        "down":  { "uv": [ 3, 16, 2, 15.75 ], "texture": "#back" },
        "up":    { "uv": [ 13, 15.75, 14, 16 ], "texture": "#back" },
        "north": { "uv": [ 2, 0.25, 3, 11.75 ], "texture": "#back" },
        "south": { "uv": [ 13, 0.25, 14, 11.75 ], "texture": "#back" },
        "west":  { "uv": [ 15.75, 0.25, 16, 11.75 ], "texture": "#back" },
        "east":  { "uv": [ 0, 0.25, 0.25, 11.75 ], "texture": "#back" }
    }
},
{
    "from": [ 2, 4.25, 15.75 ],
    "to": [ 3, 15.75, 16 ],
    "faces": {
        "down":  { "uv": [ 14, 16, 13, 15.75 ], "texture": "#back" },
        "up":    { "uv": [ 2, 15.75, 3, 16 ], "texture": "#back" },
        "north": { "uv": [ 13, 0.25, 14, 11.75 ], "texture": "#back" },
        "south": { "uv": [ 2, 0.25, 3, 11.75 ], "texture": "#back" },
        "west":  { "uv": [ 15.75, 0.25, 16, 11.75 ], "texture": "#back" },
        "east":  { "uv": [ 0, 0.25, 0.25, 11.75 ], "texture": "#back" }
    }
},
{
    "from": [ 2, 4, 11.25 ],
    "to": [ 3, 4.25, 16 ],
    "faces": {
        "down":  { "uv": [ 14, 16, 13, 11.25 ], "texture": "#cauldron_inner" },
        "up":    { "uv": [ 2, 11.25, 3, 16 ], "texture": "#cauldron_inner" },
        "north": { "uv": [ 13, 11.75, 14, 12 ], "texture": "#cauldron_inner" },
        "south": { "uv": [ 2, 11.75, 3, 12 ], "texture": "#cauldron_inner" },
        "west":  { "uv": [ 11.25, 11.75, 16, 12 ], "texture": "#cauldron_inner" },
        "east":  { "uv": [ 0, 11.75, 4.75, 12 ], "texture": "#cauldron_inner" }
    }
},
{
    "from": [ 13.25, 13.25, 15.5 ],
    "to": [ 13.75, 13.75, 15.75 ],
    "faces": {
        "down":  { "uv": [ 2.75, 15.75, 2.25, 15.5 ], "texture": "#cauldron_inner" },
        "up":    { "uv": [ 13.25, 15.5, 13.75, 15.75 ], "texture": "#cauldron_inner" },
        "north": { "uv": [ 2.25, 2.25, 2.75, 2.75 ], "texture": "#cauldron_inner" },
        "south": { "uv": [ 13.25, 2.25, 13.75, 2.75 ], "texture": "#cauldron_inner" },
        "west":  { "uv": [ 15.5, 2.25, 15.75, 2.75 ], "texture": "#cauldron_inner" },
        "east":  { "uv": [ 0.25, 2.25, 0.5, 2.75 ], "texture": "#cauldron_inner" }
    }
},
{
    "from": [ 2.25, 10.25, 15.5 ],
    "to": [ 2.75, 10.75, 15.75 ],
    "faces": {
        "down":  { "uv": [ 13.75, 15.75, 13.25, 15.5 ], "texture": "#cauldron_inner" },
        "up":    { "uv": [ 2.25, 15.5, 2.75, 15.75 ], "texture": "#cauldron_inner" },
        "north": { "uv": [ 13.25, 5.25, 13.75, 5.75 ], "texture": "#cauldron_inner" },
        "south": { "uv": [ 2.25, 5.25, 2.75, 5.75 ], "texture": "#cauldron_inner" },
        "west":  { "uv": [ 15.5, 5.25, 15.75, 5.75 ], "texture": "#cauldron_inner" },
        "east":  { "uv": [ 0.25, 5.25, 0.5, 5.75 ], "texture": "#cauldron_inner" }
    }
},
{
    "from": [ 13.25, 10.25, 15.5 ],
    "to": [ 13.75, 10.75, 15.75 ],
    "faces": {
        "down":  { "uv": [ 2.75, 15.75, 2.25, 15.5 ], "texture": "#cauldron_inner" },
        "up":    { "uv": [ 13.25, 15.5, 13.75, 15.75 ], "texture": "#cauldron_inner" },
        "north": { "uv": [ 2.25, 5.25, 2.75, 5.75 ], "texture": "#cauldron_inner" },
        "south": { "uv": [ 13.25, 5.25, 13.75, 5.75 ], "texture": "#cauldron_inner" },
        "west":  { "uv": [ 15.5, 5.25, 15.75, 5.75 ], "texture": "#cauldron_inner" },
        "east":  { "uv": [ 0.25, 5.25, 0.5, 5.75 ], "texture": "#cauldron_inner" }
    }
}
],
"display": {
    "thirdperson_righthand": {
        "rotation": [ 75, 45, 0 ],
        "translation": [ -1.92, 3.46, 0.96 ],
        "scale": [ 0.37, 0.37, 0.37 ]
    },
    "thirdperson_lefthand": {
        "rotation": [ 75, 45, 0 ],
        "translation": [ 1.92, 3.46, 0.96 ],
        "scale": [ 0.37, 0.37, 0.37 ]
    },
    "head": {
        "rotation": [ 0, 0, 0 ],
        "translation": [ 0, 11.08, -4.8 ],
        "scale": [ 1, 1, 1 ]
    },
    "ground": {
        "rotation": [ 0, 0, 0 ],
        "translation": [ 0, 3.96, -2.88 ],
        "scale": [ 0.41, 0.41, 0.41 ]
    },
    "fixed": {
        "rotation": [ 0, 0, 0 ],
        "translation": [ 0, 0.96, -6.72 ],
        "scale": [ 0.82, 0.82, 0.82 ]
    },
    "firstperson_righthand": {
        "rotation": [ 0, -166, 0 ],
        "translation": [ -0.96, 4.8, 4.8 ],
        "scale": [ 0.36, 0.36, 0.36 ]
    },
    "firstperson_lefthand": {
        "rotation": [ 0, -166, 0 ],
        "translation": [ 2.88, 4.8, 4.8 ],
        "scale": [ 0.36, 0.36, 0.36 ]
    },
    "gui": {
        "rotation": [ 30, 225, 0 ],
        "translation": [ 3.84, 0, 0 ],
        "scale": [ 0.62, 0.62, 0.62 ]
    }
}
}