{
"__comment": "CoolScreenName http://www.planetminecraft.com/member/coolscreenname/",
"textures": {
    "particle": "blocks/jukebox_side",
    "glass": "blocks/glass",
    "cauldron_inner": "blocks/cauldron_inner",
    "iron_block": "blocks/iron_block",
    "jukebox_side": "blocks/jukebox_side",
    "log_oak": "blocks/log_spruce",
    "planks_oak": "blocks/jukebox_side",
    "hardened_clay_stained_yellow": "blocks/hardened_clay_stained_yellow",
    "hardened_clay_stained_blue": "blocks/hardened_clay_stained_blue",
    "hardened_clay_stained_cyan": "blocks/hardened_clay_stained_cyan",
    "hardened_clay_stained_lime": "blocks/hardened_clay_stained_lime",
    "hardened_clay_stained_red": "blocks/hardened_clay_stained_red",
    "hardened_clay_stained_white": "blocks/hardened_clay_stained_white",
    "hardened_clay_stained_pink": "blocks/hardened_clay_stained_pink",
    "hardened_clay_stained_orange": "blocks/hardened_clay_stained_orange",
    "hardened_clay_stained_brown": "blocks/hardened_clay_stained_brown"
},
"elements": [ 
{
    "__comment": "record mid",
    "from": [ 7, 12.5, 7 ],
    "to": [ 9, 13.5, 9 ],
    "faces": {
        "down":  { "uv": [ 9, 9, 7, 7 ], "texture": "#hardened_clay_stained_yellow" },
        "up":    { "uv": [ 7, 7, 9, 9 ], "texture": "#hardened_clay_stained_yellow" },
        "north": { "uv": [ 7, 2.5, 9, 3.5 ], "texture": "#hardened_clay_stained_yellow" },
        "south": { "uv": [ 7, 2.5, 9, 3.5 ], "texture": "#hardened_clay_stained_yellow" },
        "west":  { "uv": [ 7, 2.5, 9, 3.5 ], "texture": "#hardened_clay_stained_yellow" },
        "east":  { "uv": [ 7, 2.5, 9, 3.5 ], "texture": "#hardened_clay_stained_yellow" }
    }
},
{
    "__comment": "record",
    "from": [ 3, 12.747, 6 ],
    "to": [ 13, 13.247, 10 ],
    "faces": {
        "down":  { "uv": [ 13, 10, 3, 6 ], "texture": "#cauldron_inner" },
        "up":    { "uv": [ 3, 6, 13, 10 ], "texture": "#cauldron_inner" },
        "north": { "uv": [ 3, 2.753, 13, 3.253 ], "texture": "#cauldron_inner" },
        "south": { "uv": [ 3, 2.753, 13, 3.253 ], "texture": "#cauldron_inner" },
        "west":  { "uv": [ 6, 2.753, 10, 3.253 ], "texture": "#cauldron_inner" },
        "east":  { "uv": [ 6, 2.753, 10, 3.253 ], "texture": "#cauldron_inner" }
    }
},
{
    "__comment": "record",
    "from": [ 6, 12.75, 3 ],
    "to": [ 10, 13.25, 13 ],
    "faces": {
        "down":  { "uv": [ 10, 13, 6, 3 ], "texture": "#cauldron_inner" },
        "up":    { "uv": [ 6, 3, 10, 13 ], "texture": "#cauldron_inner" },
        "north": { "uv": [ 6, 2.75, 10, 3.25 ], "texture": "#cauldron_inner" },
        "south": { "uv": [ 6, 2.75, 10, 3.25 ], "texture": "#cauldron_inner" },
        "west":  { "uv": [ 3, 2.75, 13, 3.25 ], "texture": "#cauldron_inner" },
        "east":  { "uv": [ 3, 2.75, 13, 3.25 ], "texture": "#cauldron_inner" }
    }
},
{
    "__comment": "record",
    "from": [ 10, 12.748, 4 ],
    "to": [ 12, 13.248, 12 ],
    "faces": {
        "down":  { "uv": [ 6, 12, 4, 4 ], "texture": "#cauldron_inner" },
        "up":    { "uv": [ 10, 4, 12, 12 ], "texture": "#cauldron_inner" },
        "north": { "uv": [ 4, 2.752, 6, 3.252 ], "texture": "#cauldron_inner" },
        "south": { "uv": [ 10, 2.752, 12, 3.252 ], "texture": "#cauldron_inner" },
        "west":  { "uv": [ 4, 2.752, 12, 3.252 ], "texture": "#cauldron_inner" },
        "east":  { "uv": [ 4, 2.752, 12, 3.252 ], "texture": "#cauldron_inner" }
    }
},
{
    "__comment": "record",
    "from": [ 4, 12.748, 4 ],
    "to": [ 6, 13.248, 12 ],
    "faces": {
        "down":  { "uv": [ 12, 12, 10, 4 ], "texture": "#cauldron_inner" },
        "up":    { "uv": [ 4, 4, 6, 12 ], "texture": "#cauldron_inner" },
        "north": { "uv": [ 10, 2.752, 12, 3.252 ], "texture": "#cauldron_inner" },
        "south": { "uv": [ 4, 2.752, 6, 3.252 ], "texture": "#cauldron_inner" },
        "west":  { "uv": [ 4, 2.752, 12, 3.252 ], "texture": "#cauldron_inner" },
        "east":  { "uv": [ 4, 2.752, 12, 3.252 ], "texture": "#cauldron_inner" }
    }
},
{
    "__comment": "post",
    "from": [ 0, 0, 14.5 ],
    "to": [ 1.5, 16, 16 ],
    "faces": {
        "down":  { "uv": [ 8, 0, 16, 8.25 ], "texture": "#log_oak" },
        "up":    { "uv": [ 8, 0, 16, 8.25 ], "texture": "#log_oak" },
        "north": { "uv": [ 8, 0, 16, 16 ], "texture": "#log_oak" },
        "south": { "uv": [ 8, 0, 16, 16 ], "texture": "#log_oak" },
        "west":  { "uv": [ 8, 0, 16, 16 ], "texture": "#log_oak" },
        "east":  { "uv": [ 8, 0, 16, 16 ], "texture": "#log_oak" }
    }
},
{
    "__comment": "post",
    "from": [ 14.5, 0, 0 ],
    "to": [ 16, 16, 1.5 ],
    "faces": {
        "down":  { "uv": [ 8, 0, 16, 8.25 ], "texture": "#log_oak" },
        "up":    { "uv": [ 8, 0, 16, 8.25 ], "texture": "#log_oak" },
        "north": { "uv": [ 8, 0, 16, 16 ], "texture": "#log_oak" },
        "south": { "uv": [ 8, 0, 16, 16 ], "texture": "#log_oak" },
        "west":  { "uv": [ 8, 0, 16, 16 ], "texture": "#log_oak" },
        "east":  { "uv": [ 8, 0, 16, 16 ], "texture": "#log_oak" }
    }
},
{
    "__comment": "post",
    "from": [ 14.5, 0, 14.5 ],
    "to": [ 16, 16, 16 ],
    "faces": {
        "down":  { "uv": [ 8, 0, 16, 8.25 ], "texture": "#log_oak" },
        "up":    { "uv": [ 8, 0, 16, 8.25 ], "texture": "#log_oak" },
        "north": { "uv": [ 8, 0, 16, 16 ], "texture": "#log_oak" },
        "south": { "uv": [ 8, 0, 16, 16 ], "texture": "#log_oak" },
        "west":  { "uv": [ 8, 0, 16, 16 ], "texture": "#log_oak" },
        "east":  { "uv": [ 8, 0, 16, 16 ], "texture": "#log_oak" }
    }
},
{
    "__comment": "post",
    "from": [ 0, 0, 0 ],
    "to": [ 1.5, 16, 1.5 ],
    "faces": {
        "down":  { "uv": [ 8, 0, 16, 8.25 ], "texture": "#log_oak" },
        "up":    { "uv": [ 8, 0, 16, 8.25 ], "texture": "#log_oak" },
        "north": { "uv": [ 8, 0, 16, 16 ], "texture": "#log_oak" },
        "south": { "uv": [ 8, 0, 16, 16 ], "texture": "#log_oak" },
        "west":  { "uv": [ 8, 0, 16, 16 ], "texture": "#log_oak" },
        "east":  { "uv": [ 8, 0, 16, 16 ], "texture": "#log_oak" }
    }
},
{
    "__comment": "post mid",
    "from": [ 7.25, 0, 14.5 ],
    "to": [ 8.75, 11.25, 16 ],
    "faces": {
        "down":  { "uv": [ 8, 0, 16, 8.25 ], "texture": "#log_oak" },
        "up":    { "uv": [ 8, 0, 16, 8.25 ], "texture": "#log_oak" },
        "north": { "uv": [ 8, 0, 16, 16 ], "texture": "#log_oak" },
        "south": { "uv": [ 8, 0, 16, 16 ], "texture": "#log_oak" },
        "west":  { "uv": [ 8, 0, 16, 16 ], "texture": "#log_oak" },
        "east":  { "uv": [ 8, 0, 16, 16 ], "texture": "#log_oak" }
    }
},
{
    "__comment": "record base",
    "from": [ 1.5, 11.5, 1.5 ],
    "to": [ 14.5, 12.25, 14.5 ],
    "faces": {
        "down":  { "uv": [ 2, 2, 14, 14 ], "texture": "#jukebox_side" },
        "up":    { "uv": [ 2, 2, 14, 14 ], "texture": "#jukebox_side" },
        "north": { "uv": [ 1.5, 3.75, 14.5, 4.5 ], "texture": "#jukebox_side" },
        "south": { "uv": [ 1.5, 3.75, 14.5, 4.5 ], "texture": "#jukebox_side" },
        "west":  { "uv": [ 1.5, 3.75, 14.5, 4.5 ], "texture": "#jukebox_side" },
        "east":  { "uv": [ 1.5, 3.75, 14.5, 4.5 ], "texture": "#jukebox_side" }
    }
},
{
    "__comment": "record spinner",
    "from": [ 7.75, 12.25, 7.75 ],
    "to": [ 8.25, 14.25, 8.25 ],
    "faces": {
        "down":  { "uv": [ 8.25, 8.25, 7.75, 7.75 ], "texture": "#iron_block" },
        "up":    { "uv": [ 7.75, 7.75, 8.25, 8.25 ], "texture": "#iron_block" },
        "north": { "uv": [ 7.75, 1.75, 8.25, 3.75 ], "texture": "#iron_block" },
        "south": { "uv": [ 7.75, 1.75, 8.25, 3.75 ], "texture": "#iron_block" },
        "west":  { "uv": [ 7.75, 1.75, 8.25, 3.75 ], "texture": "#iron_block" },
        "east":  { "uv": [ 7.75, 1.75, 8.25, 3.75 ], "texture": "#iron_block" }
    }
},
{
    "__comment": "record side",
    "from": [ 0, 12.25, 1.5 ],
    "to": [ 1.5, 15.5, 14.5 ],
    "faces": {
        "down":  { "uv": [ 0, 2, 1, 14 ], "texture": "#jukebox_side" },
        "up":    { "uv": [ 0, 2, 1, 14 ], "texture": "#jukebox_side" },
        "north": { "uv": [ 2, 2, 4, 6 ], "texture": "#jukebox_side" },
        "south": { "uv": [ 2, 2, 4, 6 ], "texture": "#jukebox_side" },
        "west":  { "uv": [ 2, 1.75, 14, 6 ], "texture": "#jukebox_side" },
        "east":  { "uv": [ 2, 1.75, 14, 6 ], "texture": "#jukebox_side" }
    }
},
{
    "__comment": "record side",
    "from": [ 14.5, 12.25, 1.5 ],
    "to": [ 16, 15.5, 14.5 ],
    "faces": {
        "down":  { "uv": [ 0, 1.5, 0, 15 ], "texture": "#jukebox_side" },
        "up":    { "uv": [ 0, 1.5, 0, 15 ], "texture": "#jukebox_side" },
        "north": { "uv": [ 2, 2, 4, 6 ], "texture": "#jukebox_side" },
        "south": { "uv": [ 2, 2, 4, 6 ], "texture": "#jukebox_side" },
        "west":  { "uv": [ 2, 2, 14, 6 ], "texture": "#jukebox_side" },
        "east":  { "uv": [ 2, 2, 14, 6 ], "texture": "#jukebox_side" }
    }
},
{
    "__comment": "record side",
    "from": [ 1.5, 12.25, 0 ],
    "to": [ 14.5, 15.5, 1.5 ],
    "faces": {
        "down":  { "uv": [ 1.5, 0, 14.5, 0.75 ], "texture": "#jukebox_side" },
        "up":    { "uv": [ 1.5, 0, 14.5, 0.75 ], "texture": "#jukebox_side" },
        "north": { "uv": [ 2, 2, 14, 6 ], "texture": "#jukebox_side" },
        "south": { "uv": [ 2, 2, 14, 6 ], "texture": "#jukebox_side" },
        "west":  { "uv": [ 2, 2, 4, 6 ], "texture": "#jukebox_side" },
        "east":  { "uv": [ 2, 2, 4, 6 ], "texture": "#jukebox_side" }
    }
},
{
    "__comment": "record side",
    "from": [ 1.5, 12.25, 14.5 ],
    "to": [ 14.5, 15.5, 16 ],
    "faces": {
        "down":  { "uv": [ 14.5, 16, 1.5, 15 ], "texture": "#jukebox_side" },
        "up":    { "uv": [ 1.5, 15, 14.5, 15.75 ], "texture": "#jukebox_side" },
        "north": { "uv": [ 2, 2, 14, 6 ], "texture": "#jukebox_side" },
        "south": { "uv": [ 2, 2, 14, 6 ], "texture": "#jukebox_side" },
        "west":  { "uv": [ 2, 2, 4, 6 ], "texture": "#jukebox_side" },
        "east":  { "uv": [ 2, 2, 4, 6 ], "texture": "#jukebox_side" }
    }
},
{
    "__comment": "cabnet base",
    "from": [ 1.5, 0, 14.5 ],
    "to": [ 7.25, 1.5, 16 ],
    "faces": {
        "down":  { "uv": [ 14.5, 16, 8.75, 14.5 ], "texture": "#log_oak" },
        "up":    { "uv": [ 1.5, 14.5, 7.25, 16 ], "texture": "#log_oak" },
        "north": { "uv": [ 8.75, 14.5, 14.5, 16 ], "texture": "#log_oak" },
        "south": { "uv": [ 1.5, 14.5, 7.25, 16 ], "texture": "#log_oak" },
        "west":  { "uv": [ 14.5, 14.5, 16, 16 ], "texture": "#log_oak" },
        "east":  { "uv": [ 0, 14.5, 1.5, 16 ], "texture": "#log_oak" }
    }
},
{
    "__comment": "cabnet base",
    "from": [ 8.75, 0, 14.5 ],
    "to": [ 14.5, 1.5, 16 ],
    "faces": {
        "down":  { "uv": [ 7.25, 16, 1.5, 14.5 ], "texture": "#log_oak" },
        "up":    { "uv": [ 8.75, 14.5, 14.5, 16 ], "texture": "#log_oak" },
        "north": { "uv": [ 1.5, 14.5, 7.25, 16 ], "texture": "#log_oak" },
        "south": { "uv": [ 8.75, 14.5, 14.5, 16 ], "texture": "#log_oak" },
        "west":  { "uv": [ 14.5, 14.5, 16, 16 ], "texture": "#log_oak" },
        "east":  { "uv": [ 0, 14.5, 1.5, 16 ], "texture": "#log_oak" }
    }
},
{
    "__comment": "cross beam",
    "from": [ 0, 11.25, 1.5 ],
    "to": [ 1.5, 12.25, 14.5 ],
    "faces": {
        "down":  { "uv": [ 16, 14.5, 14.5, 1.5 ], "texture": "#log_oak" },
        "up":    { "uv": [ 0, 1.5, 1.5, 14.5 ], "texture": "#log_oak" },
        "north": { "uv": [ 14.5, 3.75, 16, 4.75 ], "texture": "#log_oak" },
        "south": { "uv": [ 0, 3.75, 1.5, 4.75 ], "texture": "#log_oak" },
        "west":  { "uv": [ 1.5, 3.75, 14.5, 4.75 ], "texture": "#log_oak" },
        "east":  { "uv": [ 1.5, 3.75, 14.5, 4.75 ], "texture": "#log_oak" }
    }
},
{
    "__comment": "cross beam",
    "from": [ 14.5, 11.25, 1.5 ],
    "to": [ 16, 12.25, 14.5 ],
    "faces": {
        "down":  { "uv": [ 1.5, 14.5, 0, 1.5 ], "texture": "#log_oak" },
        "up":    { "uv": [ 14.5, 1.5, 16, 14.5 ], "texture": "#log_oak" },
        "north": { "uv": [ 0, 3.75, 1.5, 4.75 ], "texture": "#log_oak" },
        "south": { "uv": [ 14.5, 3.75, 16, 4.75 ], "texture": "#log_oak" },
        "west":  { "uv": [ 1.5, 3.75, 14.5, 4.75 ], "texture": "#log_oak" },
        "east":  { "uv": [ 1.5, 3.75, 14.5, 4.75 ], "texture": "#log_oak" }
    }
},
{
    "__comment": "cross beam",
    "from": [ 1.5, 11.25, 0 ],
    "to": [ 14.5, 12.25, 1.5 ],
    "faces": {
        "down":  { "uv": [ 14.5, 1.5, 1.5, 0 ], "texture": "#log_oak" },
        "up":    { "uv": [ 1.5, 0, 14.5, 1.5 ], "texture": "#log_oak" },
        "north": { "uv": [ 1.5, 3.75, 14.5, 4.75 ], "texture": "#log_oak" },
        "south": { "uv": [ 1.5, 3.75, 14.5, 4.75 ], "texture": "#log_oak" },
        "west":  { "uv": [ 0, 3.75, 1.5, 4.75 ], "texture": "#log_oak" },
        "east":  { "uv": [ 14.5, 3.75, 16, 4.75 ], "texture": "#log_oak" }
    }
},
{
    "__comment": "cross beam",
    "from": [ 1.5, 11.25, 14.5 ],
    "to": [ 14.5, 12.25, 16 ],
    "faces": {
        "down":  { "uv": [ 14.5, 16, 1.5, 14.5 ], "texture": "#log_oak" },
        "up":    { "uv": [ 1.5, 14.5, 14.5, 16 ], "texture": "#log_oak" },
        "north": { "uv": [ 1.5, 3.75, 14.5, 4.75 ], "texture": "#log_oak" },
        "south": { "uv": [ 1.5, 3.75, 14.5, 4.75 ], "texture": "#log_oak" },
        "west":  { "uv": [ 14.5, 3.75, 16, 4.75 ], "texture": "#log_oak" },
        "east":  { "uv": [ 0, 3.75, 1.5, 4.75 ], "texture": "#log_oak" }
    }
},
{
    "__comment": "bottom",
    "from": [ 1.5, 0, 1.5 ],
    "to": [ 14.5, 0.25, 14.5 ],
    "faces": {
        "down":  { "uv": [ 2, 2, 14, 14 ], "texture": "#planks_oak" },
        "up":    { "uv": [ 2, 2, 14, 14 ], "texture": "#planks_oak" },
        "north": { "uv": [ 1.5, 15.75, 14.5, 16 ], "texture": "#planks_oak" },
        "south": { "uv": [ 1.5, 15.75, 14.5, 16 ], "texture": "#planks_oak" },
        "west":  { "uv": [ 1.5, 15.75, 14.5, 16 ], "texture": "#planks_oak" },
        "east":  { "uv": [ 1.5, 15.75, 14.5, 16 ], "texture": "#planks_oak" }
    }
},
{
    "__comment": "door",
    "from": [ 8.75, 1.5, 16 ],
    "to": [ 14.5, 11.25, 16.75 ],
    "faces": {
        "down":  { "uv": [ 8.75, 14.75, 14.5, 14.75 ], "texture": "#planks_oak" },
        "up":    { "uv": [ 8.75, 14.75, 14.5, 14.75 ], "texture": "#planks_oak" },
        "north": { "uv": [ 2, 4, 8, 14 ], "texture": "#planks_oak" },
        "south": { "uv": [ 2, 4, 8, 14 ], "texture": "#planks_oak" },
        "west":  { "uv": [ 14, 4.75, 14, 14.5 ], "texture": "#planks_oak" },
        "east":  { "uv": [ 14, 4.75, 14, 14.5 ], "texture": "#planks_oak" }
    }
},
{
    "__comment": "door",
    "from": [ 1.5, 1.5, 16 ],
    "to": [ 7.25, 11.25, 16.75 ],
    "faces": {
        "down":  { "uv": [ 8.75, 14.75, 14.5, 14.75 ], "texture": "#planks_oak" },
        "up":    { "uv": [ 8.75, 14.75, 14.5, 14.75 ], "texture": "#planks_oak" },
        "north": { "uv": [ 2, 4, 8, 14 ], "texture": "#planks_oak" },
        "south": { "uv": [ 2, 4, 8, 14 ], "texture": "#planks_oak" },
        "west":  { "uv": [ 14, 4.75, 14, 14.5 ], "texture": "#planks_oak" },
        "east":  { "uv": [ 14, 4.75, 14, 14.5 ], "texture": "#planks_oak" }
    }
},
{
    "__comment": "door handle",
    "from": [ 5.5, 7, 16.75 ],
    "to": [ 7, 7.5, 17.25 ],
    "faces": {
        "down":  { "uv": [ 10.5, 16, 9, 16 ], "texture": "#cauldron_inner" },
        "up":    { "uv": [ 5.5, 16, 7, 16 ], "texture": "#cauldron_inner" },
        "north": { "uv": [ 9, 8.5, 10.5, 9 ], "texture": "#cauldron_inner" },
        "south": { "uv": [ 5.5, 8.5, 7, 9 ], "texture": "#cauldron_inner" },
        "west":  { "uv": [ 16, 8.5, 16, 9 ], "texture": "#cauldron_inner" },
        "east":  { "uv": [ 0, 8.5, 0, 9 ], "texture": "#cauldron_inner" }
    }
},
{
    "__comment": "door handle",
    "from": [ 9, 7, 16.75 ],
    "to": [ 10.5, 7.5, 17.25 ],
    "faces": {
        "down":  { "uv": [ 7, 16, 5.5, 16 ], "texture": "#cauldron_inner" },
        "up":    { "uv": [ 9, 16, 10.5, 16 ], "texture": "#cauldron_inner" },
        "north": { "uv": [ 5.5, 8.5, 7, 9 ], "texture": "#cauldron_inner" },
        "south": { "uv": [ 9, 8.5, 10.5, 9 ], "texture": "#cauldron_inner" },
        "west":  { "uv": [ 16, 8.5, 16, 9 ], "texture": "#cauldron_inner" },
        "east":  { "uv": [ 0, 8.5, 0, 9 ], "texture": "#cauldron_inner" }
    }
},
{
    "__comment": "top trim",
    "from": [ 1, 15.5, 1.5 ],
    "to": [ 1.5, 16, 14.5 ],
    "faces": {
        "down":  { "uv": [ 15, 14.5, 14.5, 1.5 ], "texture": "#cauldron_inner" },
        "up":    { "uv": [ 1, 1.5, 1.5, 14.5 ], "texture": "#cauldron_inner" },
        "north": { "uv": [ 14.5, 0, 15, 0.5 ], "texture": "#cauldron_inner" },
        "south": { "uv": [ 1, 0, 1.5, 0.5 ], "texture": "#cauldron_inner" },
        "west":  { "uv": [ 1.5, 0, 14.5, 0.5 ], "texture": "#cauldron_inner" },
        "east":  { "uv": [ 1.5, 0, 14.5, 0.5 ], "texture": "#cauldron_inner" }
    }
},
{
    "__comment": "top trim",
    "from": [ 14.5, 15.5, 1.5 ],
    "to": [ 15, 16, 14.5 ],
    "faces": {
        "down":  { "uv": [ 1.5, 14.5, 1, 1.5 ], "texture": "#cauldron_inner" },
        "up":    { "uv": [ 14.5, 1.5, 15, 14.5 ], "texture": "#cauldron_inner" },
        "north": { "uv": [ 1, 0, 1.5, 0.5 ], "texture": "#cauldron_inner" },
        "south": { "uv": [ 14.5, 0, 15, 0.5 ], "texture": "#cauldron_inner" },
        "west":  { "uv": [ 1.5, 0, 14.5, 0.5 ], "texture": "#cauldron_inner" },
        "east":  { "uv": [ 1.5, 0, 14.5, 0.5 ], "texture": "#cauldron_inner" }
    }
},
{
    "__comment": "top trim",
    "from": [ 1.5, 15.5, 1 ],
    "to": [ 14.5, 16, 1.5 ],
    "faces": {
        "down":  { "uv": [ 14.5, 1.5, 1.5, 1 ], "texture": "#cauldron_inner" },
        "up":    { "uv": [ 1.5, 1, 14.5, 1.5 ], "texture": "#cauldron_inner" },
        "north": { "uv": [ 1.5, 0, 14.5, 0.5 ], "texture": "#cauldron_inner" },
        "south": { "uv": [ 1.5, 0, 14.5, 0.5 ], "texture": "#cauldron_inner" },
        "west":  { "uv": [ 1, 0, 1.5, 0.5 ], "texture": "#cauldron_inner" },
        "east":  { "uv": [ 14.5, 0, 15, 0.5 ], "texture": "#cauldron_inner" }
    }
},
{
    "__comment": "top trim",
    "from": [ 1.5, 15.5, 14.5 ],
    "to": [ 14.5, 16, 15 ],
    "faces": {
        "down":  { "uv": [ 14.5, 15, 1.5, 14.5 ], "texture": "#cauldron_inner" },
        "up":    { "uv": [ 1.5, 14.5, 14.5, 15 ], "texture": "#cauldron_inner" },
        "north": { "uv": [ 1.5, 0, 14.5, 0.5 ], "texture": "#cauldron_inner" },
        "south": { "uv": [ 1.5, 0, 14.5, 0.5 ], "texture": "#cauldron_inner" },
        "west":  { "uv": [ 14.5, 0, 15, 0.5 ], "texture": "#cauldron_inner" },
        "east":  { "uv": [ 1, 0, 1.5, 0.5 ], "texture": "#cauldron_inner" }
    }
},
{
    "__comment": "bottom trim",
    "from": [ 14.5, 0, 1.5 ],
    "to": [ 16, 1.5, 14.5 ],
    "faces": {
        "down":  { "uv": [ 1.5, 14.5, 0, 1.5 ], "texture": "#log_oak" },
        "up":    { "uv": [ 14.5, 1.5, 16, 14.5 ], "texture": "#log_oak" },
        "north": { "uv": [ 0, 14.5, 1.5, 16 ], "texture": "#log_oak" },
        "south": { "uv": [ 14.5, 14.5, 16, 16 ], "texture": "#log_oak" },
        "west":  { "uv": [ 1.5, 14.5, 14.5, 16 ], "texture": "#log_oak" },
        "east":  { "uv": [ 1.5, 14.5, 14.5, 16 ], "texture": "#log_oak" }
    }
},
{
    "__comment": "bottom trim",
    "from": [ 0, 0, 1.5 ],
    "to": [ 1.5, 1.5, 14.5 ],
    "faces": {
        "down":  { "uv": [ 16, 14.5, 14.5, 1.5 ], "texture": "#log_oak" },
        "up":    { "uv": [ 0, 1.5, 1.5, 14.5 ], "texture": "#log_oak" },
        "north": { "uv": [ 14.5, 14.5, 16, 16 ], "texture": "#log_oak" },
        "south": { "uv": [ 0, 14.5, 1.5, 16 ], "texture": "#log_oak" },
        "west":  { "uv": [ 1.5, 14.5, 14.5, 16 ], "texture": "#log_oak" },
        "east":  { "uv": [ 1.5, 14.5, 14.5, 16 ], "texture": "#log_oak" }
    }
},
{
    "__comment": "bottom trim",
    "from": [ 1.5, 0, 0 ],
    "to": [ 14.5, 1.5, 1.5 ],
    "faces": {
        "down":  { "uv": [ 14.5, 1.5, 1.5, 0 ], "texture": "#log_oak" },
        "up":    { "uv": [ 1.5, 0, 14.5, 1.5 ], "texture": "#log_oak" },
        "north": { "uv": [ 1.5, 14.5, 14.5, 16 ], "texture": "#log_oak" },
        "south": { "uv": [ 1.5, 14.5, 14.5, 16 ], "texture": "#log_oak" },
        "west":  { "uv": [ 0, 14.5, 1.5, 16 ], "texture": "#log_oak" },
        "east":  { "uv": [ 14.5, 14.5, 16, 16 ], "texture": "#log_oak" }
    }
},
{
    "__comment": "needle base",
    "from": [ 12.5, 12.25, 2 ],
    "to": [ 14, 14, 3.5 ],
    "faces": {
        "down":  { "uv": [ 10, 0, 16, 16 ], "texture": "#log_oak" },
        "up":    { "uv": [ 10, 0, 16, 16 ], "texture": "#log_oak" },
        "north": { "uv": [ 9, 0, 16, 16 ], "texture": "#log_oak" },
        "south": { "uv": [ 9, 0, 16, 16 ], "texture": "#log_oak" },
        "west":  { "uv": [ 9, 0, 16, 16 ], "texture": "#log_oak" },
        "east":  { "uv": [ 9, 0, 16, 16 ], "texture": "#log_oak" }
    }
},
{
    "__comment": "needle arm",
    "from": [ 13.25, 14, 2.25 ],
    "to": [ 14, 14.75, 7 ],
    "rotation": { "origin": [ 13.25, 14, 2.25 ], "axis": "y", "angle": -45 },
    "faces": {
        "down":  { "uv": [ 0, 9.25, 0, 2.25 ], "texture": "#cauldron_inner" },
        "up":    { "uv": [ 16, 2.25, 16, 9.25 ], "texture": "#cauldron_inner" },
        "north": { "uv": [ 0, 1.25, 0, 2 ], "texture": "#cauldron_inner" },
        "south": { "uv": [ 16, 1.25, 16, 2 ], "texture": "#cauldron_inner" },
        "west":  { "uv": [ 2.25, 1.25, 9.25, 2 ], "texture": "#cauldron_inner" },
        "east":  { "uv": [ 6.75, 1.25, 13.75, 2 ], "texture": "#cauldron_inner" }
    }
},
{
    "__comment": "needle",
    "from": [ 10.25, 13.25, 5.5 ],
    "to": [ 10.5, 14.25, 5.75 ],
    "faces": {
        "down":  { "uv": [ 5.75, 5.75, 5.5, 5.5 ], "texture": "#iron_block" },
        "up":    { "uv": [ 10.25, 5.5, 10.5, 5.75 ], "texture": "#iron_block" },
        "north": { "uv": [ 5.5, 1.75, 5.75, 2.75 ], "texture": "#iron_block" },
        "south": { "uv": [ 10.25, 1.75, 10.5, 2.75 ], "texture": "#iron_block" },
        "west":  { "uv": [ 5.5, 1.75, 5.75, 2.75 ], "texture": "#iron_block" },
        "east":  { "uv": [ 10.25, 1.75, 10.5, 2.75 ], "texture": "#iron_block" }
    }
},
{
    "__comment": "sides",
    "from": [ 1.5, 1.5, 0.25 ],
    "to": [ 1.75, 11.5, 14.5 ],
    "faces": {
        "down":  { "uv": [ 14.5, 14.5, 14.25, 1.5 ], "texture": "#planks_oak" },
        "up":    { "uv": [ 1.5, 1.5, 1.75, 14.5 ], "texture": "#planks_oak" },
        "north": { "uv": [ 14.25, 4.75, 14.5, 14.5 ], "texture": "#planks_oak" },
        "south": { "uv": [ 1.5, 4.75, 1.75, 14.5 ], "texture": "#planks_oak" },
        "west":  { "uv": [ 2, 4, 14.25, 14 ], "texture": "#jukebox_side" },
        "east":  { "uv": [ 2, 4, 14.25, 14 ], "texture": "#planks_oak" }
    }
},
{
    "__comment": "sides",
    "from": [ 14.25, 1.5, 0 ],
    "to": [ 14.5, 11.25, 14.5 ],
    "faces": {
        "down":  { "uv": [ 1.75, 14.5, 1.5, 1.5 ], "texture": "#planks_oak" },
        "up":    { "uv": [ 14.25, 1.5, 14.5, 14.5 ], "texture": "#planks_oak" },
        "north": { "uv": [ 1.5, 4.75, 1.75, 14.5 ], "texture": "#planks_oak" },
        "south": { "uv": [ 14.25, 4.75, 14.5, 14.5 ], "texture": "#planks_oak" },
        "west":  { "uv": [ 2, 4, 14, 14 ], "texture": "#planks_oak" },
        "east":  { "uv": [ 2, 4, 14, 14 ], "texture": "#jukebox_side" }
    }
},
{
    "__comment": "shelf",
    "from": [ 1.75, 0.25, 5.25 ],
    "to": [ 14.25, 11.5, 6.25 ],
    "faces": {
        "down":  { "uv": [ 2, 4, 14, 6 ], "texture": "#planks_oak" },
        "up":    { "uv": [ 2, 4, 14, 6 ], "texture": "#planks_oak" },
        "north": { "uv": [ 2, 2, 14, 14 ], "texture": "#planks_oak" },
        "south": { "uv": [ 2, 2, 14, 14 ], "texture": "#planks_oak" },
        "west":  { "uv": [ 5, 2, 6, 14 ], "texture": "#planks_oak" },
        "east":  { "uv": [ 5, 2, 6, 14 ], "texture": "#planks_oak" }
    }
},
{
    "__comment": "shelf",
    "from": [ 1.5, 1.5, 0 ],
    "to": [ 14.5, 1.75, 5.25 ],
    "faces": {
        "down":  { "uv": [ 2, 2, 14, 8 ], "texture": "#planks_oak" },
        "up":    { "uv": [ 2, 2, 14, 8 ], "texture": "#planks_oak" },
        "north": { "uv": [ 1.5, 14.25, 14.5, 14.5 ], "texture": "#planks_oak" },
        "south": { "uv": [ 1.5, 14.25, 14.5, 14.5 ], "texture": "#planks_oak" },
        "west":  { "uv": [ 0, 14.25, 5.25, 14.5 ], "texture": "#planks_oak" },
        "east":  { "uv": [ 10.75, 14.25, 16, 14.5 ], "texture": "#planks_oak" }
    }
},
{
    "__comment": "shelf",
    "from": [ 1.75, 11, 0 ],
    "to": [ 14.25, 11.25, 14.5 ],
    "faces": {
        "down":  { "uv": [ 2, 2, 14, 14 ], "texture": "#planks_oak" },
        "up":    { "uv": [ 2, 2, 14, 14 ], "texture": "#planks_oak" },
        "north": { "uv": [ 1.75, 4.75, 14.25, 5 ], "texture": "#planks_oak" },
        "south": { "uv": [ 1.75, 4.75, 14.25, 5 ], "texture": "#planks_oak" },
        "west":  { "uv": [ 0, 4.75, 14.5, 5 ], "texture": "#planks_oak" },
        "east":  { "uv": [ 1.5, 4.75, 16, 5 ], "texture": "#planks_oak" }
    }
},
{
    "__comment": "shelf",
    "from": [ 2, 6, 0 ],
    "to": [ 14.25, 6.5, 5.25 ],
    "faces": {
        "down":  { "uv": [ 2, 2, 14, 8 ], "texture": "#planks_oak" },
        "up":    { "uv": [ 2, 2, 14, 8 ], "texture": "#planks_oak" },
        "north": { "uv": [ 1.75, 9.5, 14, 10 ], "texture": "#planks_oak" },
        "south": { "uv": [ 2, 9.5, 14.25, 10 ], "texture": "#planks_oak" },
        "west":  { "uv": [ 0, 9.5, 5.25, 10 ], "texture": "#planks_oak" },
        "east":  { "uv": [ 10.75, 9.5, 16, 10 ], "texture": "#planks_oak" }
    }
},
{
    "__comment": "mini record mid",
    "from": [ 2.775, 2.675, 2.4375 ],
    "to": [ 3.90938, 4.1875, 3.95 ],
    "faces": {
        "down":  { "uv": [ 13.225, 3.95, 12.0906, 2.4375 ], "texture": "#hardened_clay_stained_brown" },
        "up":    { "uv": [ 2.775, 2.4375, 3.90938, 3.95 ], "texture": "#hardened_clay_stained_brown" },
        "north": { "uv": [ 12.0906, 11.8125, 13.225, 13.325 ], "texture": "#hardened_clay_stained_brown" },
        "south": { "uv": [ 2.775, 11.8125, 3.90938, 13.325 ], "texture": "#hardened_clay_stained_brown" },
        "west":  { "uv": [ 2.4375, 11.8125, 3.95, 13.325 ], "texture": "#hardened_clay_stained_brown" },
        "east":  { "uv": [ 12.05, 11.8125, 13.5625, 13.325 ], "texture": "#hardened_clay_stained_brown" }
    }
},
{
    "__comment": "mini record",
    "from": [ 3.15313, 2.675, 1.30312 ],
    "to": [ 3.53125, 4.1875, 5.08437 ],
    "faces": {
        "down":  { "uv": [ 12.8469, 5.08437, 12.4688, 1.30312 ], "texture": "#cauldron_inner" },
        "up":    { "uv": [ 3.15313, 1.30312, 3.53125, 5.08437 ], "texture": "#cauldron_inner" },
        "north": { "uv": [ 12.4688, 11.8125, 12.8469, 13.325 ], "texture": "#cauldron_inner" },
        "south": { "uv": [ 3.15313, 11.8125, 3.53125, 13.325 ], "texture": "#cauldron_inner" },
        "west":  { "uv": [ 1.30312, 11.8125, 5.08437, 13.325 ], "texture": "#cauldron_inner" },
        "east":  { "uv": [ 10.9156, 11.8125, 14.6969, 13.325 ], "texture": "#cauldron_inner" }
    }
},
{
    "__comment": "mini record",
    "from": [ 3.15313, 1.54063, 2.4375 ],
    "to": [ 3.53125, 5.32188, 3.95 ],
    "faces": {
        "down":  { "uv": [ 12.8469, 3.95, 12.4688, 2.4375 ], "texture": "#cauldron_inner" },
        "up":    { "uv": [ 3.15313, 2.4375, 3.53125, 3.95 ], "texture": "#cauldron_inner" },
        "north": { "uv": [ 12.4688, 10.6781, 12.8469, 14.4594 ], "texture": "#cauldron_inner" },
        "south": { "uv": [ 3.15313, 10.6781, 3.53125, 14.4594 ], "texture": "#cauldron_inner" },
        "west":  { "uv": [ 2.4375, 10.6781, 3.95, 14.4594 ], "texture": "#cauldron_inner" },
        "east":  { "uv": [ 12.05, 10.6781, 13.5625, 14.4594 ], "texture": "#cauldron_inner" }
    }
},
{
    "__comment": "mini record",
    "from": [ 3.15615, 1.91875, 1.68125 ],
    "to": [ 3.53428, 4.94375, 2.4375 ],
    "faces": {
        "down":  { "uv": [ 12.8439, 2.4375, 12.4657, 1.68125 ], "texture": "#cauldron_inner" },
        "up":    { "uv": [ 3.15615, 1.68125, 3.53428, 2.4375 ], "texture": "#cauldron_inner" },
        "north": { "uv": [ 12.4657, 11.0563, 12.8439, 14.0813 ], "texture": "#cauldron_inner" },
        "south": { "uv": [ 3.15615, 11.0563, 3.53428, 14.0813 ], "texture": "#cauldron_inner" },
        "west":  { "uv": [ 1.68125, 11.0563, 2.4375, 14.0813 ], "texture": "#cauldron_inner" },
        "east":  { "uv": [ 13.5625, 11.0563, 14.3188, 14.0813 ], "texture": "#cauldron_inner" }
    }
},
{
    "__comment": "mini record",
    "from": [ 3.15615, 1.91875, 3.95 ],
    "to": [ 3.53428, 4.94375, 4.70625 ],
    "faces": {
        "down":  { "uv": [ 12.8439, 4.70625, 12.4657, 3.95 ], "texture": "#cauldron_inner" },
        "up":    { "uv": [ 3.15615, 3.95, 3.53428, 4.70625 ], "texture": "#cauldron_inner" },
        "north": { "uv": [ 12.4657, 11.0563, 12.8439, 14.0813 ], "texture": "#cauldron_inner" },
        "south": { "uv": [ 3.15615, 11.0563, 3.53428, 14.0813 ], "texture": "#cauldron_inner" },
        "west":  { "uv": [ 3.95, 11.0563, 4.70625, 14.0813 ], "texture": "#cauldron_inner" },
        "east":  { "uv": [ 11.2938, 11.0563, 12.05, 14.0813 ], "texture": "#cauldron_inner" }
    }
},
{
    "__comment": "mini record*",
    "from": [ 12.4031, 2.675, 1.30312 ],
    "to": [ 12.7813, 4.1875, 5.08437 ],
    "faces": {
        "down":  { "uv": [ 3.59687, 5.08437, 3.21875, 1.30312 ], "texture": "#cauldron_inner" },
        "up":    { "uv": [ 12.4031, 1.30312, 12.7813, 5.08437 ], "texture": "#cauldron_inner" },
        "north": { "uv": [ 3.21875, 11.8125, 3.59688, 13.325 ], "texture": "#cauldron_inner" },
        "south": { "uv": [ 12.4031, 11.8125, 12.7813, 13.325 ], "texture": "#cauldron_inner" },
        "west":  { "uv": [ 1.30312, 11.8125, 5.08437, 13.325 ], "texture": "#cauldron_inner" },
        "east":  { "uv": [ 10.9156, 11.8125, 14.6969, 13.325 ], "texture": "#cauldron_inner" }
    }
},
{
    "__comment": "mini record*",
    "from": [ 12.4031, 1.54063, 2.4375 ],
    "to": [ 12.7813, 5.32188, 3.95 ],
    "faces": {
        "down":  { "uv": [ 3.59687, 3.95, 3.21875, 2.4375 ], "texture": "#cauldron_inner" },
        "up":    { "uv": [ 12.4031, 2.4375, 12.7813, 3.95 ], "texture": "#cauldron_inner" },
        "north": { "uv": [ 3.21875, 10.6781, 3.59688, 14.4594 ], "texture": "#cauldron_inner" },
        "south": { "uv": [ 12.4031, 10.6781, 12.7813, 14.4594 ], "texture": "#cauldron_inner" },
        "west":  { "uv": [ 2.4375, 10.6781, 3.95, 14.4594 ], "texture": "#cauldron_inner" },
        "east":  { "uv": [ 12.05, 10.6781, 13.5625, 14.4594 ], "texture": "#cauldron_inner" }
    }
},
{
    "__comment": "mini record*",
    "from": [ 12.4062, 1.91875, 1.68125 ],
    "to": [ 12.7843, 4.94375, 2.4375 ],
    "faces": {
        "down":  { "uv": [ 3.59385, 2.4375, 3.21572, 1.68125 ], "texture": "#cauldron_inner" },
        "up":    { "uv": [ 12.4062, 1.68125, 12.7843, 2.4375 ], "texture": "#cauldron_inner" },
        "north": { "uv": [ 3.21572, 11.0563, 3.59385, 14.0813 ], "texture": "#cauldron_inner" },
        "south": { "uv": [ 12.4062, 11.0563, 12.7843, 14.0813 ], "texture": "#cauldron_inner" },
        "west":  { "uv": [ 1.68125, 11.0563, 2.4375, 14.0813 ], "texture": "#cauldron_inner" },
        "east":  { "uv": [ 13.5625, 11.0563, 14.3188, 14.0813 ], "texture": "#cauldron_inner" }
    }
},
{
    "__comment": "mini record*",
    "from": [ 12.4062, 1.91875, 3.95 ],
    "to": [ 12.7843, 4.94375, 4.70625 ],
    "faces": {
        "down":  { "uv": [ 3.59385, 4.70625, 3.21572, 3.95 ], "texture": "#cauldron_inner" },
        "up":    { "uv": [ 12.4062, 3.95, 12.7843, 4.70625 ], "texture": "#cauldron_inner" },
        "north": { "uv": [ 3.21572, 11.0563, 3.59385, 14.0813 ], "texture": "#cauldron_inner" },
        "south": { "uv": [ 12.4062, 11.0563, 12.7843, 14.0813 ], "texture": "#cauldron_inner" },
        "west":  { "uv": [ 3.95, 11.0563, 4.70625, 14.0813 ], "texture": "#cauldron_inner" },
        "east":  { "uv": [ 11.2938, 11.0563, 12.05, 14.0813 ], "texture": "#cauldron_inner" }
    }
},
{
    "__comment": "mini record mid*",
    "from": [ 12.025, 2.675, 2.4375 ],
    "to": [ 13.1594, 4.1875, 3.95 ],
    "faces": {
        "down":  { "uv": [ 3.975, 3.95, 2.84062, 2.4375 ], "texture": "#hardened_clay_stained_blue" },
        "up":    { "uv": [ 12.025, 2.4375, 13.1594, 3.95 ], "texture": "#hardened_clay_stained_blue" },
        "north": { "uv": [ 2.84062, 11.8125, 3.975, 13.325 ], "texture": "#hardened_clay_stained_blue" },
        "south": { "uv": [ 12.025, 11.8125, 13.1594, 13.325 ], "texture": "#hardened_clay_stained_blue" },
        "west":  { "uv": [ 2.4375, 11.8125, 3.95, 13.325 ], "texture": "#hardened_clay_stained_blue" },
        "east":  { "uv": [ 12.05, 11.8125, 13.5625, 13.325 ], "texture": "#hardened_clay_stained_blue" }
    }
},
{
    "__comment": "mini record*",
    "from": [ 10.4031, 2.675, 1.30312 ],
    "to": [ 10.7813, 4.1875, 5.08437 ],
    "faces": {
        "down":  { "uv": [ 5.59687, 5.08437, 5.21875, 1.30312 ], "texture": "#cauldron_inner" },
        "up":    { "uv": [ 10.4031, 1.30312, 10.7813, 5.08437 ], "texture": "#cauldron_inner" },
        "north": { "uv": [ 5.21875, 11.8125, 5.59688, 13.325 ], "texture": "#cauldron_inner" },
        "south": { "uv": [ 10.4031, 11.8125, 10.7813, 13.325 ], "texture": "#cauldron_inner" },
        "west":  { "uv": [ 1.30312, 11.8125, 5.08437, 13.325 ], "texture": "#cauldron_inner" },
        "east":  { "uv": [ 10.9156, 11.8125, 14.6969, 13.325 ], "texture": "#cauldron_inner" }
    }
},
{
    "__comment": "mini record*",
    "from": [ 10.4031, 1.54063, 2.4375 ],
    "to": [ 10.7813, 5.32188, 3.95 ],
    "faces": {
        "down":  { "uv": [ 5.59687, 3.95, 5.21875, 2.4375 ], "texture": "#cauldron_inner" },
        "up":    { "uv": [ 10.4031, 2.4375, 10.7813, 3.95 ], "texture": "#cauldron_inner" },
        "north": { "uv": [ 5.21875, 10.6781, 5.59688, 14.4594 ], "texture": "#cauldron_inner" },
        "south": { "uv": [ 10.4031, 10.6781, 10.7813, 14.4594 ], "texture": "#cauldron_inner" },
        "west":  { "uv": [ 2.4375, 10.6781, 3.95, 14.4594 ], "texture": "#cauldron_inner" },
        "east":  { "uv": [ 12.05, 10.6781, 13.5625, 14.4594 ], "texture": "#cauldron_inner" }
    }
},
{
    "__comment": "mini record*",
    "from": [ 10.4062, 1.91875, 1.68125 ],
    "to": [ 10.7843, 4.94375, 2.4375 ],
    "faces": {
        "down":  { "uv": [ 5.59385, 2.4375, 5.21572, 1.68125 ], "texture": "#cauldron_inner" },
        "up":    { "uv": [ 10.4062, 1.68125, 10.7843, 2.4375 ], "texture": "#cauldron_inner" },
        "north": { "uv": [ 5.21572, 11.0563, 5.59385, 14.0813 ], "texture": "#cauldron_inner" },
        "south": { "uv": [ 10.4062, 11.0563, 10.7843, 14.0813 ], "texture": "#cauldron_inner" },
        "west":  { "uv": [ 1.68125, 11.0563, 2.4375, 14.0813 ], "texture": "#cauldron_inner" },
        "east":  { "uv": [ 13.5625, 11.0563, 14.3188, 14.0813 ], "texture": "#cauldron_inner" }
    }
},
{
    "__comment": "mini record*",
    "from": [ 10.4062, 1.91875, 3.95 ],
    "to": [ 10.7843, 4.94375, 4.70625 ],
    "faces": {
        "down":  { "uv": [ 5.59385, 4.70625, 5.21572, 3.95 ], "texture": "#cauldron_inner" },
        "up":    { "uv": [ 10.4062, 3.95, 10.7843, 4.70625 ], "texture": "#cauldron_inner" },
        "north": { "uv": [ 5.21572, 11.0563, 5.59385, 14.0813 ], "texture": "#cauldron_inner" },
        "south": { "uv": [ 10.4062, 11.0563, 10.7843, 14.0813 ], "texture": "#cauldron_inner" },
        "west":  { "uv": [ 3.95, 11.0563, 4.70625, 14.0813 ], "texture": "#cauldron_inner" },
        "east":  { "uv": [ 11.2938, 11.0563, 12.05, 14.0813 ], "texture": "#cauldron_inner" }
    }
},
{
    "__comment": "mini record mid*",
    "from": [ 10.025, 2.675, 2.4375 ],
    "to": [ 11.1594, 4.1875, 3.95 ],
    "faces": {
        "down":  { "uv": [ 5.975, 3.95, 4.84062, 2.4375 ], "texture": "#hardened_clay_stained_orange" },
        "up":    { "uv": [ 10.025, 2.4375, 11.1594, 3.95 ], "texture": "#hardened_clay_stained_orange" },
        "north": { "uv": [ 4.84062, 11.8125, 5.975, 13.325 ], "texture": "#hardened_clay_stained_orange" },
        "south": { "uv": [ 10.025, 11.8125, 11.1594, 13.325 ], "texture": "#hardened_clay_stained_orange" },
        "west":  { "uv": [ 2.4375, 11.8125, 3.95, 13.325 ], "texture": "#hardened_clay_stained_orange" },
        "east":  { "uv": [ 12.05, 11.8125, 13.5625, 13.325 ], "texture": "#hardened_clay_stained_orange" }
    }
},
{
    "__comment": "mini record*",
    "from": [ 7.15313, 2.675, 1.30312 ],
    "to": [ 7.53125, 4.1875, 5.08437 ],
    "faces": {
        "down":  { "uv": [ 8.84688, 5.08437, 8.46875, 1.30312 ], "texture": "#cauldron_inner" },
        "up":    { "uv": [ 7.15313, 1.30312, 7.53125, 5.08437 ], "texture": "#cauldron_inner" },
        "north": { "uv": [ 8.46875, 11.8125, 8.84688, 13.325 ], "texture": "#cauldron_inner" },
        "south": { "uv": [ 7.15313, 11.8125, 7.53125, 13.325 ], "texture": "#cauldron_inner" },
        "west":  { "uv": [ 1.30312, 11.8125, 5.08437, 13.325 ], "texture": "#cauldron_inner" },
        "east":  { "uv": [ 10.9156, 11.8125, 14.6969, 13.325 ], "texture": "#cauldron_inner" }
    }
},
{
    "__comment": "mini record*",
    "from": [ 7.15313, 1.54063, 2.4375 ],
    "to": [ 7.53125, 5.32188, 3.95 ],
    "faces": {
        "down":  { "uv": [ 8.84688, 3.95, 8.46875, 2.4375 ], "texture": "#cauldron_inner" },
        "up":    { "uv": [ 7.15313, 2.4375, 7.53125, 3.95 ], "texture": "#cauldron_inner" },
        "north": { "uv": [ 8.46875, 10.6781, 8.84688, 14.4594 ], "texture": "#cauldron_inner" },
        "south": { "uv": [ 7.15313, 10.6781, 7.53125, 14.4594 ], "texture": "#cauldron_inner" },
        "west":  { "uv": [ 2.4375, 10.6781, 3.95, 14.4594 ], "texture": "#cauldron_inner" },
        "east":  { "uv": [ 12.05, 10.6781, 13.5625, 14.4594 ], "texture": "#cauldron_inner" }
    }
},
{
    "__comment": "mini record*",
    "from": [ 7.15615, 1.91875, 1.68125 ],
    "to": [ 7.53428, 4.94375, 2.4375 ],
    "faces": {
        "down":  { "uv": [ 8.84385, 2.4375, 8.46572, 1.68125 ], "texture": "#cauldron_inner" },
        "up":    { "uv": [ 7.15615, 1.68125, 7.53428, 2.4375 ], "texture": "#cauldron_inner" },
        "north": { "uv": [ 8.46572, 11.0563, 8.84385, 14.0813 ], "texture": "#cauldron_inner" },
        "south": { "uv": [ 7.15615, 11.0563, 7.53428, 14.0813 ], "texture": "#cauldron_inner" },
        "west":  { "uv": [ 1.68125, 11.0563, 2.4375, 14.0813 ], "texture": "#cauldron_inner" },
        "east":  { "uv": [ 13.5625, 11.0563, 14.3188, 14.0813 ], "texture": "#cauldron_inner" }
    }
},
{
    "__comment": "mini record*",
    "from": [ 7.15615, 1.91875, 3.95 ],
    "to": [ 7.53428, 4.94375, 4.70625 ],
    "faces": {
        "down":  { "uv": [ 8.84385, 4.70625, 8.46572, 3.95 ], "texture": "#cauldron_inner" },
        "up":    { "uv": [ 7.15615, 3.95, 7.53428, 4.70625 ], "texture": "#cauldron_inner" },
        "north": { "uv": [ 8.46572, 11.0563, 8.84385, 14.0813 ], "texture": "#cauldron_inner" },
        "south": { "uv": [ 7.15615, 11.0563, 7.53428, 14.0813 ], "texture": "#cauldron_inner" },
        "west":  { "uv": [ 3.95, 11.0563, 4.70625, 14.0813 ], "texture": "#cauldron_inner" },
        "east":  { "uv": [ 11.2938, 11.0563, 12.05, 14.0813 ], "texture": "#cauldron_inner" }
    }
},
{
    "__comment": "mini record mid*",
    "from": [ 6.775, 2.675, 2.4375 ],
    "to": [ 7.90938, 4.1875, 3.95 ],
    "faces": {
        "down":  { "uv": [ 9.225, 3.95, 8.09062, 2.4375 ], "texture": "#hardened_clay_stained_lime" },
        "up":    { "uv": [ 6.775, 2.4375, 7.90938, 3.95 ], "texture": "#hardened_clay_stained_lime" },
        "north": { "uv": [ 8.09062, 11.8125, 9.225, 13.325 ], "texture": "#hardened_clay_stained_lime" },
        "south": { "uv": [ 6.775, 11.8125, 7.90938, 13.325 ], "texture": "#hardened_clay_stained_lime" },
        "west":  { "uv": [ 2.4375, 11.8125, 3.95, 13.325 ], "texture": "#hardened_clay_stained_lime" },
        "east":  { "uv": [ 12.05, 11.8125, 13.5625, 13.325 ], "texture": "#hardened_clay_stained_lime" }
    }
},
{
    "__comment": "mini record*",
    "from": [ 4.15313, 7.675, 1.30312 ],
    "to": [ 4.53125, 9.1875, 5.08437 ],
    "faces": {
        "down":  { "uv": [ 11.8469, 5.08437, 11.4688, 1.30312 ], "texture": "#cauldron_inner" },
        "up":    { "uv": [ 4.15313, 1.30312, 4.53125, 5.08437 ], "texture": "#cauldron_inner" },
        "north": { "uv": [ 11.4688, 6.8125, 11.8469, 8.325 ], "texture": "#cauldron_inner" },
        "south": { "uv": [ 4.15313, 6.8125, 4.53125, 8.325 ], "texture": "#cauldron_inner" },
        "west":  { "uv": [ 1.30312, 6.8125, 5.08437, 8.325 ], "texture": "#cauldron_inner" },
        "east":  { "uv": [ 10.9156, 6.8125, 14.6969, 8.325 ], "texture": "#cauldron_inner" }
    }
},
{
    "__comment": "mini record*",
    "from": [ 4.15313, 6.54063, 2.4375 ],
    "to": [ 4.53125, 10.3219, 3.95 ],
    "faces": {
        "down":  { "uv": [ 11.8469, 3.95, 11.4688, 2.4375 ], "texture": "#cauldron_inner" },
        "up":    { "uv": [ 4.15313, 2.4375, 4.53125, 3.95 ], "texture": "#cauldron_inner" },
        "north": { "uv": [ 11.4688, 5.67812, 11.8469, 9.45937 ], "texture": "#cauldron_inner" },
        "south": { "uv": [ 4.15313, 5.67812, 4.53125, 9.45937 ], "texture": "#cauldron_inner" },
        "west":  { "uv": [ 2.4375, 5.67812, 3.95, 9.45937 ], "texture": "#cauldron_inner" },
        "east":  { "uv": [ 12.05, 5.67812, 13.5625, 9.45937 ], "texture": "#cauldron_inner" }
    }
},
{
    "__comment": "mini record*",
    "from": [ 4.15615, 6.91875, 1.68125 ],
    "to": [ 4.53428, 9.94375, 2.4375 ],
    "faces": {
        "down":  { "uv": [ 11.8439, 2.4375, 11.4657, 1.68125 ], "texture": "#cauldron_inner" },
        "up":    { "uv": [ 4.15615, 1.68125, 4.53428, 2.4375 ], "texture": "#cauldron_inner" },
        "north": { "uv": [ 11.4657, 6.05625, 11.8439, 9.08125 ], "texture": "#cauldron_inner" },
        "south": { "uv": [ 4.15615, 6.05625, 4.53428, 9.08125 ], "texture": "#cauldron_inner" },
        "west":  { "uv": [ 1.68125, 6.05625, 2.4375, 9.08125 ], "texture": "#cauldron_inner" },
        "east":  { "uv": [ 13.5625, 6.05625, 14.3188, 9.08125 ], "texture": "#cauldron_inner" }
    }
},
{
    "__comment": "mini record*",
    "from": [ 4.15615, 6.91875, 3.95 ],
    "to": [ 4.53428, 9.94375, 4.70625 ],
    "faces": {
        "down":  { "uv": [ 11.8439, 4.70625, 11.4657, 3.95 ], "texture": "#cauldron_inner" },
        "up":    { "uv": [ 4.15615, 3.95, 4.53428, 4.70625 ], "texture": "#cauldron_inner" },
        "north": { "uv": [ 11.4657, 6.05625, 11.8439, 9.08125 ], "texture": "#cauldron_inner" },
        "south": { "uv": [ 4.15615, 6.05625, 4.53428, 9.08125 ], "texture": "#cauldron_inner" },
        "west":  { "uv": [ 3.95, 6.05625, 4.70625, 9.08125 ], "texture": "#cauldron_inner" },
        "east":  { "uv": [ 11.2938, 6.05625, 12.05, 9.08125 ], "texture": "#cauldron_inner" }
    }
},
{
    "__comment": "mini record mid*",
    "from": [ 3.775, 7.675, 2.4375 ],
    "to": [ 4.90938, 9.1875, 3.95 ],
    "faces": {
        "down":  { "uv": [ 12.225, 3.95, 11.0906, 2.4375 ], "texture": "#hardened_clay_stained_cyan" },
        "up":    { "uv": [ 3.775, 2.4375, 4.90938, 3.95 ], "texture": "#hardened_clay_stained_cyan" },
        "north": { "uv": [ 11.0906, 6.8125, 12.225, 8.325 ], "texture": "#hardened_clay_stained_cyan" },
        "south": { "uv": [ 3.775, 6.8125, 4.90938, 8.325 ], "texture": "#hardened_clay_stained_cyan" },
        "west":  { "uv": [ 2.4375, 6.8125, 3.95, 8.325 ], "texture": "#hardened_clay_stained_cyan" },
        "east":  { "uv": [ 12.05, 6.8125, 13.5625, 8.325 ], "texture": "#hardened_clay_stained_cyan" }
    }
},
{
    "__comment": "mini record mid*",
    "from": [ 13.025, 7.675, 2.4375 ],
    "to": [ 14.1594, 9.1875, 3.95 ],
    "faces": {
        "down":  { "uv": [ 2.975, 3.95, 1.84062, 2.4375 ], "texture": "#hardened_clay_stained_yellow" },
        "up":    { "uv": [ 13.025, 2.4375, 14.1594, 3.95 ], "texture": "#hardened_clay_stained_yellow" },
        "north": { "uv": [ 1.84062, 6.8125, 2.975, 8.325 ], "texture": "#hardened_clay_stained_yellow" },
        "south": { "uv": [ 13.025, 6.8125, 14.1594, 8.325 ], "texture": "#hardened_clay_stained_yellow" },
        "west":  { "uv": [ 2.4375, 6.8125, 3.95, 8.325 ], "texture": "#hardened_clay_stained_yellow" },
        "east":  { "uv": [ 12.05, 6.8125, 13.5625, 8.325 ], "texture": "#hardened_clay_stained_yellow" }
    }
},
{
    "__comment": "mini record mid*",
    "from": [ 11.025, 7.675, 2.4375 ],
    "to": [ 12.1594, 9.1875, 3.95 ],
    "faces": {
        "down":  { "uv": [ 4.975, 3.95, 3.84062, 2.4375 ], "texture": "#hardened_clay_stained_red" },
        "up":    { "uv": [ 11.025, 2.4375, 12.1594, 3.95 ], "texture": "#hardened_clay_stained_red" },
        "north": { "uv": [ 3.84062, 6.8125, 4.975, 8.325 ], "texture": "#hardened_clay_stained_red" },
        "south": { "uv": [ 11.025, 6.8125, 12.1594, 8.325 ], "texture": "#hardened_clay_stained_red" },
        "west":  { "uv": [ 2.4375, 6.8125, 3.95, 8.325 ], "texture": "#hardened_clay_stained_red" },
        "east":  { "uv": [ 12.05, 6.8125, 13.5625, 8.325 ], "texture": "#hardened_clay_stained_red" }
    }
},
{
    "__comment": "mini record mid*",
    "from": [ 7.775, 7.675, 2.4375 ],
    "to": [ 8.90938, 9.1875, 3.95 ],
    "faces": {
        "down":  { "uv": [ 8.225, 3.95, 7.09062, 2.4375 ], "texture": "#hardened_clay_stained_pink" },
        "up":    { "uv": [ 7.775, 2.4375, 8.90938, 3.95 ], "texture": "#hardened_clay_stained_pink" },
        "north": { "uv": [ 7.09062, 6.8125, 8.225, 8.325 ], "texture": "#hardened_clay_stained_pink" },
        "south": { "uv": [ 7.775, 6.8125, 8.90938, 8.325 ], "texture": "#hardened_clay_stained_pink" },
        "west":  { "uv": [ 2.4375, 6.8125, 3.95, 8.325 ], "texture": "#hardened_clay_stained_pink" },
        "east":  { "uv": [ 12.05, 6.8125, 13.5625, 8.325 ], "texture": "#hardened_clay_stained_pink" }
    }
},
{
    "__comment": "mini record mid*",
    "from": [ 5.875, 7.675, 2.4375 ],
    "to": [ 7.00938, 9.1875, 3.95 ],
    "faces": {
        "down":  { "uv": [ 10.125, 3.95, 8.99062, 2.4375 ], "texture": "#hardened_clay_stained_white" },
        "up":    { "uv": [ 5.875, 2.4375, 7.00938, 3.95 ], "texture": "#hardened_clay_stained_white" },
        "north": { "uv": [ 8.99062, 6.8125, 10.125, 8.325 ], "texture": "#hardened_clay_stained_white" },
        "south": { "uv": [ 5.875, 6.8125, 7.00938, 8.325 ], "texture": "#hardened_clay_stained_white" },
        "west":  { "uv": [ 2.4375, 6.8125, 3.95, 8.325 ], "texture": "#hardened_clay_stained_white" },
        "east":  { "uv": [ 12.05, 6.8125, 13.5625, 8.325 ], "texture": "#hardened_clay_stained_white" }
    }
},
{
    "__comment": "mini record*",
    "from": [ 13.4031, 7.675, 1.30312 ],
    "to": [ 13.7813, 9.1875, 5.08437 ],
    "faces": {
        "down":  { "uv": [ 2.59687, 5.08437, 2.21875, 1.30312 ], "texture": "#cauldron_inner" },
        "up":    { "uv": [ 13.4031, 1.30312, 13.7813, 5.08437 ], "texture": "#cauldron_inner" },
        "north": { "uv": [ 2.21875, 6.8125, 2.59688, 8.325 ], "texture": "#cauldron_inner" },
        "south": { "uv": [ 13.4031, 6.8125, 13.7813, 8.325 ], "texture": "#cauldron_inner" },
        "west":  { "uv": [ 1.30312, 6.8125, 5.08437, 8.325 ], "texture": "#cauldron_inner" },
        "east":  { "uv": [ 10.9156, 6.8125, 14.6969, 8.325 ], "texture": "#cauldron_inner" }
    }
},
{
    "__comment": "mini record*",
    "from": [ 13.4031, 6.54063, 2.4375 ],
    "to": [ 13.7813, 10.3219, 3.95 ],
    "faces": {
        "down":  { "uv": [ 2.59687, 3.95, 2.21875, 2.4375 ], "texture": "#cauldron_inner" },
        "up":    { "uv": [ 13.4031, 2.4375, 13.7813, 3.95 ], "texture": "#cauldron_inner" },
        "north": { "uv": [ 2.21875, 5.67812, 2.59688, 9.45937 ], "texture": "#cauldron_inner" },
        "south": { "uv": [ 13.4031, 5.67812, 13.7813, 9.45937 ], "texture": "#cauldron_inner" },
        "west":  { "uv": [ 2.4375, 5.67812, 3.95, 9.45937 ], "texture": "#cauldron_inner" },
        "east":  { "uv": [ 12.05, 5.67812, 13.5625, 9.45937 ], "texture": "#cauldron_inner" }
    }
},
{
    "__comment": "mini record*",
    "from": [ 13.4062, 6.91875, 1.68125 ],
    "to": [ 13.7843, 9.94375, 2.4375 ],
    "faces": {
        "down":  { "uv": [ 2.59385, 2.4375, 2.21572, 1.68125 ], "texture": "#cauldron_inner" },
        "up":    { "uv": [ 13.4062, 1.68125, 13.7843, 2.4375 ], "texture": "#cauldron_inner" },
        "north": { "uv": [ 2.21572, 6.05625, 2.59385, 9.08125 ], "texture": "#cauldron_inner" },
        "south": { "uv": [ 13.4062, 6.05625, 13.7843, 9.08125 ], "texture": "#cauldron_inner" },
        "west":  { "uv": [ 1.68125, 6.05625, 2.4375, 9.08125 ], "texture": "#cauldron_inner" },
        "east":  { "uv": [ 13.5625, 6.05625, 14.3188, 9.08125 ], "texture": "#cauldron_inner" }
    }
},
{
    "__comment": "mini record*",
    "from": [ 13.4062, 6.91875, 3.95 ],
    "to": [ 13.7843, 9.94375, 4.70625 ],
    "faces": {
        "down":  { "uv": [ 2.59385, 4.70625, 2.21572, 3.95 ], "texture": "#cauldron_inner" },
        "up":    { "uv": [ 13.4062, 3.95, 13.7843, 4.70625 ], "texture": "#cauldron_inner" },
        "north": { "uv": [ 2.21572, 6.05625, 2.59385, 9.08125 ], "texture": "#cauldron_inner" },
        "south": { "uv": [ 13.4062, 6.05625, 13.7843, 9.08125 ], "texture": "#cauldron_inner" },
        "west":  { "uv": [ 3.95, 6.05625, 4.70625, 9.08125 ], "texture": "#cauldron_inner" },
        "east":  { "uv": [ 11.2938, 6.05625, 12.05, 9.08125 ], "texture": "#cauldron_inner" }
    }
},
{
    "__comment": "mini record*",
    "from": [ 11.4031, 7.675, 1.30312 ],
    "to": [ 11.7813, 9.1875, 5.08437 ],
    "faces": {
        "down":  { "uv": [ 4.59687, 5.08437, 4.21875, 1.30312 ], "texture": "#cauldron_inner" },
        "up":    { "uv": [ 11.4031, 1.30312, 11.7813, 5.08437 ], "texture": "#cauldron_inner" },
        "north": { "uv": [ 4.21875, 6.8125, 4.59688, 8.325 ], "texture": "#cauldron_inner" },
        "south": { "uv": [ 11.4031, 6.8125, 11.7813, 8.325 ], "texture": "#cauldron_inner" },
        "west":  { "uv": [ 1.30312, 6.8125, 5.08437, 8.325 ], "texture": "#cauldron_inner" },
        "east":  { "uv": [ 10.9156, 6.8125, 14.6969, 8.325 ], "texture": "#cauldron_inner" }
    }
},
{
    "__comment": "mini record*",
    "from": [ 11.4031, 6.54063, 2.4375 ],
    "to": [ 11.7813, 10.3219, 3.95 ],
    "faces": {
        "down":  { "uv": [ 4.59687, 3.95, 4.21875, 2.4375 ], "texture": "#cauldron_inner" },
        "up":    { "uv": [ 11.4031, 2.4375, 11.7813, 3.95 ], "texture": "#cauldron_inner" },
        "north": { "uv": [ 4.21875, 5.67812, 4.59688, 9.45937 ], "texture": "#cauldron_inner" },
        "south": { "uv": [ 11.4031, 5.67812, 11.7813, 9.45937 ], "texture": "#cauldron_inner" },
        "west":  { "uv": [ 2.4375, 5.67812, 3.95, 9.45937 ], "texture": "#cauldron_inner" },
        "east":  { "uv": [ 12.05, 5.67812, 13.5625, 9.45937 ], "texture": "#cauldron_inner" }
    }
},
{
    "__comment": "mini record*",
    "from": [ 11.4062, 6.91875, 1.68125 ],
    "to": [ 11.7843, 9.94375, 2.4375 ],
    "faces": {
        "down":  { "uv": [ 4.59385, 2.4375, 4.21572, 1.68125 ], "texture": "#cauldron_inner" },
        "up":    { "uv": [ 11.4062, 1.68125, 11.7843, 2.4375 ], "texture": "#cauldron_inner" },
        "north": { "uv": [ 4.21572, 6.05625, 4.59385, 9.08125 ], "texture": "#cauldron_inner" },
        "south": { "uv": [ 11.4062, 6.05625, 11.7843, 9.08125 ], "texture": "#cauldron_inner" },
        "west":  { "uv": [ 1.68125, 6.05625, 2.4375, 9.08125 ], "texture": "#cauldron_inner" },
        "east":  { "uv": [ 13.5625, 6.05625, 14.3188, 9.08125 ], "texture": "#cauldron_inner" }
    }
},
{
    "__comment": "mini record*",
    "from": [ 11.4062, 6.91875, 3.95 ],
    "to": [ 11.7843, 9.94375, 4.70625 ],
    "faces": {
        "down":  { "uv": [ 4.59385, 4.70625, 4.21572, 3.95 ], "texture": "#cauldron_inner" },
        "up":    { "uv": [ 11.4062, 3.95, 11.7843, 4.70625 ], "texture": "#cauldron_inner" },
        "north": { "uv": [ 4.21572, 6.05625, 4.59385, 9.08125 ], "texture": "#cauldron_inner" },
        "south": { "uv": [ 11.4062, 6.05625, 11.7843, 9.08125 ], "texture": "#cauldron_inner" },
        "west":  { "uv": [ 3.95, 6.05625, 4.70625, 9.08125 ], "texture": "#cauldron_inner" },
        "east":  { "uv": [ 11.2938, 6.05625, 12.05, 9.08125 ], "texture": "#cauldron_inner" }
    }
},
{
    "__comment": "mini record*",
    "from": [ 8.15312, 7.675, 1.30312 ],
    "to": [ 8.53125, 9.1875, 5.08437 ],
    "faces": {
        "down":  { "uv": [ 7.84687, 5.08437, 7.46875, 1.30312 ], "texture": "#cauldron_inner" },
        "up":    { "uv": [ 8.15312, 1.30312, 8.53125, 5.08437 ], "texture": "#cauldron_inner" },
        "north": { "uv": [ 7.46875, 6.8125, 7.84688, 8.325 ], "texture": "#cauldron_inner" },
        "south": { "uv": [ 8.15312, 6.8125, 8.53125, 8.325 ], "texture": "#cauldron_inner" },
        "west":  { "uv": [ 1.30312, 6.8125, 5.08437, 8.325 ], "texture": "#cauldron_inner" },
        "east":  { "uv": [ 10.9156, 6.8125, 14.6969, 8.325 ], "texture": "#cauldron_inner" }
    }
},
{
    "__comment": "mini record*",
    "from": [ 8.15312, 6.54063, 2.4375 ],
    "to": [ 8.53125, 10.3219, 3.95 ],
    "faces": {
        "down":  { "uv": [ 7.84687, 3.95, 7.46875, 2.4375 ], "texture": "#cauldron_inner" },
        "up":    { "uv": [ 8.15312, 2.4375, 8.53125, 3.95 ], "texture": "#cauldron_inner" },
        "north": { "uv": [ 7.46875, 5.67812, 7.84688, 9.45937 ], "texture": "#cauldron_inner" },
        "south": { "uv": [ 8.15312, 5.67812, 8.53125, 9.45937 ], "texture": "#cauldron_inner" },
        "west":  { "uv": [ 2.4375, 5.67812, 3.95, 9.45937 ], "texture": "#cauldron_inner" },
        "east":  { "uv": [ 12.05, 5.67812, 13.5625, 9.45937 ], "texture": "#cauldron_inner" }
    }
},
{
    "__comment": "mini record*",
    "from": [ 8.15615, 6.91875, 1.68125 ],
    "to": [ 8.53428, 9.94375, 2.4375 ],
    "faces": {
        "down":  { "uv": [ 7.84385, 2.4375, 7.46572, 1.68125 ], "texture": "#cauldron_inner" },
        "up":    { "uv": [ 8.15615, 1.68125, 8.53428, 2.4375 ], "texture": "#cauldron_inner" },
        "north": { "uv": [ 7.46572, 6.05625, 7.84385, 9.08125 ], "texture": "#cauldron_inner" },
        "south": { "uv": [ 8.15615, 6.05625, 8.53428, 9.08125 ], "texture": "#cauldron_inner" },
        "west":  { "uv": [ 1.68125, 6.05625, 2.4375, 9.08125 ], "texture": "#cauldron_inner" },
        "east":  { "uv": [ 13.5625, 6.05625, 14.3188, 9.08125 ], "texture": "#cauldron_inner" }
    }
},
{
    "__comment": "mini record*",
    "from": [ 8.15615, 6.91875, 3.95 ],
    "to": [ 8.53428, 9.94375, 4.70625 ],
    "faces": {
        "down":  { "uv": [ 7.84385, 4.70625, 7.46572, 3.95 ], "texture": "#cauldron_inner" },
        "up":    { "uv": [ 8.15615, 3.95, 8.53428, 4.70625 ], "texture": "#cauldron_inner" },
        "north": { "uv": [ 7.46572, 6.05625, 7.84385, 9.08125 ], "texture": "#cauldron_inner" },
        "south": { "uv": [ 8.15615, 6.05625, 8.53428, 9.08125 ], "texture": "#cauldron_inner" },
        "west":  { "uv": [ 3.95, 6.05625, 4.70625, 9.08125 ], "texture": "#cauldron_inner" },
        "east":  { "uv": [ 11.2938, 6.05625, 12.05, 9.08125 ], "texture": "#cauldron_inner" }
    }
},
{
    "__comment": "mini record*",
    "from": [ 6.25312, 7.675, 1.30312 ],
    "to": [ 6.63125, 9.1875, 5.08437 ],
    "faces": {
        "down":  { "uv": [ 9.74687, 5.08437, 9.36875, 1.30312 ], "texture": "#cauldron_inner" },
        "up":    { "uv": [ 6.25313, 1.30312, 6.63125, 5.08437 ], "texture": "#cauldron_inner" },
        "north": { "uv": [ 9.36875, 6.8125, 9.74687, 8.325 ], "texture": "#cauldron_inner" },
        "south": { "uv": [ 6.25313, 6.8125, 6.63125, 8.325 ], "texture": "#cauldron_inner" },
        "west":  { "uv": [ 1.30312, 6.8125, 5.08437, 8.325 ], "texture": "#cauldron_inner" },
        "east":  { "uv": [ 10.9156, 6.8125, 14.6969, 8.325 ], "texture": "#cauldron_inner" }
    }
},
{
    "__comment": "mini record*",
    "from": [ 6.25312, 6.54063, 2.4375 ],
    "to": [ 6.63125, 10.3219, 3.95 ],
    "faces": {
        "down":  { "uv": [ 9.74687, 3.95, 9.36875, 2.4375 ], "texture": "#cauldron_inner" },
        "up":    { "uv": [ 6.25313, 2.4375, 6.63125, 3.95 ], "texture": "#cauldron_inner" },
        "north": { "uv": [ 9.36875, 5.67812, 9.74687, 9.45937 ], "texture": "#cauldron_inner" },
        "south": { "uv": [ 6.25313, 5.67812, 6.63125, 9.45937 ], "texture": "#cauldron_inner" },
        "west":  { "uv": [ 2.4375, 5.67812, 3.95, 9.45937 ], "texture": "#cauldron_inner" },
        "east":  { "uv": [ 12.05, 5.67812, 13.5625, 9.45937 ], "texture": "#cauldron_inner" }
    }
},
{
    "__comment": "mini record*",
    "from": [ 6.25615, 6.91875, 1.68125 ],
    "to": [ 6.63427, 9.94375, 2.4375 ],
    "faces": {
        "down":  { "uv": [ 9.74385, 2.4375, 9.36572, 1.68125 ], "texture": "#cauldron_inner" },
        "up":    { "uv": [ 6.25615, 1.68125, 6.63427, 2.4375 ], "texture": "#cauldron_inner" },
        "north": { "uv": [ 9.36572, 6.05625, 9.74385, 9.08125 ], "texture": "#cauldron_inner" },
        "south": { "uv": [ 6.25615, 6.05625, 6.63427, 9.08125 ], "texture": "#cauldron_inner" },
        "west":  { "uv": [ 1.68125, 6.05625, 2.4375, 9.08125 ], "texture": "#cauldron_inner" },
        "east":  { "uv": [ 13.5625, 6.05625, 14.3188, 9.08125 ], "texture": "#cauldron_inner" }
    }
},
{
    "__comment": "mini record*",
    "from": [ 6.25615, 6.91875, 3.95 ],
    "to": [ 6.63427, 9.94375, 4.70625 ],
    "faces": {
        "down":  { "uv": [ 9.74385, 4.70625, 9.36572, 3.95 ], "texture": "#cauldron_inner" },
        "up":    { "uv": [ 6.25615, 3.95, 6.63427, 4.70625 ], "texture": "#cauldron_inner" },
        "north": { "uv": [ 9.36572, 6.05625, 9.74385, 9.08125 ], "texture": "#cauldron_inner" },
        "south": { "uv": [ 6.25615, 6.05625, 6.63427, 9.08125 ], "texture": "#cauldron_inner" },
        "west":  { "uv": [ 3.95, 6.05625, 4.70625, 9.08125 ], "texture": "#cauldron_inner" },
        "east":  { "uv": [ 11.2938, 6.05625, 12.05, 9.08125 ], "texture": "#cauldron_inner" }
    }
},
{
    "__comment": "glass",
    "from": [ 7.25, 16.468, 2.25 ],
    "to": [ 8, 16.469, 3 ],
    "faces": {
        "down":  { "uv": [ 4.5, 0, 14.25, 0.25 ], "texture": "#glass" },
        "up":    { "uv": [ 4.5, 0, 14.25, 0.25 ], "texture": "#glass" },
        "north": { "uv": [ 4.25, 0, 14.25, 0.25 ], "texture": "#glass" },
        "south": { "uv": [ 4.25, 0, 14.25, 0.25 ], "texture": "#glass" },
        "west":  { "uv": [ 4.75, 0, 14.5, 0.25 ], "texture": "#glass" },
        "east":  { "uv": [ 4.75, 0, 14.5, 0.25 ], "texture": "#glass" }
    }
},
{
    "__comment": "glass",
    "from": [ 6.5, 16.468, 3 ],
    "to": [ 7.25, 16.469, 3.75 ],
    "faces": {
        "down":  { "uv": [ 4.5, 0, 14.25, 0.25 ], "texture": "#glass" },
        "up":    { "uv": [ 4.5, 0, 14.25, 0.25 ], "texture": "#glass" },
        "north": { "uv": [ 4.25, 0, 14.25, 0.25 ], "texture": "#glass" },
        "south": { "uv": [ 4.25, 0, 14.25, 0.25 ], "texture": "#glass" },
        "west":  { "uv": [ 4.75, 0, 14.5, 0.25 ], "texture": "#glass" },
        "east":  { "uv": [ 4.75, 0, 14.5, 0.25 ], "texture": "#glass" }
    }
},
{
    "__comment": "glass",
    "from": [ 3, 16.468, 4 ],
    "to": [ 3.75, 16.469, 4.75 ],
    "faces": {
        "down":  { "uv": [ 4.5, 0, 14.25, 0.25 ], "texture": "#glass" },
        "up":    { "uv": [ 4.5, 0, 14.25, 0.25 ], "texture": "#glass" },
        "north": { "uv": [ 4.25, 0, 14.25, 0.25 ], "texture": "#glass" },
        "south": { "uv": [ 4.25, 0, 14.25, 0.25 ], "texture": "#glass" },
        "west":  { "uv": [ 4.75, 0, 14.5, 0.25 ], "texture": "#glass" },
        "east":  { "uv": [ 4.75, 0, 14.5, 0.25 ], "texture": "#glass" }
    }
},
{
    "__comment": "glass",
    "from": [ 2.25, 16.468, 4.75 ],
    "to": [ 3, 16.469, 5.5 ],
    "faces": {
        "down":  { "uv": [ 4.5, 0, 14.25, 0.25 ], "texture": "#glass" },
        "up":    { "uv": [ 4.5, 0, 14.25, 0.25 ], "texture": "#glass" },
        "north": { "uv": [ 4.25, 0, 14.25, 0.25 ], "texture": "#glass" },
        "south": { "uv": [ 4.25, 0, 14.25, 0.25 ], "texture": "#glass" },
        "west":  { "uv": [ 4.75, 0, 14.5, 0.25 ], "texture": "#glass" },
        "east":  { "uv": [ 4.75, 0, 14.5, 0.25 ], "texture": "#glass" }
    }
},
{
    "__comment": "glass",
    "from": [ 3.75, 16.468, 3.25 ],
    "to": [ 4.5, 16.469, 4 ],
    "faces": {
        "down":  { "uv": [ 4.5, 0, 14.25, 0.25 ], "texture": "#glass" },
        "up":    { "uv": [ 4.5, 0, 14.25, 0.25 ], "texture": "#glass" },
        "north": { "uv": [ 4.25, 0, 14.25, 0.25 ], "texture": "#glass" },
        "south": { "uv": [ 4.25, 0, 14.25, 0.25 ], "texture": "#glass" },
        "west":  { "uv": [ 4.75, 0, 14.5, 0.25 ], "texture": "#glass" },
        "east":  { "uv": [ 4.75, 0, 14.5, 0.25 ], "texture": "#glass" }
    }
},
{
    "__comment": "glass",
    "from": [ 12.75, 16.468, 3.75 ],
    "to": [ 13.5, 16.469, 4.5 ],
    "faces": {
        "down":  { "uv": [ 4.5, 0, 14.25, 0.25 ], "texture": "#glass" },
        "up":    { "uv": [ 4.5, 0, 14.25, 0.25 ], "texture": "#glass" },
        "north": { "uv": [ 4.25, 0, 14.25, 0.25 ], "texture": "#glass" },
        "south": { "uv": [ 4.25, 0, 14.25, 0.25 ], "texture": "#glass" },
        "west":  { "uv": [ 4.75, 0, 14.5, 0.25 ], "texture": "#glass" },
        "east":  { "uv": [ 4.75, 0, 14.5, 0.25 ], "texture": "#glass" }
    }
},
{
    "__comment": "glass",
    "from": [ 12, 16.468, 4.5 ],
    "to": [ 12.75, 16.469, 5.25 ],
    "faces": {
        "down":  { "uv": [ 4.5, 0, 14.25, 0.25 ], "texture": "#glass" },
        "up":    { "uv": [ 4.5, 0, 14.25, 0.25 ], "texture": "#glass" },
        "north": { "uv": [ 4.25, 0, 14.25, 0.25 ], "texture": "#glass" },
        "south": { "uv": [ 4.25, 0, 14.25, 0.25 ], "texture": "#glass" },
        "west":  { "uv": [ 4.75, 0, 14.5, 0.25 ], "texture": "#glass" },
        "east":  { "uv": [ 4.75, 0, 14.5, 0.25 ], "texture": "#glass" }
    }
},
{
    "__comment": "glass",
    "from": [ 11.25, 16.468, 5.25 ],
    "to": [ 12, 16.469, 6 ],
    "faces": {
        "down":  { "uv": [ 4.5, 0, 14.25, 0.25 ], "texture": "#glass" },
        "up":    { "uv": [ 4.5, 0, 14.25, 0.25 ], "texture": "#glass" },
        "north": { "uv": [ 4.25, 0, 14.25, 0.25 ], "texture": "#glass" },
        "south": { "uv": [ 4.25, 0, 14.25, 0.25 ], "texture": "#glass" },
        "west":  { "uv": [ 4.75, 0, 14.5, 0.25 ], "texture": "#glass" },
        "east":  { "uv": [ 4.75, 0, 14.5, 0.25 ], "texture": "#glass" }
    }
},
{
    "__comment": "glass",
    "from": [ 8.75, 16.468, 4.5 ],
    "to": [ 9.5, 16.469, 5.25 ],
    "faces": {
        "down":  { "uv": [ 4.5, 0, 14.25, 0.25 ], "texture": "#glass" },
        "up":    { "uv": [ 4.5, 0, 14.25, 0.25 ], "texture": "#glass" },
        "north": { "uv": [ 4.25, 0, 14.25, 0.25 ], "texture": "#glass" },
        "south": { "uv": [ 4.25, 0, 14.25, 0.25 ], "texture": "#glass" },
        "west":  { "uv": [ 4.75, 0, 14.5, 0.25 ], "texture": "#glass" },
        "east":  { "uv": [ 4.75, 0, 14.5, 0.25 ], "texture": "#glass" }
    }
},
{
    "__comment": "glass",
    "from": [ 8, 16.468, 5.25 ],
    "to": [ 8.75, 16.469, 6 ],
    "faces": {
        "down":  { "uv": [ 4.5, 0, 14.25, 0.25 ], "texture": "#glass" },
        "up":    { "uv": [ 4.5, 0, 14.25, 0.25 ], "texture": "#glass" },
        "north": { "uv": [ 4.25, 0, 14.25, 0.25 ], "texture": "#glass" },
        "south": { "uv": [ 4.25, 0, 14.25, 0.25 ], "texture": "#glass" },
        "west":  { "uv": [ 4.75, 0, 14.5, 0.25 ], "texture": "#glass" },
        "east":  { "uv": [ 4.75, 0, 14.5, 0.25 ], "texture": "#glass" }
    }
},
{
    "__comment": "glass",
    "from": [ 7.25, 16.468, 6 ],
    "to": [ 8, 16.469, 6.75 ],
    "faces": {
        "down":  { "uv": [ 4.5, 0, 14.25, 0.25 ], "texture": "#glass" },
        "up":    { "uv": [ 4.5, 0, 14.25, 0.25 ], "texture": "#glass" },
        "north": { "uv": [ 4.25, 0, 14.25, 0.25 ], "texture": "#glass" },
        "south": { "uv": [ 4.25, 0, 14.25, 0.25 ], "texture": "#glass" },
        "west":  { "uv": [ 4.75, 0, 14.5, 0.25 ], "texture": "#glass" },
        "east":  { "uv": [ 4.75, 0, 14.5, 0.25 ], "texture": "#glass" }
    }
},
{
    "__comment": "glass",
    "from": [ 6.5, 16.468, 6.75 ],
    "to": [ 7.25, 16.469, 7.5 ],
    "faces": {
        "down":  { "uv": [ 4.5, 0, 14.25, 0.25 ], "texture": "#glass" },
        "up":    { "uv": [ 4.5, 0, 14.25, 0.25 ], "texture": "#glass" },
        "north": { "uv": [ 4.25, 0, 14.25, 0.25 ], "texture": "#glass" },
        "south": { "uv": [ 4.25, 0, 14.25, 0.25 ], "texture": "#glass" },
        "west":  { "uv": [ 4.75, 0, 14.5, 0.25 ], "texture": "#glass" },
        "east":  { "uv": [ 4.75, 0, 14.5, 0.25 ], "texture": "#glass" }
    }
},
{
    "__comment": "glass",
    "from": [ 3, 16.468, 7 ],
    "to": [ 3.75, 16.469, 7.75 ],
    "faces": {
        "down":  { "uv": [ 4.5, 0, 14.25, 0.25 ], "texture": "#glass" },
        "up":    { "uv": [ 4.5, 0, 14.25, 0.25 ], "texture": "#glass" },
        "north": { "uv": [ 4.25, 0, 14.25, 0.25 ], "texture": "#glass" },
        "south": { "uv": [ 4.25, 0, 14.25, 0.25 ], "texture": "#glass" },
        "west":  { "uv": [ 4.75, 0, 14.5, 0.25 ], "texture": "#glass" },
        "east":  { "uv": [ 4.75, 0, 14.5, 0.25 ], "texture": "#glass" }
    }
},
{
    "__comment": "glass",
    "from": [ 2.25, 16.468, 7.75 ],
    "to": [ 3, 16.469, 8.5 ],
    "faces": {
        "down":  { "uv": [ 4.5, 0, 14.25, 0.25 ], "texture": "#glass" },
        "up":    { "uv": [ 4.5, 0, 14.25, 0.25 ], "texture": "#glass" },
        "north": { "uv": [ 4.25, 0, 14.25, 0.25 ], "texture": "#glass" },
        "south": { "uv": [ 4.25, 0, 14.25, 0.25 ], "texture": "#glass" },
        "west":  { "uv": [ 4.75, 0, 14.5, 0.25 ], "texture": "#glass" },
        "east":  { "uv": [ 4.75, 0, 14.5, 0.25 ], "texture": "#glass" }
    }
},
{
    "__comment": "glass",
    "from": [ 2.25, 16.468, 11 ],
    "to": [ 3, 16.469, 11.75 ],
    "faces": {
        "down":  { "uv": [ 4.5, 0, 14.25, 0.25 ], "texture": "#glass" },
        "up":    { "uv": [ 4.5, 0, 14.25, 0.25 ], "texture": "#glass" },
        "north": { "uv": [ 4.25, 0, 14.25, 0.25 ], "texture": "#glass" },
        "south": { "uv": [ 4.25, 0, 14.25, 0.25 ], "texture": "#glass" },
        "west":  { "uv": [ 4.75, 0, 14.5, 0.25 ], "texture": "#glass" },
        "east":  { "uv": [ 4.75, 0, 14.5, 0.25 ], "texture": "#glass" }
    }
},
{
    "__comment": "glass",
    "from": [ 11.25, 16.468, 10.25 ],
    "to": [ 12, 16.469, 11 ],
    "faces": {
        "down":  { "uv": [ 4.5, 0, 14.25, 0.25 ], "texture": "#glass" },
        "up":    { "uv": [ 4.5, 0, 14.25, 0.25 ], "texture": "#glass" },
        "north": { "uv": [ 4.25, 0, 14.25, 0.25 ], "texture": "#glass" },
        "south": { "uv": [ 4.25, 0, 14.25, 0.25 ], "texture": "#glass" },
        "west":  { "uv": [ 4.75, 0, 14.5, 0.25 ], "texture": "#glass" },
        "east":  { "uv": [ 4.75, 0, 14.5, 0.25 ], "texture": "#glass" }
    }
},
{
    "__comment": "glass",
    "from": [ 9.75, 16.468, 11.75 ],
    "to": [ 10.5, 16.469, 12.5 ],
    "faces": {
        "down":  { "uv": [ 4.5, 0, 14.25, 0.25 ], "texture": "#glass" },
        "up":    { "uv": [ 4.5, 0, 14.25, 0.25 ], "texture": "#glass" },
        "north": { "uv": [ 4.25, 0, 14.25, 0.25 ], "texture": "#glass" },
        "south": { "uv": [ 4.25, 0, 14.25, 0.25 ], "texture": "#glass" },
        "west":  { "uv": [ 4.75, 0, 14.5, 0.25 ], "texture": "#glass" },
        "east":  { "uv": [ 4.75, 0, 14.5, 0.25 ], "texture": "#glass" }
    }
},
{
    "__comment": "glass",
    "from": [ 8, 16.468, 8.5 ],
    "to": [ 8.75, 16.469, 9.25 ],
    "faces": {
        "down":  { "uv": [ 4.5, 0, 14.25, 0.25 ], "texture": "#glass" },
        "up":    { "uv": [ 4.5, 0, 14.25, 0.25 ], "texture": "#glass" },
        "north": { "uv": [ 4.25, 0, 14.25, 0.25 ], "texture": "#glass" },
        "south": { "uv": [ 4.25, 0, 14.25, 0.25 ], "texture": "#glass" },
        "west":  { "uv": [ 4.75, 0, 14.5, 0.25 ], "texture": "#glass" },
        "east":  { "uv": [ 4.75, 0, 14.5, 0.25 ], "texture": "#glass" }
    }
},
{
    "__comment": "glass",
    "from": [ 7.25, 16.468, 9.25 ],
    "to": [ 8, 16.469, 10 ],
    "faces": {
        "down":  { "uv": [ 4.5, 0, 14.25, 0.25 ], "texture": "#glass" },
        "up":    { "uv": [ 4.5, 0, 14.25, 0.25 ], "texture": "#glass" },
        "north": { "uv": [ 4.25, 0, 14.25, 0.25 ], "texture": "#glass" },
        "south": { "uv": [ 4.25, 0, 14.25, 0.25 ], "texture": "#glass" },
        "west":  { "uv": [ 4.75, 0, 14.5, 0.25 ], "texture": "#glass" },
        "east":  { "uv": [ 4.75, 0, 14.5, 0.25 ], "texture": "#glass" }
    }
},
{
    "__comment": "glass",
    "from": [ 6.5, 16.468, 10 ],
    "to": [ 7.25, 16.469, 10.75 ],
    "faces": {
        "down":  { "uv": [ 4.5, 0, 14.25, 0.25 ], "texture": "#glass" },
        "up":    { "uv": [ 4.5, 0, 14.25, 0.25 ], "texture": "#glass" },
        "north": { "uv": [ 4.25, 0, 14.25, 0.25 ], "texture": "#glass" },
        "south": { "uv": [ 4.25, 0, 14.25, 0.25 ], "texture": "#glass" },
        "west":  { "uv": [ 4.75, 0, 14.5, 0.25 ], "texture": "#glass" },
        "east":  { "uv": [ 4.75, 0, 14.5, 0.25 ], "texture": "#glass" }
    }
},
{
    "__comment": "glass",
    "from": [ 10.5, 16.468, 11 ],
    "to": [ 11.25, 16.469, 11.75 ],
    "faces": {
        "down":  { "uv": [ 4.5, 0, 14.25, 0.25 ], "texture": "#glass" },
        "up":    { "uv": [ 4.5, 0, 14.25, 0.25 ], "texture": "#glass" },
        "north": { "uv": [ 4.25, 0, 14.25, 0.25 ], "texture": "#glass" },
        "south": { "uv": [ 4.25, 0, 14.25, 0.25 ], "texture": "#glass" },
        "west":  { "uv": [ 4.75, 0, 14.5, 0.25 ], "texture": "#glass" },
        "east":  { "uv": [ 4.75, 0, 14.5, 0.25 ], "texture": "#glass" }
    }
},
{
    "__comment": "glass",
    "from": [ 12, 16.468, 9.5 ],
    "to": [ 12.75, 16.469, 10.25 ],
    "faces": {
        "down":  { "uv": [ 4.5, 0, 14.25, 0.25 ], "texture": "#glass" },
        "up":    { "uv": [ 4.5, 0, 14.25, 0.25 ], "texture": "#glass" },
        "north": { "uv": [ 4.25, 0, 14.25, 0.25 ], "texture": "#glass" },
        "south": { "uv": [ 4.25, 0, 14.25, 0.25 ], "texture": "#glass" },
        "west":  { "uv": [ 4.75, 0, 14.5, 0.25 ], "texture": "#glass" },
        "east":  { "uv": [ 4.75, 0, 14.5, 0.25 ], "texture": "#glass" }
    }
},
{
    "__comment": "glass",
    "from": [ 1.5, 15.5, 1.5 ],
    "to": [ 2.25, 16.5, 14.5 ],
    "faces": {
        "down":  { "uv": [ 4.5, 0, 14.25, 0.25 ], "texture": "#glass" },
        "up":    { "uv": [ 4.5, 0, 14.25, 0.25 ], "texture": "#glass" },
        "north": { "uv": [ 4.25, 0, 14.25, 0.25 ], "texture": "#glass" },
        "south": { "uv": [ 4.25, 0, 14.25, 0.25 ], "texture": "#glass" },
        "west":  { "uv": [ 4.75, 0, 14.5, 0.25 ], "texture": "#glass" },
        "east":  { "uv": [ 4.75, 0, 14.5, 0.25 ], "texture": "#glass" }
    }
},
{
    "__comment": "glass",
    "from": [ 13.75, 15.5, 1.5 ],
    "to": [ 14.5, 16.5, 14.5 ],
    "faces": {
        "down":  { "uv": [ 4.5, 0, 14.25, 0.25 ], "texture": "#glass" },
        "up":    { "uv": [ 4.5, 0, 14.25, 0.25 ], "texture": "#glass" },
        "north": { "uv": [ 4.25, 0, 14.25, 0.25 ], "texture": "#glass" },
        "south": { "uv": [ 4.25, 0, 14.25, 0.25 ], "texture": "#glass" },
        "west":  { "uv": [ 4.75, 0, 14.5, 0.25 ], "texture": "#glass" },
        "east":  { "uv": [ 4.75, 0, 14.5, 0.25 ], "texture": "#glass" }
    }
},
{
    "__comment": "glass",
    "from": [ 2.25, 15.5, 1.5 ],
    "to": [ 13.75, 16.5, 2.25 ],
    "faces": {
        "down":  { "uv": [ 4.5, 0, 14.25, 0.25 ], "texture": "#glass" },
        "up":    { "uv": [ 4.5, 0, 14.25, 0.25 ], "texture": "#glass" },
        "north": { "uv": [ 4.25, 0, 14.25, 0.25 ], "texture": "#glass" },
        "south": { "uv": [ 4.25, 0, 14.25, 0.25 ], "texture": "#glass" },
        "west":  { "uv": [ 4.75, 0, 14.5, 0.25 ], "texture": "#glass" },
        "east":  { "uv": [ 4.75, 0, 14.5, 0.25 ], "texture": "#glass" }
    }
},
{
    "__comment": "glass",
    "from": [ 2.25, 15.5, 13.75 ],
    "to": [ 13.75, 16.5, 14.5 ],
    "faces": {
        "down":  { "uv": [ 4.5, 0, 14.25, 0.25 ], "texture": "#glass" },
        "up":    { "uv": [ 4.5, 0, 14.25, 0.25 ], "texture": "#glass" },
        "north": { "uv": [ 4.25, 0, 14.25, 0.25 ], "texture": "#glass" },
        "south": { "uv": [ 4.25, 0, 14.25, 0.25 ], "texture": "#glass" },
        "west":  { "uv": [ 4.75, 0, 14.5, 0.25 ], "texture": "#glass" },
        "east":  { "uv": [ 4.75, 0, 14.5, 0.25 ], "texture": "#glass" }
    }
},
{
    "__comment": "record side*",
    "from": [ 0, 1.5, 1.5 ],
    "to": [ 1.5, 11.25, 14.5 ],
    "faces": {
        "down":  { "uv": [ 0, 1.5, 0.75, 14.75 ], "texture": "#jukebox_side" },
        "up":    { "uv": [ 0, 1.5, 0.75, 14.75 ], "texture": "#jukebox_side" },
        "north": { "uv": [ 0, 4.5, 0.75, 14.5 ], "texture": "#jukebox_side" },
        "south": { "uv": [ 0, 4.5, 0.75, 14.5 ], "texture": "#jukebox_side" },
        "west":  { "uv": [ 2, 6, 14, 14 ], "texture": "#jukebox_side" },
        "east":  { "uv": [ 2, 6, 14, 14 ], "texture": "#jukebox_side" }
    }
},
{
    "__comment": "record side*",
    "from": [ 14.5, 1.5, 1.5 ],
    "to": [ 16, 11.25, 14.5 ],
    "faces": {
        "down":  { "uv": [ 0, 1.5, 0.75, 14.75 ], "texture": "#jukebox_side" },
        "up":    { "uv": [ 0, 1.5, 0.75, 14.75 ], "texture": "#jukebox_side" },
        "north": { "uv": [ 0, 4.5, 0.75, 14.5 ], "texture": "#jukebox_side" },
        "south": { "uv": [ 0, 4.5, 0.75, 14.5 ], "texture": "#jukebox_side" },
        "west":  { "uv": [ 2, 6, 14, 14 ], "texture": "#jukebox_side" },
        "east":  { "uv": [ 2, 6, 14, 14 ], "texture": "#jukebox_side" }
    }
}
],
"display": {
    "thirdperson_righthand": {
        "rotation": [ 75, 45, 0 ],
        "translation": [ 0, 2.5, 0 ],
        "scale": [ 0.375, 0.375, 0.375 ]
    },
    "head": {
        "rotation": [ 0, 0, 0 ],
        "translation": [ 0, 13, 0 ],
        "scale": [ 1, 1, 1 ]
    },
    "ground": {
        "rotation": [ 0, 0, 0 ],
        "translation": [ 0, 3, 0 ],
        "scale": [ 0.25, 0.25, 0.25 ]
    },
    "fixed": {
        "rotation": [ 0, 0, 0 ],
        "translation": [ 0, 0, 0 ],
        "scale": [ 0.5, 0.5, 0.5 ]
    },
    "firstperson_righthand": {
        "rotation": [ 0, 45, 0 ],
        "translation": [ 0, 0, 0 ],
        "scale": [ 0.4, 0.4, 0.4 ]
    },
    "firstperson_lefthand": {
        "rotation": [ 0, 45, 0 ],
        "translation": [ 0, 0, 0 ],
        "scale": [ 0.4, 0.4, 0.4 ]
    },
    "gui": {
        "rotation": [ 30, 225, 0 ],
        "translation": [ 0, 0, 0 ],
        "scale": [ 0.625, 0.625, 0.625 ]
    }
}
}