{
"__comment": "Designed by CoolScreenName http://www.planetminecraft.com/member/coolscreenname/",
"textures": {
    "texture": "blocks/debug",
    "log_oak": "blocks/log_oak",
    "leaves_jungle": "blocks/leaves_jungle"
},
"elements": [ 
{
    "__comment": "!32 Banana",
    "from": [ 4.6, 5.1875, 16.575 ],
    "to": [ 5.025, 6.0375, 17.425 ],
    "faces": {
        "down":  { "uv": [ 15.25, 15.25, 15.75, 15.5 ], "texture": "#log_oak" },
        "up":    { "uv": [ 15.25, 15.25, 15.75, 15.5 ], "texture": "#log_oak" },
        "north": { "uv": [ 15.25, 15.25, 15.75, 15.5 ], "texture": "#log_oak" },
        "south": { "uv": [ 15.25, 15.25, 15.75, 15.5 ], "texture": "#log_oak" },
        "west":  { "uv": [ 15.25, 15.25, 15.75, 15.5 ], "texture": "#log_oak" },
        "east":  { "uv": [ 15.25, 15.25, 15.75, 15.5 ], "texture": "#log_oak" }
    }
},
{
    "__comment": "!32 Banana",
    "from": [ 5.025, 4.55, 16.15 ],
    "to": [ 5.875, 5.825, 17.85 ],
    "faces": {
        "down":  { "uv": [ 15.25, 15.25, 15.75, 15.5 ], "texture": "#texture" },
        "up":    { "uv": [ 15.25, 15.25, 15.75, 15.5 ], "texture": "#texture" },
        "north": { "uv": [ 15.25, 15.25, 15.75, 15.5 ], "texture": "#texture" },
        "south": { "uv": [ 15.25, 15.25, 15.75, 15.5 ], "texture": "#texture" },
        "west":  { "uv": [ 15.25, 15.25, 15.75, 15.5 ], "texture": "#texture" },
        "east":  { "uv": [ 15.25, 15.25, 15.75, 15.5 ], "texture": "#texture" }
    }
},
{
    "__comment": "!32 Banana",
    "from": [ 5.025, 4.125, 16.575 ],
    "to": [ 11.4, 4.55, 17.425 ],
    "faces": {
        "down":  { "uv": [ 15.25, 15.25, 15.75, 15.5 ], "texture": "#texture" },
        "up":    { "uv": [ 15.25, 15.25, 15.75, 15.5 ], "texture": "#texture" },
        "north": { "uv": [ 15.25, 15.25, 15.75, 15.5 ], "texture": "#texture" },
        "south": { "uv": [ 15.25, 15.25, 15.75, 15.5 ], "texture": "#texture" },
        "west":  { "uv": [ 15.25, 15.25, 15.75, 15.5 ], "texture": "#texture" },
        "east":  { "uv": [ 15.25, 15.25, 15.75, 15.5 ], "texture": "#texture" }
    }
},
{
    "__comment": "!32 Banana",
    "from": [ 5.45, 4.125, 16.15 ],
    "to": [ 10.975, 4.55, 16.575 ],
    "faces": {
        "down":  { "uv": [ 15.25, 15.25, 15.75, 15.5 ], "texture": "#texture" },
        "up":    { "uv": [ 15.25, 15.25, 15.75, 15.5 ], "texture": "#texture" },
        "north": { "uv": [ 15.25, 15.25, 15.75, 15.5 ], "texture": "#texture" },
        "south": { "uv": [ 15.25, 15.25, 15.75, 15.5 ], "texture": "#texture" },
        "west":  { "uv": [ 15.25, 15.25, 15.75, 15.5 ], "texture": "#texture" },
        "east":  { "uv": [ 15.25, 15.25, 15.75, 15.5 ], "texture": "#texture" }
    }
},
{
    "__comment": "!32 Banana",
    "from": [ 5.45, 3.7, 16.575 ],
    "to": [ 10.975, 4.125, 17.425 ],
    "faces": {
        "down":  { "uv": [ 15.25, 15.25, 15.75, 15.5 ], "texture": "#texture" },
        "up":    { "uv": [ 15.25, 15.25, 15.75, 15.5 ], "texture": "#texture" },
        "north": { "uv": [ 15.25, 15.25, 15.75, 15.5 ], "texture": "#texture" },
        "south": { "uv": [ 15.25, 15.25, 15.75, 15.5 ], "texture": "#texture" },
        "west":  { "uv": [ 15.25, 15.25, 15.75, 15.5 ], "texture": "#texture" },
        "east":  { "uv": [ 15.25, 15.25, 15.75, 15.5 ], "texture": "#texture" }
    }
},
{
    "__comment": "!32 Banana",
    "from": [ 5.45, 4.125, 17.425 ],
    "to": [ 10.975, 4.55, 17.85 ],
    "faces": {
        "down":  { "uv": [ 15.25, 15.25, 15.75, 15.5 ], "texture": "#texture" },
        "up":    { "uv": [ 15.25, 15.25, 15.75, 15.5 ], "texture": "#texture" },
        "north": { "uv": [ 15.25, 15.25, 15.75, 15.5 ], "texture": "#texture" },
        "south": { "uv": [ 15.25, 15.25, 15.75, 15.5 ], "texture": "#texture" },
        "west":  { "uv": [ 15.25, 15.25, 15.75, 15.5 ], "texture": "#texture" },
        "east":  { "uv": [ 15.25, 15.25, 15.75, 15.5 ], "texture": "#texture" }
    }
},
{
    "__comment": "!32 Banana",
    "from": [ 5.875, 3.7, 16.15 ],
    "to": [ 10.55, 4.125, 16.575 ],
    "faces": {
        "down":  { "uv": [ 15.25, 15.25, 15.75, 15.5 ], "texture": "#texture" },
        "up":    { "uv": [ 15.25, 15.25, 15.75, 15.5 ], "texture": "#texture" },
        "north": { "uv": [ 15.25, 15.25, 15.75, 15.5 ], "texture": "#texture" },
        "south": { "uv": [ 15.25, 15.25, 15.75, 15.5 ], "texture": "#texture" },
        "west":  { "uv": [ 15.25, 15.25, 15.75, 15.5 ], "texture": "#texture" },
        "east":  { "uv": [ 15.25, 15.25, 15.75, 15.5 ], "texture": "#texture" }
    }
},
{
    "__comment": "!32 Banana",
    "from": [ 5.875, 4.55, 16.15 ],
    "to": [ 6.725, 5.4, 17.85 ],
    "faces": {
        "down":  { "uv": [ 15.25, 15.25, 15.75, 15.5 ], "texture": "#texture" },
        "up":    { "uv": [ 15.25, 15.25, 15.75, 15.5 ], "texture": "#texture" },
        "north": { "uv": [ 15.25, 15.25, 15.75, 15.5 ], "texture": "#texture" },
        "south": { "uv": [ 15.25, 15.25, 15.75, 15.5 ], "texture": "#texture" },
        "west":  { "uv": [ 15.25, 15.25, 15.75, 15.5 ], "texture": "#texture" },
        "east":  { "uv": [ 15.25, 15.25, 15.75, 15.5 ], "texture": "#texture" }
    }
},
{
    "__comment": "!32 Banana",
    "from": [ 5.875, 5.4, 16.575 ],
    "to": [ 6.3, 5.825, 17.425 ],
    "faces": {
        "down":  { "uv": [ 15.25, 15.25, 15.75, 15.5 ], "texture": "#texture" },
        "up":    { "uv": [ 15.25, 15.25, 15.75, 15.5 ], "texture": "#texture" },
        "north": { "uv": [ 15.25, 15.25, 15.75, 15.5 ], "texture": "#texture" },
        "south": { "uv": [ 15.25, 15.25, 15.75, 15.5 ], "texture": "#texture" },
        "west":  { "uv": [ 15.25, 15.25, 15.75, 15.5 ], "texture": "#texture" },
        "east":  { "uv": [ 15.25, 15.25, 15.75, 15.5 ], "texture": "#texture" }
    }
},
{
    "__comment": "!32 Banana",
    "from": [ 5.875, 3.7, 17.425 ],
    "to": [ 10.55, 4.125, 17.85 ],
    "faces": {
        "down":  { "uv": [ 15.25, 15.25, 15.75, 15.5 ], "texture": "#texture" },
        "up":    { "uv": [ 15.25, 15.25, 15.75, 15.5 ], "texture": "#texture" },
        "north": { "uv": [ 15.25, 15.25, 15.75, 15.5 ], "texture": "#texture" },
        "south": { "uv": [ 15.25, 15.25, 15.75, 15.5 ], "texture": "#texture" },
        "west":  { "uv": [ 15.25, 15.25, 15.75, 15.5 ], "texture": "#texture" },
        "east":  { "uv": [ 15.25, 15.25, 15.75, 15.5 ], "texture": "#texture" }
    }
},
{
    "__comment": "!32 Banana",
    "from": [ 6.3, 3.275, 16.575 ],
    "to": [ 10.125, 3.7, 17.425 ],
    "faces": {
        "down":  { "uv": [ 15.25, 15.25, 15.75, 15.5 ], "texture": "#texture" },
        "up":    { "uv": [ 15.25, 15.25, 15.75, 15.5 ], "texture": "#texture" },
        "north": { "uv": [ 15.25, 15.25, 15.75, 15.5 ], "texture": "#texture" },
        "south": { "uv": [ 15.25, 15.25, 15.75, 15.5 ], "texture": "#texture" },
        "west":  { "uv": [ 15.25, 15.25, 15.75, 15.5 ], "texture": "#texture" },
        "east":  { "uv": [ 15.25, 15.25, 15.75, 15.5 ], "texture": "#texture" }
    }
},
{
    "__comment": "!32 Banana",
    "from": [ 6.725, 4.55, 16.15 ],
    "to": [ 11.4, 4.975, 17.85 ],
    "faces": {
        "down":  { "uv": [ 15.25, 15.25, 15.75, 15.5 ], "texture": "#texture" },
        "up":    { "uv": [ 15.25, 15.25, 15.75, 15.5 ], "texture": "#texture" },
        "north": { "uv": [ 15.25, 15.25, 15.75, 15.5 ], "texture": "#texture" },
        "south": { "uv": [ 15.25, 15.25, 15.75, 15.5 ], "texture": "#texture" },
        "west":  { "uv": [ 15.25, 15.25, 15.75, 15.5 ], "texture": "#texture" },
        "east":  { "uv": [ 15.25, 15.25, 15.75, 15.5 ], "texture": "#texture" }
    }
},
{
    "__comment": "!32 Banana",
    "from": [ 6.725, 4.975, 16.575 ],
    "to": [ 7.575, 5.4, 17.425 ],
    "faces": {
        "down":  { "uv": [ 15.25, 15.25, 15.75, 15.5 ], "texture": "#texture" },
        "up":    { "uv": [ 15.25, 15.25, 15.75, 15.5 ], "texture": "#texture" },
        "north": { "uv": [ 15.25, 15.25, 15.75, 15.5 ], "texture": "#texture" },
        "south": { "uv": [ 15.25, 15.25, 15.75, 15.5 ], "texture": "#texture" },
        "west":  { "uv": [ 15.25, 15.25, 15.75, 15.5 ], "texture": "#texture" },
        "east":  { "uv": [ 15.25, 15.25, 15.75, 15.5 ], "texture": "#texture" }
    }
},
{
    "__comment": "!32 Banana",
    "from": [ 8.85, 4.975, 16.575 ],
    "to": [ 11.4, 5.4, 17.425 ],
    "faces": {
        "down":  { "uv": [ 15.25, 15.25, 15.75, 15.5 ], "texture": "#texture" },
        "up":    { "uv": [ 15.25, 15.25, 15.75, 15.5 ], "texture": "#texture" },
        "north": { "uv": [ 15.25, 15.25, 15.75, 15.5 ], "texture": "#texture" },
        "south": { "uv": [ 15.25, 15.25, 15.75, 15.5 ], "texture": "#texture" },
        "west":  { "uv": [ 15.25, 15.25, 15.75, 15.5 ], "texture": "#texture" },
        "east":  { "uv": [ 15.25, 15.25, 15.75, 15.5 ], "texture": "#texture" }
    }
},
{
    "__comment": "!32 Banana",
    "from": [ 9.275, 4.975, 16.15 ],
    "to": [ 11.4, 5.4, 16.575 ],
    "faces": {
        "down":  { "uv": [ 15.25, 15.25, 15.75, 15.5 ], "texture": "#texture" },
        "up":    { "uv": [ 15.25, 15.25, 15.75, 15.5 ], "texture": "#texture" },
        "north": { "uv": [ 15.25, 15.25, 15.75, 15.5 ], "texture": "#texture" },
        "south": { "uv": [ 15.25, 15.25, 15.75, 15.5 ], "texture": "#texture" },
        "west":  { "uv": [ 15.25, 15.25, 15.75, 15.5 ], "texture": "#texture" },
        "east":  { "uv": [ 15.25, 15.25, 15.75, 15.5 ], "texture": "#texture" }
    }
},
{
    "__comment": "!32 Banana",
    "from": [ 9.275, 4.975, 17.425 ],
    "to": [ 11.4, 5.4, 17.85 ],
    "faces": {
        "down":  { "uv": [ 15.25, 15.25, 15.75, 15.5 ], "texture": "#texture" },
        "up":    { "uv": [ 15.25, 15.25, 15.75, 15.5 ], "texture": "#texture" },
        "north": { "uv": [ 15.25, 15.25, 15.75, 15.5 ], "texture": "#texture" },
        "south": { "uv": [ 15.25, 15.25, 15.75, 15.5 ], "texture": "#texture" },
        "west":  { "uv": [ 15.25, 15.25, 15.75, 15.5 ], "texture": "#texture" },
        "east":  { "uv": [ 15.25, 15.25, 15.75, 15.5 ], "texture": "#texture" }
    }
},
{
    "__comment": "!32 Banana",
    "from": [ 9.7, 5.4, 16.575 ],
    "to": [ 11.4, 5.825, 17.425 ],
    "faces": {
        "down":  { "uv": [ 15.25, 15.25, 15.75, 15.5 ], "texture": "#texture" },
        "up":    { "uv": [ 15.25, 15.25, 15.75, 15.5 ], "texture": "#texture" },
        "north": { "uv": [ 15.25, 15.25, 15.75, 15.5 ], "texture": "#texture" },
        "south": { "uv": [ 15.25, 15.25, 15.75, 15.5 ], "texture": "#texture" },
        "west":  { "uv": [ 15.25, 15.25, 15.75, 15.5 ], "texture": "#texture" },
        "east":  { "uv": [ 15.25, 15.25, 15.75, 15.5 ], "texture": "#texture" }
    }
},
{
    "__comment": "!32 Banana",
    "from": [ 10.125, 5.4, 16.15 ],
    "to": [ 11.4, 5.825, 16.575 ],
    "faces": {
        "down":  { "uv": [ 15.25, 15.25, 15.75, 15.5 ], "texture": "#texture" },
        "up":    { "uv": [ 15.25, 15.25, 15.75, 15.5 ], "texture": "#texture" },
        "north": { "uv": [ 15.25, 15.25, 15.75, 15.5 ], "texture": "#texture" },
        "south": { "uv": [ 15.25, 15.25, 15.75, 15.5 ], "texture": "#texture" },
        "west":  { "uv": [ 15.25, 15.25, 15.75, 15.5 ], "texture": "#texture" },
        "east":  { "uv": [ 15.25, 15.25, 15.75, 15.5 ], "texture": "#texture" }
    }
},
{
    "__comment": "!32 Banana",
    "from": [ 10.125, 5.825, 16.575 ],
    "to": [ 11.4, 6.25, 17.425 ],
    "faces": {
        "down":  { "uv": [ 15.25, 15.25, 15.75, 15.5 ], "texture": "#texture" },
        "up":    { "uv": [ 15.25, 15.25, 15.75, 15.5 ], "texture": "#texture" },
        "north": { "uv": [ 15.25, 15.25, 15.75, 15.5 ], "texture": "#texture" },
        "south": { "uv": [ 15.25, 15.25, 15.75, 15.5 ], "texture": "#texture" },
        "west":  { "uv": [ 15.25, 15.25, 15.75, 15.5 ], "texture": "#texture" },
        "east":  { "uv": [ 15.25, 15.25, 15.75, 15.5 ], "texture": "#texture" }
    }
},
{
    "__comment": "!32 Banana",
    "from": [ 10.125, 5.4, 17.425 ],
    "to": [ 11.4, 5.825, 17.85 ],
    "faces": {
        "down":  { "uv": [ 15.25, 15.25, 15.75, 15.5 ], "texture": "#texture" },
        "up":    { "uv": [ 15.25, 15.25, 15.75, 15.5 ], "texture": "#texture" },
        "north": { "uv": [ 15.25, 15.25, 15.75, 15.5 ], "texture": "#texture" },
        "south": { "uv": [ 15.25, 15.25, 15.75, 15.5 ], "texture": "#texture" },
        "west":  { "uv": [ 15.25, 15.25, 15.75, 15.5 ], "texture": "#texture" },
        "east":  { "uv": [ 15.25, 15.25, 15.75, 15.5 ], "texture": "#texture" }
    }
},
{
    "__comment": "!32 Banana",
    "from": [ 10.55, 6.25, 16.575 ],
    "to": [ 11.4, 7.3125, 17.425 ],
    "faces": {
        "down":  { "uv": [ 15.25, 15.25, 15.75, 15.5 ], "texture": "#log_oak" },
        "up":    { "uv": [ 15.25, 15.25, 15.75, 15.5 ], "texture": "#log_oak" },
        "north": { "uv": [ 15.25, 15.25, 15.75, 15.5 ], "texture": "#log_oak" },
        "south": { "uv": [ 15.25, 15.25, 15.75, 15.5 ], "texture": "#log_oak" },
        "west":  { "uv": [ 15.25, 15.25, 15.75, 15.5 ], "texture": "#log_oak" },
        "east":  { "uv": [ 15.25, 15.25, 15.75, 15.5 ], "texture": "#log_oak" }
    }
},
{
    "from": [ 6.0875, 3.9125, 15.9375 ],
    "to": [ 9.9125, 4.55, 16.15 ],
    "faces": {
        "down":  { "uv": [ 15.25, 15.25, 15.75, 15.5 ], "texture": "#texture" },
        "up":    { "uv": [ 15.25, 15.25, 15.75, 15.5 ], "texture": "#texture" },
        "north": { "uv": [ 15.25, 15.25, 15.75, 15.5 ], "texture": "#texture" },
        "south": { "uv": [ 15.25, 15.25, 15.75, 15.5 ], "texture": "#texture" },
        "west":  { "uv": [ 15.25, 15.25, 15.75, 15.5 ], "texture": "#texture" },
        "east":  { "uv": [ 15.25, 15.25, 15.75, 15.5 ], "texture": "#texture" }
    }
},
{
    "from": [ 6.0875, 3.9125, 17.85 ],
    "to": [ 9.9125, 4.55, 18.0625 ],
    "faces": {
        "down":  { "uv": [ 15.25, 15.25, 15.75, 15.5 ], "texture": "#texture" },
        "up":    { "uv": [ 15.25, 15.25, 15.75, 15.5 ], "texture": "#texture" },
        "north": { "uv": [ 15.25, 15.25, 15.75, 15.5 ], "texture": "#texture" },
        "south": { "uv": [ 15.25, 15.25, 15.75, 15.5 ], "texture": "#texture" },
        "west":  { "uv": [ 15.25, 15.25, 15.75, 15.5 ], "texture": "#texture" },
        "east":  { "uv": [ 15.25, 15.25, 15.75, 15.5 ], "texture": "#texture" }
    }
},
{
    "from": [ 0, 0, 0 ],
    "to": [ 16, 16, 16 ],
    "faces": {
        "down":  { "uv": [ 16, 16, 0, 0 ], "texture": "#leaves_jungle", "tintindex": 0 },
        "up":    { "uv": [ 0, 0, 16, 16 ], "texture": "#leaves_jungle", "tintindex": 0 },
        "north": { "uv": [ 0, 0, 16, 16 ], "texture": "#leaves_jungle", "tintindex": 0 },
        "south": { "uv": [ 0, 0, 16, 16 ], "texture": "#leaves_jungle", "tintindex": 0 },
        "west":  { "uv": [ 0, 0, 16, 16 ], "texture": "#leaves_jungle", "tintindex": 0 },
        "east":  { "uv": [ 0, 0, 16, 16 ], "texture": "#leaves_jungle", "tintindex": 0 }
    }
}
]
}