{
"__comment": "Designed by Sibsib92 with BDcraft Cubik PRO 0.93 Beta - http://bdcraft.net",
"ambientocclusion": false,
"textures": {
    "particle": "blocks/ladder",
    "texture": "blocks/planks_oak",
    "wood": "blocks/log_oak"
},
"elements": [ 
{
    "__comment": "Plank",
    "from": [ 2, 0, 15 ],
    "to": [ 4, 16, 16 ],
    "faces": {
        "down":  { "uv": [ 14, 16, 12, 15 ], "texture": "#texture" },
        "up":    { "uv": [ 2, 15, 4, 16 ], "texture": "#texture" },
        "north": { "uv": [ 12, 0, 14, 16 ], "texture": "#texture" },
        "south": { "uv": [ 2, 0, 4, 16 ], "texture": "#texture" },
        "west":  { "uv": [ 15, 0, 16, 16 ], "texture": "#texture" },
        "east":  { "uv": [ 0, 0, 1, 16 ], "texture": "#texture" }
    }
},
{
    "__comment": "Plank",
    "from": [ 12, 0, 15 ],
    "to": [ 14, 16, 16 ],
    "faces": {
        "down":  { "uv": [ 4, 16, 2, 15 ], "texture": "#texture" },
        "up":    { "uv": [ 12, 15, 14, 16 ], "texture": "#texture" },
        "north": { "uv": [ 2, 0, 4, 16 ], "texture": "#texture" },
        "south": { "uv": [ 12, 0, 14, 16 ], "texture": "#texture" },
        "west":  { "uv": [ 15, 0, 16, 16 ], "texture": "#texture" },
        "east":  { "uv": [ 0, 0, 1, 16 ], "texture": "#texture" }
    }
},
{
    "__comment": "Plank",
    "from": [ 1, 13.5, 14 ],
    "to": [ 15, 14.5, 15 ],
    "faces": {
        "down":  { "uv": [ 15, 15, 1, 14 ], "texture": "#texture" },
        "up":    { "uv": [ 1, 14, 15, 15 ], "texture": "#texture" },
        "north": { "uv": [ 1, 1.5, 15, 2.5 ], "texture": "#texture" },
        "south": { "uv": [ 1, 1.5, 15, 2.5 ], "texture": "#texture" },
        "west":  { "uv": [ 14, 1.5, 15, 2.5 ], "texture": "#texture" },
        "east":  { "uv": [ 1, 1.5, 2, 2.5 ], "texture": "#texture" }
    }
},
{
    "__comment": "Plank",
    "from": [ 1, 1.5, 14 ],
    "to": [ 15, 2.5, 15 ],
    "faces": {
        "down":  { "uv": [ 15, 15, 1, 14 ], "texture": "#texture" },
        "up":    { "uv": [ 1, 14, 15, 15 ], "texture": "#texture" },
        "north": { "uv": [ 1, 13.5, 15, 14.5 ], "texture": "#texture" },
        "south": { "uv": [ 1, 13.5, 15, 14.5 ], "texture": "#texture" },
        "west":  { "uv": [ 14, 13.5, 15, 14.5 ], "texture": "#texture" },
        "east":  { "uv": [ 1, 13.5, 2, 14.5 ], "texture": "#texture" }
    }
},
{
    "__comment": "Plank",
    "from": [ 1.75, 9.8125, 14 ],
    "to": [ 15.75, 10.8125, 15 ],
    "rotation": { "origin": [ 1.75, 10.8125, 14 ], "axis": "z", "angle": -22.5 },
    "faces": {
        "down":  { "uv": [ 15, 15, 1, 14 ], "texture": "#texture" },
        "up":    { "uv": [ 1, 14, 15, 15 ], "texture": "#texture" },
        "north": { "uv": [ 1, 5.5, 15, 6.5 ], "texture": "#texture" },
        "south": { "uv": [ 1, 5.5, 15, 6.5 ], "texture": "#texture" },
        "west":  { "uv": [ 14, 5.5, 15, 6.5 ], "texture": "#texture" },
        "east":  { "uv": [ 1, 5.5, 2, 6.5 ], "texture": "#texture" }
    }
},
{
    "__comment": "Log",
    "from": [ 1.5, 13, 14 ],
    "to": [ 14.5, 15, 15 ],
    "faces": {
        "down":  { "uv": [ 14.5, 15, 1.5, 14 ], "texture": "#wood" },
        "up":    { "uv": [ 1.5, 14, 14.5, 15 ], "texture": "#wood" },
        "north": { "uv": [ 1.5, 1, 14.5, 3 ], "texture": "#wood" },
        "south": { "uv": [ 1.5, 1, 14.5, 3 ], "texture": "#wood" },
        "west":  { "uv": [ 14, 1, 15, 3 ], "texture": "#wood" },
        "east":  { "uv": [ 1, 1, 2, 3 ], "texture": "#wood" }
    }
},
{
    "__comment": "Log",
    "from": [ 1.5, 13.5, 13.5 ],
    "to": [ 14.5, 14.5, 15.5 ],
    "faces": {
        "down":  { "uv": [ 14.5, 15.5, 1.5, 13.5 ], "texture": "#wood" },
        "up":    { "uv": [ 1.5, 13.5, 14.5, 15.5 ], "texture": "#wood" },
        "north": { "uv": [ 1.5, 1.5, 14.5, 2.5 ], "texture": "#wood" },
        "south": { "uv": [ 1.5, 1.5, 14.5, 2.5 ], "texture": "#wood" },
        "west":  { "uv": [ 13.5, 1.5, 15.5, 2.5 ], "texture": "#wood" },
        "east":  { "uv": [ 0.5, 1.5, 2.5, 2.5 ], "texture": "#wood" }
    }
},
{
    "__comment": "Log",
    "from": [ 2.25, 9.625, 13.5 ],
    "to": [ 15.25, 10.625, 15.5 ],
    "rotation": { "origin": [ 2.25, 10.625, 13.5 ], "axis": "z", "angle": -22.5 },
    "faces": {
        "down":  { "uv": [ 14.5, 15.5, 1.5, 13.5 ], "texture": "#wood" },
        "up":    { "uv": [ 1.5, 13.5, 14.5, 15.5 ], "texture": "#wood" },
        "north": { "uv": [ 1.5, 5.5, 14.5, 6.5 ], "texture": "#wood" },
        "south": { "uv": [ 1.5, 5.5, 14.5, 6.5 ], "texture": "#wood" },
        "west":  { "uv": [ 13.5, 5.5, 15.5, 6.5 ], "texture": "#wood" },
        "east":  { "uv": [ 0.5, 5.5, 2.5, 6.5 ], "texture": "#wood" }
    }
},
{
    "__comment": "Log",
    "from": [ 2.375, 8.9375, 14 ],
    "to": [ 15.375, 10.9375, 15 ],
    "rotation": { "origin": [ 2.375, 10.9375, 14 ], "axis": "z", "angle": -22.5 },
    "faces": {
        "down":  { "uv": [ 14.5, 15, 1.5, 14 ], "texture": "#wood" },
        "up":    { "uv": [ 1.5, 14, 14.5, 15 ], "texture": "#wood" },
        "north": { "uv": [ 1.5, 5, 14.5, 7 ], "texture": "#wood" },
        "south": { "uv": [ 1.5, 5, 14.5, 7 ], "texture": "#wood" },
        "west":  { "uv": [ 14, 5, 15, 7 ], "texture": "#wood" },
        "east":  { "uv": [ 1, 5, 2, 7 ], "texture": "#wood" }
    }
},
{
    "__comment": "Log",
    "from": [ 1.5, 1.5, 13.5 ],
    "to": [ 14.5, 2.5, 15.5 ],
    "faces": {
        "down":  { "uv": [ 14.5, 15.5, 1.5, 13.5 ], "texture": "#wood" },
        "up":    { "uv": [ 1.5, 13.5, 14.5, 15.5 ], "texture": "#wood" },
        "north": { "uv": [ 1.5, 13.5, 14.5, 14.5 ], "texture": "#wood" },
        "south": { "uv": [ 1.5, 13.5, 14.5, 14.5 ], "texture": "#wood" },
        "west":  { "uv": [ 13.5, 13.5, 15.5, 14.5 ], "texture": "#wood" },
        "east":  { "uv": [ 0.5, 13.5, 2.5, 14.5 ], "texture": "#wood" }
    }
},
{
    "__comment": "Log",
    "from": [ 1.5, 1, 14 ],
    "to": [ 14.5, 3, 15 ],
    "faces": {
        "down":  { "uv": [ 14.5, 15, 1.5, 14 ], "texture": "#wood" },
        "up":    { "uv": [ 1.5, 14, 14.5, 15 ], "texture": "#wood" },
        "north": { "uv": [ 1.5, 13, 14.5, 15 ], "texture": "#wood" },
        "south": { "uv": [ 1.5, 13, 14.5, 15 ], "texture": "#wood" },
        "west":  { "uv": [ 14, 13, 15, 15 ], "texture": "#wood" },
        "east":  { "uv": [ 1, 13, 2, 15 ], "texture": "#wood" }
    }
},
{
    "__comment": "Plank",
    "from": [ 2.5, 0, 14.5 ],
    "to": [ 3.5, 16, 15 ],
    "faces": {
        "down":  { "uv": [ 13.5, 15, 12.5, 14.5 ], "texture": "#texture" },
        "up":    { "uv": [ 2.5, 14.5, 3.5, 15 ], "texture": "#texture" },
        "north": { "uv": [ 12.5, 0, 13.5, 16 ], "texture": "#texture" },
        "south": { "uv": [ 2.5, 0, 3.5, 16 ], "texture": "#texture" },
        "west":  { "uv": [ 14.5, 0, 15, 16 ], "texture": "#texture" },
        "east":  { "uv": [ 1, 0, 1.5, 16 ], "texture": "#texture" }
    }
},
{
    "__comment": "Plank",
    "from": [ 12.5, 0, 14.5 ],
    "to": [ 13.5, 16, 15 ],
    "faces": {
        "down":  { "uv": [ 3.5, 15, 2.5, 14.5 ], "texture": "#texture" },
        "up":    { "uv": [ 12.5, 14.5, 13.5, 15 ], "texture": "#texture" },
        "north": { "uv": [ 2.5, 0, 3.5, 16 ], "texture": "#texture" },
        "south": { "uv": [ 12.5, 0, 13.5, 16 ], "texture": "#texture" },
        "west":  { "uv": [ 14.5, 0, 15, 16 ], "texture": "#texture" },
        "east":  { "uv": [ 1, 0, 1.5, 16 ], "texture": "#texture" }
    }
}
]
}