{
"__comment": "Designed by CoolScreenName http://www.planetminecraft.com/member/coolscreenname/",
"textures": {
    "particle": "blocks/leaves_jungle",
    "texture": "blocks/wool_colored_yellow",
    "wool_colored_brown": "blocks/wool_colored_brown",
    "leaves_jungle": "blocks/leaves_jungle"
},
"elements": [ 
{
    "from": [ 0, 0, 0 ],
    "to": [ 16, 16, 16 ],
    "faces": {
        "down":  { "uv": [ 16, 16, 0, 0 ], "texture": "#leaves_jungle", "tintindex": false, "cullface": "down" },
        "up":    { "uv": [ 0, 0, 16, 16 ], "texture": "#leaves_jungle", "tintindex": false, "cullface": "up" },
        "north": { "uv": [ 0, 0, 16, 16 ], "texture": "#leaves_jungle", "tintindex": false, "cullface": "north" },
        "south": { "uv": [ 0, 0, 16, 16 ], "texture": "#leaves_jungle", "tintindex": false, "cullface": "south" },
        "west":  { "uv": [ 0, 0, 16, 16 ], "texture": "#leaves_jungle", "tintindex": false, "cullface": "west" },
        "east":  { "uv": [ 0, 0, 16, 16 ], "texture": "#leaves_jungle", "tintindex": false, "cullface": "east" }
    }
}
],
"display": {
    "thirdperson_righthand": {
        "rotation": [ 75, 45, 0 ],
        "translation": [ 0, 2.5, 0 ],
        "scale": [ 0.375, 0.375, 0.375 ]
    },
    "thirdperson_lefthand": {
        "rotation": [ 75, 45, 0 ],
        "translation": [ 0, 2.5, 0 ],
        "scale": [ 0.375, 0.375, 0.375 ]
    },
    "head": {
        "rotation": [ 0, 180, 0 ],
        "translation": [ 0, 0, 0 ],
        "scale": [ 1, 1, 1 ]
    },
    "ground": {
        "rotation": [ 0, 0, 0 ],
        "translation": [ 0, 3, 0 ],
        "scale": [ 0.25, 0.25, 0.25 ]
    },
    "fixed": {
        "rotation": [ 0, 0, 0 ],
        "translation": [ 0, 0, 0 ],
        "scale": [ 0.5, 0.5, 0.5 ]
    },
    "firstperson_righthand": {
        "rotation": [ 0, 45, 0 ],
        "translation": [ 0, 0, 0 ],
        "scale": [ 0.4, 0.4, 0.4 ]
    },
    "firstperson_lefthand": {
        "rotation": [ 0, 225, 0 ],
        "translation": [ 0, 0, 0 ],
        "scale": [ 0.4, 0.4, 0.4 ]
    },
    "gui": {
        "rotation": [ 30, 225, 0 ],
        "translation": [ 0, 0, 0 ],
        "scale": [ 0.625, 0.625, 0.625 ]
    }
}
}