{
"__comment": "Designed by CoolScreenName http://www.planetminecraft.com/member/coolscreenname/",
"textures": {
    "particle": "blocks/furnace_front_on",
    "furnace_side": "blocks/furnace_side",
    "furnace_top": "blocks/furnace_top",
    "glass": "blocks/glass",
    "cauldron_inner": "blocks/cauldron_inner",
    "iron_block": "blocks/iron_block",
    "coal_block": "blocks/lava_still",
    "fire_layer_1": "blocks/fire_layer_1"
},
"elements": [ 
{
    "from": [ 2, 13, 0 ],
    "to": [ 14, 16, 16 ],
    "faces": {
        "down":  { "uv": [ 14, 16, 2, 0 ], "rotation": 180, "texture": "#furnace_top" },
        "up":    { "uv": [ 2, 0, 14, 16 ], "rotation": 180, "texture": "#furnace_top" },
        "north": { "uv": [ 2, 0, 14, 3 ], "texture": "#furnace_top" },
        "south": { "uv": [ 2, 0, 14, 3 ], "texture": "#furnace_side" }
    }
},
{
    "from": [ 0, 0, 0 ],
    "to": [ 2, 16, 16 ],
    "faces": {
        "down":  { "uv": [ 2, 16, 0, 0 ], "rotation": 180, "texture": "#furnace_top" },
        "up":    { "uv": [ 14, 0, 16, 16 ], "rotation": 180, "texture": "#furnace_top" },
        "north": { "uv": [ 14, 0, 16, 16 ], "texture": "#furnace_top" },
        "south": { "uv": [ 0, 0, 2, 16 ], "texture": "#furnace_side" },
        "west":  { "uv": [ 0, 0, 16, 16 ], "texture": "#furnace_side" },
        "east":  { "uv": [ 0, 0, 16, 16 ], "texture": "#furnace_side" }
    }
},
{
    "from": [ 14, 0, 0 ],
    "to": [ 16, 16, 16 ],
    "faces": {
        "down":  { "uv": [ 16, 16, 14, 0 ], "rotation": 180, "texture": "#furnace_top" },
        "up":    { "uv": [ 0, 0, 2, 16 ], "rotation": 180, "texture": "#furnace_top" },
        "north": { "uv": [ 0, 0, 2, 16 ], "texture": "#furnace_top" },
        "south": { "uv": [ 14, 0, 16, 16 ], "texture": "#furnace_side" },
        "west":  { "uv": [ 0, 0, 16, 16 ], "texture": "#furnace_side" },
        "east":  { "uv": [ 0, 0, 16, 16 ], "texture": "#furnace_side" }
    }
},
{
    "from": [ 2, 0, 15 ],
    "to": [ 14, 13, 16 ],
    "faces": {
        "down":  { "uv": [ 14, 1, 2, 0 ], "rotation": 180, "texture": "#furnace_side" },
        "north": { "uv": [ 2, 3, 14, 16 ], "texture": "#furnace_side" },
        "south": { "uv": [ 2, 3, 14, 16 ], "texture": "#furnace_side" }
    }
},
{
    "__comment": "grate",
    "from": [ 2, 5.5, 11 ],
    "to": [ 14, 6, 11.5 ],
    "faces": {
        "down":  { "uv": [ 14, 5, 2, 4.5 ], "rotation": 180, "texture": "#cauldron_inner" },
        "up":    { "uv": [ 2, 4.5, 14, 5 ], "rotation": 180, "texture": "#cauldron_inner" },
        "north": { "uv": [ 2, 10, 14, 10.5 ], "texture": "#cauldron_inner" },
        "south": { "uv": [ 2, 10, 14, 10.5 ], "texture": "#cauldron_inner" }
    }
},
{
    "__comment": "grate",
    "from": [ 2, 5.5, 9 ],
    "to": [ 14, 6, 9.5 ],
    "faces": {
        "down":  { "uv": [ 14, 7, 2, 6.5 ], "rotation": 180, "texture": "#cauldron_inner" },
        "up":    { "uv": [ 2, 6.5, 14, 7 ], "rotation": 180, "texture": "#cauldron_inner" },
        "north": { "uv": [ 2, 10, 14, 10.5 ], "texture": "#cauldron_inner" },
        "south": { "uv": [ 2, 10, 14, 10.5 ], "texture": "#cauldron_inner" }
    }
},
{
    "__comment": "grate",
    "from": [ 2, 5.5, 7 ],
    "to": [ 14, 6, 7.5 ],
    "faces": {
        "down":  { "uv": [ 14, 9, 2, 8.5 ], "rotation": 180, "texture": "#cauldron_inner" },
        "up":    { "uv": [ 2, 8.5, 14, 9 ], "rotation": 180, "texture": "#cauldron_inner" },
        "north": { "uv": [ 2, 10, 14, 10.5 ], "texture": "#cauldron_inner" },
        "south": { "uv": [ 2, 10, 14, 10.5 ], "texture": "#cauldron_inner" }
    }
},
{
    "__comment": "grate",
    "from": [ 2, 5.5, 13 ],
    "to": [ 14, 6, 13.5 ],
    "faces": {
        "down":  { "uv": [ 14, 3, 2, 2.5 ], "rotation": 180, "texture": "#cauldron_inner" },
        "up":    { "uv": [ 2, 2.5, 14, 3 ], "rotation": 180, "texture": "#cauldron_inner" },
        "north": { "uv": [ 2, 10, 14, 10.5 ], "texture": "#cauldron_inner" },
        "south": { "uv": [ 2, 10, 14, 10.5 ], "texture": "#cauldron_inner" }
    }
},
{
    "from": [ 2, 0, 0 ],
    "to": [ 14, 6, 1.5 ],
    "faces": {
        "down":  { "uv": [ 14, 16, 2, 14.5 ], "rotation": 180, "texture": "#furnace_top" },
        "up":    { "uv": [ 2, 14.5, 14, 16 ], "rotation": 180, "texture": "#furnace_top" },
        "north": { "uv": [ 2, 10, 14, 16 ], "texture": "#furnace_top" },
        "south": { "uv": [ 2, 10, 14, 16 ], "texture": "#furnace_side" }
    }
},
{
    "from": [ 2, 0, 1.5 ],
    "to": [ 14, 1, 15 ],
    "faces": {
        "down":  { "uv": [ 14, 14.5, 2, 1 ], "rotation": 180, "texture": "#furnace_top" },
        "up":    { "uv": [ 2, 1, 14, 14.5 ], "rotation": 180, "texture": "#furnace_top" }
    }
},
{
    "__comment": "door",
    "from": [ 2.75, 6.5, -1.125 ],
    "to": [ 13.5, 7, -0.125 ],
    "faces": {
        "down":  { "uv": [ 13, 16, 3, 16 ], "rotation": 180, "texture": "#cauldron_inner" },
        "up":    { "uv": [ 3, 16, 13, 16 ], "rotation": 180, "texture": "#cauldron_inner" },
        "north": { "uv": [ 3, 9, 13, 10 ], "texture": "#cauldron_inner" },
        "south": { "uv": [ 3, 9, 13, 10 ], "texture": "#cauldron_inner" },
        "west":  { "uv": [ 0, 9, 0, 10 ], "texture": "#cauldron_inner" },
        "east":  { "uv": [ 16, 9, 16, 10 ], "texture": "#cauldron_inner" }
    }
},
{
    "__comment": "hinge",
    "from": [ 13.5, 10.5, -0.5 ],
    "to": [ 14.5, 11.5, 0.5 ],
    "faces": {
        "down":  { "uv": [ 14.5, 16, 13.5, 15.5 ], "rotation": 180, "texture": "#iron_block" },
        "up":    { "uv": [ 1.5, 15.5, 2.5, 16 ], "rotation": 180, "texture": "#iron_block" },
        "north": { "uv": [ 1.5, 4.5, 2.5, 5.5 ], "texture": "#iron_block" },
        "south": { "uv": [ 13.5, 4.5, 14.5, 5.5 ], "texture": "#iron_block" },
        "west":  { "uv": [ 0, 4.5, 0.5, 5.5 ], "texture": "#iron_block" },
        "east":  { "uv": [ 15.5, 4.5, 16, 5.5 ], "texture": "#iron_block" }
    }
},
{
    "__comment": "hinge",
    "from": [ 13.5, 7.5, -0.5 ],
    "to": [ 14.5, 8.5, 0.5 ],
    "faces": {
        "down":  { "uv": [ 14.5, 16, 13.5, 15.5 ], "rotation": 180, "texture": "#iron_block" },
        "up":    { "uv": [ 1.5, 15.5, 2.5, 16 ], "rotation": 180, "texture": "#iron_block" },
        "north": { "uv": [ 1.5, 7.5, 2.5, 8.5 ], "texture": "#iron_block" },
        "south": { "uv": [ 13.5, 7.5, 14.5, 8.5 ], "texture": "#iron_block" },
        "west":  { "uv": [ 0, 7.5, 0.5, 8.5 ], "texture": "#iron_block" },
        "east":  { "uv": [ 15.5, 7.5, 16, 8.5 ], "texture": "#iron_block" }
    }
},
{
    "__comment": "grate*",
    "from": [ 2, 5.5, 5 ],
    "to": [ 14, 6, 5.5 ],
    "faces": {
        "down":  { "uv": [ 14, 11, 2, 10.5 ], "rotation": 180, "texture": "#cauldron_inner" },
        "up":    { "uv": [ 2, 10.5, 14, 11 ], "rotation": 180, "texture": "#cauldron_inner" },
        "north": { "uv": [ 2, 10, 14, 10.5 ], "texture": "#cauldron_inner" },
        "south": { "uv": [ 2, 10, 14, 10.5 ], "texture": "#cauldron_inner" }
    }
},
{
    "__comment": "grate*",
    "from": [ 2, 5.5, 3 ],
    "to": [ 14, 6, 3.5 ],
    "faces": {
        "down":  { "uv": [ 14, 13, 2, 12.5 ], "rotation": 180, "texture": "#cauldron_inner" },
        "up":    { "uv": [ 2, 12.5, 14, 13 ], "rotation": 180, "texture": "#cauldron_inner" },
        "north": { "uv": [ 2, 10, 14, 10.5 ], "texture": "#cauldron_inner" },
        "south": { "uv": [ 2, 10, 14, 10.5 ], "texture": "#cauldron_inner" }
    }
},
{
    "from": [ 2, 6, 0 ],
    "to": [ 14, 7, 1 ],
    "faces": {
        "up":    { "uv": [ 2, 15, 14, 16 ], "rotation": 180, "texture": "#furnace_top" },
        "north": { "uv": [ 2, 9, 14, 10 ], "texture": "#furnace_top" },
        "south": { "uv": [ 2, 9, 14, 10 ], "texture": "#furnace_side" }
    }
},
{
    "from": [ 2, 12, 0 ],
    "to": [ 14, 13, 1 ],
    "faces": {
        "down":  { "uv": [ 14, 16, 2, 15 ], "rotation": 180, "texture": "#furnace_top" },
        "north": { "uv": [ 2, 3, 14, 4 ], "texture": "#furnace_top" },
        "south": { "uv": [ 2, 3, 14, 4 ], "texture": "#furnace_side" }
    }
},
{
    "__comment": "door",
    "from": [ 2, 7, -1 ],
    "to": [ 3, 12, 0 ],
    "faces": {
        "down":  { "uv": [ 15, 16, 1, 16 ], "rotation": 180, "texture": "#cauldron_inner" },
        "up":    { "uv": [ 1, 16, 15, 16 ], "rotation": 180, "texture": "#cauldron_inner" },
        "north": { "uv": [ 1, 10, 15, 11 ], "texture": "#cauldron_inner" },
        "south": { "uv": [ 1, 10, 15, 11 ], "texture": "#cauldron_inner" },
        "west":  { "uv": [ 0, 10, 0, 11 ], "texture": "#cauldron_inner" },
        "east":  { "uv": [ 16, 10, 16, 11 ], "texture": "#cauldron_inner" }
    }
},
{
    "__comment": "door",
    "from": [ 13.2, 7, -1.05 ],
    "to": [ 14.2, 12, -0.05 ],
    "rotation": { "origin": [ 13.2, 7, -1.05 ], "axis": "y", "angle": -22.5 },
    "faces": {
        "down":  { "uv": [ 15, 16, 1, 16 ], "rotation": 180, "texture": "#cauldron_inner" },
        "up":    { "uv": [ 1, 16, 15, 16 ], "rotation": 180, "texture": "#cauldron_inner" },
        "north": { "uv": [ 1, 10, 15, 11 ], "texture": "#cauldron_inner" },
        "south": { "uv": [ 1, 10, 15, 11 ], "texture": "#cauldron_inner" },
        "west":  { "uv": [ 0, 10, 0, 11 ], "texture": "#cauldron_inner" },
        "east":  { "uv": [ 16, 10, 16, 11 ], "texture": "#cauldron_inner" }
    }
},
{
    "__comment": "door",
    "from": [ 2.75, 12, -0.9375 ],
    "to": [ 13.5, 12.5, 0.0625 ],
    "faces": {
        "down":  { "uv": [ 15, 16, 1, 16 ], "rotation": 180, "texture": "#cauldron_inner" },
        "up":    { "uv": [ 1, 16, 15, 16 ], "rotation": 180, "texture": "#cauldron_inner" },
        "north": { "uv": [ 1, 10, 15, 11 ], "texture": "#cauldron_inner" },
        "south": { "uv": [ 1, 10, 15, 11 ], "texture": "#cauldron_inner" },
        "west":  { "uv": [ 0, 10, 0, 11 ], "texture": "#cauldron_inner" },
        "east":  { "uv": [ 16, 10, 16, 11 ], "texture": "#cauldron_inner" }
    }
},
{
    "__comment": "coal",
    "from": [ 10, 1, 10.5 ],
    "to": [ 12, 2.5, 13.5 ],
    "rotation": { "origin": [ 10, 2.5, 10.5 ], "axis": "z", "angle": -22.5 },
    "faces": {
        "down":  { "uv": [ 12, 5.5, 10, 2.5 ], "rotation": 180, "texture": "#coal_block" },
        "up":    { "uv": [ 4, 2.5, 6, 5.5 ], "rotation": 180, "texture": "#coal_block" },
        "north": { "uv": [ 4, 13.5, 6, 15 ], "texture": "#coal_block" },
        "south": { "uv": [ 10, 13.5, 12, 15 ], "texture": "#coal_block" },
        "west":  { "uv": [ 10.5, 13.5, 13.5, 15 ], "texture": "#coal_block" },
        "east":  { "uv": [ 2.5, 13.5, 5.5, 15 ], "texture": "#coal_block" }
    }
},
{
    "__comment": "coal",
    "from": [ 7, 1, 8 ],
    "to": [ 9.5, 2.5, 10.5 ],
    "faces": {
        "up":    { "uv": [ 4, 2.5, 6, 5.5 ], "rotation": 180, "texture": "#coal_block" },
        "north": { "uv": [ 4, 13.5, 6, 15 ], "texture": "#coal_block" },
        "south": { "uv": [ 10, 13.5, 12, 15 ], "texture": "#coal_block" },
        "west":  { "uv": [ 10.5, 13.5, 13.5, 15 ], "texture": "#coal_block" },
        "east":  { "uv": [ 2.5, 13.5, 5.5, 15 ], "texture": "#coal_block" }
    }
},
{
    "__comment": "coal",
    "from": [ 9.5, 1, 7 ],
    "to": [ 12, 3.5, 9 ],
    "rotation": { "origin": [ 9.5, 1, 7 ], "axis": "y", "angle": -22.5 },
    "faces": {
        "up":    { "uv": [ 4, 2.5, 6, 5.5 ], "rotation": 180, "texture": "#coal_block" },
        "north": { "uv": [ 4, 13.5, 6, 15 ], "texture": "#coal_block" },
        "south": { "uv": [ 10, 13.5, 12, 15 ], "texture": "#coal_block" },
        "west":  { "uv": [ 10.5, 13.5, 13.5, 15 ], "texture": "#coal_block" },
        "east":  { "uv": [ 2.5, 13.5, 5.5, 15 ], "texture": "#coal_block" }
    }
},
{
    "__comment": "coal",
    "from": [ 6, 1.5, 5.5 ],
    "to": [ 8.5, 4, 7.5 ],
    "rotation": { "origin": [ 6, 1.5, 5.5 ], "axis": "y", "angle": 22.5 },
    "faces": {
        "down":  { "uv": [ 12, 5.5, 10, 2.5 ], "rotation": 180, "texture": "#coal_block" },
        "up":    { "uv": [ 4, 2.5, 6, 5.5 ], "rotation": 180, "texture": "#coal_block" },
        "north": { "uv": [ 4, 13.5, 6, 15 ], "texture": "#coal_block" },
        "south": { "uv": [ 10, 13.5, 12, 15 ], "texture": "#coal_block" },
        "west":  { "uv": [ 10.5, 13.5, 13.5, 15 ], "texture": "#coal_block" },
        "east":  { "uv": [ 2.5, 13.5, 5.5, 15 ], "texture": "#coal_block" }
    }
},
{
    "__comment": "coal",
    "from": [ 8, 1, 3.5 ],
    "to": [ 10.5, 2.5, 6.5 ],
    "faces": {
        "up":    { "uv": [ 4, 2.5, 6, 5.5 ], "rotation": 180, "texture": "#coal_block" },
        "north": { "uv": [ 4, 13.5, 6, 15 ], "texture": "#coal_block" },
        "south": { "uv": [ 10, 13.5, 12, 15 ], "texture": "#coal_block" },
        "west":  { "uv": [ 10.5, 13.5, 13.5, 15 ], "texture": "#coal_block" },
        "east":  { "uv": [ 2.5, 13.5, 5.5, 15 ], "texture": "#coal_block" }
    }
},
{
    "__comment": "coal",
    "from": [ 4.5, 1, 2 ],
    "to": [ 7, 3.5, 4.5 ],
    "rotation": { "origin": [ 4.5, 1, 2 ], "axis": "y", "angle": 22.5 },
    "faces": {
        "up":    { "uv": [ 4, 2.5, 6, 5.5 ], "rotation": 180, "texture": "#coal_block" },
        "north": { "uv": [ 4, 13.5, 6, 15 ], "texture": "#coal_block" },
        "south": { "uv": [ 10, 13.5, 12, 15 ], "texture": "#coal_block" },
        "west":  { "uv": [ 10.5, 13.5, 13.5, 15 ], "texture": "#coal_block" },
        "east":  { "uv": [ 2.5, 13.5, 5.5, 15 ], "texture": "#coal_block" }
    }
},
{
    "__comment": "coal",
    "from": [ 2, 1, 6 ],
    "to": [ 5, 3, 7.5 ],
    "faces": {
        "up":    { "uv": [ 4, 2.5, 6, 5.5 ], "rotation": 180, "texture": "#coal_block" },
        "north": { "uv": [ 4, 13.5, 6, 15 ], "texture": "#coal_block" },
        "south": { "uv": [ 10, 13.5, 12, 15 ], "texture": "#coal_block" },
        "east":  { "uv": [ 2.5, 13.5, 5.5, 15 ], "texture": "#coal_block" }
    }
},
{
    "__comment": "coal",
    "from": [ 4, 1, 8 ],
    "to": [ 7, 3, 9.5 ],
    "rotation": { "origin": [ 4, 3, 8 ], "axis": "x", "angle": 22.5 },
    "faces": {
        "up":    { "uv": [ 4, 2.5, 6, 5.5 ], "rotation": 180, "texture": "#coal_block" },
        "north": { "uv": [ 4, 13.5, 6, 15 ], "texture": "#coal_block" },
        "south": { "uv": [ 10, 13.5, 12, 15 ], "texture": "#coal_block" },
        "west":  { "uv": [ 10.5, 13.5, 13.5, 15 ], "texture": "#coal_block" },
        "east":  { "uv": [ 2.5, 13.5, 5.5, 15 ], "texture": "#coal_block" }
    }
},
{
    "__comment": "coal",
    "from": [ 7, 1, 11 ],
    "to": [ 9, 3, 12.5 ],
    "rotation": { "origin": [ 7, 1, 11 ], "axis": "y", "angle": 22.5 },
    "faces": {
        "up":    { "uv": [ 4, 2.5, 6, 5.5 ], "rotation": 180, "texture": "#coal_block" },
        "north": { "uv": [ 4, 13.5, 6, 15 ], "texture": "#coal_block" },
        "south": { "uv": [ 10, 13.5, 12, 15 ], "texture": "#coal_block" },
        "west":  { "uv": [ 10.5, 13.5, 13.5, 15 ], "texture": "#coal_block" },
        "east":  { "uv": [ 2.5, 13.5, 5.5, 15 ], "texture": "#coal_block" }
    }
},
{
    "__comment": "coal",
    "from": [ 3.5, 1, 11.5 ],
    "to": [ 6, 4, 14.5 ],
    "faces": {
        "up":    { "uv": [ 4, 2.5, 6, 5.5 ], "rotation": 180, "texture": "#coal_block" },
        "north": { "uv": [ 4, 13.5, 6, 15 ], "texture": "#coal_block" },
        "south": { "uv": [ 10, 13.5, 12, 15 ], "texture": "#coal_block" },
        "west":  { "uv": [ 10.5, 13.5, 13.5, 15 ], "texture": "#coal_block" },
        "east":  { "uv": [ 2.5, 13.5, 5.5, 15 ], "texture": "#coal_block" }
    }
},
{
    "__comment": "coal",
    "from": [ 3.47671, 1, 9.5 ],
    "to": [ 6.47671, 4.5, 11.5 ],
    "rotation": { "origin": [ 3.47671, 1, 9.5 ], "axis": "y", "angle": -45 },
    "faces": {
        "down":  { "uv": [ 12, 5.5, 10, 2.5 ], "rotation": 180, "texture": "#coal_block" },
        "up":    { "uv": [ 4, 2.5, 6, 5.5 ], "rotation": 180, "texture": "#coal_block" },
        "north": { "uv": [ 4, 13.5, 6, 15 ], "texture": "#coal_block" },
        "south": { "uv": [ 10, 13.5, 12, 15 ], "texture": "#coal_block" },
        "west":  { "uv": [ 10.5, 13.5, 13.5, 15 ], "texture": "#coal_block" },
        "east":  { "uv": [ 2.5, 13.5, 5.5, 15 ], "texture": "#coal_block" }
    }
},
{
    "__comment": "coal",
    "from": [ 11, 0, 5 ],
    "to": [ 13, 3.5, 6.5 ],
    "rotation": { "origin": [ 11, 3.5, 5 ], "axis": "x", "angle": 45 },
    "faces": {
        "down":  { "uv": [ 12, 5.5, 10, 2.5 ], "rotation": 180, "texture": "#coal_block" },
        "up":    { "uv": [ 4, 2.5, 6, 5.5 ], "rotation": 180, "texture": "#coal_block" },
        "north": { "uv": [ 4, 13.5, 6, 15 ], "texture": "#coal_block" },
        "south": { "uv": [ 10, 13.5, 12, 15 ], "texture": "#coal_block" },
        "west":  { "uv": [ 10.5, 13.5, 13.5, 15 ], "texture": "#coal_block" },
        "east":  { "uv": [ 2.5, 13.5, 5.5, 15 ], "texture": "#coal_block" }
    }
},
{
    "__comment": "door handle",
    "from": [ 2.25, 8, -2 ],
    "to": [ 2.75, 11, -1.5 ],
    "faces": {
        "down":  { "uv": [ 15, 16, 1, 16 ], "rotation": 180, "texture": "#iron_block" },
        "up":    { "uv": [ 1, 16, 15, 16 ], "rotation": 180, "texture": "#iron_block" },
        "north": { "uv": [ 1, 10, 15, 11 ], "texture": "#iron_block" },
        "south": { "uv": [ 1, 10, 15, 11 ], "texture": "#iron_block" },
        "west":  { "uv": [ 0, 10, 0, 11 ], "texture": "#iron_block" },
        "east":  { "uv": [ 16, 10, 16, 11 ], "texture": "#iron_block" }
    }
},
{
    "__comment": "door handle",
    "from": [ 2.25, 10.5, -2 ],
    "to": [ 2.75, 11, -0.5 ],
    "faces": {
        "down":  { "uv": [ 15, 16, 1, 16 ], "rotation": 180, "texture": "#iron_block" },
        "up":    { "uv": [ 1, 16, 15, 16 ], "rotation": 180, "texture": "#iron_block" },
        "north": { "uv": [ 1, 10, 15, 11 ], "texture": "#iron_block" },
        "south": { "uv": [ 1, 10, 15, 11 ], "texture": "#iron_block" },
        "west":  { "uv": [ 0, 10, 0, 11 ], "texture": "#iron_block" },
        "east":  { "uv": [ 16, 10, 16, 11 ], "texture": "#iron_block" }
    }
},
{
    "__comment": "door glass*",
    "from": [ 3, 11.5, -1.38 ],
    "to": [ 13.25, 12, -0.88 ],
    "faces": {
        "down":  { "uv": [ 5.5, 0.5, 6, 0.5625 ], "texture": "#glass", "cullface": "down" },
        "up":    { "uv": [ 5.5, 0.5, 6, 0.5625 ], "texture": "#glass", "cullface": "up" },
        "north": { "uv": [ 0, 1, 0.5, 5 ], "texture": "#glass", "cullface": "north" },
        "south": { "uv": [ 0, 1, 0.5, 5 ], "texture": "#glass", "cullface": "south" },
        "west":  { "uv": [ 0.5, 2, 0.5625, 6 ], "texture": "#glass", "cullface": "west" },
        "east":  { "uv": [ 0.5, 2, 0.5625, 6 ], "texture": "#glass", "cullface": "east" }
    }
},
{
    "__comment": "door glass*",
    "from": [ 3, 7, -1.38 ],
    "to": [ 13.25, 7.5, -0.88 ],
    "faces": {
        "down":  { "uv": [ 4, 0, 14, 0.5 ], "texture": "#glass", "cullface": "down" },
        "up":    { "uv": [ 4, 0, 14, 0.5 ], "texture": "#glass", "cullface": "up" },
        "north": { "uv": [ 4.5, 0, 14.5, 0.5 ], "texture": "#glass", "cullface": "north" },
        "south": { "uv": [ 4.5, 0, 14.5, 0.5 ], "texture": "#glass", "cullface": "south" },
        "west":  { "uv": [ 0, 8.5, 0.5, 9 ], "texture": "#glass", "cullface": "west" },
        "east":  { "uv": [ 0, 8.5, 0.5, 9 ], "texture": "#glass", "cullface": "east" }
    }
},
{
    "__comment": "door glass*",
    "from": [ 12.75, 7.5, -1.375 ],
    "to": [ 13.25, 11.5, -0.875 ],
    "faces": {
        "down":  { "uv": [ 5.5, 0.5, 6, 0.5625 ], "texture": "#glass", "cullface": "down" },
        "up":    { "uv": [ 5.5, 0.5, 6, 0.5625 ], "texture": "#glass", "cullface": "up" },
        "north": { "uv": [ 0, 1, 0.5, 5 ], "texture": "#glass", "cullface": "north" },
        "south": { "uv": [ 0, 1, 0.5, 5 ], "texture": "#glass", "cullface": "south" },
        "west":  { "uv": [ 0.5, 2, 0.5625, 6 ], "texture": "#glass", "cullface": "west" },
        "east":  { "uv": [ 0.5, 2, 0.5625, 6 ], "texture": "#glass", "cullface": "east" }
    }
},
{
    "__comment": "door glass*",
    "from": [ 3, 7.5, -1.38 ],
    "to": [ 3.5, 11.5, -0.88 ],
    "faces": {
        "down":  { "uv": [ 5.5, 0.5, 6, 0.5625 ], "texture": "#glass", "cullface": "down" },
        "up":    { "uv": [ 5.5, 0.5, 6, 0.5625 ], "texture": "#glass", "cullface": "up" },
        "north": { "uv": [ 0, 1, 0.5, 5 ], "texture": "#glass", "cullface": "north" },
        "south": { "uv": [ 0, 1, 0.5, 5 ], "texture": "#glass", "cullface": "south" },
        "west":  { "uv": [ 0.5, 2, 0.5625, 6 ], "texture": "#glass", "cullface": "west" },
        "east":  { "uv": [ 0.5, 2, 0.5625, 6 ], "texture": "#glass", "cullface": "east" }
    }
},
{
    "__comment": "door glass*",
    "from": [ 10.3, 8, -1.45 ],
    "to": [ 10.8, 8.5, -1.44 ],
    "faces": {
        "down":  { "uv": [ 5.5, 0.5, 6, 0.5625 ], "texture": "#glass", "cullface": "down" },
        "up":    { "uv": [ 5.5, 0.5, 6, 0.5625 ], "texture": "#glass", "cullface": "up" },
        "north": { "uv": [ 0, 1, 0.5, 5 ], "texture": "#glass", "cullface": "north" },
        "south": { "uv": [ 0, 1, 0.5, 5 ], "texture": "#glass", "cullface": "south" },
        "west":  { "uv": [ 0.5, 2, 0.5625, 6 ], "texture": "#glass", "cullface": "west" },
        "east":  { "uv": [ 0.5, 2, 0.5625, 6 ], "texture": "#glass", "cullface": "east" }
    }
},
{
    "__comment": "door glass*",
    "from": [ 11, 9, -1.45 ],
    "to": [ 11.5, 9.5, -1.44 ],
    "faces": {
        "down":  { "uv": [ 5.5, 0.5, 6, 0.5625 ], "texture": "#glass", "cullface": "down" },
        "up":    { "uv": [ 5.5, 0.5, 6, 0.5625 ], "texture": "#glass", "cullface": "up" },
        "north": { "uv": [ 0, 1, 0.5, 5 ], "texture": "#glass", "cullface": "north" },
        "south": { "uv": [ 0, 1, 0.5, 5 ], "texture": "#glass", "cullface": "south" },
        "west":  { "uv": [ 0.5, 2, 0.5625, 6 ], "texture": "#glass", "cullface": "west" },
        "east":  { "uv": [ 0.5, 2, 0.5625, 6 ], "texture": "#glass", "cullface": "east" }
    }
},
{
    "__comment": "door glass*",
    "from": [ 10.65, 8.5, -1.45 ],
    "to": [ 11.15, 9, -1.44 ],
    "faces": {
        "down":  { "uv": [ 5.5, 0.5, 6, 0.5625 ], "texture": "#glass", "cullface": "down" },
        "up":    { "uv": [ 5.5, 0.5, 6, 0.5625 ], "texture": "#glass", "cullface": "up" },
        "north": { "uv": [ 0, 1, 0.5, 5 ], "texture": "#glass", "cullface": "north" },
        "south": { "uv": [ 0, 1, 0.5, 5 ], "texture": "#glass", "cullface": "south" },
        "west":  { "uv": [ 0.5, 2, 0.5625, 6 ], "texture": "#glass", "cullface": "west" },
        "east":  { "uv": [ 0.5, 2, 0.5625, 6 ], "texture": "#glass", "cullface": "east" }
    }
},
{
    "__comment": "door glass*",
    "from": [ 7.3, 8.75, -1.45 ],
    "to": [ 7.8, 9.25, -1.44 ],
    "faces": {
        "down":  { "uv": [ 5.5, 0.5, 6, 0.5625 ], "texture": "#glass", "cullface": "down" },
        "up":    { "uv": [ 5.5, 0.5, 6, 0.5625 ], "texture": "#glass", "cullface": "up" },
        "north": { "uv": [ 0, 1, 0.5, 5 ], "texture": "#glass", "cullface": "north" },
        "south": { "uv": [ 0, 1, 0.5, 5 ], "texture": "#glass", "cullface": "south" },
        "west":  { "uv": [ 0.5, 2, 0.5625, 6 ], "texture": "#glass", "cullface": "west" },
        "east":  { "uv": [ 0.5, 2, 0.5625, 6 ], "texture": "#glass", "cullface": "east" }
    }
},
{
    "__comment": "door glass*",
    "from": [ 9, 11.25, -1.45 ],
    "to": [ 9.5, 11.75, -1.44 ],
    "faces": {
        "down":  { "uv": [ 5.5, 0.5, 6, 0.5625 ], "texture": "#glass", "cullface": "down" },
        "up":    { "uv": [ 5.5, 0.5, 6, 0.5625 ], "texture": "#glass", "cullface": "up" },
        "north": { "uv": [ 0, 1, 0.5, 5 ], "texture": "#glass", "cullface": "north" },
        "south": { "uv": [ 0, 1, 0.5, 5 ], "texture": "#glass", "cullface": "south" },
        "west":  { "uv": [ 0.5, 2, 0.5625, 6 ], "texture": "#glass", "cullface": "west" },
        "east":  { "uv": [ 0.5, 2, 0.5625, 6 ], "texture": "#glass", "cullface": "east" }
    }
},
{
    "__comment": "door glass*",
    "from": [ 7.65, 9.25, -1.45 ],
    "to": [ 8.15, 9.75, -1.44 ],
    "faces": {
        "down":  { "uv": [ 5.5, 0.5, 6, 0.5625 ], "texture": "#glass", "cullface": "down" },
        "up":    { "uv": [ 5.5, 0.5, 6, 0.5625 ], "texture": "#glass", "cullface": "up" },
        "north": { "uv": [ 0, 1, 0.5, 5 ], "texture": "#glass", "cullface": "north" },
        "south": { "uv": [ 0, 1, 0.5, 5 ], "texture": "#glass", "cullface": "south" },
        "west":  { "uv": [ 0.5, 2, 0.5625, 6 ], "texture": "#glass", "cullface": "west" },
        "east":  { "uv": [ 0.5, 2, 0.5625, 6 ], "texture": "#glass", "cullface": "east" }
    }
},
{
    "__comment": "door glass*",
    "from": [ 5.3, 9, -1.45 ],
    "to": [ 5.8, 9.5, -1.44 ],
    "faces": {
        "down":  { "uv": [ 5.5, 0.5, 6, 0.5625 ], "texture": "#glass", "cullface": "down" },
        "up":    { "uv": [ 5.5, 0.5, 6, 0.5625 ], "texture": "#glass", "cullface": "up" },
        "north": { "uv": [ 0, 1, 0.5, 5 ], "texture": "#glass", "cullface": "north" },
        "south": { "uv": [ 0, 1, 0.5, 5 ], "texture": "#glass", "cullface": "south" },
        "west":  { "uv": [ 0.5, 2, 0.5625, 6 ], "texture": "#glass", "cullface": "west" },
        "east":  { "uv": [ 0.5, 2, 0.5625, 6 ], "texture": "#glass", "cullface": "east" }
    }
},
{
    "__comment": "door glass*",
    "from": [ 6, 10, -1.45 ],
    "to": [ 6.5, 10.5, -1.44 ],
    "faces": {
        "down":  { "uv": [ 5.5, 0.5, 6, 0.5625 ], "texture": "#glass", "cullface": "down" },
        "up":    { "uv": [ 5.5, 0.5, 6, 0.5625 ], "texture": "#glass", "cullface": "up" },
        "north": { "uv": [ 0, 1, 0.5, 5 ], "texture": "#glass", "cullface": "north" },
        "south": { "uv": [ 0, 1, 0.5, 5 ], "texture": "#glass", "cullface": "south" },
        "west":  { "uv": [ 0.5, 2, 0.5625, 6 ], "texture": "#glass", "cullface": "west" },
        "east":  { "uv": [ 0.5, 2, 0.5625, 6 ], "texture": "#glass", "cullface": "east" }
    }
},
{
    "__comment": "door glass*",
    "from": [ 5.65, 9.5, -1.45 ],
    "to": [ 6.15, 10, -1.44 ],
    "faces": {
        "down":  { "uv": [ 5.5, 0.5, 6, 0.5625 ], "texture": "#glass", "cullface": "down" },
        "up":    { "uv": [ 5.5, 0.5, 6, 0.5625 ], "texture": "#glass", "cullface": "up" },
        "north": { "uv": [ 0, 1, 0.5, 5 ], "texture": "#glass", "cullface": "north" },
        "south": { "uv": [ 0, 1, 0.5, 5 ], "texture": "#glass", "cullface": "south" },
        "west":  { "uv": [ 0.5, 2, 0.5625, 6 ], "texture": "#glass", "cullface": "west" },
        "east":  { "uv": [ 0.5, 2, 0.5625, 6 ], "texture": "#glass", "cullface": "east" }
    }
},
{
    "__comment": "door glass*",
    "from": [ 8.3, 10.25, -1.45 ],
    "to": [ 8.8, 10.75, -1.44 ],
    "faces": {
        "down":  { "uv": [ 5.5, 0.5, 6, 0.5625 ], "texture": "#glass", "cullface": "down" },
        "up":    { "uv": [ 5.5, 0.5, 6, 0.5625 ], "texture": "#glass", "cullface": "up" },
        "north": { "uv": [ 0, 1, 0.5, 5 ], "texture": "#glass", "cullface": "north" },
        "south": { "uv": [ 0, 1, 0.5, 5 ], "texture": "#glass", "cullface": "south" },
        "west":  { "uv": [ 0.5, 2, 0.5625, 6 ], "texture": "#glass", "cullface": "west" },
        "east":  { "uv": [ 0.5, 2, 0.5625, 6 ], "texture": "#glass", "cullface": "east" }
    }
},
{
    "__comment": "door glass*",
    "from": [ 8.65, 10.75, -1.45 ],
    "to": [ 9.15, 11.25, -1.44 ],
    "faces": {
        "down":  { "uv": [ 5.5, 0.5, 6, 0.5625 ], "texture": "#glass", "cullface": "down" },
        "up":    { "uv": [ 5.5, 0.5, 6, 0.5625 ], "texture": "#glass", "cullface": "up" },
        "north": { "uv": [ 0, 1, 0.5, 5 ], "texture": "#glass", "cullface": "north" },
        "south": { "uv": [ 0, 1, 0.5, 5 ], "texture": "#glass", "cullface": "south" },
        "west":  { "uv": [ 0.5, 2, 0.5625, 6 ], "texture": "#glass", "cullface": "west" },
        "east":  { "uv": [ 0.5, 2, 0.5625, 6 ], "texture": "#glass", "cullface": "east" }
    }
},
{
    "__comment": "fire",
    "from": [ 4.5, 3.5, 10 ],
    "to": [ 5, 7, 10.5 ],
    "faces": {
        "down":  { "uv": [ 11.5, 10.5, 11, 10 ], "texture": "#fire_layer_1" },
        "up":    { "uv": [ 4.5, 10, 5, 10.5 ], "texture": "#fire_layer_1" },
        "north": { "uv": [ 11, 9, 11.5, 12.5 ], "texture": "#fire_layer_1" },
        "south": { "uv": [ 4.5, 9, 5, 12.5 ], "texture": "#fire_layer_1" },
        "west":  { "uv": [ 10, 9, 10.5, 12.5 ], "texture": "#fire_layer_1" },
        "east":  { "uv": [ 5.5, 9, 6, 12.5 ], "texture": "#fire_layer_1" }
    }
},
{
    "__comment": "fire",
    "from": [ 5, 2.5, 10 ],
    "to": [ 6, 8, 10.5 ],
    "faces": {
        "down":  { "uv": [ 11, 10.5, 10, 10 ], "texture": "#fire_layer_1" },
        "up":    { "uv": [ 5, 10, 6, 10.5 ], "texture": "#fire_layer_1" },
        "north": { "uv": [ 10, 8, 11, 13.5 ], "texture": "#fire_layer_1" },
        "south": { "uv": [ 5, 8, 6, 13.5 ], "texture": "#fire_layer_1" },
        "west":  { "uv": [ 10, 8, 10.5, 13.5 ], "texture": "#fire_layer_1" },
        "east":  { "uv": [ 5.5, 8, 6, 13.5 ], "texture": "#fire_layer_1" }
    }
},
{
    "__comment": "fire",
    "from": [ 6, 3, 10 ],
    "to": [ 7.5, 8.5, 10.5 ],
    "faces": {
        "down":  { "uv": [ 10, 10.5, 8.5, 10 ], "texture": "#fire_layer_1" },
        "up":    { "uv": [ 6, 10, 7.5, 10.5 ], "texture": "#fire_layer_1" },
        "north": { "uv": [ 8.5, 7.5, 10, 13 ], "texture": "#fire_layer_1" },
        "south": { "uv": [ 6, 7.5, 7.5, 13 ], "texture": "#fire_layer_1" },
        "west":  { "uv": [ 10, 7.5, 10.5, 13 ], "texture": "#fire_layer_1" },
        "east":  { "uv": [ 5.5, 7.5, 6, 13 ], "texture": "#fire_layer_1" }
    }
},
{
    "__comment": "fire",
    "from": [ 7.5, 2.5, 10 ],
    "to": [ 8, 8, 10.5 ],
    "faces": {
        "down":  { "uv": [ 8.5, 10.5, 8, 10 ], "texture": "#fire_layer_1" },
        "up":    { "uv": [ 7.5, 10, 8, 10.5 ], "texture": "#fire_layer_1" },
        "north": { "uv": [ 8, 8, 8.5, 13.5 ], "texture": "#fire_layer_1" },
        "south": { "uv": [ 7.5, 8, 8, 13.5 ], "texture": "#fire_layer_1" },
        "west":  { "uv": [ 10, 8, 10.5, 13.5 ], "texture": "#fire_layer_1" },
        "east":  { "uv": [ 5.5, 8, 6, 13.5 ], "texture": "#fire_layer_1" }
    }
},
{
    "__comment": "fire",
    "from": [ 8, 3, 10 ],
    "to": [ 8.5, 8.5, 10.5 ],
    "faces": {
        "down":  { "uv": [ 8, 10.5, 7.5, 10 ], "texture": "#fire_layer_1" },
        "up":    { "uv": [ 8, 10, 8.5, 10.5 ], "texture": "#fire_layer_1" },
        "north": { "uv": [ 7.5, 7.5, 8, 13 ], "texture": "#fire_layer_1" },
        "south": { "uv": [ 8, 7.5, 8.5, 13 ], "texture": "#fire_layer_1" },
        "west":  { "uv": [ 10, 7.5, 10.5, 13 ], "texture": "#fire_layer_1" },
        "east":  { "uv": [ 5.5, 7.5, 6, 13 ], "texture": "#fire_layer_1" }
    }
},
{
    "__comment": "fire",
    "from": [ 8.5, 3.5, 10 ],
    "to": [ 9, 9, 10.5 ],
    "faces": {
        "down":  { "uv": [ 7.5, 10.5, 7, 10 ], "texture": "#fire_layer_1" },
        "up":    { "uv": [ 8.5, 10, 9, 10.5 ], "texture": "#fire_layer_1" },
        "north": { "uv": [ 7, 7, 7.5, 12.5 ], "texture": "#fire_layer_1" },
        "south": { "uv": [ 8.5, 7, 9, 12.5 ], "texture": "#fire_layer_1" },
        "west":  { "uv": [ 10, 7, 10.5, 12.5 ], "texture": "#fire_layer_1" },
        "east":  { "uv": [ 5.5, 7, 6, 12.5 ], "texture": "#fire_layer_1" }
    }
},
{
    "__comment": "fire",
    "from": [ 9, 4, 10 ],
    "to": [ 9.5, 9.5, 10.5 ],
    "faces": {
        "down":  { "uv": [ 7, 10.5, 6.5, 10 ], "texture": "#fire_layer_1" },
        "up":    { "uv": [ 9, 10, 9.5, 10.5 ], "texture": "#fire_layer_1" },
        "north": { "uv": [ 6.5, 6.5, 7, 12 ], "texture": "#fire_layer_1" },
        "south": { "uv": [ 9, 6.5, 9.5, 12 ], "texture": "#fire_layer_1" },
        "west":  { "uv": [ 10, 6.5, 10.5, 12 ], "texture": "#fire_layer_1" },
        "east":  { "uv": [ 5.5, 6.5, 6, 12 ], "texture": "#fire_layer_1" }
    }
},
{
    "__comment": "fire",
    "from": [ 9.5, 3, 10 ],
    "to": [ 10, 8.5, 10.5 ],
    "faces": {
        "down":  { "uv": [ 6.5, 10.5, 6, 10 ], "texture": "#fire_layer_1" },
        "up":    { "uv": [ 9.5, 10, 10, 10.5 ], "texture": "#fire_layer_1" },
        "north": { "uv": [ 6, 7.5, 6.5, 13 ], "texture": "#fire_layer_1" },
        "south": { "uv": [ 9.5, 7.5, 10, 13 ], "texture": "#fire_layer_1" },
        "west":  { "uv": [ 10, 7.5, 10.5, 13 ], "texture": "#fire_layer_1" },
        "east":  { "uv": [ 5.5, 7.5, 6, 13 ], "texture": "#fire_layer_1" }
    }
},
{
    "__comment": "fire",
    "from": [ 10, 2, 10 ],
    "to": [ 10.5, 7.5, 10.5 ],
    "faces": {
        "down":  { "uv": [ 6, 10.5, 5.5, 10 ], "texture": "#fire_layer_1" },
        "up":    { "uv": [ 10, 10, 10.5, 10.5 ], "texture": "#fire_layer_1" },
        "north": { "uv": [ 5.5, 8.5, 6, 14 ], "texture": "#fire_layer_1" },
        "south": { "uv": [ 10, 8.5, 10.5, 14 ], "texture": "#fire_layer_1" },
        "west":  { "uv": [ 10, 8.5, 10.5, 14 ], "texture": "#fire_layer_1" },
        "east":  { "uv": [ 5.5, 8.5, 6, 14 ], "texture": "#fire_layer_1" }
    }
},
{
    "__comment": "fire",
    "from": [ 6.5, 9.5, 10 ],
    "to": [ 6.5625, 10.5, 10.5 ],
    "faces": {
        "down":  { "uv": [ 9.5, 10.5, 9.4375, 10 ], "texture": "#fire_layer_1" },
        "up":    { "uv": [ 6.5, 10, 6.5625, 10.5 ], "texture": "#fire_layer_1" },
        "north": { "uv": [ 9.4375, 5.5, 9.5, 6.5 ], "texture": "#fire_layer_1" },
        "south": { "uv": [ 6.5, 5.5, 6.5625, 6.5 ], "texture": "#fire_layer_1" },
        "west":  { "uv": [ 10, 5.5, 10.5, 6.5 ], "texture": "#fire_layer_1" },
        "east":  { "uv": [ 5.5, 5.5, 6, 6.5 ], "texture": "#fire_layer_1" }
    }
},
{
    "__comment": "fire",
    "from": [ 7.5, 9.5, 10 ],
    "to": [ 7.5625, 10.5, 10.5 ],
    "faces": {
        "down":  { "uv": [ 8.5, 10.5, 8.4375, 10 ], "texture": "#fire_layer_1" },
        "up":    { "uv": [ 7.5, 10, 7.5625, 10.5 ], "texture": "#fire_layer_1" },
        "north": { "uv": [ 8.4375, 5.5, 8.5, 6.5 ], "texture": "#fire_layer_1" },
        "south": { "uv": [ 7.5, 5.5, 7.5625, 6.5 ], "texture": "#fire_layer_1" },
        "west":  { "uv": [ 10, 5.5, 10.5, 6.5 ], "texture": "#fire_layer_1" },
        "east":  { "uv": [ 5.5, 5.5, 6, 6.5 ], "texture": "#fire_layer_1" }
    }
},
{
    "__comment": "fire",
    "from": [ 6.5, 8.5, 10 ],
    "to": [ 7, 9, 10.5 ],
    "faces": {
        "down":  { "uv": [ 9.5, 10.5, 9, 10 ], "texture": "#fire_layer_1" },
        "up":    { "uv": [ 6.5, 10, 7, 10.5 ], "texture": "#fire_layer_1" },
        "north": { "uv": [ 9, 7, 9.5, 7.5 ], "texture": "#fire_layer_1" },
        "south": { "uv": [ 6.5, 7, 7, 7.5 ], "texture": "#fire_layer_1" },
        "west":  { "uv": [ 10, 7, 10.5, 7.5 ], "texture": "#fire_layer_1" },
        "east":  { "uv": [ 5.5, 7, 6, 7.5 ], "texture": "#fire_layer_1" }
    }
},
{
    "__comment": "fire",
    "from": [ 6.5, 8.5, 10 ],
    "to": [ 7, 9, 10.5 ],
    "faces": {
        "down":  { "uv": [ 9.5, 10.5, 9, 10 ], "texture": "#fire_layer_1" },
        "up":    { "uv": [ 6.5, 10, 7, 10.5 ], "texture": "#fire_layer_1" },
        "north": { "uv": [ 9, 7, 9.5, 7.5 ], "texture": "#fire_layer_1" },
        "south": { "uv": [ 6.5, 7, 7, 7.5 ], "texture": "#fire_layer_1" },
        "west":  { "uv": [ 10, 7, 10.5, 7.5 ], "texture": "#fire_layer_1" },
        "east":  { "uv": [ 5.5, 7, 6, 7.5 ], "texture": "#fire_layer_1" }
    }
},
{
    "__comment": "fire",
    "from": [ 7, 10.5, 10 ],
    "to": [ 7.0625, 11.5, 10.5 ],
    "faces": {
        "down":  { "uv": [ 9, 10.5, 8.9375, 10 ], "texture": "#fire_layer_1" },
        "up":    { "uv": [ 7, 10, 7.0625, 10.5 ], "texture": "#fire_layer_1" },
        "north": { "uv": [ 8.9375, 4.5, 9, 5.5 ], "texture": "#fire_layer_1" },
        "south": { "uv": [ 7, 4.5, 7.0625, 5.5 ], "texture": "#fire_layer_1" },
        "west":  { "uv": [ 10, 4.5, 10.5, 5.5 ], "texture": "#fire_layer_1" },
        "east":  { "uv": [ 5.5, 4.5, 6, 5.5 ], "texture": "#fire_layer_1" }
    }
}
],
"display": {
    "thirdperson_righthand": {
        "rotation": [ 75, 45, 0 ],
        "translation": [ 0, 2.5, 0 ],
        "scale": [ 0.375, 0.375, 0.375 ]
    },
    "thirdperson_lefthand": {
        "rotation": [ 75, 45, 0 ],
        "translation": [ 0, 2.5, 0 ],
        "scale": [ 0.375, 0.375, 0.375 ]
    },
    "head": {
        "rotation": [ 0, 0, 0 ],
        "translation": [ 0, 0, 0 ],
        "scale": [ 1, 1, 1 ]
    },
    "ground": {
        "rotation": [ 0, 0, 0 ],
        "translation": [ 0, 3, 0 ],
        "scale": [ 0.25, 0.25, 0.25 ]
    },
    "fixed": {
        "rotation": [ 0, 0, 0 ],
        "translation": [ 0, 0, 0 ],
        "scale": [ 0.5, 0.5, 0.5 ]
    },
    "firstperson_righthand": {
        "rotation": [ 0, 52, 0 ],
        "translation": [ 0, 0, 0 ],
        "scale": [ 0.4, 0.4, 0.4 ]
    },
    "firstperson_lefthand": {
        "rotation": [ 0, 52, 0 ],
        "translation": [ 0, 0, 0 ],
        "scale": [ 0.4, 0.4, 0.4 ]
    },
    "gui": {
        "rotation": [ 30, 225, 0 ],
        "translation": [ 0, 0, 0 ],
        "scale": [ 0.625, 0.625, 0.625 ]
    }
}
}