{
"__comment": "CoolScreenName http://www.planetminecraft.com/member/coolscreenname/",
"textures": {
    "particle": "blocks/cobblestone_mossy",
    "stonebrick": "blocks/stonebrick_mossy",
    "cauldron_inner": "blocks/cauldron_inner"
},
"elements": [ 
{
    "__comment": "Center post",
    "from": [ 4, 0, 4 ],
    "to": [ 12, 15, 12 ],
    "faces": {
        "down":  { "uv": [ 4, 4, 12, 12 ], "texture": "#particle", "cullface": "down" },
        "up":    { "uv": [ 4, 4, 12, 12 ], "texture": "#particle", "cullface": "up" },
        "north": { "uv": [ 4, 0, 12, 16 ], "texture": "#particle" },
        "south": { "uv": [ 4, 0, 12, 16 ], "texture": "#particle" },
        "west":  { "uv": [ 4, 0, 12, 16 ], "texture": "#particle" },
        "east":  { "uv": [ 4, 0, 12, 16 ], "texture": "#particle" }
    }
},
{
    "__comment": "brick top",
    "from": [ 3.5, 15, 3.5 ],
    "to": [ 12.5, 16, 12.5 ],
    "faces": {
        "down":  { "uv": [ 12.5, 12.5, 3.5, 3.5 ], "texture": "#stonebrick" },
        "up":    { "uv": [ 3.5, 3.5, 12.5, 12.5 ], "texture": "#stonebrick" },
        "north": { "uv": [ 3.5, 0, 12.5, 1 ], "texture": "#stonebrick" },
        "south": { "uv": [ 3.5, 0, 12.5, 1 ], "texture": "#stonebrick" },
        "west":  { "uv": [ 3.5, 0, 12.5, 1 ], "texture": "#stonebrick" },
        "east":  { "uv": [ 3.5, 0, 12.5, 1 ], "texture": "#stonebrick" }
    }
},
{
    "__comment": "wall south",
    "from": [ 5.5, 0, 12 ],
    "to": [ 10.5, 8, 16 ],
    "faces": {
        "down":  { "uv": [ 10.5, 16, 5.5, 12 ], "texture": "#particle" },
        "up":    { "uv": [ 5.5, 12, 10.5, 16 ], "texture": "#particle" },
        "north": { "uv": [ 5.5, 8, 10.5, 16 ], "texture": "#particle" },
        "south": { "uv": [ 5.5, 8, 10.5, 16 ], "texture": "#particle" },
        "west":  { "uv": [ 12, 8, 16, 16 ], "texture": "#particle" },
        "east":  { "uv": [ 0, 8, 4, 16 ], "texture": "#particle" }
    }
},
{
    "__comment": "wall north",
    "from": [ 5.5, 0, 0 ],
    "to": [ 10.5, 8, 4 ],
    "faces": {
        "down":  { "uv": [ 10.5, 4, 5.5, 0 ], "texture": "#particle" },
        "up":    { "uv": [ 5.5, 0, 10.5, 4 ], "texture": "#particle" },
        "north": { "uv": [ 5.5, 8, 10.5, 16 ], "texture": "#particle" },
        "south": { "uv": [ 5.5, 8, 10.5, 16 ], "texture": "#particle" },
        "west":  { "uv": [ 0, 8, 4, 16 ], "texture": "#particle" },
        "east":  { "uv": [ 12, 8, 16, 16 ], "texture": "#particle" }
    }
},
{
    "__comment": "brick middle",
    "from": [ 5, 8, 0 ],
    "to": [ 11, 8.5, 4 ],
    "faces": {
        "down":  { "uv": [ 11, 4, 5, 0 ], "texture": "#stonebrick" },
        "up":    { "uv": [ 5, 0, 11, 4 ], "texture": "#stonebrick" },
        "north": { "uv": [ 5, 7.5, 11, 8 ], "texture": "#stonebrick" },
        "south": { "uv": [ 5, 7.5, 11, 8 ], "texture": "#stonebrick" },
        "west":  { "uv": [ 0, 7.5, 4, 8 ], "texture": "#stonebrick" },
        "east":  { "uv": [ 12, 7.5, 16, 8 ], "texture": "#stonebrick" }
    }
},
{
    "__comment": "brick middle",
    "from": [ 5, 8, 12 ],
    "to": [ 11, 8.5, 16 ],
    "faces": {
        "down":  { "uv": [ 11, 16, 5, 12 ], "texture": "#stonebrick" },
        "up":    { "uv": [ 5, 12, 11, 16 ], "texture": "#stonebrick" },
        "north": { "uv": [ 5, 7.5, 11, 8 ], "texture": "#stonebrick" },
        "south": { "uv": [ 5, 7.5, 11, 8 ], "texture": "#stonebrick" },
        "west":  { "uv": [ 12, 7.5, 16, 8 ], "texture": "#stonebrick" },
        "east":  { "uv": [ 0, 7.5, 4, 8 ], "texture": "#stonebrick" }
    }
},
{
    "__comment": "wall east",
    "from": [ 12, 0, 5.5 ],
    "to": [ 16, 8, 10.5 ],
    "faces": {
        "down":  { "uv": [ 4, 10.5, 0, 5.5 ], "texture": "#particle" },
        "up":    { "uv": [ 12, 5.5, 16, 10.5 ], "texture": "#particle" },
        "north": { "uv": [ 0, 8, 4, 16 ], "texture": "#particle" },
        "south": { "uv": [ 12, 8, 16, 16 ], "texture": "#particle" },
        "west":  { "uv": [ 5.5, 8, 10.5, 16 ], "texture": "#particle" },
        "east":  { "uv": [ 5.5, 8, 10.5, 16 ], "texture": "#particle" }
    }
},
{
    "__comment": "wall west",
    "from": [ 0, 0, 5.5 ],
    "to": [ 4, 8, 10.5 ],
    "faces": {
        "down":  { "uv": [ 16, 10.5, 12, 5.5 ], "texture": "#particle" },
        "up":    { "uv": [ 0, 5.5, 4, 10.5 ], "texture": "#particle" },
        "north": { "uv": [ 12, 8, 16, 16 ], "texture": "#particle" },
        "south": { "uv": [ 0, 8, 4, 16 ], "texture": "#particle" },
        "west":  { "uv": [ 5.5, 8, 10.5, 16 ], "texture": "#particle" },
        "east":  { "uv": [ 5.5, 8, 10.5, 16 ], "texture": "#particle" }
    }
},
{
    "__comment": "brick middle",
    "from": [ 0, 8, 5 ],
    "to": [ 4, 8.5, 11 ],
    "faces": {
        "down":  { "uv": [ 16, 11, 12, 5 ], "texture": "#stonebrick" },
        "up":    { "uv": [ 0, 5, 4, 11 ], "texture": "#stonebrick" },
        "north": { "uv": [ 12, 7.5, 16, 8 ], "texture": "#stonebrick" },
        "south": { "uv": [ 0, 7.5, 4, 8 ], "texture": "#stonebrick" },
        "west":  { "uv": [ 5, 7.5, 11, 8 ], "texture": "#stonebrick" },
        "east":  { "uv": [ 5, 7.5, 11, 8 ], "texture": "#stonebrick" }
    }
},
{
    "__comment": "brick middle",
    "from": [ 12, 8, 5 ],
    "to": [ 16, 8.5, 11 ],
    "faces": {
        "down":  { "uv": [ 4, 11, 0, 5 ], "texture": "#stonebrick" },
        "up":    { "uv": [ 12, 5, 16, 11 ], "texture": "#stonebrick" },
        "north": { "uv": [ 0, 7.5, 4, 8 ], "texture": "#stonebrick" },
        "south": { "uv": [ 12, 7.5, 16, 8 ], "texture": "#stonebrick" },
        "west":  { "uv": [ 5, 7.5, 11, 8 ], "texture": "#stonebrick" },
        "east":  { "uv": [ 5, 7.5, 11, 8 ], "texture": "#stonebrick" }
    }
},
{
    "__comment": "bars south",
    "from": [ 7.75, 8.5, 14.5 ],
    "to": [ 8.25, 12, 15 ],
    "faces": {
        "down":  { "uv": [ 8.25, 15, 7.75, 14.5 ], "texture": "#cauldron_inner" },
        "up":    { "uv": [ 7.75, 14.5, 8.25, 15 ], "texture": "#cauldron_inner" },
        "north": { "uv": [ 7.75, 4, 8.25, 7.5 ], "texture": "#cauldron_inner" },
        "south": { "uv": [ 7.75, 4, 8.25, 7.5 ], "texture": "#cauldron_inner" },
        "west":  { "uv": [ 14.5, 4, 15, 7.5 ], "texture": "#cauldron_inner" },
        "east":  { "uv": [ 1, 4, 1.5, 7.5 ], "texture": "#cauldron_inner" }
    }
},
{
    "__comment": "bars north",
    "from": [ 7.75, 8.5, 2.5 ],
    "to": [ 8.25, 12, 3 ],
    "faces": {
        "down":  { "uv": [ 8.25, 3, 7.75, 2.5 ], "texture": "#cauldron_inner" },
        "up":    { "uv": [ 7.75, 2.5, 8.25, 3 ], "texture": "#cauldron_inner" },
        "north": { "uv": [ 7.75, 4, 8.25, 7.5 ], "texture": "#cauldron_inner" },
        "south": { "uv": [ 7.75, 4, 8.25, 7.5 ], "texture": "#cauldron_inner" },
        "west":  { "uv": [ 2.5, 4, 3, 7.5 ], "texture": "#cauldron_inner" },
        "east":  { "uv": [ 13, 4, 13.5, 7.5 ], "texture": "#cauldron_inner" }
    }
},
{
    "__comment": "bars south",
    "from": [ 7.75, 8.5, 13 ],
    "to": [ 8.25, 12, 13.5 ],
    "faces": {
        "down":  { "uv": [ 8.25, 13.5, 7.75, 13 ], "texture": "#cauldron_inner" },
        "up":    { "uv": [ 7.75, 13, 8.25, 13.5 ], "texture": "#cauldron_inner" },
        "north": { "uv": [ 7.75, 4, 8.25, 7.5 ], "texture": "#cauldron_inner" },
        "south": { "uv": [ 7.75, 4, 8.25, 7.5 ], "texture": "#cauldron_inner" },
        "west":  { "uv": [ 13, 4, 13.5, 7.5 ], "texture": "#cauldron_inner" },
        "east":  { "uv": [ 2.5, 4, 3, 7.5 ], "texture": "#cauldron_inner" }
    }
},
{
    "__comment": "bars north",
    "from": [ 7.75, 8.5, 1 ],
    "to": [ 8.25, 12, 1.5 ],
    "faces": {
        "down":  { "uv": [ 8.25, 1.5, 7.75, 1 ], "texture": "#cauldron_inner" },
        "up":    { "uv": [ 7.75, 1, 8.25, 1.5 ], "texture": "#cauldron_inner" },
        "north": { "uv": [ 7.75, 4, 8.25, 7.5 ], "texture": "#cauldron_inner" },
        "south": { "uv": [ 7.75, 4, 8.25, 7.5 ], "texture": "#cauldron_inner" },
        "west":  { "uv": [ 1, 4, 1.5, 7.5 ], "texture": "#cauldron_inner" },
        "east":  { "uv": [ 14.5, 4, 15, 7.5 ], "texture": "#cauldron_inner" }
    }
},
{
    "__comment": "bars west",
    "from": [ 1, 8.5, 7.75 ],
    "to": [ 1.5, 12, 8.25 ],
    "faces": {
        "down":  { "uv": [ 15, 8.25, 14.5, 7.75 ], "texture": "#cauldron_inner" },
        "up":    { "uv": [ 1, 7.75, 1.5, 8.25 ], "texture": "#cauldron_inner" },
        "north": { "uv": [ 14.5, 4, 15, 7.5 ], "texture": "#cauldron_inner" },
        "south": { "uv": [ 1, 4, 1.5, 7.5 ], "texture": "#cauldron_inner" },
        "west":  { "uv": [ 7.75, 4, 8.25, 7.5 ], "texture": "#cauldron_inner" },
        "east":  { "uv": [ 7.75, 4, 8.25, 7.5 ], "texture": "#cauldron_inner" }
    }
},
{
    "__comment": "bars west",
    "from": [ 2.5, 8.5, 7.75 ],
    "to": [ 3, 12, 8.25 ],
    "faces": {
        "down":  { "uv": [ 13.5, 8.25, 13, 7.75 ], "texture": "#cauldron_inner" },
        "up":    { "uv": [ 2.5, 7.75, 3, 8.25 ], "texture": "#cauldron_inner" },
        "north": { "uv": [ 13, 4, 13.5, 7.5 ], "texture": "#cauldron_inner" },
        "south": { "uv": [ 2.5, 4, 3, 7.5 ], "texture": "#cauldron_inner" },
        "west":  { "uv": [ 7.75, 4, 8.25, 7.5 ], "texture": "#cauldron_inner" },
        "east":  { "uv": [ 7.75, 4, 8.25, 7.5 ], "texture": "#cauldron_inner" }
    }
},
{
    "__comment": "bars east",
    "from": [ 13, 8.5, 7.75 ],
    "to": [ 13.5, 12, 8.25 ],
    "faces": {
        "down":  { "uv": [ 3, 8.25, 2.5, 7.75 ], "texture": "#cauldron_inner" },
        "up":    { "uv": [ 13, 7.75, 13.5, 8.25 ], "texture": "#cauldron_inner" },
        "north": { "uv": [ 2.5, 4, 3, 7.5 ], "texture": "#cauldron_inner" },
        "south": { "uv": [ 13, 4, 13.5, 7.5 ], "texture": "#cauldron_inner" },
        "west":  { "uv": [ 7.75, 4, 8.25, 7.5 ], "texture": "#cauldron_inner" },
        "east":  { "uv": [ 7.75, 4, 8.25, 7.5 ], "texture": "#cauldron_inner" }
    }
},
{
    "__comment": "bars east",
    "from": [ 14.5, 8.5, 7.75 ],
    "to": [ 15, 12, 8.25 ],
    "faces": {
        "down":  { "uv": [ 1.5, 8.25, 1, 7.75 ], "texture": "#cauldron_inner" },
        "up":    { "uv": [ 14.5, 7.75, 15, 8.25 ], "texture": "#cauldron_inner" },
        "north": { "uv": [ 1, 4, 1.5, 7.5 ], "texture": "#cauldron_inner" },
        "south": { "uv": [ 14.5, 4, 15, 7.5 ], "texture": "#cauldron_inner" },
        "west":  { "uv": [ 7.75, 4, 8.25, 7.5 ], "texture": "#cauldron_inner" },
        "east":  { "uv": [ 7.75, 4, 8.25, 7.5 ], "texture": "#cauldron_inner" }
    }
},
{
    "__comment": "spike west",
    "from": [ 1.25, 11.75, 7.751 ],
    "to": [ 2, 12.5, 8.251 ],
    "rotation": { "origin": [ 1.25, 12.5, 7.751 ], "axis": "z", "angle": -45 },
    "faces": {
        "down":  { "uv": [ 16, 7.5, 16, 7 ], "texture": "#cauldron_inner" },
        "up":    { "uv": [ 0, 7, 0, 7.5 ], "texture": "#cauldron_inner" },
        "north": { "uv": [ 16, 3.25, 16, 4 ], "texture": "#cauldron_inner" },
        "south": { "uv": [ 0, 3.25, 0, 4 ], "texture": "#cauldron_inner" },
        "west":  { "uv": [ 7, 3.25, 7.5, 4 ], "texture": "#cauldron_inner" },
        "east":  { "uv": [ 8.5, 3.25, 9, 4 ], "texture": "#cauldron_inner" }
    }
},
{
    "__comment": "spike west",
    "from": [ 2.75, 11.75, 7.751 ],
    "to": [ 3.5, 12.5, 8.251 ],
    "rotation": { "origin": [ 2.75, 12.5, 7.751 ], "axis": "z", "angle": -45 },
    "faces": {
        "down":  { "uv": [ 16, 7.5, 16, 7 ], "texture": "#cauldron_inner" },
        "up":    { "uv": [ 0, 7, 0, 7.5 ], "texture": "#cauldron_inner" },
        "north": { "uv": [ 16, 3.25, 16, 4 ], "texture": "#cauldron_inner" },
        "south": { "uv": [ 0, 3.25, 0, 4 ], "texture": "#cauldron_inner" },
        "west":  { "uv": [ 7, 3.25, 7.5, 4 ], "texture": "#cauldron_inner" },
        "east":  { "uv": [ 8.5, 3.25, 9, 4 ], "texture": "#cauldron_inner" }
    }
},
{
    "__comment": "spike east",
    "from": [ 14.75, 11.75, 7.751 ],
    "to": [ 15.5, 12.5, 8.251 ],
    "rotation": { "origin": [ 14.75, 12.5, 7.751 ], "axis": "z", "angle": -45 },
    "faces": {
        "down":  { "uv": [ 16, 7.5, 16, 7 ], "texture": "#cauldron_inner" },
        "up":    { "uv": [ 0, 7, 0, 7.5 ], "texture": "#cauldron_inner" },
        "north": { "uv": [ 16, 3.25, 16, 4 ], "texture": "#cauldron_inner" },
        "south": { "uv": [ 0, 3.25, 0, 4 ], "texture": "#cauldron_inner" },
        "west":  { "uv": [ 7, 3.25, 7.5, 4 ], "texture": "#cauldron_inner" },
        "east":  { "uv": [ 8.5, 3.25, 9, 4 ], "texture": "#cauldron_inner" }
    }
},
{
    "__comment": "spike east",
    "from": [ 13.25, 11.75, 7.751 ],
    "to": [ 14, 12.5, 8.251 ],
    "rotation": { "origin": [ 13.25, 12.5, 7.751 ], "axis": "z", "angle": -45 },
    "faces": {
        "down":  { "uv": [ 16, 7.5, 16, 7 ], "texture": "#cauldron_inner" },
        "up":    { "uv": [ 0, 7, 0, 7.5 ], "texture": "#cauldron_inner" },
        "north": { "uv": [ 16, 3.25, 16, 4 ], "texture": "#cauldron_inner" },
        "south": { "uv": [ 0, 3.25, 0, 4 ], "texture": "#cauldron_inner" },
        "west":  { "uv": [ 7, 3.25, 7.5, 4 ], "texture": "#cauldron_inner" },
        "east":  { "uv": [ 8.5, 3.25, 9, 4 ], "texture": "#cauldron_inner" }
    }
},
{
    "__comment": "spike north",
    "from": [ 7.751, 11.75, 1.25 ],
    "to": [ 8.251, 12.5, 2 ],
    "rotation": { "origin": [ 7.751, 12.5, 1.25 ], "axis": "x", "angle": 45 },
    "faces": {
        "down":  { "uv": [ 8.25, 0, 7.75, 0 ], "texture": "#cauldron_inner" },
        "up":    { "uv": [ 7.75, 0, 8.25, 0 ], "texture": "#cauldron_inner" },
        "north": { "uv": [ 7.75, 3.25, 8.25, 4 ], "texture": "#cauldron_inner" },
        "south": { "uv": [ 7.75, 3.25, 8.25, 4 ], "texture": "#cauldron_inner" },
        "west":  { "uv": [ 0, 3.25, 0, 4 ], "texture": "#cauldron_inner" },
        "east":  { "uv": [ 16, 3.25, 16, 4 ], "texture": "#cauldron_inner" }
    }
},
{
    "__comment": "spike south",
    "from": [ 7.751, 11.75, 14.75 ],
    "to": [ 8.251, 12.5, 15.5 ],
    "rotation": { "origin": [ 7.751, 12.5, 14.75 ], "axis": "x", "angle": 45 },
    "faces": {
        "down":  { "uv": [ 8.25, 0, 7.75, 0 ], "texture": "#cauldron_inner" },
        "up":    { "uv": [ 7.75, 0, 8.25, 0 ], "texture": "#cauldron_inner" },
        "north": { "uv": [ 7.75, 3.25, 8.25, 4 ], "texture": "#cauldron_inner" },
        "south": { "uv": [ 7.75, 3.25, 8.25, 4 ], "texture": "#cauldron_inner" },
        "west":  { "uv": [ 0, 3.25, 0, 4 ], "texture": "#cauldron_inner" },
        "east":  { "uv": [ 16, 3.25, 16, 4 ], "texture": "#cauldron_inner" }
    }
},
{
    "__comment": "spike south",
    "from": [ 7.751, 11.75, 13.25 ],
    "to": [ 8.251, 12.5, 14 ],
    "rotation": { "origin": [ 7.751, 12.5, 13.25 ], "axis": "x", "angle": 45 },
    "faces": {
        "down":  { "uv": [ 8.25, 0, 7.75, 0 ], "texture": "#cauldron_inner" },
        "up":    { "uv": [ 7.75, 0, 8.25, 0 ], "texture": "#cauldron_inner" },
        "north": { "uv": [ 7.75, 3.25, 8.25, 4 ], "texture": "#cauldron_inner" },
        "south": { "uv": [ 7.75, 3.25, 8.25, 4 ], "texture": "#cauldron_inner" },
        "west":  { "uv": [ 0, 3.25, 0, 4 ], "texture": "#cauldron_inner" },
        "east":  { "uv": [ 16, 3.25, 16, 4 ], "texture": "#cauldron_inner" }
    }
},
{
    "__comment": "spike north",
    "from": [ 7.751, 11.75, 2.75 ],
    "to": [ 8.251, 12.5, 3.5 ],
    "rotation": { "origin": [ 7.751, 12.5, 2.75 ], "axis": "x", "angle": 45 },
    "faces": {
        "down":  { "uv": [ 8.25, 0, 7.75, 0 ], "texture": "#cauldron_inner" },
        "up":    { "uv": [ 7.75, 0, 8.25, 0 ], "texture": "#cauldron_inner" },
        "north": { "uv": [ 7.75, 3.25, 8.25, 4 ], "texture": "#cauldron_inner" },
        "south": { "uv": [ 7.75, 3.25, 8.25, 4 ], "texture": "#cauldron_inner" },
        "west":  { "uv": [ 0, 3.25, 0, 4 ], "texture": "#cauldron_inner" },
        "east":  { "uv": [ 16, 3.25, 16, 4 ], "texture": "#cauldron_inner" }
    }
},
{
    "__comment": "bar north",
    "from": [ 7.751, 10.5, 0 ],
    "to": [ 8.251, 11, 4 ],
    "faces": {
        "down":  { "uv": [ 8.249, 4, 7.749, 0 ], "texture": "#cauldron_inner" },
        "up":    { "uv": [ 7.751, 0, 8.251, 4 ], "texture": "#cauldron_inner" },
        "north": { "uv": [ 7.749, 5, 8.249, 5.5 ], "texture": "#cauldron_inner" },
        "south": { "uv": [ 7.751, 5, 8.251, 5.5 ], "texture": "#cauldron_inner" },
        "west":  { "uv": [ 0, 5, 4, 5.5 ], "texture": "#cauldron_inner" },
        "east":  { "uv": [ 12, 5, 16, 5.5 ], "texture": "#cauldron_inner" }
    }
},
{
    "__comment": "bar south",
    "from": [ 7.751, 10.5, 12 ],
    "to": [ 8.251, 11, 16 ],
    "faces": {
        "down":  { "uv": [ 8.249, 16, 7.749, 12 ], "texture": "#cauldron_inner" },
        "up":    { "uv": [ 7.751, 12, 8.251, 16 ], "texture": "#cauldron_inner" },
        "north": { "uv": [ 7.749, 5, 8.249, 5.5 ], "texture": "#cauldron_inner" },
        "south": { "uv": [ 7.751, 5, 8.251, 5.5 ], "texture": "#cauldron_inner" },
        "west":  { "uv": [ 12, 5, 16, 5.5 ], "texture": "#cauldron_inner" },
        "east":  { "uv": [ 0, 5, 4, 5.5 ], "texture": "#cauldron_inner" }
    }
},
{
    "__comment": "bar west",
    "from": [ 0, 10.5, 7.751 ],
    "to": [ 4, 11, 8.251 ],
    "faces": {
        "down":  { "uv": [ 16, 8.251, 12, 7.751 ], "texture": "#cauldron_inner" },
        "up":    { "uv": [ 0, 7.751, 4, 8.251 ], "texture": "#cauldron_inner" },
        "north": { "uv": [ 12, 5, 16, 5.5 ], "texture": "#cauldron_inner" },
        "south": { "uv": [ 0, 5, 4, 5.5 ], "texture": "#cauldron_inner" },
        "west":  { "uv": [ 7.751, 5, 8.251, 5.5 ], "texture": "#cauldron_inner" },
        "east":  { "uv": [ 7.749, 5, 8.249, 5.5 ], "texture": "#cauldron_inner" }
    }
},
{
    "__comment": "bar east",
    "from": [ 12, 10.5, 7.751 ],
    "to": [ 16, 11, 8.251 ],
    "faces": {
        "down":  { "uv": [ 4, 8.251, 0, 7.751 ], "texture": "#cauldron_inner" },
        "up":    { "uv": [ 12, 7.751, 16, 8.251 ], "texture": "#cauldron_inner" },
        "north": { "uv": [ 0, 5, 4, 5.5 ], "texture": "#cauldron_inner" },
        "south": { "uv": [ 12, 5, 16, 5.5 ], "texture": "#cauldron_inner" },
        "west":  { "uv": [ 7.751, 5, 8.251, 5.5 ], "texture": "#cauldron_inner" },
        "east":  { "uv": [ 7.749, 5, 8.249, 5.5 ], "texture": "#cauldron_inner" }
    }
},
{
    "from": [ 4.75, 0.001, 0 ],
    "to": [ 11.25, 1.001, 16 ],
    "faces": {
        "down":  { "uv": [ 11.25, 16, 4.75, 0 ], "texture": "#cauldron_inner" },
        "up":    { "uv": [ 4.75, 0, 11.25, 16 ], "texture": "#cauldron_inner" },
        "north": { "uv": [ 4.75, 14.999, 11.25, 15.999 ], "texture": "#cauldron_inner" },
        "south": { "uv": [ 4.75, 14.999, 11.25, 15.999 ], "texture": "#cauldron_inner" },
        "west":  { "uv": [ 0, 14.999, 16, 15.999 ], "texture": "#cauldron_inner" },
        "east":  { "uv": [ 0, 14.999, 16, 15.999 ], "texture": "#cauldron_inner" }
    }
},
{
    "from": [ 0, 0.001, 4.75 ],
    "to": [ 16, 1.001, 11.25 ],
    "faces": {
        "down":  { "uv": [ 16, 11.25, 0, 4.75 ], "texture": "#cauldron_inner" },
        "up":    { "uv": [ 0, 4.75, 16, 11.25 ], "texture": "#cauldron_inner" },
        "north": { "uv": [ 0, 14.999, 16, 15.999 ], "texture": "#cauldron_inner" },
        "south": { "uv": [ 0, 14.999, 16, 15.999 ], "texture": "#cauldron_inner" },
        "west":  { "uv": [ 4.75, 14.999, 11.25, 15.999 ], "texture": "#cauldron_inner" },
        "east":  { "uv": [ 4.75, 14.999, 11.25, 15.999 ], "texture": "#cauldron_inner" }
    }
}
],
"display": {
    "thirdperson_righthand": {
        "rotation": [ 40, 47, 1 ],
        "translation": [ 0, 2.5, 0 ],
        "scale": [ 0.37, 0.37, 0.37 ]
    },
    "thirdperson_lefthand": {
        "rotation": [ 40, 47, 1 ],
        "translation": [ 0, 2.5, 0 ],
        "scale": [ 0.37, 0.37, 0.37 ]
    },
    "head": {
        "rotation": [ 0, 0, 0 ],
        "translation": [ 0, 13, 0 ],
        "scale": [ 1, 1, 1 ]
    },
    "ground": {
        "rotation": [ 0, 0, 0 ],
        "translation": [ 0, 3, 0 ],
        "scale": [ 0.25, 0.25, 0.25 ]
    },
    "fixed": {
        "rotation": [ 0, 0, 0 ],
        "translation": [ 0, 0, 0 ],
        "scale": [ 0.5, 0.5, 0.5 ]
    },
    "firstperson_righthand": {
        "rotation": [ 0, 45, 0 ],
        "translation": [ 0, 0, 0 ],
        "scale": [ 0.4, 0.4, 0.4 ]
    },
    "firstperson_lefthand": {
        "rotation": [ 0, 45, 0 ],
        "translation": [ 0.94, 0, 0 ],
        "scale": [ 0.4, 0.4, 0.4 ]
    },
    "gui": {
        "rotation": [ 30, 225, 0 ],
        "translation": [ 0, 0, 0 ],
        "scale": [ 0.625, 0.625, 0.625 ]
    }
}
}