{
"__comment": "Designed by CoolScreenName http://www.planetminecraft.com/member/coolscreenname/",
"textures": {
    "particle": "blocks/nether_wart_stage_2",
    "texture": "blocks/nether_wart_stage_2",
    "mushroom_red": "blocks/glowstone"
},
"elements": [ 
{
    "from": [ 7.5, 0, 7 ],
    "to": [ 9, 5.25, 8.5 ],
    "faces": {
        "down":  { "uv": [ 8.5, 8.5, 7, 7 ], "texture": "#texture" },
        "up":    { "uv": [ 7.5, 7, 9, 8.5 ], "texture": "#texture" },
        "north": { "uv": [ 7, 10.75, 8.5, 16 ], "texture": "#texture" },
        "south": { "uv": [ 7.5, 10.75, 9, 16 ], "texture": "#texture" },
        "west":  { "uv": [ 7, 10.75, 8.5, 16 ], "texture": "#texture" },
        "east":  { "uv": [ 7.5, 10.75, 9, 16 ], "texture": "#texture" }
    }
},
{
    "from": [ 7.75, 0, 8.25 ],
    "to": [ 8.75, 4, 8.75 ],
    "faces": {
        "down":  { "uv": [ 8.25, 8.75, 7.25, 8.25 ], "texture": "#texture" },
        "up":    { "uv": [ 7.75, 8.25, 8.75, 8.75 ], "texture": "#texture" },
        "north": { "uv": [ 7.25, 12, 8.25, 16 ], "texture": "#texture" },
        "south": { "uv": [ 7.75, 12, 8.75, 16 ], "texture": "#texture" },
        "west":  { "uv": [ 8.25, 12, 8.75, 16 ], "texture": "#texture" },
        "east":  { "uv": [ 7.25, 12, 7.75, 16 ], "texture": "#texture" }
    }
},
{
    "from": [ 7.25, 7, 6 ],
    "to": [ 8.25, 9, 7 ],
    "faces": {
        "down":  { "uv": [ 8.75, 7, 7.75, 6 ], "texture": "#texture" },
        "up":    { "uv": [ 7.25, 6, 8.25, 7 ], "texture": "#texture" },
        "north": { "uv": [ 7.75, 7, 8.75, 9 ], "texture": "#texture" },
        "south": { "uv": [ 7.25, 7, 8.25, 9 ], "texture": "#texture" },
        "west":  { "uv": [ 6, 7, 7, 9 ], "texture": "#texture" },
        "east":  { "uv": [ 9, 7, 10, 9 ], "texture": "#texture" }
    }
},
{
    "from": [ 7.5, 9, 6.5 ],
    "to": [ 8.5, 10.5, 7.5 ],
    "faces": {
        "down":  { "uv": [ 8.5, 7.5, 7.5, 6.5 ], "texture": "#texture" },
        "up":    { "uv": [ 7.5, 6.5, 8.5, 7.5 ], "texture": "#texture" },
        "north": { "uv": [ 7.5, 5.5, 8.5, 7 ], "texture": "#texture" },
        "south": { "uv": [ 7.5, 5.5, 8.5, 7 ], "texture": "#texture" },
        "west":  { "uv": [ 6.5, 5.5, 7.5, 7 ], "texture": "#texture" },
        "east":  { "uv": [ 8.5, 5.5, 9.5, 7 ], "texture": "#texture" }
    }
},
{
    "from": [ 7.5, 10.5, 7 ],
    "to": [ 8.5, 11, 9 ],
    "faces": {
        "down":  { "uv": [ 8.5, 9, 7.5, 7 ], "texture": "#texture" },
        "up":    { "uv": [ 7.5, 7, 8.5, 9 ], "texture": "#texture" },
        "north": { "uv": [ 7.5, 5, 8.5, 5.5 ], "texture": "#texture" },
        "south": { "uv": [ 7.5, 5, 8.5, 5.5 ], "texture": "#texture" },
        "west":  { "uv": [ 7, 5, 9, 5.5 ], "texture": "#texture" },
        "east":  { "uv": [ 7, 5, 9, 5.5 ], "texture": "#texture" }
    }
},
{
    "from": [ 7.25, 10, 9 ],
    "to": [ 8.25, 10.5, 10.5 ],
    "faces": {
        "down":  { "uv": [ 8.75, 10.5, 7.75, 9 ], "texture": "#texture" },
        "up":    { "uv": [ 7.25, 9, 8.25, 10.5 ], "texture": "#texture" },
        "north": { "uv": [ 7.75, 5.5, 8.75, 6 ], "texture": "#texture" },
        "south": { "uv": [ 7.25, 5.5, 8.25, 6 ], "texture": "#texture" },
        "west":  { "uv": [ 9, 5.5, 10.5, 6 ], "texture": "#texture" },
        "east":  { "uv": [ 5.5, 5.5, 7, 6 ], "texture": "#texture" }
    }
},
{
    "from": [ 7.75, 6, 6.5 ],
    "to": [ 8.75, 7, 7.5 ],
    "faces": {
        "down":  { "uv": [ 8.25, 7.5, 7.25, 6.5 ], "texture": "#texture" },
        "up":    { "uv": [ 7.75, 6.5, 8.75, 7.5 ], "texture": "#texture" },
        "north": { "uv": [ 7.25, 9, 8.25, 10 ], "texture": "#texture" },
        "south": { "uv": [ 7.75, 9, 8.75, 10 ], "texture": "#texture" },
        "west":  { "uv": [ 6.5, 9, 7.5, 10 ], "texture": "#texture" },
        "east":  { "uv": [ 8.5, 9, 9.5, 10 ], "texture": "#texture" }
    }
},
{
    "from": [ 7.5, 9.5, 10.25 ],
    "to": [ 8.5, 10, 11.5 ],
    "faces": {
        "down":  { "uv": [ 8.5, 11.5, 7.5, 10.25 ], "texture": "#texture" },
        "up":    { "uv": [ 7.5, 10.25, 8.5, 11.5 ], "texture": "#texture" },
        "north": { "uv": [ 7.5, 6, 8.5, 6.5 ], "texture": "#texture" },
        "south": { "uv": [ 7.5, 6, 8.5, 6.5 ], "texture": "#texture" },
        "west":  { "uv": [ 10.25, 6, 11.5, 6.5 ], "texture": "#texture" },
        "east":  { "uv": [ 4.5, 6, 5.75, 6.5 ], "texture": "#texture" }
    }
},
{
    "from": [ 7.75, 8.75, 10.75 ],
    "to": [ 8.25, 9.5, 11.25 ],
    "faces": {
        "down":  { "uv": [ 8.25, 11.25, 7.75, 10.75 ], "texture": "#texture" },
        "up":    { "uv": [ 7.75, 10.75, 8.25, 11.25 ], "texture": "#texture" },
        "north": { "uv": [ 7.75, 6.5, 8.25, 7.25 ], "texture": "#texture" },
        "south": { "uv": [ 7.75, 6.5, 8.25, 7.25 ], "texture": "#texture" },
        "west":  { "uv": [ 10.75, 6.5, 11.25, 7.25 ], "texture": "#texture" },
        "east":  { "uv": [ 4.75, 6.5, 5.25, 7.25 ], "texture": "#texture" }
    }
},
{
    "__comment": "fruit",
    "from": [ 6.875, 6.5, 10 ],
    "to": [ 9.125, 8.75, 12.25 ],
    "faces": {
        "down":  { "uv": [ 0, 0, 16, 16 ], "texture": "#mushroom_red" },
        "up":    { "uv": [ 0, 0, 16, 16 ], "texture": "#mushroom_red" },
        "north": { "uv": [ 0, 0, 16, 16 ], "texture": "#mushroom_red" },
        "south": { "uv": [ 0, 0, 16, 16 ], "texture": "#mushroom_red" },
        "west":  { "uv": [ 0, 0, 16, 16 ], "texture": "#mushroom_red" },
        "east":  { "uv": [ 0, 0, 16, 16 ], "texture": "#mushroom_red" }
    }
},
{
    "from": [ 7.25, 0, 7 ],
    "to": [ 7.5, 2.25, 8 ],
    "faces": {
        "down":  { "uv": [ 8.75, 8, 8.5, 7 ], "texture": "#texture" },
        "up":    { "uv": [ 7.25, 7, 7.5, 8 ], "texture": "#texture" },
        "north": { "uv": [ 8.5, 13.75, 8.75, 16 ], "texture": "#texture" },
        "south": { "uv": [ 7.25, 13.75, 7.5, 16 ], "texture": "#texture" },
        "west":  { "uv": [ 7, 13.75, 8, 16 ], "texture": "#texture" },
        "east":  { "uv": [ 8, 13.75, 9, 16 ], "texture": "#texture" }
    }
},
{
    "from": [ 7.25, 2.25, 7.25 ],
    "to": [ 7.5, 6, 7.75 ],
    "faces": {
        "down":  { "uv": [ 8.75, 7.75, 8.5, 7.25 ], "texture": "#texture" },
        "up":    { "uv": [ 7.25, 7.25, 7.5, 7.75 ], "texture": "#texture" },
        "north": { "uv": [ 8.5, 10, 8.75, 13.75 ], "texture": "#texture" },
        "south": { "uv": [ 7.25, 10, 7.5, 13.75 ], "texture": "#texture" },
        "west":  { "uv": [ 7.25, 10, 7.75, 13.75 ], "texture": "#texture" },
        "east":  { "uv": [ 8.25, 10, 8.75, 13.75 ], "texture": "#texture" }
    }
},
{
    "from": [ 7.75, 0, 6.75 ],
    "to": [ 8.5, 4.25, 7.75 ],
    "faces": {
        "down":  { "uv": [ 8.25, 7.75, 7.5, 6.75 ], "texture": "#texture" },
        "up":    { "uv": [ 7.75, 6.75, 8.5, 7.75 ], "texture": "#texture" },
        "north": { "uv": [ 7.5, 11.75, 8.25, 16 ], "texture": "#texture" },
        "south": { "uv": [ 7.75, 11.75, 8.5, 16 ], "texture": "#texture" },
        "west":  { "uv": [ 6.75, 11.75, 7.75, 16 ], "texture": "#texture" },
        "east":  { "uv": [ 8.25, 11.75, 9.25, 16 ], "texture": "#texture" }
    }
},
{
    "from": [ 7.25, 0, 5.5 ],
    "to": [ 8.25, 0.5, 7 ],
    "faces": {
        "down":  { "uv": [ 8.75, 7, 7.75, 5.5 ], "texture": "#texture" },
        "up":    { "uv": [ 7.25, 5.5, 8.25, 7 ], "texture": "#texture" },
        "north": { "uv": [ 7.75, 15.5, 8.75, 16 ], "texture": "#texture" },
        "south": { "uv": [ 7.25, 15.5, 8.25, 16 ], "texture": "#texture" },
        "west":  { "uv": [ 5.5, 15.5, 7, 16 ], "texture": "#texture" },
        "east":  { "uv": [ 9, 15.5, 10.5, 16 ], "texture": "#texture" }
    }
},
{
    "from": [ 6.25, 0, 6.75 ],
    "to": [ 7.25, 0.25, 8.25 ],
    "faces": {
        "down":  { "uv": [ 9.75, 8.25, 8.75, 6.75 ], "texture": "#texture" },
        "up":    { "uv": [ 6.25, 6.75, 7.25, 8.25 ], "texture": "#texture" },
        "north": { "uv": [ 8.75, 15.75, 9.75, 16 ], "texture": "#texture" },
        "south": { "uv": [ 6.25, 15.75, 7.25, 16 ], "texture": "#texture" },
        "west":  { "uv": [ 6.75, 15.75, 8.25, 16 ], "texture": "#texture" },
        "east":  { "uv": [ 7.75, 15.75, 9.25, 16 ], "texture": "#texture" }
    }
},
{
    "from": [ 6.75, 0, 7.25 ],
    "to": [ 7.25, 1.25, 7.75 ],
    "faces": {
        "down":  { "uv": [ 9.25, 7.75, 8.75, 7.25 ], "texture": "#texture" },
        "up":    { "uv": [ 6.75, 7.25, 7.25, 7.75 ], "texture": "#texture" },
        "north": { "uv": [ 8.75, 14.75, 9.25, 16 ], "texture": "#texture" },
        "south": { "uv": [ 6.75, 14.75, 7.25, 16 ], "texture": "#texture" },
        "west":  { "uv": [ 7.25, 14.75, 7.75, 16 ], "texture": "#texture" },
        "east":  { "uv": [ 8.25, 14.75, 8.75, 16 ], "texture": "#texture" }
    }
},
{
    "from": [ 9, 0, 7.75 ],
    "to": [ 10.75, 0.5, 8.75 ],
    "faces": {
        "down":  { "uv": [ 7, 8.75, 5.25, 7.75 ], "texture": "#texture" },
        "up":    { "uv": [ 9, 7.75, 10.75, 8.75 ], "texture": "#texture" },
        "north": { "uv": [ 5.25, 15.5, 7, 16 ], "texture": "#texture" },
        "south": { "uv": [ 9, 15.5, 10.75, 16 ], "texture": "#texture" },
        "west":  { "uv": [ 7.75, 15.5, 8.75, 16 ], "texture": "#texture" },
        "east":  { "uv": [ 7.25, 15.5, 8.25, 16 ], "texture": "#texture" }
    }
},
{
    "from": [ 9, 0.25, 8 ],
    "to": [ 9.25, 1.75, 8.5 ],
    "faces": {
        "down":  { "uv": [ 7, 8.5, 6.75, 8 ], "texture": "#texture" },
        "up":    { "uv": [ 9, 8, 9.25, 8.5 ], "texture": "#texture" },
        "north": { "uv": [ 6.75, 14.25, 7, 15.75 ], "texture": "#texture" },
        "south": { "uv": [ 9, 14.25, 9.25, 15.75 ], "texture": "#texture" },
        "west":  { "uv": [ 8, 14.25, 8.5, 15.75 ], "texture": "#texture" },
        "east":  { "uv": [ 7.5, 14.25, 8, 15.75 ], "texture": "#texture" }
    }
},
{
    "from": [ 7.25, 0, 8 ],
    "to": [ 8.5, 0.5, 10.25 ],
    "faces": {
        "down":  { "uv": [ 8.75, 10.25, 7.5, 8 ], "texture": "#texture" },
        "up":    { "uv": [ 7.25, 8, 8.5, 10.25 ], "texture": "#texture" },
        "north": { "uv": [ 7.5, 15.5, 8.75, 16 ], "texture": "#texture" },
        "south": { "uv": [ 7.25, 15.5, 8.5, 16 ], "texture": "#texture" },
        "west":  { "uv": [ 8, 15.5, 10.25, 16 ], "texture": "#texture" },
        "east":  { "uv": [ 5.75, 15.5, 8, 16 ], "texture": "#texture" }
    }
},
{
    "from": [ 8.25, 0, 8.75 ],
    "to": [ 9, 0.25, 11 ],
    "faces": {
        "down":  { "uv": [ 7.75, 11, 7, 8.75 ], "texture": "#texture" },
        "up":    { "uv": [ 8.25, 8.75, 9, 11 ], "texture": "#texture" },
        "north": { "uv": [ 7, 15.75, 7.75, 16 ], "texture": "#texture" },
        "south": { "uv": [ 8.25, 15.75, 9, 16 ], "texture": "#texture" },
        "west":  { "uv": [ 8.75, 15.75, 11, 16 ], "texture": "#texture" },
        "east":  { "uv": [ 5, 15.75, 7.25, 16 ], "texture": "#texture" }
    }
},
{
    "from": [ 8, 0, 6.25 ],
    "to": [ 9.25, 0.25, 8.5 ],
    "faces": {
        "down":  { "uv": [ 8, 8.5, 6.75, 6.25 ], "texture": "#texture" },
        "up":    { "uv": [ 8, 6.25, 9.25, 8.5 ], "texture": "#texture" },
        "north": { "uv": [ 6.75, 15.75, 8, 16 ], "texture": "#texture" },
        "south": { "uv": [ 8, 15.75, 9.25, 16 ], "texture": "#texture" },
        "west":  { "uv": [ 6.25, 15.75, 8.5, 16 ], "texture": "#texture" },
        "east":  { "uv": [ 7.5, 15.75, 9.75, 16 ], "texture": "#texture" }
    }
},
{
    "from": [ 7.5, 5.25, 7.25 ],
    "to": [ 8.5, 6.25, 8 ],
    "faces": {
        "down":  { "uv": [ 8.5, 8, 7.5, 7.25 ], "texture": "#texture" },
        "up":    { "uv": [ 7.5, 7.25, 8.5, 8 ], "texture": "#texture" },
        "north": { "uv": [ 7.5, 9.75, 8.5, 10.75 ], "texture": "#texture" },
        "south": { "uv": [ 7.5, 9.75, 8.5, 10.75 ], "texture": "#texture" },
        "west":  { "uv": [ 7.25, 9.75, 8, 10.75 ], "texture": "#texture" },
        "east":  { "uv": [ 8, 9.75, 8.75, 10.75 ], "texture": "#texture" }
    }
},
{
    "from": [ 8.25, 7, 6.5 ],
    "to": [ 8.5, 8.25, 6.75 ],
    "faces": {
        "down":  { "uv": [ 7.75, 6.75, 7.5, 6.5 ], "texture": "#texture" },
        "up":    { "uv": [ 8.25, 6.5, 8.5, 6.75 ], "texture": "#texture" },
        "north": { "uv": [ 7.5, 7.75, 7.75, 9 ], "texture": "#texture" },
        "south": { "uv": [ 8.25, 7.75, 8.5, 9 ], "texture": "#texture" },
        "west":  { "uv": [ 6.5, 7.75, 6.75, 9 ], "texture": "#texture" },
        "east":  { "uv": [ 9.25, 7.75, 9.5, 9 ], "texture": "#texture" }
    }
},
{
    "from": [ 7.75, 8.75, 6.25 ],
    "to": [ 8, 10, 6.5 ],
    "faces": {
        "down":  { "uv": [ 8.25, 6.5, 8, 6.25 ], "texture": "#texture" },
        "up":    { "uv": [ 7.75, 6.25, 8, 6.5 ], "texture": "#texture" },
        "north": { "uv": [ 8, 6, 8.25, 7.25 ], "texture": "#texture" },
        "south": { "uv": [ 7.75, 6, 8, 7.25 ], "texture": "#texture" },
        "west":  { "uv": [ 6.25, 6, 6.5, 7.25 ], "texture": "#texture" },
        "east":  { "uv": [ 9.5, 6, 9.75, 7.25 ], "texture": "#texture" }
    }
},
{
    "from": [ 7, 7.25, 6.25 ],
    "to": [ 7.25, 8.5, 6.5 ],
    "faces": {
        "down":  { "uv": [ 9, 6.5, 8.75, 6.25 ], "texture": "#texture" },
        "up":    { "uv": [ 7, 6.25, 7.25, 6.5 ], "texture": "#texture" },
        "north": { "uv": [ 8.75, 7.5, 9, 8.75 ], "texture": "#texture" },
        "south": { "uv": [ 7, 7.5, 7.25, 8.75 ], "texture": "#texture" },
        "west":  { "uv": [ 6.25, 7.5, 6.5, 8.75 ], "texture": "#texture" },
        "east":  { "uv": [ 9.5, 7.5, 9.75, 8.75 ], "texture": "#texture" }
    }
},
{
    "from": [ 7.75, 10, 7.5 ],
    "to": [ 8.25, 10.5, 8 ],
    "faces": {
        "down":  { "uv": [ 8.25, 8, 7.75, 7.5 ], "texture": "#texture" },
        "up":    { "uv": [ 7.75, 7.5, 8.25, 8 ], "texture": "#texture" },
        "north": { "uv": [ 7.75, 5.5, 8.25, 6 ], "texture": "#texture" },
        "south": { "uv": [ 7.75, 5.5, 8.25, 6 ], "texture": "#texture" },
        "west":  { "uv": [ 7.5, 5.5, 8, 6 ], "texture": "#texture" },
        "east":  { "uv": [ 8, 5.5, 8.5, 6 ], "texture": "#texture" }
    }
},
{
    "from": [ 7.75, 4.75, 7.16 ],
    "to": [ 8.75, 5.75, 8.16 ],
    "faces": {
        "down":  { "uv": [ 8.25, 8.16, 7.25, 7.16 ], "texture": "#texture" },
        "up":    { "uv": [ 7.75, 7.16, 8.75, 8.16 ], "texture": "#texture" },
        "north": { "uv": [ 7.25, 10.25, 8.25, 11.25 ], "texture": "#texture" },
        "south": { "uv": [ 7.75, 10.25, 8.75, 11.25 ], "texture": "#texture" },
        "west":  { "uv": [ 7.16, 10.25, 8.16, 11.25 ], "texture": "#texture" },
        "east":  { "uv": [ 7.84, 10.25, 8.84, 11.25 ], "texture": "#texture" }
    }
},
{
    "from": [ 7.75, 7.75, 7 ],
    "to": [ 8, 9, 7.25 ],
    "faces": {
        "down":  { "uv": [ 8.25, 7.25, 8, 7 ], "texture": "#texture" },
        "up":    { "uv": [ 7.75, 7, 8, 7.25 ], "texture": "#texture" },
        "north": { "uv": [ 8, 7, 8.25, 8.25 ], "texture": "#texture" },
        "south": { "uv": [ 7.75, 7, 8, 8.25 ], "texture": "#texture" },
        "west":  { "uv": [ 7, 7, 7.25, 8.25 ], "texture": "#texture" },
        "east":  { "uv": [ 8.75, 7, 9, 8.25 ], "texture": "#texture" }
    }
},
{
    "from": [ 8, 6.25, 7.25 ],
    "to": [ 8.25, 6.75, 7.75 ],
    "faces": {
        "down":  { "uv": [ 8, 7.75, 7.75, 7.25 ], "texture": "#texture" },
        "up":    { "uv": [ 8, 7.25, 8.25, 7.75 ], "texture": "#texture" },
        "north": { "uv": [ 7.75, 9.25, 8, 9.75 ], "texture": "#texture" },
        "south": { "uv": [ 8, 9.25, 8.25, 9.75 ], "texture": "#texture" },
        "west":  { "uv": [ 7.25, 9.25, 7.75, 9.75 ], "texture": "#texture" },
        "east":  { "uv": [ 8.25, 9.25, 8.75, 9.75 ], "texture": "#texture" }
    }
},
{
    "from": [ 7.751, 10, 10.251 ],
    "to": [ 8.251, 10.25, 11.251 ],
    "faces": {
        "down":  { "uv": [ 8.249, 11.251, 7.749, 10.251 ], "texture": "#texture" },
        "up":    { "uv": [ 7.751, 10.251, 8.251, 11.251 ], "texture": "#texture" },
        "north": { "uv": [ 7.749, 5.75, 8.249, 6 ], "texture": "#texture" },
        "south": { "uv": [ 7.751, 5.75, 8.251, 6 ], "texture": "#texture" },
        "west":  { "uv": [ 10.251, 5.75, 11.251, 6 ], "texture": "#texture" },
        "east":  { "uv": [ 4.749, 5.75, 5.749, 6 ], "texture": "#texture" }
    }
},
{
    "from": [ 7.5, 10.5, 9 ],
    "to": [ 8, 10.75, 10 ],
    "faces": {
        "down":  { "uv": [ 8.5, 10, 8, 9 ], "texture": "#texture" },
        "up":    { "uv": [ 7.5, 9, 8, 10 ], "texture": "#texture" },
        "north": { "uv": [ 8, 5.25, 8.5, 5.5 ], "texture": "#texture" },
        "south": { "uv": [ 7.5, 5.25, 8, 5.5 ], "texture": "#texture" },
        "west":  { "uv": [ 9, 5.25, 10, 5.5 ], "texture": "#texture" },
        "east":  { "uv": [ 6, 5.25, 7, 5.5 ], "texture": "#texture" }
    }
},
{
    "from": [ 7.5, 10.25, 8.75 ],
    "to": [ 8, 10.5, 9 ],
    "faces": {
        "down":  { "uv": [ 8.5, 9, 8, 8.75 ], "texture": "#texture" },
        "up":    { "uv": [ 7.5, 8.75, 8, 9 ], "texture": "#texture" },
        "north": { "uv": [ 8, 5.5, 8.5, 5.75 ], "texture": "#texture" },
        "south": { "uv": [ 7.5, 5.5, 8, 5.75 ], "texture": "#texture" },
        "west":  { "uv": [ 8.75, 5.5, 9, 5.75 ], "texture": "#texture" },
        "east":  { "uv": [ 7, 5.5, 7.25, 5.75 ], "texture": "#texture" }
    }
},
{
    "from": [ 7.75, 9.75, 10 ],
    "to": [ 8.25, 10, 10.25 ],
    "faces": {
        "down":  { "uv": [ 8.25, 10.25, 7.75, 10 ], "texture": "#texture" },
        "up":    { "uv": [ 7.75, 10, 8.25, 10.25 ], "texture": "#texture" },
        "north": { "uv": [ 7.75, 6, 8.25, 6.25 ], "texture": "#texture" },
        "south": { "uv": [ 7.75, 6, 8.25, 6.25 ], "texture": "#texture" },
        "west":  { "uv": [ 10, 6, 10.25, 6.25 ], "texture": "#texture" },
        "east":  { "uv": [ 5.75, 6, 6, 6.25 ], "texture": "#texture" }
    }
},
{
    "from": [ 9, 1.5, 7.75 ],
    "to": [ 9.25, 4, 8 ],
    "faces": {
        "down":  { "uv": [ 7, 8, 6.75, 7.75 ], "texture": "#texture" },
        "up":    { "uv": [ 9, 7.75, 9.25, 8 ], "texture": "#texture" },
        "north": { "uv": [ 6.75, 12, 7, 14.5 ], "texture": "#texture" },
        "south": { "uv": [ 9, 12, 9.25, 14.5 ], "texture": "#texture" },
        "west":  { "uv": [ 7.75, 12, 8, 14.5 ], "texture": "#texture" },
        "east":  { "uv": [ 8, 12, 8.25, 14.5 ], "texture": "#texture" }
    }
},
{
    "from": [ 8, 6.25, 6.25 ],
    "to": [ 8.25, 7, 6.5 ],
    "faces": {
        "down":  { "uv": [ 8, 6.5, 7.75, 6.25 ], "texture": "#texture" },
        "up":    { "uv": [ 8, 6.25, 8.25, 6.5 ], "texture": "#texture" },
        "north": { "uv": [ 7.75, 9, 8, 9.75 ], "texture": "#texture" },
        "south": { "uv": [ 8, 9, 8.25, 9.75 ], "texture": "#texture" },
        "west":  { "uv": [ 6.25, 9, 6.5, 9.75 ], "texture": "#texture" },
        "east":  { "uv": [ 9.5, 9, 9.75, 9.75 ], "texture": "#texture" }
    }
},
{
    "from": [ 7.5, 7.25, 5.75 ],
    "to": [ 7.75, 8.75, 6 ],
    "faces": {
        "down":  { "uv": [ 8.5, 6, 8.25, 5.75 ], "texture": "#texture" },
        "up":    { "uv": [ 7.5, 5.75, 7.75, 6 ], "texture": "#texture" },
        "north": { "uv": [ 8.25, 7.25, 8.5, 8.75 ], "texture": "#texture" },
        "south": { "uv": [ 7.5, 7.25, 7.75, 8.75 ], "texture": "#texture" },
        "west":  { "uv": [ 5.75, 7.25, 6, 8.75 ], "texture": "#texture" },
        "east":  { "uv": [ 10, 7.25, 10.25, 8.75 ], "texture": "#texture" }
    }
},
{
    "from": [ 7.25, 9.5, 6.75 ],
    "to": [ 8.75, 10, 7.25 ],
    "faces": {
        "down":  { "uv": [ 8.75, 7.25, 7.25, 6.75 ], "texture": "#texture" },
        "up":    { "uv": [ 7.25, 6.75, 8.75, 7.25 ], "texture": "#texture" },
        "north": { "uv": [ 7.25, 6, 8.75, 6.5 ], "texture": "#texture" },
        "south": { "uv": [ 7.25, 6, 8.75, 6.5 ], "texture": "#texture" },
        "west":  { "uv": [ 6.75, 6, 7.25, 6.5 ], "texture": "#texture" },
        "east":  { "uv": [ 8.75, 6, 9.25, 6.5 ], "texture": "#texture" }
    }
},
{
    "from": [ 7.75, 11, 7.25 ],
    "to": [ 8.25, 11.25, 8.75 ],
    "faces": {
        "down":  { "uv": [ 8.25, 8.75, 7.75, 7.25 ], "texture": "#texture" },
        "up":    { "uv": [ 7.75, 7.25, 8.25, 8.75 ], "texture": "#texture" },
        "north": { "uv": [ 7.75, 4.75, 8.25, 5 ], "texture": "#texture" },
        "south": { "uv": [ 7.75, 4.75, 8.25, 5 ], "texture": "#texture" },
        "west":  { "uv": [ 7.25, 4.75, 8.75, 5 ], "texture": "#texture" },
        "east":  { "uv": [ 7.25, 4.75, 8.75, 5 ], "texture": "#texture" }
    }
},
{
    "from": [ 10.5, 0, 7.5 ],
    "to": [ 11.25, 0.25, 8 ],
    "faces": {
        "down":  { "uv": [ 5.5, 8, 4.75, 7.5 ], "texture": "#texture" },
        "up":    { "uv": [ 10.5, 7.5, 11.25, 8 ], "texture": "#texture" },
        "north": { "uv": [ 4.75, 15.75, 5.5, 16 ], "texture": "#texture" },
        "south": { "uv": [ 10.5, 15.75, 11.25, 16 ], "texture": "#texture" },
        "west":  { "uv": [ 7.5, 15.75, 8, 16 ], "texture": "#texture" },
        "east":  { "uv": [ 8, 15.75, 8.5, 16 ], "texture": "#texture" }
    }
},
{
    "from": [ 8.75, -0.001, 10.75 ],
    "to": [ 9.5, 0.249, 11.75 ],
    "faces": {
        "down":  { "uv": [ 7.25, 11.75, 6.5, 10.75 ], "texture": "#texture" },
        "up":    { "uv": [ 8.75, 10.75, 9.5, 11.75 ], "texture": "#texture" },
        "north": { "uv": [ 6.5, 15.751, 7.25, 16 ], "texture": "#texture" },
        "south": { "uv": [ 8.75, 15.751, 9.5, 16 ], "texture": "#texture" },
        "west":  { "uv": [ 10.75, 15.751, 11.75, 16 ], "texture": "#texture" },
        "east":  { "uv": [ 4.25, 15.751, 5.25, 16 ], "texture": "#texture" }
    }
},
{
    "from": [ 7.751, 0.5, 8.501 ],
    "to": [ 8.251, 1.5, 9.001 ],
    "faces": {
        "down":  { "uv": [ 8.249, 9.001, 7.749, 8.501 ], "texture": "#texture" },
        "up":    { "uv": [ 7.751, 8.501, 8.251, 9.001 ], "texture": "#texture" },
        "north": { "uv": [ 7.749, 14.5, 8.249, 15.5 ], "texture": "#texture" },
        "south": { "uv": [ 7.751, 14.5, 8.251, 15.5 ], "texture": "#texture" },
        "west":  { "uv": [ 8.501, 14.5, 9.001, 15.5 ], "texture": "#texture" },
        "east":  { "uv": [ 6.999, 14.5, 7.499, 15.5 ], "texture": "#texture" }
    }
}
],
"display": {
    "thirdperson_righthand": {
        "rotation": [ 0, -180, 0 ],
        "translation": [ 0, 6.43, 0 ],
        "scale": [ 1, 1, 1 ]
    },
    "thirdperson_lefthand": {
        "rotation": [ 0, -180, 0 ],
        "translation": [ 0, 6.43, 0 ],
        "scale": [ 1, 1, 1 ]
    },
    "head": {
        "rotation": [ 0, -180, 0 ],
        "translation": [ 0, 13, 0 ],
        "scale": [ 1, 1, 1 ]
    },
    "ground": {
        "rotation": [ 0, 0, 0 ],
        "translation": [ 0, 3, 0 ],
        "scale": [ 0.57, 0.57, 0.57 ]
    },
    "fixed": {
        "rotation": [ 0, -95, 0 ],
        "translation": [ -0.19, 0, -0.38 ],
        "scale": [ 1, 1, 1 ]
    },
    "firstperson_righthand": {
        "rotation": [ 0, 180, 0 ],
        "translation": [ 0, 5.67, 0 ],
        "scale": [ 0.72, 0.72, 0.72 ]
    },
    "firstperson_lefthand": {
        "rotation": [ 0, 180, 0 ],
        "translation": [ 1.32, 5.67, 0 ],
        "scale": [ 0.72, 0.72, 0.72 ]
    },
    "gui": {
        "rotation": [ 30, 77, 0 ],
        "translation": [ 0, 1.51, 0 ],
        "scale": [ 0.94, 0.94, 0.94 ]
    }
}
}