{
"__comment": "Designed by CoolScreenName http://www.planetminecraft.com/member/coolscreenname/",
"textures": {
    "particle": "blocks/nether_wart_stage_2",
    "texture": "blocks/nether_wart_stage_2",
    "mushroom_red": "blocks/glowstone"
},
"elements": [ 
{
    "from": [ 7.63875, -5e-006, 7.2775 ],
    "to": [ 8.7225, 3.79312, 8.36125 ],
    "faces": {
        "down":  { "uv": [ 8.36125, 8.36125, 7.2775, 7.2775 ], "texture": "#texture" },
        "up":    { "uv": [ 7.63875, 7.2775, 8.7225, 8.36125 ], "texture": "#texture" },
        "north": { "uv": [ 7.2775, 12.2069, 8.36125, 16 ], "texture": "#texture" },
        "south": { "uv": [ 7.63875, 12.2069, 8.7225, 16 ], "texture": "#texture" },
        "west":  { "uv": [ 7.2775, 12.2069, 8.36125, 16 ], "texture": "#texture" },
        "east":  { "uv": [ 7.63875, 12.2069, 8.7225, 16 ], "texture": "#texture" }
    }
},
{
    "from": [ 7.81938, 0, 8.18062 ],
    "to": [ 8.54187, 2.89, 8.54187 ],
    "faces": {
        "down":  { "uv": [ 8.18062, 8.54187, 7.45812, 8.18062 ], "texture": "#texture" },
        "up":    { "uv": [ 7.81938, 8.18062, 8.54187, 8.54187 ], "texture": "#texture" },
        "north": { "uv": [ 7.45812, 13.11, 8.18062, 16 ], "texture": "#texture" },
        "south": { "uv": [ 7.81938, 13.11, 8.54187, 16 ], "texture": "#texture" },
        "west":  { "uv": [ 8.18062, 13.11, 8.54187, 16 ], "texture": "#texture" },
        "east":  { "uv": [ 7.45813, 13.11, 7.81938, 16 ], "texture": "#texture" }
    }
},
{
    "from": [ 7.3625, 4.5, 6.3 ],
    "to": [ 8.2125, 6.2, 7.15 ],
    "faces": {
        "down":  { "uv": [ 8.6375, 7.15, 7.7875, 6.3 ], "texture": "#texture" },
        "up":    { "uv": [ 7.3625, 6.3, 8.2125, 7.15 ], "texture": "#texture" },
        "north": { "uv": [ 7.7875, 9.8, 8.6375, 11.5 ], "texture": "#texture" },
        "south": { "uv": [ 7.3625, 9.8, 8.2125, 11.5 ], "texture": "#texture" },
        "west":  { "uv": [ 6.3, 9.8, 7.15, 11.5 ], "texture": "#texture" },
        "east":  { "uv": [ 8.85, 9.8, 9.7, 11.5 ], "texture": "#texture" }
    }
},
{
    "from": [ 7.575, 6.2, 6.725 ],
    "to": [ 8.425, 7.475, 7.575 ],
    "faces": {
        "down":  { "uv": [ 8.425, 7.575, 7.575, 6.725 ], "texture": "#texture" },
        "up":    { "uv": [ 7.575, 6.725, 8.425, 7.575 ], "texture": "#texture" },
        "north": { "uv": [ 7.575, 8.525, 8.425, 9.8 ], "texture": "#texture" },
        "south": { "uv": [ 7.575, 8.525, 8.425, 9.8 ], "texture": "#texture" },
        "west":  { "uv": [ 6.725, 8.525, 7.575, 9.8 ], "texture": "#texture" },
        "east":  { "uv": [ 8.425, 8.525, 9.275, 9.8 ], "texture": "#texture" }
    }
},
{
    "from": [ 7.575, 7.475, 7.15 ],
    "to": [ 8.425, 7.9, 8.85 ],
    "faces": {
        "down":  { "uv": [ 8.425, 8.85, 7.575, 7.15 ], "texture": "#texture" },
        "up":    { "uv": [ 7.575, 7.15, 8.425, 8.85 ], "texture": "#texture" },
        "north": { "uv": [ 7.575, 8.1, 8.425, 8.525 ], "texture": "#texture" },
        "south": { "uv": [ 7.575, 8.1, 8.425, 8.525 ], "texture": "#texture" },
        "west":  { "uv": [ 7.15, 8.1, 8.85, 8.525 ], "texture": "#texture" },
        "east":  { "uv": [ 7.15, 8.1, 8.85, 8.525 ], "texture": "#texture" }
    }
},
{
    "from": [ 7.3625, 7.05, 8.85 ],
    "to": [ 8.2125, 7.475, 10.125 ],
    "faces": {
        "down":  { "uv": [ 8.6375, 10.125, 7.7875, 8.85 ], "texture": "#texture" },
        "up":    { "uv": [ 7.3625, 8.85, 8.2125, 10.125 ], "texture": "#texture" },
        "north": { "uv": [ 7.7875, 8.525, 8.6375, 8.95 ], "texture": "#texture" },
        "south": { "uv": [ 7.3625, 8.525, 8.2125, 8.95 ], "texture": "#texture" },
        "west":  { "uv": [ 8.85, 8.525, 10.125, 8.95 ], "texture": "#texture" },
        "east":  { "uv": [ 5.875, 8.525, 7.15, 8.95 ], "texture": "#texture" }
    }
},
{
    "from": [ 7.7875, 3.65, 6.725 ],
    "to": [ 8.6375, 4.5, 7.575 ],
    "faces": {
        "down":  { "uv": [ 8.2125, 7.575, 7.3625, 6.725 ], "texture": "#texture" },
        "up":    { "uv": [ 7.7875, 6.725, 8.6375, 7.575 ], "texture": "#texture" },
        "north": { "uv": [ 7.3625, 11.5, 8.2125, 12.35 ], "texture": "#texture" },
        "south": { "uv": [ 7.7875, 11.5, 8.6375, 12.35 ], "texture": "#texture" },
        "west":  { "uv": [ 6.725, 11.5, 7.575, 12.35 ], "texture": "#texture" },
        "east":  { "uv": [ 8.425, 11.5, 9.275, 12.35 ], "texture": "#texture" }
    }
},
{
    "from": [ 7.575, 6.625, 9.9125 ],
    "to": [ 8.425, 7.05, 10.975 ],
    "faces": {
        "down":  { "uv": [ 8.425, 10.975, 7.575, 9.9125 ], "texture": "#texture" },
        "up":    { "uv": [ 7.575, 9.9125, 8.425, 10.975 ], "texture": "#texture" },
        "north": { "uv": [ 7.575, 8.95, 8.425, 9.375 ], "texture": "#texture" },
        "south": { "uv": [ 7.575, 8.95, 8.425, 9.375 ], "texture": "#texture" },
        "west":  { "uv": [ 9.9125, 8.95, 10.975, 9.375 ], "texture": "#texture" },
        "east":  { "uv": [ 5.025, 8.95, 6.0875, 9.375 ], "texture": "#texture" }
    }
},
{
    "from": [ 7.7875, 5.9875, 10.3375 ],
    "to": [ 8.2125, 6.625, 10.7625 ],
    "faces": {
        "down":  { "uv": [ 8.2125, 10.7625, 7.7875, 10.3375 ], "texture": "#texture" },
        "up":    { "uv": [ 7.7875, 10.3375, 8.2125, 10.7625 ], "texture": "#texture" },
        "north": { "uv": [ 7.7875, 9.375, 8.2125, 10.0125 ], "texture": "#texture" },
        "south": { "uv": [ 7.7875, 9.375, 8.2125, 10.0125 ], "texture": "#texture" },
        "west":  { "uv": [ 10.3375, 9.375, 10.7625, 10.0125 ], "texture": "#texture" },
        "east":  { "uv": [ 5.2375, 9.375, 5.6625, 10.0125 ], "texture": "#texture" }
    }
},
{
    "__comment": "fruit",
    "from": [ 7.625, 5.25, 10.125 ],
    "to": [ 8.375, 6, 10.875 ],
    "faces": {
        "down":  { "uv": [ 0, 0, 16, 16 ], "texture": "#mushroom_red" },
        "up":    { "uv": [ 0, 0, 16, 16 ], "texture": "#mushroom_red" },
        "north": { "uv": [ 0, 0, 16, 16 ], "texture": "#mushroom_red" },
        "south": { "uv": [ 0, 0, 16, 16 ], "texture": "#mushroom_red" },
        "west":  { "uv": [ 0, 0, 16, 16 ], "texture": "#mushroom_red" },
        "east":  { "uv": [ 0, 0, 16, 16 ], "texture": "#mushroom_red" }
    }
},
{
    "from": [ 7.45812, -5e-006, 7.2775 ],
    "to": [ 7.63875, 1.62563, 8 ],
    "faces": {
        "down":  { "uv": [ 8.54188, 8, 8.36125, 7.2775 ], "texture": "#texture" },
        "up":    { "uv": [ 7.45812, 7.2775, 7.63875, 8 ], "texture": "#texture" },
        "north": { "uv": [ 8.36125, 14.3744, 8.54188, 16 ], "texture": "#texture" },
        "south": { "uv": [ 7.45812, 14.3744, 7.63875, 16 ], "texture": "#texture" },
        "west":  { "uv": [ 7.2775, 14.3744, 8, 16 ], "texture": "#texture" },
        "east":  { "uv": [ 8, 14.3744, 8.7225, 16 ], "texture": "#texture" }
    }
},
{
    "from": [ 7.45812, 1.445, 7.45812 ],
    "to": [ 7.63875, 3.6125, 7.81938 ],
    "faces": {
        "down":  { "uv": [ 8.54188, 7.81938, 8.36125, 7.45812 ], "texture": "#texture" },
        "up":    { "uv": [ 7.45812, 7.45812, 7.63875, 7.81938 ], "texture": "#texture" },
        "north": { "uv": [ 8.36125, 12.3875, 8.54188, 14.555 ], "texture": "#texture" },
        "south": { "uv": [ 7.45812, 12.3875, 7.63875, 14.555 ], "texture": "#texture" },
        "west":  { "uv": [ 7.45812, 12.3875, 7.81938, 14.555 ], "texture": "#texture" },
        "east":  { "uv": [ 8.18063, 12.3875, 8.54188, 14.555 ], "texture": "#texture" }
    }
},
{
    "from": [ 7.81938, 5e-006, 7.09687 ],
    "to": [ 8.36125, 3.07063, 7.81938 ],
    "faces": {
        "down":  { "uv": [ 8.18063, 7.81938, 7.63875, 7.09687 ], "texture": "#texture" },
        "up":    { "uv": [ 7.81938, 7.09687, 8.36125, 7.81938 ], "texture": "#texture" },
        "north": { "uv": [ 7.63875, 12.9294, 8.18062, 16 ], "texture": "#texture" },
        "south": { "uv": [ 7.81938, 12.9294, 8.36125, 16 ], "texture": "#texture" },
        "west":  { "uv": [ 7.09687, 12.9294, 7.81938, 16 ], "texture": "#texture" },
        "east":  { "uv": [ 8.18062, 12.9294, 8.90312, 16 ], "texture": "#texture" }
    }
},
{
    "from": [ 7.45812, 0, 6.19375 ],
    "to": [ 8.18062, 0.36125, 7.2775 ],
    "faces": {
        "down":  { "uv": [ 8.54187, 7.2775, 7.81938, 6.19375 ], "texture": "#texture" },
        "up":    { "uv": [ 7.45812, 6.19375, 8.18062, 7.2775 ], "texture": "#texture" },
        "north": { "uv": [ 7.81938, 15.6388, 8.54188, 16 ], "texture": "#texture" },
        "south": { "uv": [ 7.45812, 15.6388, 8.18062, 16 ], "texture": "#texture" },
        "west":  { "uv": [ 6.19375, 15.6388, 7.2775, 16 ], "texture": "#texture" },
        "east":  { "uv": [ 8.7225, 15.6388, 9.80625, 16 ], "texture": "#texture" }
    }
},
{
    "from": [ 6.73562, 0, 7.09687 ],
    "to": [ 7.45812, 0.180625, 8.18062 ],
    "faces": {
        "down":  { "uv": [ 9.26438, 8.18062, 8.54188, 7.09687 ], "texture": "#texture" },
        "up":    { "uv": [ 6.73562, 7.09687, 7.45812, 8.18062 ], "texture": "#texture" },
        "north": { "uv": [ 8.54188, 15.8194, 9.26438, 16 ], "texture": "#texture" },
        "south": { "uv": [ 6.73562, 15.8194, 7.45812, 16 ], "texture": "#texture" },
        "west":  { "uv": [ 7.09687, 15.8194, 8.18062, 16 ], "texture": "#texture" },
        "east":  { "uv": [ 7.81937, 15.8194, 8.90312, 16 ], "texture": "#texture" }
    }
},
{
    "from": [ 7.09687, 0, 7.45812 ],
    "to": [ 7.45812, 0.903125, 7.81938 ],
    "faces": {
        "down":  { "uv": [ 8.90313, 7.81938, 8.54188, 7.45812 ], "texture": "#texture" },
        "up":    { "uv": [ 7.09687, 7.45812, 7.45812, 7.81938 ], "texture": "#texture" },
        "north": { "uv": [ 8.54187, 15.0969, 8.90312, 16 ], "texture": "#texture" },
        "south": { "uv": [ 7.09687, 15.0969, 7.45812, 16 ], "texture": "#texture" },
        "west":  { "uv": [ 7.45812, 15.0969, 7.81938, 16 ], "texture": "#texture" },
        "east":  { "uv": [ 8.18063, 15.0969, 8.54188, 16 ], "texture": "#texture" }
    }
},
{
    "from": [ 8.7225, 0, 7.81938 ],
    "to": [ 9.98688, 0.36125, 8.54187 ],
    "faces": {
        "down":  { "uv": [ 7.2775, 8.54187, 6.01313, 7.81938 ], "texture": "#texture" },
        "up":    { "uv": [ 8.7225, 7.81938, 9.98687, 8.54187 ], "texture": "#texture" },
        "north": { "uv": [ 6.01312, 15.6388, 7.2775, 16 ], "texture": "#texture" },
        "south": { "uv": [ 8.7225, 15.6388, 9.98687, 16 ], "texture": "#texture" },
        "west":  { "uv": [ 7.81938, 15.6388, 8.54187, 16 ], "texture": "#texture" },
        "east":  { "uv": [ 7.45812, 15.6388, 8.18062, 16 ], "texture": "#texture" }
    }
},
{
    "from": [ 8.7225, 0.180625, 8 ],
    "to": [ 8.90312, 1.26438, 8.36125 ],
    "faces": {
        "down":  { "uv": [ 7.2775, 8.36125, 7.09688, 8 ], "texture": "#texture" },
        "up":    { "uv": [ 8.7225, 8, 8.90312, 8.36125 ], "texture": "#texture" },
        "north": { "uv": [ 7.09687, 14.7356, 7.2775, 15.8194 ], "texture": "#texture" },
        "south": { "uv": [ 8.7225, 14.7356, 8.90312, 15.8194 ], "texture": "#texture" },
        "west":  { "uv": [ 8, 14.7356, 8.36125, 15.8194 ], "texture": "#texture" },
        "east":  { "uv": [ 7.63875, 14.7356, 8, 15.8194 ], "texture": "#texture" }
    }
},
{
    "from": [ 7.45812, 0, 8 ],
    "to": [ 8.36125, 0.36125, 9.62563 ],
    "faces": {
        "down":  { "uv": [ 8.54188, 9.62562, 7.63875, 8 ], "texture": "#texture" },
        "up":    { "uv": [ 7.45812, 8, 8.36125, 9.62562 ], "texture": "#texture" },
        "north": { "uv": [ 7.63875, 15.6388, 8.54188, 16 ], "texture": "#texture" },
        "south": { "uv": [ 7.45812, 15.6388, 8.36125, 16 ], "texture": "#texture" },
        "west":  { "uv": [ 8, 15.6388, 9.62562, 16 ], "texture": "#texture" },
        "east":  { "uv": [ 6.37437, 15.6388, 8, 16 ], "texture": "#texture" }
    }
},
{
    "from": [ 8.18062, 0, 8.54187 ],
    "to": [ 8.7225, 0.180625, 10.1675 ],
    "faces": {
        "down":  { "uv": [ 7.81938, 10.1675, 7.2775, 8.54187 ], "texture": "#texture" },
        "up":    { "uv": [ 8.18062, 8.54187, 8.7225, 10.1675 ], "texture": "#texture" },
        "north": { "uv": [ 7.2775, 15.8194, 7.81938, 16 ], "texture": "#texture" },
        "south": { "uv": [ 8.18062, 15.8194, 8.7225, 16 ], "texture": "#texture" },
        "west":  { "uv": [ 8.54187, 15.8194, 10.1675, 16 ], "texture": "#texture" },
        "east":  { "uv": [ 5.8325, 15.8194, 7.45813, 16 ], "texture": "#texture" }
    }
},
{
    "from": [ 8, 0, 6.73562 ],
    "to": [ 8.90312, 0.180625, 8.36125 ],
    "faces": {
        "down":  { "uv": [ 8, 8.36125, 7.09688, 6.73562 ], "texture": "#texture" },
        "up":    { "uv": [ 8, 6.73562, 8.90312, 8.36125 ], "texture": "#texture" },
        "north": { "uv": [ 7.09687, 15.8194, 8, 16 ], "texture": "#texture" },
        "south": { "uv": [ 8, 15.8194, 8.90312, 16 ], "texture": "#texture" },
        "west":  { "uv": [ 6.73562, 15.8194, 8.36125, 16 ], "texture": "#texture" },
        "east":  { "uv": [ 7.63875, 15.8194, 9.26438, 16 ], "texture": "#texture" }
    }
},
{
    "from": [ 7.69294, 3.22416, 7.53941 ],
    "to": [ 8.30706, 3.83828, 8 ],
    "faces": {
        "down":  { "uv": [ 8.30706, 8, 7.69294, 7.53941 ], "texture": "#texture" },
        "up":    { "uv": [ 7.69294, 7.53941, 8.30706, 8 ], "texture": "#texture" },
        "north": { "uv": [ 7.69294, 12.1617, 8.30706, 12.7758 ], "texture": "#texture" },
        "south": { "uv": [ 7.69294, 12.1617, 8.30706, 12.7758 ], "texture": "#texture" },
        "west":  { "uv": [ 7.53941, 12.1617, 8, 12.7758 ], "texture": "#texture" },
        "east":  { "uv": [ 8, 12.1617, 8.46059, 12.7758 ], "texture": "#texture" }
    }
},
{
    "from": [ 8.2125, 4.5, 6.725 ],
    "to": [ 8.425, 5.5625, 6.9375 ],
    "faces": {
        "down":  { "uv": [ 7.7875, 6.9375, 7.575, 6.725 ], "texture": "#texture" },
        "up":    { "uv": [ 8.2125, 6.725, 8.425, 6.9375 ], "texture": "#texture" },
        "north": { "uv": [ 7.575, 10.4375, 7.7875, 11.5 ], "texture": "#texture" },
        "south": { "uv": [ 8.2125, 10.4375, 8.425, 11.5 ], "texture": "#texture" },
        "west":  { "uv": [ 6.725, 10.4375, 6.9375, 11.5 ], "texture": "#texture" },
        "east":  { "uv": [ 9.0625, 10.4375, 9.275, 11.5 ], "texture": "#texture" }
    }
},
{
    "from": [ 7.7875, 5.9875, 6.5125 ],
    "to": [ 8, 7.05, 6.725 ],
    "faces": {
        "down":  { "uv": [ 8.2125, 6.725, 8, 6.5125 ], "texture": "#texture" },
        "up":    { "uv": [ 7.7875, 6.5125, 8, 6.725 ], "texture": "#texture" },
        "north": { "uv": [ 8, 8.95, 8.2125, 10.0125 ], "texture": "#texture" },
        "south": { "uv": [ 7.7875, 8.95, 8, 10.0125 ], "texture": "#texture" },
        "west":  { "uv": [ 6.5125, 8.95, 6.725, 10.0125 ], "texture": "#texture" },
        "east":  { "uv": [ 9.275, 8.95, 9.4875, 10.0125 ], "texture": "#texture" }
    }
},
{
    "from": [ 7.15, 4.7125, 6.5125 ],
    "to": [ 7.3625, 5.775, 6.725 ],
    "faces": {
        "down":  { "uv": [ 8.85, 6.725, 8.6375, 6.5125 ], "texture": "#texture" },
        "up":    { "uv": [ 7.15, 6.5125, 7.3625, 6.725 ], "texture": "#texture" },
        "north": { "uv": [ 8.6375, 10.225, 8.85, 11.2875 ], "texture": "#texture" },
        "south": { "uv": [ 7.15, 10.225, 7.3625, 11.2875 ], "texture": "#texture" },
        "west":  { "uv": [ 6.5125, 10.225, 6.725, 11.2875 ], "texture": "#texture" },
        "east":  { "uv": [ 9.275, 10.225, 9.4875, 11.2875 ], "texture": "#texture" }
    }
},
{
    "from": [ 7.7875, 7.05, 7.575 ],
    "to": [ 8.2125, 7.475, 8 ],
    "faces": {
        "down":  { "uv": [ 8.2125, 8, 7.7875, 7.575 ], "texture": "#texture" },
        "up":    { "uv": [ 7.7875, 7.575, 8.2125, 8 ], "texture": "#texture" },
        "north": { "uv": [ 7.7875, 8.525, 8.2125, 8.95 ], "texture": "#texture" },
        "south": { "uv": [ 7.7875, 8.525, 8.2125, 8.95 ], "texture": "#texture" },
        "west":  { "uv": [ 7.575, 8.525, 8, 8.95 ], "texture": "#texture" },
        "east":  { "uv": [ 8, 8.525, 8.425, 8.95 ], "texture": "#texture" }
    }
},
{
    "from": [ 7.84647, 2.91709, 7.48414 ],
    "to": [ 8.46059, 3.53122, 8.09826 ],
    "faces": {
        "down":  { "uv": [ 8.15353, 8.09826, 7.53941, 7.48414 ], "texture": "#texture" },
        "up":    { "uv": [ 7.84647, 7.48414, 8.46059, 8.09826 ], "texture": "#texture" },
        "north": { "uv": [ 7.53941, 12.4688, 8.15353, 13.0829 ], "texture": "#texture" },
        "south": { "uv": [ 7.84647, 12.4688, 8.46059, 13.0829 ], "texture": "#texture" },
        "west":  { "uv": [ 7.48414, 12.4688, 8.09826, 13.0829 ], "texture": "#texture" },
        "east":  { "uv": [ 7.90174, 12.4688, 8.51586, 13.0829 ], "texture": "#texture" }
    }
},
{
    "from": [ 7.7875, 5.1375, 7.15 ],
    "to": [ 8, 6.2, 7.3625 ],
    "faces": {
        "down":  { "uv": [ 8.2125, 7.3625, 8, 7.15 ], "texture": "#texture" },
        "up":    { "uv": [ 7.7875, 7.15, 8, 7.3625 ], "texture": "#texture" },
        "north": { "uv": [ 8, 9.8, 8.2125, 10.8625 ], "texture": "#texture" },
        "south": { "uv": [ 7.7875, 9.8, 8, 10.8625 ], "texture": "#texture" },
        "west":  { "uv": [ 7.15, 9.8, 7.3625, 10.8625 ], "texture": "#texture" },
        "east":  { "uv": [ 8.6375, 9.8, 8.85, 10.8625 ], "texture": "#texture" }
    }
},
{
    "from": [ 8, 3.8625, 7.3625 ],
    "to": [ 8.2125, 4.2875, 7.7875 ],
    "faces": {
        "down":  { "uv": [ 8, 7.7875, 7.7875, 7.3625 ], "texture": "#texture" },
        "up":    { "uv": [ 8, 7.3625, 8.2125, 7.7875 ], "texture": "#texture" },
        "north": { "uv": [ 7.7875, 11.7125, 8, 12.1375 ], "texture": "#texture" },
        "south": { "uv": [ 8, 11.7125, 8.2125, 12.1375 ], "texture": "#texture" },
        "west":  { "uv": [ 7.3625, 11.7125, 7.7875, 12.1375 ], "texture": "#texture" },
        "east":  { "uv": [ 8.2125, 11.7125, 8.6375, 12.1375 ], "texture": "#texture" }
    }
},
{
    "from": [ 7.78835, 7.05, 9.91335 ],
    "to": [ 8.21335, 7.2625, 10.7633 ],
    "faces": {
        "down":  { "uv": [ 8.21165, 10.7633, 7.78665, 9.91335 ], "texture": "#texture" },
        "up":    { "uv": [ 7.78835, 9.91335, 8.21335, 10.7633 ], "texture": "#texture" },
        "north": { "uv": [ 7.78665, 8.7375, 8.21165, 8.95 ], "texture": "#texture" },
        "south": { "uv": [ 7.78835, 8.7375, 8.21335, 8.95 ], "texture": "#texture" },
        "west":  { "uv": [ 9.91335, 8.7375, 10.7633, 8.95 ], "texture": "#texture" },
        "east":  { "uv": [ 5.23665, 8.7375, 6.08665, 8.95 ], "texture": "#texture" }
    }
},
{
    "from": [ 7.575, 7.475, 8.85 ],
    "to": [ 8, 7.6875, 9.7 ],
    "faces": {
        "down":  { "uv": [ 8.425, 9.7, 8, 8.85 ], "texture": "#texture" },
        "up":    { "uv": [ 7.575, 8.85, 8, 9.7 ], "texture": "#texture" },
        "north": { "uv": [ 8, 8.3125, 8.425, 8.525 ], "texture": "#texture" },
        "south": { "uv": [ 7.575, 8.3125, 8, 8.525 ], "texture": "#texture" },
        "west":  { "uv": [ 8.85, 8.3125, 9.7, 8.525 ], "texture": "#texture" },
        "east":  { "uv": [ 6.3, 8.3125, 7.15, 8.525 ], "texture": "#texture" }
    }
},
{
    "from": [ 7.575, 7.2625, 8.6375 ],
    "to": [ 8, 7.475, 8.85 ],
    "faces": {
        "down":  { "uv": [ 8.425, 8.85, 8, 8.6375 ], "texture": "#texture" },
        "up":    { "uv": [ 7.575, 8.6375, 8, 8.85 ], "texture": "#texture" },
        "north": { "uv": [ 8, 8.525, 8.425, 8.7375 ], "texture": "#texture" },
        "south": { "uv": [ 7.575, 8.525, 8, 8.7375 ], "texture": "#texture" },
        "west":  { "uv": [ 8.6375, 8.525, 8.85, 8.7375 ], "texture": "#texture" },
        "east":  { "uv": [ 7.15, 8.525, 7.3625, 8.7375 ], "texture": "#texture" }
    }
},
{
    "from": [ 7.7875, 6.8375, 9.7 ],
    "to": [ 8.2125, 7.05, 9.9125 ],
    "faces": {
        "down":  { "uv": [ 8.2125, 9.9125, 7.7875, 9.7 ], "texture": "#texture" },
        "up":    { "uv": [ 7.7875, 9.7, 8.2125, 9.9125 ], "texture": "#texture" },
        "north": { "uv": [ 7.7875, 8.95, 8.2125, 9.1625 ], "texture": "#texture" },
        "south": { "uv": [ 7.7875, 8.95, 8.2125, 9.1625 ], "texture": "#texture" },
        "west":  { "uv": [ 9.7, 8.95, 9.9125, 9.1625 ], "texture": "#texture" },
        "east":  { "uv": [ 6.0875, 8.95, 6.3, 9.1625 ], "texture": "#texture" }
    }
},
{
    "from": [ 8.7225, 1.08375, 7.81938 ],
    "to": [ 8.90312, 2.89, 8 ],
    "faces": {
        "down":  { "uv": [ 7.2775, 8, 7.09688, 7.81938 ], "texture": "#texture" },
        "up":    { "uv": [ 8.7225, 7.81938, 8.90312, 8 ], "texture": "#texture" },
        "north": { "uv": [ 7.09687, 13.11, 7.2775, 14.9163 ], "texture": "#texture" },
        "south": { "uv": [ 8.7225, 13.11, 8.90312, 14.9163 ], "texture": "#texture" },
        "west":  { "uv": [ 7.81938, 13.11, 8, 14.9163 ], "texture": "#texture" },
        "east":  { "uv": [ 8, 13.11, 8.18062, 14.9163 ], "texture": "#texture" }
    }
},
{
    "from": [ 8, 3.8625, 6.5125 ],
    "to": [ 8.2125, 4.5, 6.725 ],
    "faces": {
        "down":  { "uv": [ 8, 6.725, 7.7875, 6.5125 ], "texture": "#texture" },
        "up":    { "uv": [ 8, 6.5125, 8.2125, 6.725 ], "texture": "#texture" },
        "north": { "uv": [ 7.7875, 11.5, 8, 12.1375 ], "texture": "#texture" },
        "south": { "uv": [ 8, 11.5, 8.2125, 12.1375 ], "texture": "#texture" },
        "west":  { "uv": [ 6.5125, 11.5, 6.725, 12.1375 ], "texture": "#texture" },
        "east":  { "uv": [ 9.275, 11.5, 9.4875, 12.1375 ], "texture": "#texture" }
    }
},
{
    "from": [ 7.575, 4.7125, 6.0875 ],
    "to": [ 7.7875, 5.9875, 6.3 ],
    "faces": {
        "down":  { "uv": [ 8.425, 6.3, 8.2125, 6.0875 ], "texture": "#texture" },
        "up":    { "uv": [ 7.575, 6.0875, 7.7875, 6.3 ], "texture": "#texture" },
        "north": { "uv": [ 8.2125, 10.0125, 8.425, 11.2875 ], "texture": "#texture" },
        "south": { "uv": [ 7.575, 10.0125, 7.7875, 11.2875 ], "texture": "#texture" },
        "west":  { "uv": [ 6.0875, 10.0125, 6.3, 11.2875 ], "texture": "#texture" },
        "east":  { "uv": [ 9.7, 10.0125, 9.9125, 11.2875 ], "texture": "#texture" }
    }
},
{
    "from": [ 7.3625, 6.625, 6.9375 ],
    "to": [ 8.6375, 7.05, 7.3625 ],
    "faces": {
        "down":  { "uv": [ 8.6375, 7.3625, 7.3625, 6.9375 ], "texture": "#texture" },
        "up":    { "uv": [ 7.3625, 6.9375, 8.6375, 7.3625 ], "texture": "#texture" },
        "north": { "uv": [ 7.3625, 8.95, 8.6375, 9.375 ], "texture": "#texture" },
        "south": { "uv": [ 7.3625, 8.95, 8.6375, 9.375 ], "texture": "#texture" },
        "west":  { "uv": [ 6.9375, 8.95, 7.3625, 9.375 ], "texture": "#texture" },
        "east":  { "uv": [ 8.6375, 8.95, 9.0625, 9.375 ], "texture": "#texture" }
    }
},
{
    "from": [ 7.7875, 7.9, 7.3625 ],
    "to": [ 8.2125, 8.1125, 8.6375 ],
    "faces": {
        "down":  { "uv": [ 8.2125, 8.6375, 7.7875, 7.3625 ], "texture": "#texture" },
        "up":    { "uv": [ 7.7875, 7.3625, 8.2125, 8.6375 ], "texture": "#texture" },
        "north": { "uv": [ 7.7875, 7.8875, 8.2125, 8.1 ], "texture": "#texture" },
        "south": { "uv": [ 7.7875, 7.8875, 8.2125, 8.1 ], "texture": "#texture" },
        "west":  { "uv": [ 7.3625, 7.8875, 8.6375, 8.1 ], "texture": "#texture" },
        "east":  { "uv": [ 7.3625, 7.8875, 8.6375, 8.1 ], "texture": "#texture" }
    }
},
{
    "from": [ 9.80625, 0, 7.63875 ],
    "to": [ 10.3481, 0.180625, 8 ],
    "faces": {
        "down":  { "uv": [ 6.19375, 8, 5.65188, 7.63875 ], "texture": "#texture" },
        "up":    { "uv": [ 9.80625, 7.63875, 10.3481, 8 ], "texture": "#texture" },
        "north": { "uv": [ 5.65187, 15.8194, 6.19375, 16 ], "texture": "#texture" },
        "south": { "uv": [ 9.80625, 15.8194, 10.3481, 16 ], "texture": "#texture" },
        "west":  { "uv": [ 7.63875, 15.8194, 8, 16 ], "texture": "#texture" },
        "east":  { "uv": [ 8, 15.8194, 8.36125, 16 ], "texture": "#texture" }
    }
},
{
    "from": [ 8.54187, -0.0007225, 9.98687 ],
    "to": [ 9.08375, 0.179902, 10.7094 ],
    "faces": {
        "down":  { "uv": [ 7.45813, 10.7094, 6.91625, 9.98687 ], "texture": "#texture" },
        "up":    { "uv": [ 8.54187, 9.98687, 9.08375, 10.7094 ], "texture": "#texture" },
        "north": { "uv": [ 6.91625, 15.8201, 7.45813, 16 ], "texture": "#texture" },
        "south": { "uv": [ 8.54187, 15.8201, 9.08375, 16 ], "texture": "#texture" },
        "west":  { "uv": [ 9.98687, 15.8201, 10.7094, 16 ], "texture": "#texture" },
        "east":  { "uv": [ 5.29063, 15.8201, 6.01313, 16 ], "texture": "#texture" }
    }
},
{
    "from": [ 7.8201, 0.36125, 8.36197 ],
    "to": [ 8.18135, 1.08375, 8.72322 ],
    "faces": {
        "down":  { "uv": [ 8.1799, 8.72322, 7.81865, 8.36197 ], "texture": "#texture" },
        "up":    { "uv": [ 7.8201, 8.36197, 8.18135, 8.72322 ], "texture": "#texture" },
        "north": { "uv": [ 7.81865, 14.9163, 8.1799, 15.6388 ], "texture": "#texture" },
        "south": { "uv": [ 7.8201, 14.9163, 8.18135, 15.6388 ], "texture": "#texture" },
        "west":  { "uv": [ 8.36197, 14.9163, 8.72322, 15.6388 ], "texture": "#texture" },
        "east":  { "uv": [ 7.27678, 14.9163, 7.63803, 15.6388 ], "texture": "#texture" }
    }
}
],
"display": {
    "thirdperson_righthand": {
        "rotation": [ 0, -180, 0 ],
        "translation": [ 0, 6.43, 0 ],
        "scale": [ 1, 1, 1 ]
    },
    "thirdperson_lefthand": {
        "rotation": [ 0, -180, 0 ],
        "translation": [ 0, 6.43, 0 ],
        "scale": [ 1, 1, 1 ]
    },
    "head": {
        "rotation": [ 0, -180, 0 ],
        "translation": [ 0, 13, 0 ],
        "scale": [ 1, 1, 1 ]
    },
    "ground": {
        "rotation": [ 0, 0, 0 ],
        "translation": [ 0, 3, 0 ],
        "scale": [ 0.57, 0.57, 0.57 ]
    },
    "fixed": {
        "rotation": [ 0, -95, 0 ],
        "translation": [ -0.19, 0, -0.38 ],
        "scale": [ 1, 1, 1 ]
    },
    "firstperson_righthand": {
        "rotation": [ 0, 180, 0 ],
        "translation": [ 0, 5.67, 0 ],
        "scale": [ 0.72, 0.72, 0.72 ]
    },
    "firstperson_lefthand": {
        "rotation": [ 0, 180, 0 ],
        "translation": [ 1.32, 5.67, 0 ],
        "scale": [ 0.72, 0.72, 0.72 ]
    },
    "gui": {
        "rotation": [ 30, 77, 0 ],
        "translation": [ 0, 1.51, 0 ],
        "scale": [ 0.94, 0.94, 0.94 ]
    }
}
}