{
"__comment": "Designed by CoolScreenName http://www.planetminecraft.com/member/coolscreenname/",
"textures": {
    "particle": "blocks/nether_wart_stage_2",
    "texture": "blocks/nether_wart_stage_2",
    "mushroom_red": "blocks/glowstone"
},
"elements": [ 
{
    "from": [ 7.5, 0, 7 ],
    "to": [ 9, 5.25, 8.5 ],
    "faces": {
        "down":  { "uv": [ 8.5, 8.5, 7, 7 ], "texture": "#texture" },
        "up":    { "uv": [ 7.5, 7, 9, 8.5 ], "texture": "#texture" },
        "north": { "uv": [ 7, 10.75, 8.5, 16 ], "texture": "#texture" },
        "south": { "uv": [ 7.5, 10.75, 9, 16 ], "texture": "#texture" },
        "west":  { "uv": [ 7, 10.75, 8.5, 16 ], "texture": "#texture" },
        "east":  { "uv": [ 7.5, 10.75, 9, 16 ], "texture": "#texture" }
    }
},
{
    "from": [ 7.75, 0, 8.25 ],
    "to": [ 8.75, 4, 8.75 ],
    "faces": {
        "down":  { "uv": [ 8.25, 8.75, 7.25, 8.25 ], "texture": "#texture" },
        "up":    { "uv": [ 7.75, 8.25, 8.75, 8.75 ], "texture": "#texture" },
        "north": { "uv": [ 7.25, 12, 8.25, 16 ], "texture": "#texture" },
        "south": { "uv": [ 7.75, 12, 8.75, 16 ], "texture": "#texture" },
        "west":  { "uv": [ 8.25, 12, 8.75, 16 ], "texture": "#texture" },
        "east":  { "uv": [ 7.25, 12, 7.75, 16 ], "texture": "#texture" }
    }
},
{
    "from": [ 7.3625, 5.95, 6.3 ],
    "to": [ 8.2125, 7.65, 7.15 ],
    "faces": {
        "down":  { "uv": [ 8.6375, 7.15, 7.7875, 6.3 ], "texture": "#texture" },
        "up":    { "uv": [ 7.3625, 6.3, 8.2125, 7.15 ], "texture": "#texture" },
        "north": { "uv": [ 7.7875, 8.35, 8.6375, 10.05 ], "texture": "#texture" },
        "south": { "uv": [ 7.3625, 8.35, 8.2125, 10.05 ], "texture": "#texture" },
        "west":  { "uv": [ 6.3, 8.35, 7.15, 10.05 ], "texture": "#texture" },
        "east":  { "uv": [ 8.85, 8.35, 9.7, 10.05 ], "texture": "#texture" }
    }
},
{
    "from": [ 7.575, 7.65, 6.725 ],
    "to": [ 8.425, 8.925, 7.575 ],
    "faces": {
        "down":  { "uv": [ 8.425, 7.575, 7.575, 6.725 ], "texture": "#texture" },
        "up":    { "uv": [ 7.575, 6.725, 8.425, 7.575 ], "texture": "#texture" },
        "north": { "uv": [ 7.575, 7.075, 8.425, 8.35 ], "texture": "#texture" },
        "south": { "uv": [ 7.575, 7.075, 8.425, 8.35 ], "texture": "#texture" },
        "west":  { "uv": [ 6.725, 7.075, 7.575, 8.35 ], "texture": "#texture" },
        "east":  { "uv": [ 8.425, 7.075, 9.275, 8.35 ], "texture": "#texture" }
    }
},
{
    "from": [ 7.575, 8.925, 7.15 ],
    "to": [ 8.425, 9.35, 8.85 ],
    "faces": {
        "down":  { "uv": [ 8.425, 8.85, 7.575, 7.15 ], "texture": "#texture" },
        "up":    { "uv": [ 7.575, 7.15, 8.425, 8.85 ], "texture": "#texture" },
        "north": { "uv": [ 7.575, 6.65, 8.425, 7.075 ], "texture": "#texture" },
        "south": { "uv": [ 7.575, 6.65, 8.425, 7.075 ], "texture": "#texture" },
        "west":  { "uv": [ 7.15, 6.65, 8.85, 7.075 ], "texture": "#texture" },
        "east":  { "uv": [ 7.15, 6.65, 8.85, 7.075 ], "texture": "#texture" }
    }
},
{
    "from": [ 7.3625, 8.5, 8.85 ],
    "to": [ 8.2125, 8.925, 10.125 ],
    "faces": {
        "down":  { "uv": [ 8.6375, 10.125, 7.7875, 8.85 ], "texture": "#texture" },
        "up":    { "uv": [ 7.3625, 8.85, 8.2125, 10.125 ], "texture": "#texture" },
        "north": { "uv": [ 7.7875, 7.075, 8.6375, 7.5 ], "texture": "#texture" },
        "south": { "uv": [ 7.3625, 7.075, 8.2125, 7.5 ], "texture": "#texture" },
        "west":  { "uv": [ 8.85, 7.075, 10.125, 7.5 ], "texture": "#texture" },
        "east":  { "uv": [ 5.875, 7.075, 7.15, 7.5 ], "texture": "#texture" }
    }
},
{
    "from": [ 7.7875, 5.1, 6.725 ],
    "to": [ 8.6375, 5.95, 7.575 ],
    "faces": {
        "down":  { "uv": [ 8.2125, 7.575, 7.3625, 6.725 ], "texture": "#texture" },
        "up":    { "uv": [ 7.7875, 6.725, 8.6375, 7.575 ], "texture": "#texture" },
        "north": { "uv": [ 7.3625, 10.05, 8.2125, 10.9 ], "texture": "#texture" },
        "south": { "uv": [ 7.7875, 10.05, 8.6375, 10.9 ], "texture": "#texture" },
        "west":  { "uv": [ 6.725, 10.05, 7.575, 10.9 ], "texture": "#texture" },
        "east":  { "uv": [ 8.425, 10.05, 9.275, 10.9 ], "texture": "#texture" }
    }
},
{
    "from": [ 7.575, 8.075, 9.9125 ],
    "to": [ 8.425, 8.5, 10.975 ],
    "faces": {
        "down":  { "uv": [ 8.425, 10.975, 7.575, 9.9125 ], "texture": "#texture" },
        "up":    { "uv": [ 7.575, 9.9125, 8.425, 10.975 ], "texture": "#texture" },
        "north": { "uv": [ 7.575, 7.5, 8.425, 7.925 ], "texture": "#texture" },
        "south": { "uv": [ 7.575, 7.5, 8.425, 7.925 ], "texture": "#texture" },
        "west":  { "uv": [ 9.9125, 7.5, 10.975, 7.925 ], "texture": "#texture" },
        "east":  { "uv": [ 5.025, 7.5, 6.0875, 7.925 ], "texture": "#texture" }
    }
},
{
    "from": [ 7.7875, 7.4375, 10.3375 ],
    "to": [ 8.2125, 8.075, 10.7625 ],
    "faces": {
        "down":  { "uv": [ 8.2125, 10.7625, 7.7875, 10.3375 ], "texture": "#texture" },
        "up":    { "uv": [ 7.7875, 10.3375, 8.2125, 10.7625 ], "texture": "#texture" },
        "north": { "uv": [ 7.7875, 7.925, 8.2125, 8.5625 ], "texture": "#texture" },
        "south": { "uv": [ 7.7875, 7.925, 8.2125, 8.5625 ], "texture": "#texture" },
        "west":  { "uv": [ 10.3375, 7.925, 10.7625, 8.5625 ], "texture": "#texture" },
        "east":  { "uv": [ 5.2375, 7.925, 5.6625, 8.5625 ], "texture": "#texture" }
    }
},
{
    "__comment": "fruit",
    "from": [ 7.25, 6, 9.75 ],
    "to": [ 8.75, 7.5, 11.25 ],
    "faces": {
        "down":  { "uv": [ 0, 0, 16, 16 ], "texture": "#mushroom_red" },
        "up":    { "uv": [ 0, 0, 16, 16 ], "texture": "#mushroom_red" },
        "north": { "uv": [ 0, 0, 16, 16 ], "texture": "#mushroom_red" },
        "south": { "uv": [ 0, 0, 16, 16 ], "texture": "#mushroom_red" },
        "west":  { "uv": [ 0, 0, 16, 16 ], "texture": "#mushroom_red" },
        "east":  { "uv": [ 0, 0, 16, 16 ], "texture": "#mushroom_red" }
    }
},
{
    "from": [ 7.25, 0, 7 ],
    "to": [ 7.5, 2.25, 8 ],
    "faces": {
        "down":  { "uv": [ 8.75, 8, 8.5, 7 ], "texture": "#texture" },
        "up":    { "uv": [ 7.25, 7, 7.5, 8 ], "texture": "#texture" },
        "north": { "uv": [ 8.5, 13.75, 8.75, 16 ], "texture": "#texture" },
        "south": { "uv": [ 7.25, 13.75, 7.5, 16 ], "texture": "#texture" },
        "west":  { "uv": [ 7, 13.75, 8, 16 ], "texture": "#texture" },
        "east":  { "uv": [ 8, 13.75, 9, 16 ], "texture": "#texture" }
    }
},
{
    "from": [ 7.25, 2, 7.25 ],
    "to": [ 7.5, 5, 7.75 ],
    "faces": {
        "down":  { "uv": [ 8.75, 7.75, 8.5, 7.25 ], "texture": "#texture" },
        "up":    { "uv": [ 7.25, 7.25, 7.5, 7.75 ], "texture": "#texture" },
        "north": { "uv": [ 8.5, 11, 8.75, 14 ], "texture": "#texture" },
        "south": { "uv": [ 7.25, 11, 7.5, 14 ], "texture": "#texture" },
        "west":  { "uv": [ 7.25, 11, 7.75, 14 ], "texture": "#texture" },
        "east":  { "uv": [ 8.25, 11, 8.75, 14 ], "texture": "#texture" }
    }
},
{
    "from": [ 7.75, 0, 6.75 ],
    "to": [ 8.5, 4.25, 7.75 ],
    "faces": {
        "down":  { "uv": [ 8.25, 7.75, 7.5, 6.75 ], "texture": "#texture" },
        "up":    { "uv": [ 7.75, 6.75, 8.5, 7.75 ], "texture": "#texture" },
        "north": { "uv": [ 7.5, 11.75, 8.25, 16 ], "texture": "#texture" },
        "south": { "uv": [ 7.75, 11.75, 8.5, 16 ], "texture": "#texture" },
        "west":  { "uv": [ 6.75, 11.75, 7.75, 16 ], "texture": "#texture" },
        "east":  { "uv": [ 8.25, 11.75, 9.25, 16 ], "texture": "#texture" }
    }
},
{
    "from": [ 7.25, 0, 5.5 ],
    "to": [ 8.25, 0.5, 7 ],
    "faces": {
        "down":  { "uv": [ 8.75, 7, 7.75, 5.5 ], "texture": "#texture" },
        "up":    { "uv": [ 7.25, 5.5, 8.25, 7 ], "texture": "#texture" },
        "north": { "uv": [ 7.75, 15.5, 8.75, 16 ], "texture": "#texture" },
        "south": { "uv": [ 7.25, 15.5, 8.25, 16 ], "texture": "#texture" },
        "west":  { "uv": [ 5.5, 15.5, 7, 16 ], "texture": "#texture" },
        "east":  { "uv": [ 9, 15.5, 10.5, 16 ], "texture": "#texture" }
    }
},
{
    "from": [ 6.25, 0, 6.75 ],
    "to": [ 7.25, 0.25, 8.25 ],
    "faces": {
        "down":  { "uv": [ 9.75, 8.25, 8.75, 6.75 ], "texture": "#texture" },
        "up":    { "uv": [ 6.25, 6.75, 7.25, 8.25 ], "texture": "#texture" },
        "north": { "uv": [ 8.75, 15.75, 9.75, 16 ], "texture": "#texture" },
        "south": { "uv": [ 6.25, 15.75, 7.25, 16 ], "texture": "#texture" },
        "west":  { "uv": [ 6.75, 15.75, 8.25, 16 ], "texture": "#texture" },
        "east":  { "uv": [ 7.75, 15.75, 9.25, 16 ], "texture": "#texture" }
    }
},
{
    "from": [ 6.75, 0, 7.25 ],
    "to": [ 7.25, 1.25, 7.75 ],
    "faces": {
        "down":  { "uv": [ 9.25, 7.75, 8.75, 7.25 ], "texture": "#texture" },
        "up":    { "uv": [ 6.75, 7.25, 7.25, 7.75 ], "texture": "#texture" },
        "north": { "uv": [ 8.75, 14.75, 9.25, 16 ], "texture": "#texture" },
        "south": { "uv": [ 6.75, 14.75, 7.25, 16 ], "texture": "#texture" },
        "west":  { "uv": [ 7.25, 14.75, 7.75, 16 ], "texture": "#texture" },
        "east":  { "uv": [ 8.25, 14.75, 8.75, 16 ], "texture": "#texture" }
    }
},
{
    "from": [ 9, 0, 7.75 ],
    "to": [ 10.75, 0.5, 8.75 ],
    "faces": {
        "down":  { "uv": [ 7, 8.75, 5.25, 7.75 ], "texture": "#texture" },
        "up":    { "uv": [ 9, 7.75, 10.75, 8.75 ], "texture": "#texture" },
        "north": { "uv": [ 5.25, 15.5, 7, 16 ], "texture": "#texture" },
        "south": { "uv": [ 9, 15.5, 10.75, 16 ], "texture": "#texture" },
        "west":  { "uv": [ 7.75, 15.5, 8.75, 16 ], "texture": "#texture" },
        "east":  { "uv": [ 7.25, 15.5, 8.25, 16 ], "texture": "#texture" }
    }
},
{
    "from": [ 9, 0.25, 8 ],
    "to": [ 9.25, 1.75, 8.5 ],
    "faces": {
        "down":  { "uv": [ 7, 8.5, 6.75, 8 ], "texture": "#texture" },
        "up":    { "uv": [ 9, 8, 9.25, 8.5 ], "texture": "#texture" },
        "north": { "uv": [ 6.75, 14.25, 7, 15.75 ], "texture": "#texture" },
        "south": { "uv": [ 9, 14.25, 9.25, 15.75 ], "texture": "#texture" },
        "west":  { "uv": [ 8, 14.25, 8.5, 15.75 ], "texture": "#texture" },
        "east":  { "uv": [ 7.5, 14.25, 8, 15.75 ], "texture": "#texture" }
    }
},
{
    "from": [ 7.25, 0, 8 ],
    "to": [ 8.5, 0.5, 10.25 ],
    "faces": {
        "down":  { "uv": [ 8.75, 10.25, 7.5, 8 ], "texture": "#texture" },
        "up":    { "uv": [ 7.25, 8, 8.5, 10.25 ], "texture": "#texture" },
        "north": { "uv": [ 7.5, 15.5, 8.75, 16 ], "texture": "#texture" },
        "south": { "uv": [ 7.25, 15.5, 8.5, 16 ], "texture": "#texture" },
        "west":  { "uv": [ 8, 15.5, 10.25, 16 ], "texture": "#texture" },
        "east":  { "uv": [ 5.75, 15.5, 8, 16 ], "texture": "#texture" }
    }
},
{
    "from": [ 8.25, 0, 8.75 ],
    "to": [ 9, 0.25, 11 ],
    "faces": {
        "down":  { "uv": [ 7.75, 11, 7, 8.75 ], "texture": "#texture" },
        "up":    { "uv": [ 8.25, 8.75, 9, 11 ], "texture": "#texture" },
        "north": { "uv": [ 7, 15.75, 7.75, 16 ], "texture": "#texture" },
        "south": { "uv": [ 8.25, 15.75, 9, 16 ], "texture": "#texture" },
        "west":  { "uv": [ 8.75, 15.75, 11, 16 ], "texture": "#texture" },
        "east":  { "uv": [ 5, 15.75, 7.25, 16 ], "texture": "#texture" }
    }
},
{
    "from": [ 8, 0, 6.25 ],
    "to": [ 9.25, 0.25, 8.5 ],
    "faces": {
        "down":  { "uv": [ 8, 8.5, 6.75, 6.25 ], "texture": "#texture" },
        "up":    { "uv": [ 8, 6.25, 9.25, 8.5 ], "texture": "#texture" },
        "north": { "uv": [ 6.75, 15.75, 8, 16 ], "texture": "#texture" },
        "south": { "uv": [ 8, 15.75, 9.25, 16 ], "texture": "#texture" },
        "west":  { "uv": [ 6.25, 15.75, 8.5, 16 ], "texture": "#texture" },
        "east":  { "uv": [ 7.5, 15.75, 9.75, 16 ], "texture": "#texture" }
    }
},
{
    "from": [ 7.575, 4.4625, 7.3625 ],
    "to": [ 8.425, 5.3125, 8 ],
    "faces": {
        "down":  { "uv": [ 8.425, 8, 7.575, 7.3625 ], "texture": "#texture" },
        "up":    { "uv": [ 7.575, 7.3625, 8.425, 8 ], "texture": "#texture" },
        "north": { "uv": [ 7.575, 10.6875, 8.425, 11.5375 ], "texture": "#texture" },
        "south": { "uv": [ 7.575, 10.6875, 8.425, 11.5375 ], "texture": "#texture" },
        "west":  { "uv": [ 7.3625, 10.6875, 8, 11.5375 ], "texture": "#texture" },
        "east":  { "uv": [ 8, 10.6875, 8.6375, 11.5375 ], "texture": "#texture" }
    }
},
{
    "from": [ 8.2125, 5.95, 6.725 ],
    "to": [ 8.425, 7.0125, 6.9375 ],
    "faces": {
        "down":  { "uv": [ 7.7875, 6.9375, 7.575, 6.725 ], "texture": "#texture" },
        "up":    { "uv": [ 8.2125, 6.725, 8.425, 6.9375 ], "texture": "#texture" },
        "north": { "uv": [ 7.575, 8.9875, 7.7875, 10.05 ], "texture": "#texture" },
        "south": { "uv": [ 8.2125, 8.9875, 8.425, 10.05 ], "texture": "#texture" },
        "west":  { "uv": [ 6.725, 8.9875, 6.9375, 10.05 ], "texture": "#texture" },
        "east":  { "uv": [ 9.0625, 8.9875, 9.275, 10.05 ], "texture": "#texture" }
    }
},
{
    "from": [ 7.7875, 7.4375, 6.5125 ],
    "to": [ 8, 8.5, 6.725 ],
    "faces": {
        "down":  { "uv": [ 8.2125, 6.725, 8, 6.5125 ], "texture": "#texture" },
        "up":    { "uv": [ 7.7875, 6.5125, 8, 6.725 ], "texture": "#texture" },
        "north": { "uv": [ 8, 7.5, 8.2125, 8.5625 ], "texture": "#texture" },
        "south": { "uv": [ 7.7875, 7.5, 8, 8.5625 ], "texture": "#texture" },
        "west":  { "uv": [ 6.5125, 7.5, 6.725, 8.5625 ], "texture": "#texture" },
        "east":  { "uv": [ 9.275, 7.5, 9.4875, 8.5625 ], "texture": "#texture" }
    }
},
{
    "from": [ 7.15, 6.1625, 6.5125 ],
    "to": [ 7.3625, 7.225, 6.725 ],
    "faces": {
        "down":  { "uv": [ 8.85, 6.725, 8.6375, 6.5125 ], "texture": "#texture" },
        "up":    { "uv": [ 7.15, 6.5125, 7.3625, 6.725 ], "texture": "#texture" },
        "north": { "uv": [ 8.6375, 8.775, 8.85, 9.8375 ], "texture": "#texture" },
        "south": { "uv": [ 7.15, 8.775, 7.3625, 9.8375 ], "texture": "#texture" },
        "west":  { "uv": [ 6.5125, 8.775, 6.725, 9.8375 ], "texture": "#texture" },
        "east":  { "uv": [ 9.275, 8.775, 9.4875, 9.8375 ], "texture": "#texture" }
    }
},
{
    "from": [ 7.7875, 8.5, 7.575 ],
    "to": [ 8.2125, 8.925, 8 ],
    "faces": {
        "down":  { "uv": [ 8.2125, 8, 7.7875, 7.575 ], "texture": "#texture" },
        "up":    { "uv": [ 7.7875, 7.575, 8.2125, 8 ], "texture": "#texture" },
        "north": { "uv": [ 7.7875, 7.075, 8.2125, 7.5 ], "texture": "#texture" },
        "south": { "uv": [ 7.7875, 7.075, 8.2125, 7.5 ], "texture": "#texture" },
        "west":  { "uv": [ 7.575, 7.075, 8, 7.5 ], "texture": "#texture" },
        "east":  { "uv": [ 8, 7.075, 8.425, 7.5 ], "texture": "#texture" }
    }
},
{
    "from": [ 7.7875, 4.0375, 7.286 ],
    "to": [ 8.6375, 4.8875, 8.136 ],
    "faces": {
        "down":  { "uv": [ 8.2125, 8.136, 7.3625, 7.286 ], "texture": "#texture" },
        "up":    { "uv": [ 7.7875, 7.286, 8.6375, 8.136 ], "texture": "#texture" },
        "north": { "uv": [ 7.3625, 11.1125, 8.2125, 11.9625 ], "texture": "#texture" },
        "south": { "uv": [ 7.7875, 11.1125, 8.6375, 11.9625 ], "texture": "#texture" },
        "west":  { "uv": [ 7.286, 11.1125, 8.136, 11.9625 ], "texture": "#texture" },
        "east":  { "uv": [ 7.864, 11.1125, 8.714, 11.9625 ], "texture": "#texture" }
    }
},
{
    "from": [ 7.7875, 6.5875, 7.15 ],
    "to": [ 8, 7.65, 7.3625 ],
    "faces": {
        "down":  { "uv": [ 8.2125, 7.3625, 8, 7.15 ], "texture": "#texture" },
        "up":    { "uv": [ 7.7875, 7.15, 8, 7.3625 ], "texture": "#texture" },
        "north": { "uv": [ 8, 8.35, 8.2125, 9.4125 ], "texture": "#texture" },
        "south": { "uv": [ 7.7875, 8.35, 8, 9.4125 ], "texture": "#texture" },
        "west":  { "uv": [ 7.15, 8.35, 7.3625, 9.4125 ], "texture": "#texture" },
        "east":  { "uv": [ 8.6375, 8.35, 8.85, 9.4125 ], "texture": "#texture" }
    }
},
{
    "from": [ 8, 5.3125, 7.3625 ],
    "to": [ 8.2125, 5.7375, 7.7875 ],
    "faces": {
        "down":  { "uv": [ 8, 7.7875, 7.7875, 7.3625 ], "texture": "#texture" },
        "up":    { "uv": [ 8, 7.3625, 8.2125, 7.7875 ], "texture": "#texture" },
        "north": { "uv": [ 7.7875, 10.2625, 8, 10.6875 ], "texture": "#texture" },
        "south": { "uv": [ 8, 10.2625, 8.2125, 10.6875 ], "texture": "#texture" },
        "west":  { "uv": [ 7.3625, 10.2625, 7.7875, 10.6875 ], "texture": "#texture" },
        "east":  { "uv": [ 8.2125, 10.2625, 8.6375, 10.6875 ], "texture": "#texture" }
    }
},
{
    "from": [ 7.78835, 8.5, 9.91335 ],
    "to": [ 8.21335, 8.7125, 10.7633 ],
    "faces": {
        "down":  { "uv": [ 8.21165, 10.7633, 7.78665, 9.91335 ], "texture": "#texture" },
        "up":    { "uv": [ 7.78835, 9.91335, 8.21335, 10.7633 ], "texture": "#texture" },
        "north": { "uv": [ 7.78665, 7.2875, 8.21165, 7.5 ], "texture": "#texture" },
        "south": { "uv": [ 7.78835, 7.2875, 8.21335, 7.5 ], "texture": "#texture" },
        "west":  { "uv": [ 9.91335, 7.2875, 10.7633, 7.5 ], "texture": "#texture" },
        "east":  { "uv": [ 5.23665, 7.2875, 6.08665, 7.5 ], "texture": "#texture" }
    }
},
{
    "from": [ 7.575, 8.925, 8.85 ],
    "to": [ 8, 9.1375, 9.7 ],
    "faces": {
        "down":  { "uv": [ 8.425, 9.7, 8, 8.85 ], "texture": "#texture" },
        "up":    { "uv": [ 7.575, 8.85, 8, 9.7 ], "texture": "#texture" },
        "north": { "uv": [ 8, 6.8625, 8.425, 7.075 ], "texture": "#texture" },
        "south": { "uv": [ 7.575, 6.8625, 8, 7.075 ], "texture": "#texture" },
        "west":  { "uv": [ 8.85, 6.8625, 9.7, 7.075 ], "texture": "#texture" },
        "east":  { "uv": [ 6.3, 6.8625, 7.15, 7.075 ], "texture": "#texture" }
    }
},
{
    "from": [ 7.575, 8.7125, 8.6375 ],
    "to": [ 8, 8.925, 8.85 ],
    "faces": {
        "down":  { "uv": [ 8.425, 8.85, 8, 8.6375 ], "texture": "#texture" },
        "up":    { "uv": [ 7.575, 8.6375, 8, 8.85 ], "texture": "#texture" },
        "north": { "uv": [ 8, 7.075, 8.425, 7.2875 ], "texture": "#texture" },
        "south": { "uv": [ 7.575, 7.075, 8, 7.2875 ], "texture": "#texture" },
        "west":  { "uv": [ 8.6375, 7.075, 8.85, 7.2875 ], "texture": "#texture" },
        "east":  { "uv": [ 7.15, 7.075, 7.3625, 7.2875 ], "texture": "#texture" }
    }
},
{
    "from": [ 7.7875, 8.2875, 9.7 ],
    "to": [ 8.2125, 8.5, 9.9125 ],
    "faces": {
        "down":  { "uv": [ 8.2125, 9.9125, 7.7875, 9.7 ], "texture": "#texture" },
        "up":    { "uv": [ 7.7875, 9.7, 8.2125, 9.9125 ], "texture": "#texture" },
        "north": { "uv": [ 7.7875, 7.5, 8.2125, 7.7125 ], "texture": "#texture" },
        "south": { "uv": [ 7.7875, 7.5, 8.2125, 7.7125 ], "texture": "#texture" },
        "west":  { "uv": [ 9.7, 7.5, 9.9125, 7.7125 ], "texture": "#texture" },
        "east":  { "uv": [ 6.0875, 7.5, 6.3, 7.7125 ], "texture": "#texture" }
    }
},
{
    "from": [ 9, 1.5, 7.75 ],
    "to": [ 9.25, 4, 8 ],
    "faces": {
        "down":  { "uv": [ 7, 8, 6.75, 7.75 ], "texture": "#texture" },
        "up":    { "uv": [ 9, 7.75, 9.25, 8 ], "texture": "#texture" },
        "north": { "uv": [ 6.75, 12, 7, 14.5 ], "texture": "#texture" },
        "south": { "uv": [ 9, 12, 9.25, 14.5 ], "texture": "#texture" },
        "west":  { "uv": [ 7.75, 12, 8, 14.5 ], "texture": "#texture" },
        "east":  { "uv": [ 8, 12, 8.25, 14.5 ], "texture": "#texture" }
    }
},
{
    "from": [ 8, 5.3125, 6.5125 ],
    "to": [ 8.2125, 5.95, 6.725 ],
    "faces": {
        "down":  { "uv": [ 8, 6.725, 7.7875, 6.5125 ], "texture": "#texture" },
        "up":    { "uv": [ 8, 6.5125, 8.2125, 6.725 ], "texture": "#texture" },
        "north": { "uv": [ 7.7875, 10.05, 8, 10.6875 ], "texture": "#texture" },
        "south": { "uv": [ 8, 10.05, 8.2125, 10.6875 ], "texture": "#texture" },
        "west":  { "uv": [ 6.5125, 10.05, 6.725, 10.6875 ], "texture": "#texture" },
        "east":  { "uv": [ 9.275, 10.05, 9.4875, 10.6875 ], "texture": "#texture" }
    }
},
{
    "from": [ 7.575, 6.1625, 6.0875 ],
    "to": [ 7.7875, 7.4375, 6.3 ],
    "faces": {
        "down":  { "uv": [ 8.425, 6.3, 8.2125, 6.0875 ], "texture": "#texture" },
        "up":    { "uv": [ 7.575, 6.0875, 7.7875, 6.3 ], "texture": "#texture" },
        "north": { "uv": [ 8.2125, 8.5625, 8.425, 9.8375 ], "texture": "#texture" },
        "south": { "uv": [ 7.575, 8.5625, 7.7875, 9.8375 ], "texture": "#texture" },
        "west":  { "uv": [ 6.0875, 8.5625, 6.3, 9.8375 ], "texture": "#texture" },
        "east":  { "uv": [ 9.7, 8.5625, 9.9125, 9.8375 ], "texture": "#texture" }
    }
},
{
    "from": [ 7.3625, 8.075, 6.9375 ],
    "to": [ 8.6375, 8.5, 7.3625 ],
    "faces": {
        "down":  { "uv": [ 8.6375, 7.3625, 7.3625, 6.9375 ], "texture": "#texture" },
        "up":    { "uv": [ 7.3625, 6.9375, 8.6375, 7.3625 ], "texture": "#texture" },
        "north": { "uv": [ 7.3625, 7.5, 8.6375, 7.925 ], "texture": "#texture" },
        "south": { "uv": [ 7.3625, 7.5, 8.6375, 7.925 ], "texture": "#texture" },
        "west":  { "uv": [ 6.9375, 7.5, 7.3625, 7.925 ], "texture": "#texture" },
        "east":  { "uv": [ 8.6375, 7.5, 9.0625, 7.925 ], "texture": "#texture" }
    }
},
{
    "from": [ 7.7875, 9.35, 7.3625 ],
    "to": [ 8.2125, 9.5625, 8.6375 ],
    "faces": {
        "down":  { "uv": [ 8.2125, 8.6375, 7.7875, 7.3625 ], "texture": "#texture" },
        "up":    { "uv": [ 7.7875, 7.3625, 8.2125, 8.6375 ], "texture": "#texture" },
        "north": { "uv": [ 7.7875, 6.4375, 8.2125, 6.65 ], "texture": "#texture" },
        "south": { "uv": [ 7.7875, 6.4375, 8.2125, 6.65 ], "texture": "#texture" },
        "west":  { "uv": [ 7.3625, 6.4375, 8.6375, 6.65 ], "texture": "#texture" },
        "east":  { "uv": [ 7.3625, 6.4375, 8.6375, 6.65 ], "texture": "#texture" }
    }
},
{
    "from": [ 10.5, 0, 7.5 ],
    "to": [ 11.25, 0.25, 8 ],
    "faces": {
        "down":  { "uv": [ 5.5, 8, 4.75, 7.5 ], "texture": "#texture" },
        "up":    { "uv": [ 10.5, 7.5, 11.25, 8 ], "texture": "#texture" },
        "north": { "uv": [ 4.75, 15.75, 5.5, 16 ], "texture": "#texture" },
        "south": { "uv": [ 10.5, 15.75, 11.25, 16 ], "texture": "#texture" },
        "west":  { "uv": [ 7.5, 15.75, 8, 16 ], "texture": "#texture" },
        "east":  { "uv": [ 8, 15.75, 8.5, 16 ], "texture": "#texture" }
    }
},
{
    "from": [ 8.75, -0.001, 10.75 ],
    "to": [ 9.5, 0.249, 11.75 ],
    "faces": {
        "down":  { "uv": [ 7.25, 11.75, 6.5, 10.75 ], "texture": "#texture" },
        "up":    { "uv": [ 8.75, 10.75, 9.5, 11.75 ], "texture": "#texture" },
        "north": { "uv": [ 6.5, 15.751, 7.25, 16 ], "texture": "#texture" },
        "south": { "uv": [ 8.75, 15.751, 9.5, 16 ], "texture": "#texture" },
        "west":  { "uv": [ 10.75, 15.751, 11.75, 16 ], "texture": "#texture" },
        "east":  { "uv": [ 4.25, 15.751, 5.25, 16 ], "texture": "#texture" }
    }
},
{
    "from": [ 7.751, 0.5, 8.501 ],
    "to": [ 8.251, 1.5, 9.001 ],
    "faces": {
        "down":  { "uv": [ 8.249, 9.001, 7.749, 8.501 ], "texture": "#texture" },
        "up":    { "uv": [ 7.751, 8.501, 8.251, 9.001 ], "texture": "#texture" },
        "north": { "uv": [ 7.749, 14.5, 8.249, 15.5 ], "texture": "#texture" },
        "south": { "uv": [ 7.751, 14.5, 8.251, 15.5 ], "texture": "#texture" },
        "west":  { "uv": [ 8.501, 14.5, 9.001, 15.5 ], "texture": "#texture" },
        "east":  { "uv": [ 6.999, 14.5, 7.499, 15.5 ], "texture": "#texture" }
    }
}
],
"display": {
    "thirdperson_righthand": {
        "rotation": [ 0, -180, 0 ],
        "translation": [ 0, 6.43, 0 ],
        "scale": [ 1, 1, 1 ]
    },
    "thirdperson_lefthand": {
        "rotation": [ 0, -180, 0 ],
        "translation": [ 0, 6.43, 0 ],
        "scale": [ 1, 1, 1 ]
    },
    "head": {
        "rotation": [ 0, -180, 0 ],
        "translation": [ 0, 13, 0 ],
        "scale": [ 1, 1, 1 ]
    },
    "ground": {
        "rotation": [ 0, 0, 0 ],
        "translation": [ 0, 3, 0 ],
        "scale": [ 0.57, 0.57, 0.57 ]
    },
    "fixed": {
        "rotation": [ 0, -95, 0 ],
        "translation": [ -0.19, 0, -0.38 ],
        "scale": [ 1, 1, 1 ]
    },
    "firstperson_righthand": {
        "rotation": [ 0, 180, 0 ],
        "translation": [ 0, 5.67, 0 ],
        "scale": [ 0.72, 0.72, 0.72 ]
    },
    "firstperson_lefthand": {
        "rotation": [ 0, 180, 0 ],
        "translation": [ 1.32, 5.67, 0 ],
        "scale": [ 0.72, 0.72, 0.72 ]
    },
    "gui": {
        "rotation": [ 30, 77, 0 ],
        "translation": [ 0, 1.51, 0 ],
        "scale": [ 0.94, 0.94, 0.94 ]
    }
}
}