{
"__comment": "3D Models by Sibsib92 with BDcraft Cubik PRO 0.87 Beta - http://bdcraft.net",
"ambientocclusion": false,
"textures": {
    "particle": "blocks/door_wood_upper",
    "texture": "blocks/cauldron_inner"
},
"elements": [ 
{
    "__comment": "Hinge",
    "from": [ -0.25, -12, -0.25 ],
    "to": [ 3.25, -10, 0.75 ],
    "faces": {
        "down":  { "uv": [ 3, 1, 0, 0 ], "texture": "#texture" },
        "up":    { "uv": [ 0, 0, 3, 1 ], "texture": "#texture" },
        "north": { "uv": [ 0, 0, 3, 2 ], "texture": "#texture" },
        "south": { "uv": [ 0, 0, 3, 2 ], "texture": "#texture" },
        "west":  { "uv": [ 0, 0, 1, 2 ], "texture": "#texture" },
        "east":  { "uv": [ 0, 0, 1, 2 ], "texture": "#texture" }
    }
},
{
    "__comment": "Hinge",
    "from": [ -0.25, -1, -0.25 ],
    "to": [ 3.25, 1, 0.75 ],
    "faces": {
        "down":  { "uv": [ 3, 1, 0, 0 ], "texture": "#texture" },
        "up":    { "uv": [ 0, 0, 3, 1 ], "texture": "#texture" },
        "north": { "uv": [ 0, 0, 3, 2 ], "texture": "#texture" },
        "south": { "uv": [ 0, 0, 3, 2 ], "texture": "#texture" },
        "west":  { "uv": [ 0, 0, 1, 2 ], "texture": "#texture" },
        "east":  { "uv": [ 0, 0, 1, 2 ], "texture": "#texture" }
    }
},
{
    "__comment": "Hinge",
    "from": [ -0.25, 10, -0.25 ],
    "to": [ 3.25, 12, 0.75 ],
    "faces": {
        "down":  { "uv": [ 3, 1, 0, 0 ], "texture": "#texture" },
        "up":    { "uv": [ 0, 0, 3, 1 ], "texture": "#texture" },
        "north": { "uv": [ 0, 0, 3, 2 ], "texture": "#texture" },
        "south": { "uv": [ 0, 0, 3, 2 ], "texture": "#texture" },
        "west":  { "uv": [ 0, 0, 1, 2 ], "texture": "#texture" },
        "east":  { "uv": [ 0, 0, 1, 2 ], "texture": "#texture" }
    }
},
{
    "__comment": "Handle",
    "from": [ -0.5, 0.25, 13.25 ],
    "to": [ 3.5, 0.75, 13.75 ],
    "faces": {
        "down":  { "uv": [ 16, 13.75, 12.5, 13.25 ], "texture": "#texture" },
        "up":    { "uv": [ 0, 13.25, 3.5, 13.75 ], "texture": "#texture" },
        "north": { "uv": [ 12.5, 15.25, 16, 15.75 ], "texture": "#texture" },
        "south": { "uv": [ 0, 15.25, 3.5, 15.75 ], "texture": "#texture" }
    }
},
{
    "__comment": "Handle",
    "from": [ 3.5, 0, 13 ],
    "to": [ 4.5, 1, 14 ],
    "faces": {
        "down":  { "uv": [ 13, 14, 12, 13 ], "texture": "#texture" },
        "up":    { "uv": [ 3, 13, 4, 14 ], "texture": "#texture" },
        "north": { "uv": [ 12, 15, 13, 16 ], "texture": "#texture" },
        "south": { "uv": [ 3, 15, 4, 16 ], "texture": "#texture" },
        "west":  { "uv": [ 13, 15, 14, 16 ], "texture": "#texture" },
        "east":  { "uv": [ 2, 15, 3, 16 ], "texture": "#texture" }
    }
},
{
    "__comment": "Handle",
    "from": [ 3.5, 0, 10 ],
    "to": [ 4.5, 0.5, 11 ],
    "faces": {
        "down":  { "uv": [ 13, 13, 12, 12 ], "texture": "#texture" },
        "up":    { "uv": [ 3, 12, 4, 13 ], "texture": "#texture" },
        "north": { "uv": [ 12, 15.5, 13, 16 ], "texture": "#texture" },
        "south": { "uv": [ 3, 15.5, 4, 16 ], "texture": "#texture" },
        "west":  { "uv": [ 12, 15.5, 13, 16 ], "texture": "#texture" },
        "east":  { "uv": [ 3, 15.5, 4, 16 ], "texture": "#texture" }
    }
},
{
    "__comment": "Handle",
    "from": [ 3.75, -0.5, 10.5 ],
    "to": [ 4.25, 0, 12.5 ],
    "faces": {
        "down":  { "uv": [ 13, 12, 12, 10 ], "texture": "#texture" },
        "up":    { "uv": [ 3, 10, 4, 12 ], "texture": "#texture" },
        "north": { "uv": [ 12, 15.5, 13, 16 ], "texture": "#texture" },
        "south": { "uv": [ 3, 15.5, 4, 16 ], "texture": "#texture" },
        "west":  { "uv": [ 10, 15.5, 12, 16 ], "texture": "#texture" },
        "east":  { "uv": [ 4, 15.5, 6, 16 ], "texture": "#texture" }
    }
},
{
    "__comment": "Handle",
    "from": [ 3.75, 0, 12 ],
    "to": [ 4.25, 0.5, 13 ],
    "faces": {
        "down":  { "uv": [ 13, 13, 12, 12 ], "texture": "#texture" },
        "up":    { "uv": [ 3, 12, 4, 13 ], "texture": "#texture" },
        "north": { "uv": [ 12, 15.5, 13, 16 ], "texture": "#texture" },
        "west":  { "uv": [ 12, 15.5, 13, 16 ], "texture": "#texture" },
        "east":  { "uv": [ 3, 15.5, 4, 16 ], "texture": "#texture" }
    }
},
{
    "__comment": "Handle",
    "from": [ -1.5, 0, 13 ],
    "to": [ -0.5, 1, 14 ],
    "faces": {
        "down":  { "uv": [ 13, 14, 12, 13 ], "texture": "#texture" },
        "up":    { "uv": [ 3, 13, 4, 14 ], "texture": "#texture" },
        "north": { "uv": [ 12, 15, 13, 16 ], "texture": "#texture" },
        "south": { "uv": [ 3, 15, 4, 16 ], "texture": "#texture" },
        "west":  { "uv": [ 13, 15, 14, 16 ], "texture": "#texture" },
        "east":  { "uv": [ 2, 15, 3, 16 ], "texture": "#texture" }
    }
},
{
    "__comment": "Handle",
    "from": [ -1.5, 0, 10 ],
    "to": [ -0.5, 0.5, 11 ],
    "faces": {
        "down":  { "uv": [ 13, 13, 12, 12 ], "texture": "#texture" },
        "up":    { "uv": [ 3, 12, 4, 13 ], "texture": "#texture" },
        "north": { "uv": [ 12, 15.5, 13, 16 ], "texture": "#texture" },
        "south": { "uv": [ 3, 15.5, 4, 16 ], "texture": "#texture" },
        "west":  { "uv": [ 12, 15.5, 13, 16 ], "texture": "#texture" },
        "east":  { "uv": [ 3, 15.5, 4, 16 ], "texture": "#texture" }
    }
},
{
    "__comment": "Handle",
    "from": [ -1.25, -0.5, 10.5 ],
    "to": [ -0.75, 0, 12.5 ],
    "faces": {
        "down":  { "uv": [ 16, 12.5, 15.5, 10.5 ], "texture": "#texture" },
        "up":    { "uv": [ 0, 10.5, 0.5, 12.5 ], "texture": "#texture" },
        "north": { "uv": [ 15.5, 16, 16, 16 ], "texture": "#texture" },
        "south": { "uv": [ 0, 16, 0.5, 16 ], "texture": "#texture" },
        "west":  { "uv": [ 10.5, 16, 12.5, 16 ], "texture": "#texture" },
        "east":  { "uv": [ 3.5, 16, 5.5, 16 ], "texture": "#texture" }
    }
},
{
    "__comment": "Handle",
    "from": [ -1.25, 0, 12 ],
    "to": [ -0.75, 0.5, 13 ],
    "faces": {
        "down":  { "uv": [ 16, 13, 15.5, 12 ], "texture": "#texture" },
        "up":    { "uv": [ 0, 12, 0.5, 13 ], "texture": "#texture" },
        "north": { "uv": [ 15.5, 15.5, 16, 16 ], "texture": "#texture" },
        "west":  { "uv": [ 12, 15.5, 13, 16 ], "texture": "#texture" },
        "east":  { "uv": [ 3, 15.5, 4, 16 ], "texture": "#texture" }
    }
}
]
}