{
"__comment": "Designed by CoolScreenName http://www.planetminecraft.com/member/coolscreenname/",
"textures": {
    "particle": "blocks/leaves_oak",
    "texture": "blocks/debug",
    "log_oak": "blocks/log_oak",
    "leaves_oak": "blocks/leaves_oak"
},
"elements": [ 
{
    "__comment": "!Apple",
    "from": [ 7.12, 6.52, 15.92 ],
    "to": [ 12.88, 7.6, 18.08 ],
    "faces": {
        "down":  { "uv": [ 7.25, 15.25, 7.5, 15.75 ], "texture": "#texture" },
        "up":    { "uv": [ 7.25, 15.25, 7.5, 15.75 ], "texture": "#texture" },
        "north": { "uv": [ 7.25, 15.25, 7.75, 15.5 ], "texture": "#texture" },
        "south": { "uv": [ 7.25, 15.25, 7.75, 15.5 ], "texture": "#texture" },
        "west":  { "uv": [ 7.25, 15.25, 7.5, 15.5 ], "texture": "#texture" },
        "east":  { "uv": [ 7.25, 15.25, 7.5, 15.5 ], "texture": "#texture" }
    }
},
{
    "__comment": "!Apple",
    "from": [ 7.12, 6.16, 16.28 ],
    "to": [ 12.88, 6.52, 17.72 ],
    "faces": {
        "down":  { "uv": [ 7.25, 15.25, 7.5, 15.75 ], "texture": "#texture" },
        "up":    { "uv": [ 7.25, 15.25, 7.5, 15.75 ], "texture": "#texture" },
        "north": { "uv": [ 7.25, 15.25, 7.75, 15.5 ], "texture": "#texture" },
        "south": { "uv": [ 7.25, 15.25, 7.75, 15.5 ], "texture": "#texture" },
        "west":  { "uv": [ 7.25, 15.25, 7.5, 15.5 ], "texture": "#texture" },
        "east":  { "uv": [ 7.25, 15.25, 7.5, 15.5 ], "texture": "#texture" }
    }
},
{
    "__comment": "!Apple",
    "from": [ 7.12, 7.6, 16.28 ],
    "to": [ 12.88, 7.96, 17.72 ],
    "faces": {
        "down":  { "uv": [ 7.25, 15.25, 7.5, 15.75 ], "texture": "#texture" },
        "up":    { "uv": [ 7.25, 15.25, 7.5, 15.75 ], "texture": "#texture" },
        "north": { "uv": [ 7.25, 15.25, 7.75, 15.5 ], "texture": "#texture" },
        "south": { "uv": [ 7.25, 15.25, 7.75, 15.5 ], "texture": "#texture" },
        "west":  { "uv": [ 7.25, 15.25, 7.5, 15.5 ], "texture": "#texture" },
        "east":  { "uv": [ 7.25, 15.25, 7.5, 15.5 ], "texture": "#texture" }
    }
},
{
    "__comment": "!Apple",
    "from": [ 7.12, 5.8, 16.64 ],
    "to": [ 12.52, 6.16, 17.36 ],
    "faces": {
        "down":  { "uv": [ 7.25, 15.25, 7.5, 15.75 ], "texture": "#texture" },
        "up":    { "uv": [ 7.25, 15.25, 7.5, 15.75 ], "texture": "#texture" },
        "north": { "uv": [ 7.25, 15.25, 7.75, 15.5 ], "texture": "#texture" },
        "south": { "uv": [ 7.25, 15.25, 7.75, 15.5 ], "texture": "#texture" },
        "west":  { "uv": [ 7.25, 15.25, 7.5, 15.5 ], "texture": "#texture" },
        "east":  { "uv": [ 7.25, 15.25, 7.5, 15.5 ], "texture": "#texture" }
    }
},
{
    "__comment": "!Apple",
    "from": [ 7.48, 6.52, 15.2 ],
    "to": [ 12.52, 7.6, 15.92 ],
    "faces": {
        "down":  { "uv": [ 7.25, 15.25, 7.5, 15.75 ], "texture": "#texture" },
        "up":    { "uv": [ 7.25, 15.25, 7.5, 15.75 ], "texture": "#texture" },
        "north": { "uv": [ 7.25, 15.25, 7.75, 15.5 ], "texture": "#texture" },
        "south": { "uv": [ 7.25, 15.25, 7.75, 15.5 ], "texture": "#texture" },
        "west":  { "uv": [ 7.25, 15.25, 7.5, 15.5 ], "texture": "#texture" },
        "east":  { "uv": [ 7.25, 15.25, 7.5, 15.5 ], "texture": "#texture" }
    }
},
{
    "__comment": "!Apple",
    "from": [ 7.48, 5.8, 15.56 ],
    "to": [ 12.52, 6.16, 16.64 ],
    "faces": {
        "down":  { "uv": [ 7.25, 15.25, 7.5, 15.75 ], "texture": "#texture" },
        "up":    { "uv": [ 7.25, 15.25, 7.5, 15.75 ], "texture": "#texture" },
        "north": { "uv": [ 7.25, 15.25, 7.75, 15.5 ], "texture": "#texture" },
        "south": { "uv": [ 7.25, 15.25, 7.75, 15.5 ], "texture": "#texture" },
        "west":  { "uv": [ 7.25, 15.25, 7.5, 15.5 ], "texture": "#texture" },
        "east":  { "uv": [ 7.25, 15.25, 7.5, 15.5 ], "texture": "#texture" }
    }
},
{
    "__comment": "!Apple",
    "from": [ 7.48, 6.16, 15.56 ],
    "to": [ 12.52, 6.52, 16.28 ],
    "faces": {
        "down":  { "uv": [ 7.25, 15.25, 7.5, 15.75 ], "texture": "#texture" },
        "up":    { "uv": [ 7.25, 15.25, 7.5, 15.75 ], "texture": "#texture" },
        "north": { "uv": [ 7.25, 15.25, 7.75, 15.5 ], "texture": "#texture" },
        "south": { "uv": [ 7.25, 15.25, 7.75, 15.5 ], "texture": "#texture" },
        "west":  { "uv": [ 7.25, 15.25, 7.5, 15.5 ], "texture": "#texture" },
        "east":  { "uv": [ 7.25, 15.25, 7.5, 15.5 ], "texture": "#texture" }
    }
},
{
    "__comment": "!Apple",
    "from": [ 7.48, 7.6, 15.56 ],
    "to": [ 12.52, 8.32, 16.28 ],
    "faces": {
        "down":  { "uv": [ 7.25, 15.25, 7.5, 15.75 ], "texture": "#texture" },
        "up":    { "uv": [ 7.25, 15.25, 7.5, 15.75 ], "texture": "#texture" },
        "north": { "uv": [ 7.25, 15.25, 7.75, 15.5 ], "texture": "#texture" },
        "south": { "uv": [ 7.25, 15.25, 7.75, 15.5 ], "texture": "#texture" },
        "west":  { "uv": [ 7.25, 15.25, 7.5, 15.5 ], "texture": "#texture" },
        "east":  { "uv": [ 7.25, 15.25, 7.5, 15.5 ], "texture": "#texture" }
    }
},
{
    "__comment": "!Apple",
    "from": [ 7.48, 5.08, 15.92 ],
    "to": [ 12.16, 5.8, 18.08 ],
    "faces": {
        "down":  { "uv": [ 7.25, 15.25, 7.5, 15.75 ], "texture": "#texture" },
        "up":    { "uv": [ 7.25, 15.25, 7.5, 15.75 ], "texture": "#texture" },
        "north": { "uv": [ 7.25, 15.25, 7.75, 15.5 ], "texture": "#texture" },
        "south": { "uv": [ 7.25, 15.25, 7.75, 15.5 ], "texture": "#texture" },
        "west":  { "uv": [ 7.25, 15.25, 7.5, 15.5 ], "texture": "#texture" },
        "east":  { "uv": [ 7.25, 15.25, 7.5, 15.5 ], "texture": "#texture" }
    }
},
{
    "__comment": "!Apple",
    "from": [ 7.48, 7.96, 16.28 ],
    "to": [ 12.52, 8.32, 18.44 ],
    "faces": {
        "down":  { "uv": [ 7.25, 15.25, 7.5, 15.75 ], "texture": "#texture" },
        "up":    { "uv": [ 7.25, 15.25, 7.5, 15.75 ], "texture": "#texture" },
        "north": { "uv": [ 7.25, 15.25, 7.75, 15.5 ], "texture": "#texture" },
        "south": { "uv": [ 7.25, 15.25, 7.75, 15.5 ], "texture": "#texture" },
        "west":  { "uv": [ 7.25, 15.25, 7.5, 15.5 ], "texture": "#texture" },
        "east":  { "uv": [ 7.25, 15.25, 7.5, 15.5 ], "texture": "#texture" }
    }
},
{
    "__comment": "!Apple",
    "from": [ 7.48, 5.8, 17.36 ],
    "to": [ 12.52, 6.16, 18.44 ],
    "faces": {
        "down":  { "uv": [ 7.25, 15.25, 7.5, 15.75 ], "texture": "#texture" },
        "up":    { "uv": [ 7.25, 15.25, 7.5, 15.75 ], "texture": "#texture" },
        "north": { "uv": [ 7.25, 15.25, 7.75, 15.5 ], "texture": "#texture" },
        "south": { "uv": [ 7.25, 15.25, 7.75, 15.5 ], "texture": "#texture" },
        "west":  { "uv": [ 7.25, 15.25, 7.5, 15.5 ], "texture": "#texture" },
        "east":  { "uv": [ 7.25, 15.25, 7.5, 15.5 ], "texture": "#texture" }
    }
},
{
    "__comment": "!Apple",
    "from": [ 7.48, 6.16, 17.72 ],
    "to": [ 12.52, 6.52, 18.44 ],
    "faces": {
        "down":  { "uv": [ 7.25, 15.25, 7.5, 15.75 ], "texture": "#texture" },
        "up":    { "uv": [ 7.25, 15.25, 7.5, 15.75 ], "texture": "#texture" },
        "north": { "uv": [ 7.25, 15.25, 7.75, 15.5 ], "texture": "#texture" },
        "south": { "uv": [ 7.25, 15.25, 7.75, 15.5 ], "texture": "#texture" },
        "west":  { "uv": [ 7.25, 15.25, 7.5, 15.5 ], "texture": "#texture" },
        "east":  { "uv": [ 7.25, 15.25, 7.5, 15.5 ], "texture": "#texture" }
    }
},
{
    "__comment": "!Apple",
    "from": [ 7.48, 7.6, 17.72 ],
    "to": [ 12.52, 7.96, 18.44 ],
    "faces": {
        "down":  { "uv": [ 7.25, 15.25, 7.5, 15.75 ], "texture": "#texture" },
        "up":    { "uv": [ 7.25, 15.25, 7.5, 15.75 ], "texture": "#texture" },
        "north": { "uv": [ 7.25, 15.25, 7.75, 15.5 ], "texture": "#texture" },
        "south": { "uv": [ 7.25, 15.25, 7.75, 15.5 ], "texture": "#texture" },
        "west":  { "uv": [ 7.25, 15.25, 7.5, 15.5 ], "texture": "#texture" },
        "east":  { "uv": [ 7.25, 15.25, 7.5, 15.5 ], "texture": "#texture" }
    }
},
{
    "__comment": "!Apple",
    "from": [ 7.48, 6.52, 18.08 ],
    "to": [ 12.52, 7.6, 18.8 ],
    "faces": {
        "down":  { "uv": [ 7.25, 15.25, 7.5, 15.75 ], "texture": "#texture" },
        "up":    { "uv": [ 7.25, 15.25, 7.5, 15.75 ], "texture": "#texture" },
        "north": { "uv": [ 7.25, 15.25, 7.75, 15.5 ], "texture": "#texture" },
        "south": { "uv": [ 7.25, 15.25, 7.75, 15.5 ], "texture": "#texture" },
        "west":  { "uv": [ 7.25, 15.25, 7.5, 15.5 ], "texture": "#texture" },
        "east":  { "uv": [ 7.25, 15.25, 7.5, 15.5 ], "texture": "#texture" }
    }
},
{
    "__comment": "!Apple",
    "from": [ 7.84, 6.16, 14.84 ],
    "to": [ 12.16, 6.52, 15.56 ],
    "faces": {
        "down":  { "uv": [ 7.25, 15.25, 7.5, 15.75 ], "texture": "#texture" },
        "up":    { "uv": [ 7.25, 15.25, 7.5, 15.75 ], "texture": "#texture" },
        "north": { "uv": [ 7.25, 15.25, 7.75, 15.5 ], "texture": "#texture" },
        "south": { "uv": [ 7.25, 15.25, 7.75, 15.5 ], "texture": "#texture" },
        "west":  { "uv": [ 7.25, 15.25, 7.5, 15.5 ], "texture": "#texture" },
        "east":  { "uv": [ 7.25, 15.25, 7.5, 15.5 ], "texture": "#texture" }
    }
},
{
    "__comment": "!Apple",
    "from": [ 7.84, 6.52, 14.84 ],
    "to": [ 12.16, 7.96, 15.2 ],
    "faces": {
        "down":  { "uv": [ 7.25, 15.25, 7.5, 15.75 ], "texture": "#texture" },
        "up":    { "uv": [ 7.25, 15.25, 7.5, 15.75 ], "texture": "#texture" },
        "north": { "uv": [ 7.25, 15.25, 7.75, 15.5 ], "texture": "#texture" },
        "south": { "uv": [ 7.25, 15.25, 7.75, 15.5 ], "texture": "#texture" },
        "west":  { "uv": [ 7.25, 15.25, 7.5, 15.5 ], "texture": "#texture" },
        "east":  { "uv": [ 7.25, 15.25, 7.5, 15.5 ], "texture": "#texture" }
    }
},
{
    "__comment": "!Apple",
    "from": [ 7.84, 5.44, 15.2 ],
    "to": [ 12.16, 5.8, 15.92 ],
    "faces": {
        "down":  { "uv": [ 7.25, 15.25, 7.5, 15.75 ], "texture": "#texture" },
        "up":    { "uv": [ 7.25, 15.25, 7.5, 15.75 ], "texture": "#texture" },
        "north": { "uv": [ 7.25, 15.25, 7.75, 15.5 ], "texture": "#texture" },
        "south": { "uv": [ 7.25, 15.25, 7.75, 15.5 ], "texture": "#texture" },
        "west":  { "uv": [ 7.25, 15.25, 7.5, 15.5 ], "texture": "#texture" },
        "east":  { "uv": [ 7.25, 15.25, 7.5, 15.5 ], "texture": "#texture" }
    }
},
{
    "__comment": "!Apple",
    "from": [ 7.84, 5.8, 15.2 ],
    "to": [ 12.16, 6.16, 15.56 ],
    "faces": {
        "down":  { "uv": [ 7.25, 15.25, 7.5, 15.75 ], "texture": "#texture" },
        "up":    { "uv": [ 7.25, 15.25, 7.5, 15.75 ], "texture": "#texture" },
        "north": { "uv": [ 7.25, 15.25, 7.75, 15.5 ], "texture": "#texture" },
        "south": { "uv": [ 7.25, 15.25, 7.75, 15.5 ], "texture": "#texture" },
        "west":  { "uv": [ 7.25, 15.25, 7.5, 15.5 ], "texture": "#texture" },
        "east":  { "uv": [ 7.25, 15.25, 7.5, 15.5 ], "texture": "#texture" }
    }
},
{
    "__comment": "!Apple",
    "from": [ 7.84, 7.6, 15.2 ],
    "to": [ 12.16, 8.32, 15.56 ],
    "faces": {
        "down":  { "uv": [ 7.25, 15.25, 7.5, 15.75 ], "texture": "#texture" },
        "up":    { "uv": [ 7.25, 15.25, 7.5, 15.75 ], "texture": "#texture" },
        "north": { "uv": [ 7.25, 15.25, 7.75, 15.5 ], "texture": "#texture" },
        "south": { "uv": [ 7.25, 15.25, 7.75, 15.5 ], "texture": "#texture" },
        "west":  { "uv": [ 7.25, 15.25, 7.5, 15.5 ], "texture": "#texture" },
        "east":  { "uv": [ 7.25, 15.25, 7.5, 15.5 ], "texture": "#texture" }
    }
},
{
    "__comment": "!Apple",
    "from": [ 7.84, 5.08, 15.56 ],
    "to": [ 12.16, 5.44, 15.92 ],
    "faces": {
        "down":  { "uv": [ 7.25, 15.25, 7.5, 15.75 ], "texture": "#texture" },
        "up":    { "uv": [ 7.25, 15.25, 7.5, 15.75 ], "texture": "#texture" },
        "north": { "uv": [ 7.25, 15.25, 7.75, 15.5 ], "texture": "#texture" },
        "south": { "uv": [ 7.25, 15.25, 7.75, 15.5 ], "texture": "#texture" },
        "west":  { "uv": [ 7.25, 15.25, 7.5, 15.5 ], "texture": "#texture" },
        "east":  { "uv": [ 7.25, 15.25, 7.5, 15.5 ], "texture": "#texture" }
    }
},
{
    "__comment": "!Apple",
    "from": [ 7.84, 4.72, 15.92 ],
    "to": [ 12.16, 5.08, 18.08 ],
    "faces": {
        "down":  { "uv": [ 7.25, 15.25, 7.5, 15.75 ], "texture": "#texture" },
        "up":    { "uv": [ 7.25, 15.25, 7.5, 15.75 ], "texture": "#texture" },
        "north": { "uv": [ 7.25, 15.25, 7.75, 15.5 ], "texture": "#texture" },
        "south": { "uv": [ 7.25, 15.25, 7.75, 15.5 ], "texture": "#texture" },
        "west":  { "uv": [ 7.25, 15.25, 7.5, 15.5 ], "texture": "#texture" },
        "east":  { "uv": [ 7.25, 15.25, 7.5, 15.5 ], "texture": "#texture" }
    }
},
{
    "__comment": "!Apple",
    "from": [ 7.84, 8.32, 15.92 ],
    "to": [ 12.16, 8.68, 18.08 ],
    "faces": {
        "down":  { "uv": [ 7.25, 15.25, 7.5, 15.75 ], "texture": "#texture" },
        "up":    { "uv": [ 7.25, 15.25, 7.5, 15.75 ], "texture": "#texture" },
        "north": { "uv": [ 7.25, 15.25, 7.75, 15.5 ], "texture": "#texture" },
        "south": { "uv": [ 7.25, 15.25, 7.75, 15.5 ], "texture": "#texture" },
        "west":  { "uv": [ 7.25, 15.25, 7.5, 15.5 ], "texture": "#texture" },
        "east":  { "uv": [ 7.25, 15.25, 7.5, 15.5 ], "texture": "#texture" }
    }
},
{
    "__comment": "!Apple",
    "from": [ 7.84, 4.36, 17 ],
    "to": [ 11.8, 4.72, 17.36 ],
    "faces": {
        "down":  { "uv": [ 7.25, 15.25, 7.5, 15.75 ], "texture": "#texture" },
        "up":    { "uv": [ 7.25, 15.25, 7.5, 15.75 ], "texture": "#texture" },
        "north": { "uv": [ 7.25, 15.25, 7.75, 15.5 ], "texture": "#texture" },
        "south": { "uv": [ 7.25, 15.25, 7.75, 15.5 ], "texture": "#texture" },
        "west":  { "uv": [ 7.25, 15.25, 7.5, 15.5 ], "texture": "#texture" },
        "east":  { "uv": [ 7.25, 15.25, 7.5, 15.5 ], "texture": "#texture" }
    }
},
{
    "__comment": "!Apple",
    "from": [ 7.84, 5.08, 18.08 ],
    "to": [ 12.16, 5.8, 18.44 ],
    "faces": {
        "down":  { "uv": [ 7.25, 15.25, 7.5, 15.75 ], "texture": "#texture" },
        "up":    { "uv": [ 7.25, 15.25, 7.5, 15.75 ], "texture": "#texture" },
        "north": { "uv": [ 7.25, 15.25, 7.75, 15.5 ], "texture": "#texture" },
        "south": { "uv": [ 7.25, 15.25, 7.75, 15.5 ], "texture": "#texture" },
        "west":  { "uv": [ 7.25, 15.25, 7.5, 15.5 ], "texture": "#texture" },
        "east":  { "uv": [ 7.25, 15.25, 7.5, 15.5 ], "texture": "#texture" }
    }
},
{
    "__comment": "!Apple",
    "from": [ 7.84, 5.44, 18.44 ],
    "to": [ 12.16, 6.52, 18.8 ],
    "faces": {
        "down":  { "uv": [ 7.25, 15.25, 7.5, 15.75 ], "texture": "#texture" },
        "up":    { "uv": [ 7.25, 15.25, 7.5, 15.75 ], "texture": "#texture" },
        "north": { "uv": [ 7.25, 15.25, 7.75, 15.5 ], "texture": "#texture" },
        "south": { "uv": [ 7.25, 15.25, 7.75, 15.5 ], "texture": "#texture" },
        "west":  { "uv": [ 7.25, 15.25, 7.5, 15.5 ], "texture": "#texture" },
        "east":  { "uv": [ 7.25, 15.25, 7.5, 15.5 ], "texture": "#texture" }
    }
},
{
    "__comment": "!Apple",
    "from": [ 7.84, 7.6, 18.44 ],
    "to": [ 12.16, 7.96, 19.16 ],
    "faces": {
        "down":  { "uv": [ 7.25, 15.25, 7.5, 15.75 ], "texture": "#texture" },
        "up":    { "uv": [ 7.25, 15.25, 7.5, 15.75 ], "texture": "#texture" },
        "north": { "uv": [ 7.25, 15.25, 7.75, 15.5 ], "texture": "#texture" },
        "south": { "uv": [ 7.25, 15.25, 7.75, 15.5 ], "texture": "#texture" },
        "west":  { "uv": [ 7.25, 15.25, 7.5, 15.5 ], "texture": "#texture" },
        "east":  { "uv": [ 7.25, 15.25, 7.5, 15.5 ], "texture": "#texture" }
    }
},
{
    "__comment": "!Apple",
    "from": [ 7.84, 7.96, 18.44 ],
    "to": [ 12.16, 8.32, 18.8 ],
    "faces": {
        "down":  { "uv": [ 7.25, 15.25, 7.5, 15.75 ], "texture": "#texture" },
        "up":    { "uv": [ 7.25, 15.25, 7.5, 15.75 ], "texture": "#texture" },
        "north": { "uv": [ 7.25, 15.25, 7.75, 15.5 ], "texture": "#texture" },
        "south": { "uv": [ 7.25, 15.25, 7.75, 15.5 ], "texture": "#texture" },
        "west":  { "uv": [ 7.25, 15.25, 7.5, 15.5 ], "texture": "#texture" },
        "east":  { "uv": [ 7.25, 15.25, 7.5, 15.5 ], "texture": "#texture" }
    }
},
{
    "__comment": "!Apple",
    "from": [ 7.84, 6.16, 18.8 ],
    "to": [ 12.16, 7.6, 19.16 ],
    "faces": {
        "down":  { "uv": [ 7.25, 15.25, 7.5, 15.75 ], "texture": "#texture" },
        "up":    { "uv": [ 7.25, 15.25, 7.5, 15.75 ], "texture": "#texture" },
        "north": { "uv": [ 7.25, 15.25, 7.75, 15.5 ], "texture": "#texture" },
        "south": { "uv": [ 7.25, 15.25, 7.75, 15.5 ], "texture": "#texture" },
        "west":  { "uv": [ 7.25, 15.25, 7.5, 15.5 ], "texture": "#texture" },
        "east":  { "uv": [ 7.25, 15.25, 7.5, 15.5 ], "texture": "#texture" }
    }
},
{
    "__comment": "!Apple",
    "from": [ 8.2, 6.52, 14.48 ],
    "to": [ 11.8, 7.6, 14.84 ],
    "faces": {
        "down":  { "uv": [ 7.25, 15.25, 7.5, 15.75 ], "texture": "#texture" },
        "up":    { "uv": [ 7.25, 15.25, 7.5, 15.75 ], "texture": "#texture" },
        "north": { "uv": [ 7.25, 15.25, 7.75, 15.5 ], "texture": "#texture" },
        "south": { "uv": [ 7.25, 15.25, 7.75, 15.5 ], "texture": "#texture" },
        "west":  { "uv": [ 7.25, 15.25, 7.5, 15.5 ], "texture": "#texture" },
        "east":  { "uv": [ 7.25, 15.25, 7.5, 15.5 ], "texture": "#texture" }
    }
},
{
    "__comment": "!Apple",
    "from": [ 8.2, 5.44, 14.84 ],
    "to": [ 11.8, 6.16, 15.2 ],
    "faces": {
        "down":  { "uv": [ 7.25, 15.25, 7.5, 15.75 ], "texture": "#texture" },
        "up":    { "uv": [ 7.25, 15.25, 7.5, 15.75 ], "texture": "#texture" },
        "north": { "uv": [ 7.25, 15.25, 7.75, 15.5 ], "texture": "#texture" },
        "south": { "uv": [ 7.25, 15.25, 7.75, 15.5 ], "texture": "#texture" },
        "west":  { "uv": [ 7.25, 15.25, 7.5, 15.5 ], "texture": "#texture" },
        "east":  { "uv": [ 7.25, 15.25, 7.5, 15.5 ], "texture": "#texture" }
    }
},
{
    "__comment": "!Apple",
    "from": [ 8.2, 7.96, 14.84 ],
    "to": [ 11.8, 8.32, 15.2 ],
    "faces": {
        "down":  { "uv": [ 7.25, 15.25, 7.5, 15.75 ], "texture": "#texture" },
        "up":    { "uv": [ 7.25, 15.25, 7.5, 15.75 ], "texture": "#texture" },
        "north": { "uv": [ 7.25, 15.25, 7.75, 15.5 ], "texture": "#texture" },
        "south": { "uv": [ 7.25, 15.25, 7.75, 15.5 ], "texture": "#texture" },
        "west":  { "uv": [ 7.25, 15.25, 7.5, 15.5 ], "texture": "#texture" },
        "east":  { "uv": [ 7.25, 15.25, 7.5, 15.5 ], "texture": "#texture" }
    }
},
{
    "__comment": "!Apple",
    "from": [ 8.2, 4.72, 15.2 ],
    "to": [ 11.8, 5.08, 15.92 ],
    "faces": {
        "down":  { "uv": [ 7.25, 15.25, 7.5, 15.75 ], "texture": "#texture" },
        "up":    { "uv": [ 7.25, 15.25, 7.5, 15.75 ], "texture": "#texture" },
        "north": { "uv": [ 7.25, 15.25, 7.75, 15.5 ], "texture": "#texture" },
        "south": { "uv": [ 7.25, 15.25, 7.75, 15.5 ], "texture": "#texture" },
        "west":  { "uv": [ 7.25, 15.25, 7.5, 15.5 ], "texture": "#texture" },
        "east":  { "uv": [ 7.25, 15.25, 7.5, 15.5 ], "texture": "#texture" }
    }
},
{
    "__comment": "!Apple",
    "from": [ 8.2, 5.08, 15.2 ],
    "to": [ 11.8, 5.44, 15.56 ],
    "faces": {
        "down":  { "uv": [ 7.25, 15.25, 7.5, 15.75 ], "texture": "#texture" },
        "up":    { "uv": [ 7.25, 15.25, 7.5, 15.75 ], "texture": "#texture" },
        "north": { "uv": [ 7.25, 15.25, 7.75, 15.5 ], "texture": "#texture" },
        "south": { "uv": [ 7.25, 15.25, 7.75, 15.5 ], "texture": "#texture" },
        "west":  { "uv": [ 7.25, 15.25, 7.5, 15.5 ], "texture": "#texture" },
        "east":  { "uv": [ 7.25, 15.25, 7.5, 15.5 ], "texture": "#texture" }
    }
},
{
    "__comment": "!Apple",
    "from": [ 8.2, 8.32, 15.2 ],
    "to": [ 11.8, 8.68, 15.92 ],
    "faces": {
        "down":  { "uv": [ 7.25, 15.25, 7.5, 15.75 ], "texture": "#texture" },
        "up":    { "uv": [ 7.25, 15.25, 7.5, 15.75 ], "texture": "#texture" },
        "north": { "uv": [ 7.25, 15.25, 7.75, 15.5 ], "texture": "#texture" },
        "south": { "uv": [ 7.25, 15.25, 7.75, 15.5 ], "texture": "#texture" },
        "west":  { "uv": [ 7.25, 15.25, 7.5, 15.5 ], "texture": "#texture" },
        "east":  { "uv": [ 7.25, 15.25, 7.5, 15.5 ], "texture": "#texture" }
    }
},
{
    "__comment": "!Apple",
    "from": [ 8.2, 4.36, 15.92 ],
    "to": [ 11.8, 4.72, 17 ],
    "faces": {
        "down":  { "uv": [ 7.25, 15.25, 7.5, 15.75 ], "texture": "#texture" },
        "up":    { "uv": [ 7.25, 15.25, 7.5, 15.75 ], "texture": "#texture" },
        "north": { "uv": [ 7.25, 15.25, 7.75, 15.5 ], "texture": "#texture" },
        "south": { "uv": [ 7.25, 15.25, 7.75, 15.5 ], "texture": "#texture" },
        "west":  { "uv": [ 7.25, 15.25, 7.5, 15.5 ], "texture": "#texture" },
        "east":  { "uv": [ 7.25, 15.25, 7.5, 15.5 ], "texture": "#texture" }
    }
},
{
    "__comment": "!Apple",
    "from": [ 8.2, 4, 16.64 ],
    "to": [ 11.8, 4.36, 17.36 ],
    "faces": {
        "down":  { "uv": [ 7.25, 15.25, 7.5, 15.75 ], "texture": "#texture" },
        "up":    { "uv": [ 7.25, 15.25, 7.5, 15.75 ], "texture": "#texture" },
        "north": { "uv": [ 7.25, 15.25, 7.75, 15.5 ], "texture": "#texture" },
        "south": { "uv": [ 7.25, 15.25, 7.75, 15.5 ], "texture": "#texture" },
        "west":  { "uv": [ 7.25, 15.25, 7.5, 15.5 ], "texture": "#texture" },
        "east":  { "uv": [ 7.25, 15.25, 7.5, 15.5 ], "texture": "#texture" }
    }
},
{
    "__comment": "!Apple",
    "from": [ 8.2, 4.36, 17.36 ],
    "to": [ 11.8, 4.72, 18.08 ],
    "faces": {
        "down":  { "uv": [ 7.25, 15.25, 7.5, 15.75 ], "texture": "#texture" },
        "up":    { "uv": [ 7.25, 15.25, 7.5, 15.75 ], "texture": "#texture" },
        "north": { "uv": [ 7.25, 15.25, 7.75, 15.5 ], "texture": "#texture" },
        "south": { "uv": [ 7.25, 15.25, 7.75, 15.5 ], "texture": "#texture" },
        "west":  { "uv": [ 7.25, 15.25, 7.5, 15.5 ], "texture": "#texture" },
        "east":  { "uv": [ 7.25, 15.25, 7.5, 15.5 ], "texture": "#texture" }
    }
},
{
    "__comment": "!Apple",
    "from": [ 8.2, 4.72, 18.08 ],
    "to": [ 11.8, 5.08, 18.8 ],
    "faces": {
        "down":  { "uv": [ 7.25, 15.25, 7.5, 15.75 ], "texture": "#texture" },
        "up":    { "uv": [ 7.25, 15.25, 7.5, 15.75 ], "texture": "#texture" },
        "north": { "uv": [ 7.25, 15.25, 7.75, 15.5 ], "texture": "#texture" },
        "south": { "uv": [ 7.25, 15.25, 7.75, 15.5 ], "texture": "#texture" },
        "west":  { "uv": [ 7.25, 15.25, 7.5, 15.5 ], "texture": "#texture" },
        "east":  { "uv": [ 7.25, 15.25, 7.5, 15.5 ], "texture": "#texture" }
    }
},
{
    "__comment": "!Apple",
    "from": [ 8.2, 8.32, 18.08 ],
    "to": [ 11.8, 8.68, 18.8 ],
    "faces": {
        "down":  { "uv": [ 7.25, 15.25, 7.5, 15.75 ], "texture": "#texture" },
        "up":    { "uv": [ 7.25, 15.25, 7.5, 15.75 ], "texture": "#texture" },
        "north": { "uv": [ 7.25, 15.25, 7.75, 15.5 ], "texture": "#texture" },
        "south": { "uv": [ 7.25, 15.25, 7.75, 15.5 ], "texture": "#texture" },
        "west":  { "uv": [ 7.25, 15.25, 7.5, 15.5 ], "texture": "#texture" },
        "east":  { "uv": [ 7.25, 15.25, 7.5, 15.5 ], "texture": "#texture" }
    }
},
{
    "__comment": "!Apple",
    "from": [ 8.2, 5.08, 18.44 ],
    "to": [ 11.8, 5.44, 18.8 ],
    "faces": {
        "down":  { "uv": [ 7.25, 15.25, 7.5, 15.75 ], "texture": "#texture" },
        "up":    { "uv": [ 7.25, 15.25, 7.5, 15.75 ], "texture": "#texture" },
        "north": { "uv": [ 7.25, 15.25, 7.75, 15.5 ], "texture": "#texture" },
        "south": { "uv": [ 7.25, 15.25, 7.75, 15.5 ], "texture": "#texture" },
        "west":  { "uv": [ 7.25, 15.25, 7.5, 15.5 ], "texture": "#texture" },
        "east":  { "uv": [ 7.25, 15.25, 7.5, 15.5 ], "texture": "#texture" }
    }
},
{
    "__comment": "!Apple",
    "from": [ 8.2, 5.44, 18.8 ],
    "to": [ 11.8, 6.16, 19.16 ],
    "faces": {
        "down":  { "uv": [ 7.25, 15.25, 7.5, 15.75 ], "texture": "#texture" },
        "up":    { "uv": [ 7.25, 15.25, 7.5, 15.75 ], "texture": "#texture" },
        "north": { "uv": [ 7.25, 15.25, 7.75, 15.5 ], "texture": "#texture" },
        "south": { "uv": [ 7.25, 15.25, 7.75, 15.5 ], "texture": "#texture" },
        "west":  { "uv": [ 7.25, 15.25, 7.5, 15.5 ], "texture": "#texture" },
        "east":  { "uv": [ 7.25, 15.25, 7.5, 15.5 ], "texture": "#texture" }
    }
},
{
    "__comment": "!Apple",
    "from": [ 8.2, 7.96, 18.8 ],
    "to": [ 11.8, 8.32, 19.16 ],
    "faces": {
        "down":  { "uv": [ 7.25, 15.25, 7.5, 15.75 ], "texture": "#texture" },
        "up":    { "uv": [ 7.25, 15.25, 7.5, 15.75 ], "texture": "#texture" },
        "north": { "uv": [ 7.25, 15.25, 7.75, 15.5 ], "texture": "#texture" },
        "south": { "uv": [ 7.25, 15.25, 7.75, 15.5 ], "texture": "#texture" },
        "west":  { "uv": [ 7.25, 15.25, 7.5, 15.5 ], "texture": "#texture" },
        "east":  { "uv": [ 7.25, 15.25, 7.5, 15.5 ], "texture": "#texture" }
    }
},
{
    "__comment": "!Apple",
    "from": [ 8.2, 6.52, 19.16 ],
    "to": [ 11.8, 7.6, 19.52 ],
    "faces": {
        "down":  { "uv": [ 7.25, 15.25, 7.5, 15.75 ], "texture": "#texture" },
        "up":    { "uv": [ 7.25, 15.25, 7.5, 15.75 ], "texture": "#texture" },
        "north": { "uv": [ 7.25, 15.25, 7.75, 15.5 ], "texture": "#texture" },
        "south": { "uv": [ 7.25, 15.25, 7.75, 15.5 ], "texture": "#texture" },
        "west":  { "uv": [ 7.25, 15.25, 7.5, 15.5 ], "texture": "#texture" },
        "east":  { "uv": [ 7.25, 15.25, 7.5, 15.5 ], "texture": "#texture" }
    }
},
{
    "__comment": "!Apple",
    "from": [ 8.56, 5.8, 14.48 ],
    "to": [ 11.44, 6.52, 14.84 ],
    "faces": {
        "down":  { "uv": [ 7.25, 15.25, 7.5, 15.75 ], "texture": "#texture" },
        "up":    { "uv": [ 7.25, 15.25, 7.5, 15.75 ], "texture": "#texture" },
        "north": { "uv": [ 7.25, 15.25, 7.75, 15.5 ], "texture": "#texture" },
        "south": { "uv": [ 7.25, 15.25, 7.75, 15.5 ], "texture": "#texture" },
        "west":  { "uv": [ 7.25, 15.25, 7.5, 15.5 ], "texture": "#texture" },
        "east":  { "uv": [ 7.25, 15.25, 7.5, 15.5 ], "texture": "#texture" }
    }
},
{
    "__comment": "!Apple",
    "from": [ 8.56, 7.6, 14.48 ],
    "to": [ 11.44, 8.32, 14.84 ],
    "faces": {
        "down":  { "uv": [ 7.25, 15.25, 7.5, 15.75 ], "texture": "#texture" },
        "up":    { "uv": [ 7.25, 15.25, 7.5, 15.75 ], "texture": "#texture" },
        "north": { "uv": [ 7.25, 15.25, 7.75, 15.5 ], "texture": "#texture" },
        "south": { "uv": [ 7.25, 15.25, 7.75, 15.5 ], "texture": "#texture" },
        "west":  { "uv": [ 7.25, 15.25, 7.5, 15.5 ], "texture": "#texture" },
        "east":  { "uv": [ 7.25, 15.25, 7.5, 15.5 ], "texture": "#texture" }
    }
},
{
    "__comment": "!Apple",
    "from": [ 8.56, 5.08, 14.84 ],
    "to": [ 11.44, 5.44, 15.2 ],
    "faces": {
        "down":  { "uv": [ 7.25, 15.25, 7.5, 15.75 ], "texture": "#texture" },
        "up":    { "uv": [ 7.25, 15.25, 7.5, 15.75 ], "texture": "#texture" },
        "north": { "uv": [ 7.25, 15.25, 7.75, 15.5 ], "texture": "#texture" },
        "south": { "uv": [ 7.25, 15.25, 7.75, 15.5 ], "texture": "#texture" },
        "west":  { "uv": [ 7.25, 15.25, 7.5, 15.5 ], "texture": "#texture" },
        "east":  { "uv": [ 7.25, 15.25, 7.5, 15.5 ], "texture": "#texture" }
    }
},
{
    "__comment": "!Apple",
    "from": [ 8.56, 8.32, 14.84 ],
    "to": [ 11.08, 8.68, 15.2 ],
    "faces": {
        "down":  { "uv": [ 7.25, 15.25, 7.5, 15.75 ], "texture": "#texture" },
        "up":    { "uv": [ 7.25, 15.25, 7.5, 15.75 ], "texture": "#texture" },
        "north": { "uv": [ 7.25, 15.25, 7.75, 15.5 ], "texture": "#texture" },
        "south": { "uv": [ 7.25, 15.25, 7.75, 15.5 ], "texture": "#texture" },
        "west":  { "uv": [ 7.25, 15.25, 7.5, 15.5 ], "texture": "#texture" },
        "east":  { "uv": [ 7.25, 15.25, 7.5, 15.5 ], "texture": "#texture" }
    }
},
{
    "__comment": "!Apple",
    "from": [ 8.56, 4.36, 15.56 ],
    "to": [ 11.44, 4.72, 15.92 ],
    "faces": {
        "down":  { "uv": [ 7.25, 15.25, 7.5, 15.75 ], "texture": "#texture" },
        "up":    { "uv": [ 7.25, 15.25, 7.5, 15.75 ], "texture": "#texture" },
        "north": { "uv": [ 7.25, 15.25, 7.75, 15.5 ], "texture": "#texture" },
        "south": { "uv": [ 7.25, 15.25, 7.75, 15.5 ], "texture": "#texture" },
        "west":  { "uv": [ 7.25, 15.25, 7.5, 15.5 ], "texture": "#texture" },
        "east":  { "uv": [ 7.25, 15.25, 7.5, 15.5 ], "texture": "#texture" }
    }
},
{
    "__comment": "!Apple",
    "from": [ 8.56, 4, 15.92 ],
    "to": [ 11.44, 4.36, 16.64 ],
    "faces": {
        "down":  { "uv": [ 7.25, 15.25, 7.5, 15.75 ], "texture": "#texture" },
        "up":    { "uv": [ 7.25, 15.25, 7.5, 15.75 ], "texture": "#texture" },
        "north": { "uv": [ 7.25, 15.25, 7.75, 15.5 ], "texture": "#texture" },
        "south": { "uv": [ 7.25, 15.25, 7.75, 15.5 ], "texture": "#texture" },
        "west":  { "uv": [ 7.25, 15.25, 7.5, 15.5 ], "texture": "#texture" },
        "east":  { "uv": [ 7.25, 15.25, 7.5, 15.5 ], "texture": "#texture" }
    }
},
{
    "__comment": "!Apple",
    "from": [ 8.56, 8.68, 16.28 ],
    "to": [ 9.64, 9.04, 17.72 ],
    "faces": {
        "down":  { "uv": [ 7.25, 15.25, 7.5, 15.75 ], "texture": "#texture" },
        "up":    { "uv": [ 7.25, 15.25, 7.5, 15.75 ], "texture": "#texture" },
        "north": { "uv": [ 7.25, 15.25, 7.75, 15.5 ], "texture": "#texture" },
        "south": { "uv": [ 7.25, 15.25, 7.75, 15.5 ], "texture": "#texture" },
        "west":  { "uv": [ 7.25, 15.25, 7.5, 15.5 ], "texture": "#texture" },
        "east":  { "uv": [ 7.25, 15.25, 7.5, 15.5 ], "texture": "#texture" }
    }
},
{
    "__comment": "!Apple",
    "from": [ 8.56, 4, 17.36 ],
    "to": [ 11.44, 4.36, 18.08 ],
    "faces": {
        "down":  { "uv": [ 7.25, 15.25, 7.5, 15.75 ], "texture": "#texture" },
        "up":    { "uv": [ 7.25, 15.25, 7.5, 15.75 ], "texture": "#texture" },
        "north": { "uv": [ 7.25, 15.25, 7.75, 15.5 ], "texture": "#texture" },
        "south": { "uv": [ 7.25, 15.25, 7.75, 15.5 ], "texture": "#texture" },
        "west":  { "uv": [ 7.25, 15.25, 7.5, 15.5 ], "texture": "#texture" },
        "east":  { "uv": [ 7.25, 15.25, 7.5, 15.5 ], "texture": "#texture" }
    }
},
{
    "__comment": "!Apple",
    "from": [ 8.56, 4.36, 18.08 ],
    "to": [ 11.44, 4.72, 18.44 ],
    "faces": {
        "down":  { "uv": [ 7.25, 15.25, 7.5, 15.75 ], "texture": "#texture" },
        "up":    { "uv": [ 7.25, 15.25, 7.5, 15.75 ], "texture": "#texture" },
        "north": { "uv": [ 7.25, 15.25, 7.75, 15.5 ], "texture": "#texture" },
        "south": { "uv": [ 7.25, 15.25, 7.75, 15.5 ], "texture": "#texture" },
        "west":  { "uv": [ 7.25, 15.25, 7.5, 15.5 ], "texture": "#texture" },
        "east":  { "uv": [ 7.25, 15.25, 7.5, 15.5 ], "texture": "#texture" }
    }
},
{
    "__comment": "!Apple",
    "from": [ 8.56, 5.08, 18.8 ],
    "to": [ 11.44, 5.44, 19.16 ],
    "faces": {
        "down":  { "uv": [ 7.25, 15.25, 7.5, 15.75 ], "texture": "#texture" },
        "up":    { "uv": [ 7.25, 15.25, 7.5, 15.75 ], "texture": "#texture" },
        "north": { "uv": [ 7.25, 15.25, 7.75, 15.5 ], "texture": "#texture" },
        "south": { "uv": [ 7.25, 15.25, 7.75, 15.5 ], "texture": "#texture" },
        "west":  { "uv": [ 7.25, 15.25, 7.5, 15.5 ], "texture": "#texture" },
        "east":  { "uv": [ 7.25, 15.25, 7.5, 15.5 ], "texture": "#texture" }
    }
},
{
    "__comment": "!Apple",
    "from": [ 8.56, 5.8, 19.16 ],
    "to": [ 11.44, 6.52, 19.52 ],
    "faces": {
        "down":  { "uv": [ 7.25, 15.25, 7.5, 15.75 ], "texture": "#texture" },
        "up":    { "uv": [ 7.25, 15.25, 7.5, 15.75 ], "texture": "#texture" },
        "north": { "uv": [ 7.25, 15.25, 7.75, 15.5 ], "texture": "#texture" },
        "south": { "uv": [ 7.25, 15.25, 7.75, 15.5 ], "texture": "#texture" },
        "west":  { "uv": [ 7.25, 15.25, 7.5, 15.5 ], "texture": "#texture" },
        "east":  { "uv": [ 7.25, 15.25, 7.5, 15.5 ], "texture": "#texture" }
    }
},
{
    "__comment": "!Apple",
    "from": [ 8.56, 7.6, 19.16 ],
    "to": [ 11.44, 8.32, 19.52 ],
    "faces": {
        "down":  { "uv": [ 7.25, 15.25, 7.5, 15.75 ], "texture": "#texture" },
        "up":    { "uv": [ 7.25, 15.25, 7.5, 15.75 ], "texture": "#texture" },
        "north": { "uv": [ 7.25, 15.25, 7.75, 15.5 ], "texture": "#texture" },
        "south": { "uv": [ 7.25, 15.25, 7.75, 15.5 ], "texture": "#texture" },
        "west":  { "uv": [ 7.25, 15.25, 7.5, 15.5 ], "texture": "#texture" },
        "east":  { "uv": [ 7.25, 15.25, 7.5, 15.5 ], "texture": "#texture" }
    }
},
{
    "__comment": "!Apple",
    "from": [ 8.92, 6.52, 14.12 ],
    "to": [ 11.08, 7.6, 14.48 ],
    "faces": {
        "down":  { "uv": [ 7.25, 15.25, 7.5, 15.75 ], "texture": "#texture" },
        "up":    { "uv": [ 7.25, 15.25, 7.5, 15.75 ], "texture": "#texture" },
        "north": { "uv": [ 7.25, 15.25, 7.75, 15.5 ], "texture": "#texture" },
        "south": { "uv": [ 7.25, 15.25, 7.75, 15.5 ], "texture": "#texture" },
        "west":  { "uv": [ 7.25, 15.25, 7.5, 15.5 ], "texture": "#texture" },
        "east":  { "uv": [ 7.25, 15.25, 7.5, 15.5 ], "texture": "#texture" }
    }
},
{
    "__comment": "!Apple",
    "from": [ 8.92, 5.44, 14.48 ],
    "to": [ 11.08, 5.8, 14.84 ],
    "faces": {
        "down":  { "uv": [ 7.25, 15.25, 7.5, 15.75 ], "texture": "#texture" },
        "up":    { "uv": [ 7.25, 15.25, 7.5, 15.75 ], "texture": "#texture" },
        "north": { "uv": [ 7.25, 15.25, 7.75, 15.5 ], "texture": "#texture" },
        "south": { "uv": [ 7.25, 15.25, 7.75, 15.5 ], "texture": "#texture" },
        "west":  { "uv": [ 7.25, 15.25, 7.5, 15.5 ], "texture": "#texture" },
        "east":  { "uv": [ 7.25, 15.25, 7.5, 15.5 ], "texture": "#texture" }
    }
},
{
    "__comment": "!Apple",
    "from": [ 8.92, 4.72, 14.84 ],
    "to": [ 11.08, 5.08, 15.2 ],
    "faces": {
        "down":  { "uv": [ 7.25, 15.25, 7.5, 15.75 ], "texture": "#texture" },
        "up":    { "uv": [ 7.25, 15.25, 7.5, 15.75 ], "texture": "#texture" },
        "north": { "uv": [ 7.25, 15.25, 7.75, 15.5 ], "texture": "#texture" },
        "south": { "uv": [ 7.25, 15.25, 7.75, 15.5 ], "texture": "#texture" },
        "west":  { "uv": [ 7.25, 15.25, 7.5, 15.5 ], "texture": "#texture" },
        "east":  { "uv": [ 7.25, 15.25, 7.5, 15.5 ], "texture": "#texture" }
    }
},
{
    "__comment": "!Apple",
    "from": [ 8.92, 4.36, 15.2 ],
    "to": [ 11.08, 4.72, 15.56 ],
    "faces": {
        "down":  { "uv": [ 7.25, 15.25, 7.5, 15.75 ], "texture": "#texture" },
        "up":    { "uv": [ 7.25, 15.25, 7.5, 15.75 ], "texture": "#texture" },
        "north": { "uv": [ 7.25, 15.25, 7.75, 15.5 ], "texture": "#texture" },
        "south": { "uv": [ 7.25, 15.25, 7.75, 15.5 ], "texture": "#texture" },
        "west":  { "uv": [ 7.25, 15.25, 7.5, 15.5 ], "texture": "#texture" },
        "east":  { "uv": [ 7.25, 15.25, 7.5, 15.5 ], "texture": "#texture" }
    }
},
{
    "__comment": "!Apple",
    "from": [ 8.92, 4, 15.56 ],
    "to": [ 11.08, 4.36, 15.92 ],
    "faces": {
        "down":  { "uv": [ 7.25, 15.25, 7.5, 15.75 ], "texture": "#texture" },
        "up":    { "uv": [ 7.25, 15.25, 7.5, 15.75 ], "texture": "#texture" },
        "north": { "uv": [ 7.25, 15.25, 7.75, 15.5 ], "texture": "#texture" },
        "south": { "uv": [ 7.25, 15.25, 7.75, 15.5 ], "texture": "#texture" },
        "west":  { "uv": [ 7.25, 15.25, 7.5, 15.5 ], "texture": "#texture" },
        "east":  { "uv": [ 7.25, 15.25, 7.5, 15.5 ], "texture": "#texture" }
    }
},
{
    "__comment": "!Apple",
    "from": [ 8.92, 8.68, 15.92 ],
    "to": [ 11.08, 9.04, 16.28 ],
    "faces": {
        "down":  { "uv": [ 7.25, 15.25, 7.5, 15.75 ], "texture": "#texture" },
        "up":    { "uv": [ 7.25, 15.25, 7.5, 15.75 ], "texture": "#texture" },
        "north": { "uv": [ 7.25, 15.25, 7.75, 15.5 ], "texture": "#texture" },
        "south": { "uv": [ 7.25, 15.25, 7.75, 15.5 ], "texture": "#texture" },
        "west":  { "uv": [ 7.25, 15.25, 7.5, 15.5 ], "texture": "#texture" },
        "east":  { "uv": [ 7.25, 15.25, 7.5, 15.5 ], "texture": "#texture" }
    }
},
{
    "__comment": "!Apple",
    "from": [ 8.92, 8.68, 17.72 ],
    "to": [ 11.08, 9.04, 18.08 ],
    "faces": {
        "down":  { "uv": [ 7.25, 15.25, 7.5, 15.75 ], "texture": "#texture" },
        "up":    { "uv": [ 7.25, 15.25, 7.5, 15.75 ], "texture": "#texture" },
        "north": { "uv": [ 7.25, 15.25, 7.75, 15.5 ], "texture": "#texture" },
        "south": { "uv": [ 7.25, 15.25, 7.75, 15.5 ], "texture": "#texture" },
        "west":  { "uv": [ 7.25, 15.25, 7.5, 15.5 ], "texture": "#texture" },
        "east":  { "uv": [ 7.25, 15.25, 7.5, 15.5 ], "texture": "#texture" }
    }
},
{
    "__comment": "!Apple",
    "from": [ 8.92, 4, 18.08 ],
    "to": [ 11.08, 4.36, 18.44 ],
    "faces": {
        "down":  { "uv": [ 7.25, 15.25, 7.5, 15.75 ], "texture": "#texture" },
        "up":    { "uv": [ 7.25, 15.25, 7.5, 15.75 ], "texture": "#texture" },
        "north": { "uv": [ 7.25, 15.25, 7.75, 15.5 ], "texture": "#texture" },
        "south": { "uv": [ 7.25, 15.25, 7.75, 15.5 ], "texture": "#texture" },
        "west":  { "uv": [ 7.25, 15.25, 7.5, 15.5 ], "texture": "#texture" },
        "east":  { "uv": [ 7.25, 15.25, 7.5, 15.5 ], "texture": "#texture" }
    }
},
{
    "__comment": "!Apple",
    "from": [ 8.92, 4.36, 18.44 ],
    "to": [ 11.08, 4.72, 18.8 ],
    "faces": {
        "down":  { "uv": [ 7.25, 15.25, 7.5, 15.75 ], "texture": "#texture" },
        "up":    { "uv": [ 7.25, 15.25, 7.5, 15.75 ], "texture": "#texture" },
        "north": { "uv": [ 7.25, 15.25, 7.75, 15.5 ], "texture": "#texture" },
        "south": { "uv": [ 7.25, 15.25, 7.75, 15.5 ], "texture": "#texture" },
        "west":  { "uv": [ 7.25, 15.25, 7.5, 15.5 ], "texture": "#texture" },
        "east":  { "uv": [ 7.25, 15.25, 7.5, 15.5 ], "texture": "#texture" }
    }
},
{
    "__comment": "!Apple",
    "from": [ 8.92, 4.72, 18.8 ],
    "to": [ 11.08, 5.08, 19.16 ],
    "faces": {
        "down":  { "uv": [ 7.25, 15.25, 7.5, 15.75 ], "texture": "#texture" },
        "up":    { "uv": [ 7.25, 15.25, 7.5, 15.75 ], "texture": "#texture" },
        "north": { "uv": [ 7.25, 15.25, 7.75, 15.5 ], "texture": "#texture" },
        "south": { "uv": [ 7.25, 15.25, 7.75, 15.5 ], "texture": "#texture" },
        "west":  { "uv": [ 7.25, 15.25, 7.5, 15.5 ], "texture": "#texture" },
        "east":  { "uv": [ 7.25, 15.25, 7.5, 15.5 ], "texture": "#texture" }
    }
},
{
    "__comment": "!Apple",
    "from": [ 8.92, 8.32, 18.8 ],
    "to": [ 11.08, 8.68, 19.16 ],
    "faces": {
        "down":  { "uv": [ 7.25, 15.25, 7.5, 15.75 ], "texture": "#texture" },
        "up":    { "uv": [ 7.25, 15.25, 7.5, 15.75 ], "texture": "#texture" },
        "north": { "uv": [ 7.25, 15.25, 7.75, 15.5 ], "texture": "#texture" },
        "south": { "uv": [ 7.25, 15.25, 7.75, 15.5 ], "texture": "#texture" },
        "west":  { "uv": [ 7.25, 15.25, 7.5, 15.5 ], "texture": "#texture" },
        "east":  { "uv": [ 7.25, 15.25, 7.5, 15.5 ], "texture": "#texture" }
    }
},
{
    "__comment": "!Apple",
    "from": [ 8.92, 5.08, 19.16 ],
    "to": [ 11.08, 5.8, 19.52 ],
    "faces": {
        "down":  { "uv": [ 7.25, 15.25, 7.5, 15.75 ], "texture": "#texture" },
        "up":    { "uv": [ 7.25, 15.25, 7.5, 15.75 ], "texture": "#texture" },
        "north": { "uv": [ 7.25, 15.25, 7.75, 15.5 ], "texture": "#texture" },
        "south": { "uv": [ 7.25, 15.25, 7.75, 15.5 ], "texture": "#texture" },
        "west":  { "uv": [ 7.25, 15.25, 7.5, 15.5 ], "texture": "#texture" },
        "east":  { "uv": [ 7.25, 15.25, 7.5, 15.5 ], "texture": "#texture" }
    }
},
{
    "__comment": "!Apple",
    "from": [ 8.92, 6.52, 19.52 ],
    "to": [ 11.08, 7.6, 19.88 ],
    "faces": {
        "down":  { "uv": [ 7.25, 15.25, 7.5, 15.75 ], "texture": "#texture" },
        "up":    { "uv": [ 7.25, 15.25, 7.5, 15.75 ], "texture": "#texture" },
        "north": { "uv": [ 7.25, 15.25, 7.75, 15.5 ], "texture": "#texture" },
        "south": { "uv": [ 7.25, 15.25, 7.75, 15.5 ], "texture": "#texture" },
        "west":  { "uv": [ 7.25, 15.25, 7.5, 15.5 ], "texture": "#texture" },
        "east":  { "uv": [ 7.25, 15.25, 7.5, 15.5 ], "texture": "#texture" }
    }
},
{
    "__comment": "!Apple",
    "from": [ 9.28, 6.16, 14.12 ],
    "to": [ 10.72, 6.52, 14.48 ],
    "faces": {
        "down":  { "uv": [ 7.25, 15.25, 7.5, 15.75 ], "texture": "#texture" },
        "up":    { "uv": [ 7.25, 15.25, 7.5, 15.75 ], "texture": "#texture" },
        "north": { "uv": [ 7.25, 15.25, 7.75, 15.5 ], "texture": "#texture" },
        "south": { "uv": [ 7.25, 15.25, 7.75, 15.5 ], "texture": "#texture" },
        "west":  { "uv": [ 7.25, 15.25, 7.5, 15.5 ], "texture": "#texture" },
        "east":  { "uv": [ 7.25, 15.25, 7.5, 15.5 ], "texture": "#texture" }
    }
},
{
    "__comment": "!Apple",
    "from": [ 9.28, 7.6, 14.12 ],
    "to": [ 10.72, 7.96, 14.48 ],
    "faces": {
        "down":  { "uv": [ 7.25, 15.25, 7.5, 15.75 ], "texture": "#texture" },
        "up":    { "uv": [ 7.25, 15.25, 7.5, 15.75 ], "texture": "#texture" },
        "north": { "uv": [ 7.25, 15.25, 7.75, 15.5 ], "texture": "#texture" },
        "south": { "uv": [ 7.25, 15.25, 7.75, 15.5 ], "texture": "#texture" },
        "west":  { "uv": [ 7.25, 15.25, 7.5, 15.5 ], "texture": "#texture" },
        "east":  { "uv": [ 7.25, 15.25, 7.5, 15.5 ], "texture": "#texture" }
    }
},
{
    "__comment": "!Apple",
    "from": [ 9.28, 5.08, 14.48 ],
    "to": [ 11.08, 5.44, 14.84 ],
    "faces": {
        "down":  { "uv": [ 7.25, 15.25, 7.5, 15.75 ], "texture": "#texture" },
        "up":    { "uv": [ 7.25, 15.25, 7.5, 15.75 ], "texture": "#texture" },
        "north": { "uv": [ 7.25, 15.25, 7.75, 15.5 ], "texture": "#texture" },
        "south": { "uv": [ 7.25, 15.25, 7.75, 15.5 ], "texture": "#texture" },
        "west":  { "uv": [ 7.25, 15.25, 7.5, 15.5 ], "texture": "#texture" },
        "east":  { "uv": [ 7.25, 15.25, 7.5, 15.5 ], "texture": "#texture" }
    }
},
{
    "__comment": "!Apple",
    "from": [ 9.28, 8.68, 15.56 ],
    "to": [ 10.72, 9.04, 15.92 ],
    "faces": {
        "down":  { "uv": [ 7.25, 15.25, 7.5, 15.75 ], "texture": "#texture" },
        "up":    { "uv": [ 7.25, 15.25, 7.5, 15.75 ], "texture": "#texture" },
        "north": { "uv": [ 7.25, 15.25, 7.75, 15.5 ], "texture": "#texture" },
        "south": { "uv": [ 7.25, 15.25, 7.75, 15.5 ], "texture": "#texture" },
        "west":  { "uv": [ 7.25, 15.25, 7.5, 15.5 ], "texture": "#texture" },
        "east":  { "uv": [ 7.25, 15.25, 7.5, 15.5 ], "texture": "#texture" }
    }
},
{
    "__comment": "!Apple",
    "from": [ 9.28, 8.68, 18.08 ],
    "to": [ 10.72, 9.04, 18.44 ],
    "faces": {
        "down":  { "uv": [ 7.25, 15.25, 7.5, 15.75 ], "texture": "#texture" },
        "up":    { "uv": [ 7.25, 15.25, 7.5, 15.75 ], "texture": "#texture" },
        "north": { "uv": [ 7.25, 15.25, 7.75, 15.5 ], "texture": "#texture" },
        "south": { "uv": [ 7.25, 15.25, 7.75, 15.5 ], "texture": "#texture" },
        "west":  { "uv": [ 7.25, 15.25, 7.5, 15.5 ], "texture": "#texture" },
        "east":  { "uv": [ 7.25, 15.25, 7.5, 15.5 ], "texture": "#texture" }
    }
},
{
    "__comment": "!Apple",
    "from": [ 9.28, 6.16, 19.52 ],
    "to": [ 10.72, 6.52, 19.88 ],
    "faces": {
        "down":  { "uv": [ 7.25, 15.25, 7.5, 15.75 ], "texture": "#texture" },
        "up":    { "uv": [ 7.25, 15.25, 7.5, 15.75 ], "texture": "#texture" },
        "north": { "uv": [ 7.25, 15.25, 7.75, 15.5 ], "texture": "#texture" },
        "south": { "uv": [ 7.25, 15.25, 7.75, 15.5 ], "texture": "#texture" },
        "west":  { "uv": [ 7.25, 15.25, 7.5, 15.5 ], "texture": "#texture" },
        "east":  { "uv": [ 7.25, 15.25, 7.5, 15.5 ], "texture": "#texture" }
    }
},
{
    "__comment": "!Apple",
    "from": [ 9.28, 7.6, 19.52 ],
    "to": [ 10.72, 7.96, 19.88 ],
    "faces": {
        "down":  { "uv": [ 7.25, 15.25, 7.5, 15.75 ], "texture": "#texture" },
        "up":    { "uv": [ 7.25, 15.25, 7.5, 15.75 ], "texture": "#texture" },
        "north": { "uv": [ 7.25, 15.25, 7.75, 15.5 ], "texture": "#texture" },
        "south": { "uv": [ 7.25, 15.25, 7.75, 15.5 ], "texture": "#texture" },
        "west":  { "uv": [ 7.25, 15.25, 7.5, 15.5 ], "texture": "#texture" },
        "east":  { "uv": [ 7.25, 15.25, 7.5, 15.5 ], "texture": "#texture" }
    }
},
{
    "__comment": "!Apple",
    "from": [ 9.64, 5.8, 14.12 ],
    "to": [ 10, 6.16, 14.48 ],
    "faces": {
        "down":  { "uv": [ 7.25, 15.25, 7.5, 15.75 ], "texture": "#texture" },
        "up":    { "uv": [ 7.25, 15.25, 7.5, 15.75 ], "texture": "#texture" },
        "north": { "uv": [ 7.25, 15.25, 7.75, 15.5 ], "texture": "#texture" },
        "south": { "uv": [ 7.25, 15.25, 7.75, 15.5 ], "texture": "#texture" },
        "west":  { "uv": [ 7.25, 15.25, 7.5, 15.5 ], "texture": "#texture" },
        "east":  { "uv": [ 7.25, 15.25, 7.5, 15.5 ], "texture": "#texture" }
    }
},
{
    "__comment": "!Apple",
    "from": [ 9.64, 4, 15.2 ],
    "to": [ 10.36, 4.36, 15.56 ],
    "faces": {
        "down":  { "uv": [ 7.25, 15.25, 7.5, 15.75 ], "texture": "#texture" },
        "up":    { "uv": [ 7.25, 15.25, 7.5, 15.75 ], "texture": "#texture" },
        "north": { "uv": [ 7.25, 15.25, 7.75, 15.5 ], "texture": "#texture" },
        "south": { "uv": [ 7.25, 15.25, 7.75, 15.5 ], "texture": "#texture" },
        "west":  { "uv": [ 7.25, 15.25, 7.5, 15.5 ], "texture": "#texture" },
        "east":  { "uv": [ 7.25, 15.25, 7.5, 15.5 ], "texture": "#texture" }
    }
},
{
    "__comment": "!Apple",
    "from": [ 9.64, 8.68, 16.28 ],
    "to": [ 11.44, 9.04, 16.64 ],
    "faces": {
        "down":  { "uv": [ 7.25, 15.25, 7.5, 15.75 ], "texture": "#texture" },
        "up":    { "uv": [ 7.25, 15.25, 7.5, 15.75 ], "texture": "#texture" },
        "north": { "uv": [ 7.25, 15.25, 7.75, 15.5 ], "texture": "#texture" },
        "south": { "uv": [ 7.25, 15.25, 7.75, 15.5 ], "texture": "#texture" },
        "west":  { "uv": [ 7.25, 15.25, 7.5, 15.5 ], "texture": "#texture" },
        "east":  { "uv": [ 7.25, 15.25, 7.5, 15.5 ], "texture": "#texture" }
    }
},
{
    "__comment": "!Apple",
    "from": [ 9.64, 8.68, 17.36 ],
    "to": [ 11.44, 9.04, 17.72 ],
    "faces": {
        "down":  { "uv": [ 7.25, 15.25, 7.5, 15.75 ], "texture": "#texture" },
        "up":    { "uv": [ 7.25, 15.25, 7.5, 15.75 ], "texture": "#texture" },
        "north": { "uv": [ 7.25, 15.25, 7.75, 15.5 ], "texture": "#texture" },
        "south": { "uv": [ 7.25, 15.25, 7.75, 15.5 ], "texture": "#texture" },
        "west":  { "uv": [ 7.25, 15.25, 7.5, 15.5 ], "texture": "#texture" },
        "east":  { "uv": [ 7.25, 15.25, 7.5, 15.5 ], "texture": "#texture" }
    }
},
{
    "__comment": "!Apple",
    "from": [ 9.64, 4, 18.44 ],
    "to": [ 10.36, 4.36, 18.8 ],
    "faces": {
        "down":  { "uv": [ 7.25, 15.25, 7.5, 15.75 ], "texture": "#texture" },
        "up":    { "uv": [ 7.25, 15.25, 7.5, 15.75 ], "texture": "#texture" },
        "north": { "uv": [ 7.25, 15.25, 7.75, 15.5 ], "texture": "#texture" },
        "south": { "uv": [ 7.25, 15.25, 7.75, 15.5 ], "texture": "#texture" },
        "west":  { "uv": [ 7.25, 15.25, 7.5, 15.5 ], "texture": "#texture" },
        "east":  { "uv": [ 7.25, 15.25, 7.5, 15.5 ], "texture": "#texture" }
    }
},
{
    "__comment": "!Apple",
    "from": [ 9.64, 5.8, 19.52 ],
    "to": [ 10.36, 6.16, 19.88 ],
    "faces": {
        "down":  { "uv": [ 7.25, 15.25, 7.5, 15.75 ], "texture": "#texture" },
        "up":    { "uv": [ 7.25, 15.25, 7.5, 15.75 ], "texture": "#texture" },
        "north": { "uv": [ 7.25, 15.25, 7.75, 15.5 ], "texture": "#texture" },
        "south": { "uv": [ 7.25, 15.25, 7.75, 15.5 ], "texture": "#texture" },
        "west":  { "uv": [ 7.25, 15.25, 7.5, 15.5 ], "texture": "#texture" },
        "east":  { "uv": [ 7.25, 15.25, 7.5, 15.5 ], "texture": "#texture" }
    }
},
{
    "__comment": "!Apple",
    "from": [ 10, 8.68, 17 ],
    "to": [ 10.36, 9.76, 17.36 ],
    "faces": {
        "down":  { "uv": [ 7.25, 15.25, 7.5, 15.75 ], "texture": "#log_oak" },
        "up":    { "uv": [ 7.25, 15.25, 7.5, 15.75 ], "texture": "#log_oak" },
        "north": { "uv": [ 7.25, 15.25, 7.75, 15.5 ], "texture": "#log_oak" },
        "south": { "uv": [ 7.25, 15.25, 7.75, 15.5 ], "texture": "#log_oak" },
        "west":  { "uv": [ 7.25, 15.25, 7.5, 15.5 ], "texture": "#log_oak" },
        "east":  { "uv": [ 7.25, 15.25, 7.5, 15.5 ], "texture": "#log_oak" }
    }
},
{
    "__comment": "!Apple",
    "from": [ 10, 9.4, 17.36 ],
    "to": [ 10.72, 9.76, 17.72 ],
    "faces": {
        "down":  { "uv": [ 7.25, 15.25, 7.5, 15.75 ], "texture": "#log_oak" },
        "up":    { "uv": [ 7.25, 15.25, 7.5, 15.75 ], "texture": "#log_oak" },
        "north": { "uv": [ 7.25, 15.25, 7.75, 15.5 ], "texture": "#log_oak" },
        "south": { "uv": [ 7.25, 15.25, 7.75, 15.5 ], "texture": "#log_oak" },
        "west":  { "uv": [ 7.25, 15.25, 7.5, 15.5 ], "texture": "#log_oak" },
        "east":  { "uv": [ 7.25, 15.25, 7.5, 15.5 ], "texture": "#log_oak" }
    }
},
{
    "__comment": "!Apple",
    "from": [ 10, 4.36, 18.8 ],
    "to": [ 10.36, 4.72, 19.16 ],
    "faces": {
        "down":  { "uv": [ 7.25, 15.25, 7.5, 15.75 ], "texture": "#texture" },
        "up":    { "uv": [ 7.25, 15.25, 7.5, 15.75 ], "texture": "#texture" },
        "north": { "uv": [ 7.25, 15.25, 7.75, 15.5 ], "texture": "#texture" },
        "south": { "uv": [ 7.25, 15.25, 7.75, 15.5 ], "texture": "#texture" },
        "west":  { "uv": [ 7.25, 15.25, 7.5, 15.5 ], "texture": "#texture" },
        "east":  { "uv": [ 7.25, 15.25, 7.5, 15.5 ], "texture": "#texture" }
    }
},
{
    "__comment": "!Apple",
    "from": [ 10.36, 8.68, 16.64 ],
    "to": [ 11.44, 9.04, 17.36 ],
    "faces": {
        "down":  { "uv": [ 7.25, 15.25, 7.5, 15.75 ], "texture": "#texture" },
        "up":    { "uv": [ 7.25, 15.25, 7.5, 15.75 ], "texture": "#texture" },
        "north": { "uv": [ 7.25, 15.25, 7.75, 15.5 ], "texture": "#texture" },
        "south": { "uv": [ 7.25, 15.25, 7.75, 15.5 ], "texture": "#texture" },
        "west":  { "uv": [ 7.25, 15.25, 7.5, 15.5 ], "texture": "#texture" },
        "east":  { "uv": [ 7.25, 15.25, 7.5, 15.5 ], "texture": "#texture" }
    }
},
{
    "__comment": "!Apple",
    "from": [ 10.36, 9.4, 17 ],
    "to": [ 10.72, 9.76, 17.36 ],
    "faces": {
        "down":  { "uv": [ 7.25, 15.25, 7.5, 15.75 ], "texture": "#log_oak" },
        "up":    { "uv": [ 7.25, 15.25, 7.5, 15.75 ], "texture": "#log_oak" },
        "north": { "uv": [ 7.25, 15.25, 7.75, 15.5 ], "texture": "#log_oak" },
        "south": { "uv": [ 7.25, 15.25, 7.75, 15.5 ], "texture": "#log_oak" },
        "west":  { "uv": [ 7.25, 15.25, 7.5, 15.5 ], "texture": "#log_oak" },
        "east":  { "uv": [ 7.25, 15.25, 7.5, 15.5 ], "texture": "#log_oak" }
    }
},
{
    "__comment": "!Apple",
    "from": [ 12.16, 5.08, 15.92 ],
    "to": [ 12.52, 5.8, 17.72 ],
    "faces": {
        "down":  { "uv": [ 7.25, 15.25, 7.5, 15.75 ], "texture": "#texture" },
        "up":    { "uv": [ 7.25, 15.25, 7.5, 15.75 ], "texture": "#texture" },
        "north": { "uv": [ 7.25, 15.25, 7.75, 15.5 ], "texture": "#texture" },
        "south": { "uv": [ 7.25, 15.25, 7.75, 15.5 ], "texture": "#texture" },
        "west":  { "uv": [ 7.25, 15.25, 7.5, 15.5 ], "texture": "#texture" },
        "east":  { "uv": [ 7.25, 15.25, 7.5, 15.5 ], "texture": "#texture" }
    }
},
{
    "__comment": "!Apple",
    "from": [ 12.16, 5.44, 17.72 ],
    "to": [ 12.52, 5.8, 18.08 ],
    "faces": {
        "down":  { "uv": [ 7.25, 15.25, 7.5, 15.75 ], "texture": "#texture" },
        "up":    { "uv": [ 7.25, 15.25, 7.5, 15.75 ], "texture": "#texture" },
        "north": { "uv": [ 7.25, 15.25, 7.75, 15.5 ], "texture": "#texture" },
        "south": { "uv": [ 7.25, 15.25, 7.75, 15.5 ], "texture": "#texture" },
        "west":  { "uv": [ 7.25, 15.25, 7.5, 15.5 ], "texture": "#texture" },
        "east":  { "uv": [ 7.25, 15.25, 7.5, 15.5 ], "texture": "#texture" }
    }
},
{
    "__comment": "!Apple",
    "from": [ 12.52, 5.8, 16.64 ],
    "to": [ 12.88, 6.16, 17 ],
    "faces": {
        "down":  { "uv": [ 7.25, 15.25, 7.5, 15.75 ], "texture": "#texture" },
        "up":    { "uv": [ 7.25, 15.25, 7.5, 15.75 ], "texture": "#texture" },
        "north": { "uv": [ 7.25, 15.25, 7.75, 15.5 ], "texture": "#texture" },
        "south": { "uv": [ 7.25, 15.25, 7.75, 15.5 ], "texture": "#texture" },
        "west":  { "uv": [ 7.25, 15.25, 7.5, 15.5 ], "texture": "#texture" },
        "east":  { "uv": [ 7.25, 15.25, 7.5, 15.5 ], "texture": "#texture" }
    }
},
{
    "from": [ 0, 0, 0 ],
    "to": [ 16, 16, 16 ],
    "faces": {
        "down":  { "uv": [ 16, 16, 0, 0 ], "texture": "#leaves_oak", "tintindex": 0 },
        "up":    { "uv": [ 0, 0, 16, 16 ], "texture": "#leaves_oak", "tintindex": 0 },
        "north": { "uv": [ 0, 0, 16, 16 ], "texture": "#leaves_oak", "tintindex": 0 },
        "south": { "uv": [ 0, 0, 16, 16 ], "texture": "#leaves_oak", "tintindex": 0 },
        "west":  { "uv": [ 0, 0, 16, 16 ], "texture": "#leaves_oak", "tintindex": 0 },
        "east":  { "uv": [ 0, 0, 16, 16 ], "texture": "#leaves_oak", "tintindex": 0 }
    }
}
]
}