{
"__comment": "CoolScreenName http://www.planetminecraft.com/member/coolscreenname/",
"textures": {
    "particle": "blocks/potatoes_stage_1",
    "texture": "colormap/foliage",
    "farmland_wet": "blocks/farmland_wet",
    "grass_path_top": "blocks/grass_path_top"
},
"elements": [ 
{
    "__comment": "stem",
    "from": [ 7.83, -0.99, 7.83 ],
    "to": [ 8.17, 2.26, 8.08 ],
    "faces": {
        "down":  { "uv": [ 7.75, 8.5, 8.25, 15.75 ], "texture": "#texture" },
        "up":    { "uv": [ 7.75, 8.5, 8.25, 15.75 ], "texture": "#texture" },
        "north": { "uv": [ 7.75, 9, 8.25, 15.75 ], "texture": "#texture" },
        "south": { "uv": [ 7.75, 9, 8.25, 15.75 ], "texture": "#texture" },
        "west":  { "uv": [ 7.75, 9, 8.25, 15.75 ], "texture": "#texture" },
        "east":  { "uv": [ 7.75, 9, 8.25, 15.75 ], "texture": "#texture" }
    }
},
{
    "__comment": "stem",
    "from": [ 7.83068, 1.92, 8.85 ],
    "to": [ 8.17068, 3.28, 9.19 ],
    "rotation": { "origin": [ 7.83068, 3.28, 8.85 ], "axis": "x", "angle": 45 },
    "faces": {
        "down":  { "uv": [ 7.75, 8.5, 8.25, 15.75 ], "texture": "#texture" },
        "up":    { "uv": [ 7.75, 8.5, 8.25, 15.75 ], "texture": "#texture" },
        "north": { "uv": [ 7.75, 9, 8.25, 15.75 ], "texture": "#texture" },
        "south": { "uv": [ 7.75, 9, 8.25, 15.75 ], "texture": "#texture" },
        "west":  { "uv": [ 7.75, 9, 8.25, 15.75 ], "texture": "#texture" },
        "east":  { "uv": [ 7.75, 9, 8.25, 15.75 ], "texture": "#texture" }
    }
},
{
    "__comment": "leaf top",
    "from": [ 7.66, 3.11, 8.85 ],
    "to": [ 8.34, 3.28, 9.7 ],
    "rotation": { "origin": [ 7.66, 3.11, 8.85 ], "axis": "y", "angle": 22.5 },
    "faces": {
        "down":  { "uv": [ 0.5, 2, 1.75, 8.75 ], "texture": "#texture" },
        "up":    { "uv": [ 0.5, 2, 1.75, 8.75 ], "texture": "#texture" },
        "north": { "uv": [ 0.25, 2, 1.75, 9 ], "texture": "#texture" },
        "south": { "uv": [ 0.25, 2, 1.75, 9 ], "texture": "#texture" },
        "west":  { "uv": [ 0.25, 2.25, 1.5, 9.5 ], "texture": "#texture" },
        "east":  { "uv": [ 0.25, 2.25, 1.5, 9.5 ], "texture": "#texture" }
    }
},
{
    "__comment": "leaf top",
    "from": [ 8.17, 3.11068, 9.19 ],
    "to": [ 8.68, 3.28068, 9.7 ],
    "rotation": { "origin": [ 8.17, 3.11068, 9.19 ], "axis": "y", "angle": -22.5 },
    "faces": {
        "down":  { "uv": [ 0.5, 2, 1.75, 8.75 ], "texture": "#texture" },
        "up":    { "uv": [ 0.5, 2, 1.75, 8.75 ], "texture": "#texture" },
        "north": { "uv": [ 0.25, 2, 1.75, 9 ], "texture": "#texture" },
        "south": { "uv": [ 0.25, 2, 1.75, 9 ], "texture": "#texture" },
        "west":  { "uv": [ 0.25, 2.25, 1.5, 9.5 ], "texture": "#texture" },
        "east":  { "uv": [ 0.25, 2.25, 1.5, 9.5 ], "texture": "#texture" }
    }
},
{
    "__comment": "leaf top",
    "from": [ 7.66, 3.11, 8.68 ],
    "to": [ 8.17, 3.28, 9.02 ],
    "rotation": { "origin": [ 7.66, 3.11, 8.68 ], "axis": "y", "angle": 22.5 },
    "faces": {
        "down":  { "uv": [ 0.5, 2, 1.75, 8.75 ], "texture": "#texture" },
        "up":    { "uv": [ 0.5, 2, 1.75, 8.75 ], "texture": "#texture" },
        "north": { "uv": [ 0.25, 2, 1.75, 9 ], "texture": "#texture" },
        "south": { "uv": [ 0.25, 2, 1.75, 9 ], "texture": "#texture" },
        "west":  { "uv": [ 0.25, 2.25, 1.5, 9.5 ], "texture": "#texture" },
        "east":  { "uv": [ 0.25, 2.25, 1.5, 9.5 ], "texture": "#texture" }
    }
},
{
    "__comment": "stem",
    "from": [ 7.82932, 2.09, 7.15 ],
    "to": [ 8.16932, 3.96, 7.49 ],
    "rotation": { "origin": [ 7.82932, 3.96, 7.15 ], "axis": "x", "angle": -22.5 },
    "faces": {
        "down":  { "uv": [ 7.75, 8.5, 8.25, 15.75 ], "texture": "#texture" },
        "up":    { "uv": [ 7.75, 8.5, 8.25, 15.75 ], "texture": "#texture" },
        "north": { "uv": [ 7.75, 9, 8.25, 15.75 ], "texture": "#texture" },
        "south": { "uv": [ 7.75, 9, 8.25, 15.75 ], "texture": "#texture" },
        "west":  { "uv": [ 7.75, 9, 8.25, 15.75 ], "texture": "#texture" },
        "east":  { "uv": [ 7.75, 9, 8.25, 15.75 ], "texture": "#texture" }
    }
},
{
    "__comment": "leaf top",
    "from": [ 7.66, 4.13, 6.98 ],
    "to": [ 8.34, 4.3, 8 ],
    "rotation": { "origin": [ 7.66, 4.3, 6.98 ], "axis": "x", "angle": 22.5 },
    "faces": {
        "down":  { "uv": [ 0.5, 2, 1.75, 8.75 ], "texture": "#texture" },
        "up":    { "uv": [ 0.5, 2, 1.75, 8.75 ], "texture": "#texture" },
        "north": { "uv": [ 0.25, 2, 1.75, 9 ], "texture": "#texture" },
        "south": { "uv": [ 0.25, 2, 1.75, 9 ], "texture": "#texture" },
        "west":  { "uv": [ 0.25, 2.25, 1.5, 9.5 ], "texture": "#texture" },
        "east":  { "uv": [ 0.25, 2.25, 1.5, 9.5 ], "texture": "#texture" }
    }
},
{
    "__comment": "leaf top",
    "from": [ 7.83068, 4.13, 6.64 ],
    "to": [ 8.34068, 4.3, 6.98 ],
    "faces": {
        "down":  { "uv": [ 0.5, 2, 1.75, 8.75 ], "texture": "#texture" },
        "up":    { "uv": [ 0.5, 2, 1.75, 8.75 ], "texture": "#texture" },
        "north": { "uv": [ 0.25, 2, 1.75, 9 ], "texture": "#texture" },
        "south": { "uv": [ 0.25, 2, 1.75, 9 ], "texture": "#texture" },
        "west":  { "uv": [ 0.25, 2.25, 1.5, 9.5 ], "texture": "#texture" },
        "east":  { "uv": [ 0.25, 2.25, 1.5, 9.5 ], "texture": "#texture" }
    }
},
{
    "__comment": "leaf top",
    "from": [ 8, 4.13, 6.47 ],
    "to": [ 8.17, 4.3, 6.64 ],
    "faces": {
        "down":  { "uv": [ 0.5, 2, 1.75, 8.75 ], "texture": "#texture" },
        "up":    { "uv": [ 0.5, 2, 1.75, 8.75 ], "texture": "#texture" },
        "north": { "uv": [ 0.25, 2, 1.75, 9 ], "texture": "#texture" },
        "south": { "uv": [ 0.25, 2, 1.75, 9 ], "texture": "#texture" },
        "west":  { "uv": [ 0.25, 2.25, 1.5, 9.5 ], "texture": "#texture" },
        "east":  { "uv": [ 0.25, 2.25, 1.5, 9.5 ], "texture": "#texture" }
    }
},
{
    "__comment": "leaf top",
    "from": [ 7.83, 3.79, 7.83 ],
    "to": [ 8.17, 3.96, 8.17 ],
    "faces": {
        "down":  { "uv": [ 0.5, 2, 1.75, 8.75 ], "texture": "#texture" },
        "up":    { "uv": [ 0.5, 2, 1.75, 8.75 ], "texture": "#texture" },
        "north": { "uv": [ 0.25, 2, 1.75, 9 ], "texture": "#texture" },
        "south": { "uv": [ 0.25, 2, 1.75, 9 ], "texture": "#texture" },
        "west":  { "uv": [ 0.25, 2.25, 1.5, 9.5 ], "texture": "#texture" },
        "east":  { "uv": [ 0.25, 2.25, 1.5, 9.5 ], "texture": "#texture" }
    }
},
{
    "__comment": "bottom leaves",
    "from": [ 8.34, 0.02, 7.15 ],
    "to": [ 8.85, 0.19, 7.66 ],
    "faces": {
        "down":  { "uv": [ 14.5, 10.75, 15.5, 12 ], "texture": "#texture" },
        "up":    { "uv": [ 14.5, 10.75, 15.5, 12 ], "texture": "#texture" },
        "north": { "uv": [ 14.25, 11.5, 15.5, 12.75 ], "texture": "#texture" },
        "south": { "uv": [ 14.25, 11.5, 15.5, 12.75 ], "texture": "#texture" },
        "west":  { "uv": [ 14, 10.5, 15.5, 12 ], "texture": "#texture" },
        "east":  { "uv": [ 14, 10.5, 15.5, 12 ], "texture": "#texture" }
    }
},
{
    "__comment": "bottom leaves",
    "from": [ 7.49, -0.49, 8 ],
    "to": [ 8, -0.32, 8.51 ],
    "faces": {
        "down":  { "uv": [ 14.5, 10.75, 15.5, 12 ], "texture": "#texture" },
        "up":    { "uv": [ 14.5, 10.75, 15.5, 12 ], "texture": "#texture" },
        "north": { "uv": [ 14.25, 11.5, 15.5, 12.75 ], "texture": "#texture" },
        "south": { "uv": [ 14.25, 11.5, 15.5, 12.75 ], "texture": "#texture" },
        "west":  { "uv": [ 14, 10.5, 15.5, 12 ], "texture": "#texture" },
        "east":  { "uv": [ 14, 10.5, 15.5, 12 ], "texture": "#texture" }
    }
},
{
    "__comment": "bottom leaves",
    "from": [ 8, -0.15, 7.49 ],
    "to": [ 8.51, 0.02, 8 ],
    "faces": {
        "down":  { "uv": [ 14.5, 10.75, 15.5, 12 ], "texture": "#texture" },
        "up":    { "uv": [ 14.5, 10.75, 15.5, 12 ], "texture": "#texture" },
        "north": { "uv": [ 14.25, 11.5, 15.5, 12.75 ], "texture": "#texture" },
        "south": { "uv": [ 14.25, 11.5, 15.5, 12.75 ], "texture": "#texture" },
        "west":  { "uv": [ 14, 10.5, 15.5, 12 ], "texture": "#texture" },
        "east":  { "uv": [ 14, 10.5, 15.5, 12 ], "texture": "#texture" }
    }
},
{
    "__comment": "bottom leaves",
    "from": [ 7.15, -0.32, 8.34 ],
    "to": [ 7.66, -0.15, 8.85 ],
    "faces": {
        "down":  { "uv": [ 14.5, 10.75, 15.5, 12 ], "texture": "#texture" },
        "up":    { "uv": [ 14.5, 10.75, 15.5, 12 ], "texture": "#texture" },
        "north": { "uv": [ 14.25, 11.5, 15.5, 12.75 ], "texture": "#texture" },
        "south": { "uv": [ 14.25, 11.5, 15.5, 12.75 ], "texture": "#texture" },
        "west":  { "uv": [ 14, 10.5, 15.5, 12 ], "texture": "#texture" },
        "east":  { "uv": [ 14, 10.5, 15.5, 12 ], "texture": "#texture" }
    }
},
{
    "__comment": "base",
    "from": [ 7.66, -0.83, 7.83 ],
    "to": [ 7.83, -0.66, 8.17 ],
    "faces": {
        "down":  { "uv": [ 14.5, 10.75, 15.5, 12 ], "texture": "#texture" },
        "up":    { "uv": [ 14.5, 10.75, 15.5, 12 ], "texture": "#texture" },
        "north": { "uv": [ 14.25, 11.5, 15.5, 12.75 ], "texture": "#texture" },
        "south": { "uv": [ 14.25, 11.5, 15.5, 12.75 ], "texture": "#texture" },
        "west":  { "uv": [ 14, 10.5, 15.5, 12 ], "texture": "#texture" },
        "east":  { "uv": [ 14, 10.5, 15.5, 12 ], "texture": "#texture" }
    }
},
{
    "__comment": "base",
    "from": [ 8, -0.83, 7.83 ],
    "to": [ 8.34, -0.66, 8.17 ],
    "faces": {
        "down":  { "uv": [ 14.5, 10.75, 15.5, 12 ], "texture": "#texture" },
        "up":    { "uv": [ 14.5, 10.75, 15.5, 12 ], "texture": "#texture" },
        "north": { "uv": [ 14.25, 11.5, 15.5, 12.75 ], "texture": "#texture" },
        "south": { "uv": [ 14.25, 11.5, 15.5, 12.75 ], "texture": "#texture" },
        "west":  { "uv": [ 14, 10.5, 15.5, 12 ], "texture": "#texture" },
        "east":  { "uv": [ 14, 10.5, 15.5, 12 ], "texture": "#texture" }
    }
},
{
    "__comment": "base",
    "from": [ 7.83, -0.83, 8.17 ],
    "to": [ 8.17, -0.66, 8.34 ],
    "faces": {
        "down":  { "uv": [ 14.5, 10.75, 15.5, 12 ], "texture": "#texture" },
        "up":    { "uv": [ 14.5, 10.75, 15.5, 12 ], "texture": "#texture" },
        "north": { "uv": [ 14.25, 11.5, 15.5, 12.75 ], "texture": "#texture" },
        "south": { "uv": [ 14.25, 11.5, 15.5, 12.75 ], "texture": "#texture" },
        "west":  { "uv": [ 14, 10.5, 15.5, 12 ], "texture": "#texture" },
        "east":  { "uv": [ 14, 10.5, 15.5, 12 ], "texture": "#texture" }
    }
},
{
    "__comment": "base",
    "from": [ 7.83, -0.83, 7.66 ],
    "to": [ 8.17, -0.66, 7.83 ],
    "faces": {
        "down":  { "uv": [ 14.5, 10.75, 15.5, 12 ], "texture": "#texture" },
        "up":    { "uv": [ 14.5, 10.75, 15.5, 12 ], "texture": "#texture" },
        "north": { "uv": [ 14.25, 11.5, 15.5, 12.75 ], "texture": "#texture" },
        "south": { "uv": [ 14.25, 11.5, 15.5, 12.75 ], "texture": "#texture" },
        "west":  { "uv": [ 14, 10.5, 15.5, 12 ], "texture": "#texture" },
        "east":  { "uv": [ 14, 10.5, 15.5, 12 ], "texture": "#texture" }
    }
},
{
    "__comment": "dirt",
    "from": [ 7.2, -1, 7.2 ],
    "to": [ 8.8, -0.8, 8.8 ],
    "faces": {
        "down":  { "uv": [ 8.8, 8.8, 7.2, 7.2 ], "texture": "#farmland_wet" },
        "up":    { "uv": [ 7.2, 7.2, 8.8, 8.8 ], "texture": "#farmland_wet" },
        "north": { "uv": [ 7.2, 16, 8.8, 16 ], "texture": "#farmland_wet" },
        "south": { "uv": [ 7.2, 16, 8.8, 16 ], "texture": "#farmland_wet" },
        "west":  { "uv": [ 7.2, 16, 8.8, 16 ], "texture": "#farmland_wet" },
        "east":  { "uv": [ 7.2, 16, 8.8, 16 ], "texture": "#farmland_wet" }
    }
}
]
}