{
"__comment": "CoolScreenName http://www.planetminecraft.com/member/coolscreenname/",
"textures": {
    "particle": "blocks/potatoes_stage_3",
    "texture": "colormap/foliage",
    "farmland_wet": "blocks/farmland_wet",
    "grass_path_top": "blocks/grass_path_top"
},
"elements": [ 
{
    "__comment": "stem",
    "from": [ 7.75, -0.75, 7.75 ],
    "to": [ 8.25, 6, 8.25 ],
    "faces": {
        "down":  { "uv": [ 7.75, 8.5, 8.25, 15.75 ], "texture": "#texture" },
        "up":    { "uv": [ 7.75, 8.5, 8.25, 15.75 ], "texture": "#texture" },
        "north": { "uv": [ 7.75, 9, 8.25, 15.75 ], "texture": "#texture" },
        "south": { "uv": [ 7.75, 9, 8.25, 15.75 ], "texture": "#texture" },
        "west":  { "uv": [ 7.75, 9, 8.25, 15.75 ], "texture": "#texture" },
        "east":  { "uv": [ 7.75, 9, 8.25, 15.75 ], "texture": "#texture" }
    }
},
{
    "__comment": "stem",
    "from": [ 7.751, 5.5, 9.25 ],
    "to": [ 8.251, 7.5, 9.75 ],
    "rotation": { "origin": [ 7.751, 7.5, 9.25 ], "axis": "x", "angle": 45 },
    "faces": {
        "down":  { "uv": [ 7.75, 8.5, 8.25, 15.75 ], "texture": "#texture" },
        "up":    { "uv": [ 7.75, 8.5, 8.25, 15.75 ], "texture": "#texture" },
        "north": { "uv": [ 7.75, 9, 8.25, 15.75 ], "texture": "#texture" },
        "south": { "uv": [ 7.75, 9, 8.25, 15.75 ], "texture": "#texture" },
        "west":  { "uv": [ 7.75, 9, 8.25, 15.75 ], "texture": "#texture" },
        "east":  { "uv": [ 7.75, 9, 8.25, 15.75 ], "texture": "#texture" }
    }
},
{
    "__comment": "leaf top",
    "from": [ 7.5, 7.25, 9.25 ],
    "to": [ 8.5, 7.5, 10.5 ],
    "rotation": { "origin": [ 7.5, 7.25, 9.25 ], "axis": "y", "angle": 22.5 },
    "faces": {
        "down":  { "uv": [ 0.5, 2, 1.75, 8.75 ], "texture": "#texture" },
        "up":    { "uv": [ 0.5, 2, 1.75, 8.75 ], "texture": "#texture" },
        "north": { "uv": [ 0.25, 2, 1.75, 9 ], "texture": "#texture" },
        "south": { "uv": [ 0.25, 2, 1.75, 9 ], "texture": "#texture" },
        "west":  { "uv": [ 0.25, 2.25, 1.5, 9.5 ], "texture": "#texture" },
        "east":  { "uv": [ 0.25, 2.25, 1.5, 9.5 ], "texture": "#texture" }
    }
},
{
    "__comment": "leaf top",
    "from": [ 8.25, 7.251, 9.75 ],
    "to": [ 9, 7.501, 10.5 ],
    "rotation": { "origin": [ 8.25, 7.251, 9.75 ], "axis": "y", "angle": -22.5 },
    "faces": {
        "down":  { "uv": [ 0.5, 2, 1.75, 8.75 ], "texture": "#texture" },
        "up":    { "uv": [ 0.5, 2, 1.75, 8.75 ], "texture": "#texture" },
        "north": { "uv": [ 0.25, 2, 1.75, 9 ], "texture": "#texture" },
        "south": { "uv": [ 0.25, 2, 1.75, 9 ], "texture": "#texture" },
        "west":  { "uv": [ 0.25, 2.25, 1.5, 9.5 ], "texture": "#texture" },
        "east":  { "uv": [ 0.25, 2.25, 1.5, 9.5 ], "texture": "#texture" }
    }
},
{
    "__comment": "leaf top",
    "from": [ 7.5, 7.25, 9 ],
    "to": [ 8.25, 7.5, 9.5 ],
    "rotation": { "origin": [ 7.5, 7.25, 9 ], "axis": "y", "angle": 22.5 },
    "faces": {
        "down":  { "uv": [ 0.5, 2, 1.75, 8.75 ], "texture": "#texture" },
        "up":    { "uv": [ 0.5, 2, 1.75, 8.75 ], "texture": "#texture" },
        "north": { "uv": [ 0.25, 2, 1.75, 9 ], "texture": "#texture" },
        "south": { "uv": [ 0.25, 2, 1.75, 9 ], "texture": "#texture" },
        "west":  { "uv": [ 0.25, 2.25, 1.5, 9.5 ], "texture": "#texture" },
        "east":  { "uv": [ 0.25, 2.25, 1.5, 9.5 ], "texture": "#texture" }
    }
},
{
    "__comment": "stem",
    "from": [ 6.75, 4, 6.5 ],
    "to": [ 8.5, 4.5, 7 ],
    "rotation": { "origin": [ 6.75, 4, 6.5 ], "axis": "y", "angle": -45 },
    "faces": {
        "down":  { "uv": [ 7.75, 8.5, 8.25, 15.75 ], "texture": "#texture" },
        "up":    { "uv": [ 7.75, 8.5, 8.25, 15.75 ], "texture": "#texture" },
        "north": { "uv": [ 7.75, 9, 8.25, 15.75 ], "texture": "#texture" },
        "south": { "uv": [ 7.75, 9, 8.25, 15.75 ], "texture": "#texture" },
        "west":  { "uv": [ 7.75, 9, 8.25, 15.75 ], "texture": "#texture" },
        "east":  { "uv": [ 7.75, 9, 8.25, 15.75 ], "texture": "#texture" }
    }
},
{
    "__comment": "stem",
    "from": [ 6.5, 4, 6 ],
    "to": [ 7, 5.5, 6.5 ],
    "rotation": { "origin": [ 6.5, 5.5, 6 ], "axis": "x", "angle": -22.5 },
    "faces": {
        "down":  { "uv": [ 7.75, 8.5, 8.25, 15.75 ], "texture": "#texture" },
        "up":    { "uv": [ 7.75, 8.5, 8.25, 15.75 ], "texture": "#texture" },
        "north": { "uv": [ 7.75, 9, 8.25, 15.75 ], "texture": "#texture" },
        "south": { "uv": [ 7.75, 9, 8.25, 15.75 ], "texture": "#texture" },
        "west":  { "uv": [ 7.75, 9, 8.25, 15.75 ], "texture": "#texture" },
        "east":  { "uv": [ 7.75, 9, 8.25, 15.75 ], "texture": "#texture" }
    }
},
{
    "__comment": "leaf top",
    "from": [ 6, 6, 5.25 ],
    "to": [ 7.25, 6.25, 6.5 ],
    "rotation": { "origin": [ 6, 6.25, 5.25 ], "axis": "x", "angle": 22.5 },
    "faces": {
        "down":  { "uv": [ 0.5, 2, 1.75, 8.75 ], "texture": "#texture" },
        "up":    { "uv": [ 0.5, 2, 1.75, 8.75 ], "texture": "#texture" },
        "north": { "uv": [ 0.25, 2, 1.75, 9 ], "texture": "#texture" },
        "south": { "uv": [ 0.25, 2, 1.75, 9 ], "texture": "#texture" },
        "west":  { "uv": [ 0.25, 2.25, 1.5, 9.5 ], "texture": "#texture" },
        "east":  { "uv": [ 0.25, 2.25, 1.5, 9.5 ], "texture": "#texture" }
    }
},
{
    "__comment": "leaf top",
    "from": [ 6.001, 6, 4.75 ],
    "to": [ 7.251, 6.25, 5.25 ],
    "faces": {
        "down":  { "uv": [ 0.5, 2, 1.75, 8.75 ], "texture": "#texture" },
        "up":    { "uv": [ 0.5, 2, 1.75, 8.75 ], "texture": "#texture" },
        "north": { "uv": [ 0.25, 2, 1.75, 9 ], "texture": "#texture" },
        "south": { "uv": [ 0.25, 2, 1.75, 9 ], "texture": "#texture" },
        "west":  { "uv": [ 0.25, 2.25, 1.5, 9.5 ], "texture": "#texture" },
        "east":  { "uv": [ 0.25, 2.25, 1.5, 9.5 ], "texture": "#texture" }
    }
},
{
    "__comment": "leaf top",
    "from": [ 6.25, 6, 4.5 ],
    "to": [ 7, 6.25, 4.75 ],
    "faces": {
        "down":  { "uv": [ 0.5, 2, 1.75, 8.75 ], "texture": "#texture" },
        "up":    { "uv": [ 0.5, 2, 1.75, 8.75 ], "texture": "#texture" },
        "north": { "uv": [ 0.25, 2, 1.75, 9 ], "texture": "#texture" },
        "south": { "uv": [ 0.25, 2, 1.75, 9 ], "texture": "#texture" },
        "west":  { "uv": [ 0.25, 2.25, 1.5, 9.5 ], "texture": "#texture" },
        "east":  { "uv": [ 0.25, 2.25, 1.5, 9.5 ], "texture": "#texture" }
    }
},
{
    "__comment": "leaf top",
    "from": [ 6.251, 5.5, 6.25 ],
    "to": [ 7.001, 5.75, 6.75 ],
    "rotation": { "origin": [ 6.251, 5.75, 6.25 ], "axis": "x", "angle": 22.5 },
    "faces": {
        "down":  { "uv": [ 0.5, 2, 1.75, 8.75 ], "texture": "#texture" },
        "up":    { "uv": [ 0.5, 2, 1.75, 8.75 ], "texture": "#texture" },
        "north": { "uv": [ 0.25, 2, 1.75, 9 ], "texture": "#texture" },
        "south": { "uv": [ 0.25, 2, 1.75, 9 ], "texture": "#texture" },
        "west":  { "uv": [ 0.25, 2.25, 1.5, 9.5 ], "texture": "#texture" },
        "east":  { "uv": [ 0.25, 2.25, 1.5, 9.5 ], "texture": "#texture" }
    }
},
{
    "__comment": "stem",
    "from": [ 7.749, 5.75, 6.75 ],
    "to": [ 8.249, 8.5, 7.25 ],
    "rotation": { "origin": [ 7.749, 8.5, 6.75 ], "axis": "x", "angle": -22.5 },
    "faces": {
        "down":  { "uv": [ 7.75, 8.5, 8.25, 15.75 ], "texture": "#texture" },
        "up":    { "uv": [ 7.75, 8.5, 8.25, 15.75 ], "texture": "#texture" },
        "north": { "uv": [ 7.75, 9, 8.25, 15.75 ], "texture": "#texture" },
        "south": { "uv": [ 7.75, 9, 8.25, 15.75 ], "texture": "#texture" },
        "west":  { "uv": [ 7.75, 9, 8.25, 15.75 ], "texture": "#texture" },
        "east":  { "uv": [ 7.75, 9, 8.25, 15.75 ], "texture": "#texture" }
    }
},
{
    "__comment": "leaf top",
    "from": [ 7.5, 8.75, 6.5 ],
    "to": [ 8.5, 9, 8 ],
    "rotation": { "origin": [ 7.5, 9, 6.5 ], "axis": "x", "angle": 22.5 },
    "faces": {
        "down":  { "uv": [ 0.5, 2, 1.75, 8.75 ], "texture": "#texture" },
        "up":    { "uv": [ 0.5, 2, 1.75, 8.75 ], "texture": "#texture" },
        "north": { "uv": [ 0.25, 2, 1.75, 9 ], "texture": "#texture" },
        "south": { "uv": [ 0.25, 2, 1.75, 9 ], "texture": "#texture" },
        "west":  { "uv": [ 0.25, 2.25, 1.5, 9.5 ], "texture": "#texture" },
        "east":  { "uv": [ 0.25, 2.25, 1.5, 9.5 ], "texture": "#texture" }
    }
},
{
    "__comment": "leaf top",
    "from": [ 7.751, 8.75, 6 ],
    "to": [ 8.501, 9, 6.5 ],
    "faces": {
        "down":  { "uv": [ 0.5, 2, 1.75, 8.75 ], "texture": "#texture" },
        "up":    { "uv": [ 0.5, 2, 1.75, 8.75 ], "texture": "#texture" },
        "north": { "uv": [ 0.25, 2, 1.75, 9 ], "texture": "#texture" },
        "south": { "uv": [ 0.25, 2, 1.75, 9 ], "texture": "#texture" },
        "west":  { "uv": [ 0.25, 2.25, 1.5, 9.5 ], "texture": "#texture" },
        "east":  { "uv": [ 0.25, 2.25, 1.5, 9.5 ], "texture": "#texture" }
    }
},
{
    "__comment": "leaf top",
    "from": [ 8, 8.75, 5.75 ],
    "to": [ 8.25, 9, 6 ],
    "faces": {
        "down":  { "uv": [ 0.5, 2, 1.75, 8.75 ], "texture": "#texture" },
        "up":    { "uv": [ 0.5, 2, 1.75, 8.75 ], "texture": "#texture" },
        "north": { "uv": [ 0.25, 2, 1.75, 9 ], "texture": "#texture" },
        "south": { "uv": [ 0.25, 2, 1.75, 9 ], "texture": "#texture" },
        "west":  { "uv": [ 0.25, 2.25, 1.5, 9.5 ], "texture": "#texture" },
        "east":  { "uv": [ 0.25, 2.25, 1.5, 9.5 ], "texture": "#texture" }
    }
},
{
    "__comment": "leaf top",
    "from": [ 7.75, 8.25, 7.75 ],
    "to": [ 8.25, 8.5, 8.25 ],
    "faces": {
        "down":  { "uv": [ 0.5, 2, 1.75, 8.75 ], "texture": "#texture" },
        "up":    { "uv": [ 0.5, 2, 1.75, 8.75 ], "texture": "#texture" },
        "north": { "uv": [ 0.25, 2, 1.75, 9 ], "texture": "#texture" },
        "south": { "uv": [ 0.25, 2, 1.75, 9 ], "texture": "#texture" },
        "west":  { "uv": [ 0.25, 2.25, 1.5, 9.5 ], "texture": "#texture" },
        "east":  { "uv": [ 0.25, 2.25, 1.5, 9.5 ], "texture": "#texture" }
    }
},
{
    "__comment": "bottom leaves",
    "from": [ 8.5, 0.5, 6.75 ],
    "to": [ 9.25, 0.75, 7.5 ],
    "faces": {
        "down":  { "uv": [ 14.5, 10.75, 15.5, 12 ], "texture": "#texture" },
        "up":    { "uv": [ 14.5, 10.75, 15.5, 12 ], "texture": "#texture" },
        "north": { "uv": [ 14.25, 11.5, 15.5, 12.75 ], "texture": "#texture" },
        "south": { "uv": [ 14.25, 11.5, 15.5, 12.75 ], "texture": "#texture" },
        "west":  { "uv": [ 14, 10.5, 15.5, 12 ], "texture": "#texture" },
        "east":  { "uv": [ 14, 10.5, 15.5, 12 ], "texture": "#texture" }
    }
},
{
    "__comment": "bottom leaves",
    "from": [ 7.25, -0.25, 8 ],
    "to": [ 8, 0, 8.75 ],
    "faces": {
        "down":  { "uv": [ 14.5, 10.75, 15.5, 12 ], "texture": "#texture" },
        "up":    { "uv": [ 14.5, 10.75, 15.5, 12 ], "texture": "#texture" },
        "north": { "uv": [ 14.25, 11.5, 15.5, 12.75 ], "texture": "#texture" },
        "south": { "uv": [ 14.25, 11.5, 15.5, 12.75 ], "texture": "#texture" },
        "west":  { "uv": [ 14, 10.5, 15.5, 12 ], "texture": "#texture" },
        "east":  { "uv": [ 14, 10.5, 15.5, 12 ], "texture": "#texture" }
    }
},
{
    "__comment": "bottom leaves",
    "from": [ 8, 0.25, 7.25 ],
    "to": [ 8.75, 0.5, 8 ],
    "faces": {
        "down":  { "uv": [ 14.5, 10.75, 15.5, 12 ], "texture": "#texture" },
        "up":    { "uv": [ 14.5, 10.75, 15.5, 12 ], "texture": "#texture" },
        "north": { "uv": [ 14.25, 11.5, 15.5, 12.75 ], "texture": "#texture" },
        "south": { "uv": [ 14.25, 11.5, 15.5, 12.75 ], "texture": "#texture" },
        "west":  { "uv": [ 14, 10.5, 15.5, 12 ], "texture": "#texture" },
        "east":  { "uv": [ 14, 10.5, 15.5, 12 ], "texture": "#texture" }
    }
},
{
    "__comment": "bottom leaves",
    "from": [ 6.75, 0, 8.5 ],
    "to": [ 7.5, 0.25, 9.25 ],
    "faces": {
        "down":  { "uv": [ 14.5, 10.75, 15.5, 12 ], "texture": "#texture" },
        "up":    { "uv": [ 14.5, 10.75, 15.5, 12 ], "texture": "#texture" },
        "north": { "uv": [ 14.25, 11.5, 15.5, 12.75 ], "texture": "#texture" },
        "south": { "uv": [ 14.25, 11.5, 15.5, 12.75 ], "texture": "#texture" },
        "west":  { "uv": [ 14, 10.5, 15.5, 12 ], "texture": "#texture" },
        "east":  { "uv": [ 14, 10.5, 15.5, 12 ], "texture": "#texture" }
    }
},
{
    "__comment": "base",
    "from": [ 7.5, -0.75, 7.75 ],
    "to": [ 7.75, -0.5, 8.25 ],
    "faces": {
        "down":  { "uv": [ 14.5, 10.75, 15.5, 12 ], "texture": "#texture" },
        "up":    { "uv": [ 14.5, 10.75, 15.5, 12 ], "texture": "#texture" },
        "north": { "uv": [ 14.25, 11.5, 15.5, 12.75 ], "texture": "#texture" },
        "south": { "uv": [ 14.25, 11.5, 15.5, 12.75 ], "texture": "#texture" },
        "west":  { "uv": [ 14, 10.5, 15.5, 12 ], "texture": "#texture" },
        "east":  { "uv": [ 14, 10.5, 15.5, 12 ], "texture": "#texture" }
    }
},
{
    "__comment": "base",
    "from": [ 8, -0.75, 7.75 ],
    "to": [ 8.5, -0.5, 8.25 ],
    "faces": {
        "down":  { "uv": [ 14.5, 10.75, 15.5, 12 ], "texture": "#texture" },
        "up":    { "uv": [ 14.5, 10.75, 15.5, 12 ], "texture": "#texture" },
        "north": { "uv": [ 14.25, 11.5, 15.5, 12.75 ], "texture": "#texture" },
        "south": { "uv": [ 14.25, 11.5, 15.5, 12.75 ], "texture": "#texture" },
        "west":  { "uv": [ 14, 10.5, 15.5, 12 ], "texture": "#texture" },
        "east":  { "uv": [ 14, 10.5, 15.5, 12 ], "texture": "#texture" }
    }
},
{
    "__comment": "base",
    "from": [ 7.75, -0.75, 8.25 ],
    "to": [ 8.25, -0.5, 8.5 ],
    "faces": {
        "down":  { "uv": [ 14.5, 10.75, 15.5, 12 ], "texture": "#texture" },
        "up":    { "uv": [ 14.5, 10.75, 15.5, 12 ], "texture": "#texture" },
        "north": { "uv": [ 14.25, 11.5, 15.5, 12.75 ], "texture": "#texture" },
        "south": { "uv": [ 14.25, 11.5, 15.5, 12.75 ], "texture": "#texture" },
        "west":  { "uv": [ 14, 10.5, 15.5, 12 ], "texture": "#texture" },
        "east":  { "uv": [ 14, 10.5, 15.5, 12 ], "texture": "#texture" }
    }
},
{
    "__comment": "base",
    "from": [ 7.75, -0.75, 7.5 ],
    "to": [ 8.25, -0.5, 7.75 ],
    "faces": {
        "down":  { "uv": [ 14.5, 10.75, 15.5, 12 ], "texture": "#texture" },
        "up":    { "uv": [ 14.5, 10.75, 15.5, 12 ], "texture": "#texture" },
        "north": { "uv": [ 14.25, 11.5, 15.5, 12.75 ], "texture": "#texture" },
        "south": { "uv": [ 14.25, 11.5, 15.5, 12.75 ], "texture": "#texture" },
        "west":  { "uv": [ 14, 10.5, 15.5, 12 ], "texture": "#texture" },
        "east":  { "uv": [ 14, 10.5, 15.5, 12 ], "texture": "#texture" }
    }
},
{
    "__comment": "dirt",
    "from": [ 7, -1, 7 ],
    "to": [ 9, -0.75, 9 ],
    "faces": {
        "down":  { "uv": [ 9, 9, 7, 7 ], "texture": "#farmland_wet" },
        "up":    { "uv": [ 7, 7, 9, 9 ], "texture": "#farmland_wet" },
        "north": { "uv": [ 7, 16, 9, 16 ], "texture": "#farmland_wet" },
        "south": { "uv": [ 7, 16, 9, 16 ], "texture": "#farmland_wet" },
        "west":  { "uv": [ 7, 16, 9, 16 ], "texture": "#farmland_wet" },
        "east":  { "uv": [ 7, 16, 9, 16 ], "texture": "#farmland_wet" }
    }
},
{
    "__comment": "potato*",
    "from": [ 2.75, -1, 2.75 ],
    "to": [ 3.75, 0, 4.75 ],
    "faces": {
        "down":  { "uv": [ 13.25, 4.75, 12.25, 2.75 ], "texture": "#grass_path_top" },
        "up":    { "uv": [ 2.75, 2.75, 3.75, 4.75 ], "texture": "#grass_path_top" },
        "north": { "uv": [ 12.25, 16, 13.25, 16 ], "texture": "#grass_path_top" },
        "south": { "uv": [ 2.75, 16, 3.75, 16 ], "texture": "#grass_path_top" },
        "west":  { "uv": [ 2.75, 16, 4.75, 16 ], "texture": "#grass_path_top" },
        "east":  { "uv": [ 11.25, 16, 13.25, 16 ], "texture": "#grass_path_top" }
    }
},
{
    "__comment": "potato*",
    "from": [ 2.5, -1, 3 ],
    "to": [ 2.75, -0.25, 4.5 ],
    "faces": {
        "down":  { "uv": [ 13.5, 4.5, 13.25, 3 ], "texture": "#grass_path_top" },
        "up":    { "uv": [ 2.5, 3, 2.75, 4.5 ], "texture": "#grass_path_top" },
        "north": { "uv": [ 13.25, 16, 13.5, 16 ], "texture": "#grass_path_top" },
        "south": { "uv": [ 2.5, 16, 2.75, 16 ], "texture": "#grass_path_top" },
        "west":  { "uv": [ 3, 16, 4.5, 16 ], "texture": "#grass_path_top" },
        "east":  { "uv": [ 11.5, 16, 13, 16 ], "texture": "#grass_path_top" }
    }
},
{
    "__comment": "potato*",
    "from": [ 3.75, -1, 3 ],
    "to": [ 4, -0.25, 4.5 ],
    "faces": {
        "down":  { "uv": [ 12.25, 4.5, 12, 3 ], "texture": "#grass_path_top" },
        "up":    { "uv": [ 3.75, 3, 4, 4.5 ], "texture": "#grass_path_top" },
        "north": { "uv": [ 12, 16, 12.25, 16 ], "texture": "#grass_path_top" },
        "south": { "uv": [ 3.75, 16, 4, 16 ], "texture": "#grass_path_top" },
        "west":  { "uv": [ 3, 16, 4.5, 16 ], "texture": "#grass_path_top" },
        "east":  { "uv": [ 11.5, 16, 13, 16 ], "texture": "#grass_path_top" }
    }
},
{
    "__comment": "potato*",
    "from": [ 3, -1, 2.5 ],
    "to": [ 3.5, -0.25, 2.75 ],
    "faces": {
        "down":  { "uv": [ 13, 2.75, 12.5, 2.5 ], "texture": "#grass_path_top" },
        "up":    { "uv": [ 3, 2.5, 3.5, 2.75 ], "texture": "#grass_path_top" },
        "north": { "uv": [ 12.5, 16, 13, 16 ], "texture": "#grass_path_top" },
        "south": { "uv": [ 3, 16, 3.5, 16 ], "texture": "#grass_path_top" },
        "west":  { "uv": [ 2.5, 16, 2.75, 16 ], "texture": "#grass_path_top" },
        "east":  { "uv": [ 13.25, 16, 13.5, 16 ], "texture": "#grass_path_top" }
    }
},
{
    "__comment": "potato*",
    "from": [ 3, -1, 4.75 ],
    "to": [ 3.5, -0.25, 5 ],
    "faces": {
        "down":  { "uv": [ 13, 5, 12.5, 4.75 ], "texture": "#grass_path_top" },
        "up":    { "uv": [ 3, 4.75, 3.5, 5 ], "texture": "#grass_path_top" },
        "north": { "uv": [ 12.5, 16, 13, 16 ], "texture": "#grass_path_top" },
        "south": { "uv": [ 3, 16, 3.5, 16 ], "texture": "#grass_path_top" },
        "west":  { "uv": [ 4.75, 16, 5, 16 ], "texture": "#grass_path_top" },
        "east":  { "uv": [ 11, 16, 11.25, 16 ], "texture": "#grass_path_top" }
    }
},
{
    "__comment": "potato*",
    "from": [ 12.75, -1, 6.75 ],
    "to": [ 13.75, 0, 8.75 ],
    "faces": {
        "down":  { "uv": [ 3.25, 8.75, 2.25, 6.75 ], "texture": "#grass_path_top" },
        "up":    { "uv": [ 12.75, 6.75, 13.75, 8.75 ], "texture": "#grass_path_top" },
        "north": { "uv": [ 2.25, 16, 3.25, 16 ], "texture": "#grass_path_top" },
        "south": { "uv": [ 12.75, 16, 13.75, 16 ], "texture": "#grass_path_top" },
        "west":  { "uv": [ 6.75, 16, 8.75, 16 ], "texture": "#grass_path_top" },
        "east":  { "uv": [ 7.25, 16, 9.25, 16 ], "texture": "#grass_path_top" }
    }
},
{
    "__comment": "potato*",
    "from": [ 12.5, -1, 7 ],
    "to": [ 12.75, -0.25, 8.5 ],
    "faces": {
        "down":  { "uv": [ 3.5, 8.5, 3.25, 7 ], "texture": "#grass_path_top" },
        "up":    { "uv": [ 12.5, 7, 12.75, 8.5 ], "texture": "#grass_path_top" },
        "north": { "uv": [ 3.25, 16, 3.5, 16 ], "texture": "#grass_path_top" },
        "south": { "uv": [ 12.5, 16, 12.75, 16 ], "texture": "#grass_path_top" },
        "west":  { "uv": [ 7, 16, 8.5, 16 ], "texture": "#grass_path_top" },
        "east":  { "uv": [ 7.5, 16, 9, 16 ], "texture": "#grass_path_top" }
    }
},
{
    "__comment": "potato*",
    "from": [ 13.75, -1, 7 ],
    "to": [ 14, -0.25, 8.5 ],
    "faces": {
        "down":  { "uv": [ 2.25, 8.5, 2, 7 ], "texture": "#grass_path_top" },
        "up":    { "uv": [ 13.75, 7, 14, 8.5 ], "texture": "#grass_path_top" },
        "north": { "uv": [ 2, 16, 2.25, 16 ], "texture": "#grass_path_top" },
        "south": { "uv": [ 13.75, 16, 14, 16 ], "texture": "#grass_path_top" },
        "west":  { "uv": [ 7, 16, 8.5, 16 ], "texture": "#grass_path_top" },
        "east":  { "uv": [ 7.5, 16, 9, 16 ], "texture": "#grass_path_top" }
    }
},
{
    "__comment": "potato*",
    "from": [ 13, -1, 6.5 ],
    "to": [ 13.5, -0.25, 6.75 ],
    "faces": {
        "down":  { "uv": [ 3, 6.75, 2.5, 6.5 ], "texture": "#grass_path_top" },
        "up":    { "uv": [ 13, 6.5, 13.5, 6.75 ], "texture": "#grass_path_top" },
        "north": { "uv": [ 2.5, 16, 3, 16 ], "texture": "#grass_path_top" },
        "south": { "uv": [ 13, 16, 13.5, 16 ], "texture": "#grass_path_top" },
        "west":  { "uv": [ 6.5, 16, 6.75, 16 ], "texture": "#grass_path_top" },
        "east":  { "uv": [ 9.25, 16, 9.5, 16 ], "texture": "#grass_path_top" }
    }
},
{
    "__comment": "potato*",
    "from": [ 13, -1, 8.75 ],
    "to": [ 13.5, -0.25, 9 ],
    "faces": {
        "down":  { "uv": [ 3, 9, 2.5, 8.75 ], "texture": "#grass_path_top" },
        "up":    { "uv": [ 13, 8.75, 13.5, 9 ], "texture": "#grass_path_top" },
        "north": { "uv": [ 2.5, 16, 3, 16 ], "texture": "#grass_path_top" },
        "south": { "uv": [ 13, 16, 13.5, 16 ], "texture": "#grass_path_top" },
        "west":  { "uv": [ 8.75, 16, 9, 16 ], "texture": "#grass_path_top" },
        "east":  { "uv": [ 7, 16, 7.25, 16 ], "texture": "#grass_path_top" }
    }
},
{
    "__comment": "potato*",
    "from": [ 4.5, -1, 11.75 ],
    "to": [ 6.5, 0, 13 ],
    "faces": {
        "down":  { "uv": [ 11.5, 13, 9.5, 11.75 ], "texture": "#grass_path_top" },
        "up":    { "uv": [ 4.5, 11.75, 6.5, 13 ], "texture": "#grass_path_top" },
        "north": { "uv": [ 9.5, 16, 11.5, 16 ], "texture": "#grass_path_top" },
        "south": { "uv": [ 4.5, 16, 6.5, 16 ], "texture": "#grass_path_top" },
        "west":  { "uv": [ 11.75, 16, 13, 16 ], "texture": "#grass_path_top" },
        "east":  { "uv": [ 3, 16, 4.25, 16 ], "texture": "#grass_path_top" }
    }
},
{
    "__comment": "potato*",
    "from": [ 4.75, -1, 11.5 ],
    "to": [ 6.25, -0.25, 11.75 ],
    "faces": {
        "down":  { "uv": [ 11.25, 11.75, 9.75, 11.5 ], "texture": "#grass_path_top" },
        "up":    { "uv": [ 4.75, 11.5, 6.25, 11.75 ], "texture": "#grass_path_top" },
        "north": { "uv": [ 9.75, 16, 11.25, 16 ], "texture": "#grass_path_top" },
        "south": { "uv": [ 4.75, 16, 6.25, 16 ], "texture": "#grass_path_top" },
        "west":  { "uv": [ 11.5, 16, 11.75, 16 ], "texture": "#grass_path_top" },
        "east":  { "uv": [ 4.25, 16, 4.5, 16 ], "texture": "#grass_path_top" }
    }
},
{
    "__comment": "potato*",
    "from": [ 4.75, -1, 13 ],
    "to": [ 6.25, -0.25, 13.25 ],
    "faces": {
        "down":  { "uv": [ 11.25, 13.25, 9.75, 13 ], "texture": "#grass_path_top" },
        "up":    { "uv": [ 4.75, 13, 6.25, 13.25 ], "texture": "#grass_path_top" },
        "north": { "uv": [ 9.75, 16, 11.25, 16 ], "texture": "#grass_path_top" },
        "south": { "uv": [ 4.75, 16, 6.25, 16 ], "texture": "#grass_path_top" },
        "west":  { "uv": [ 13, 16, 13.25, 16 ], "texture": "#grass_path_top" },
        "east":  { "uv": [ 2.75, 16, 3, 16 ], "texture": "#grass_path_top" }
    }
},
{
    "__comment": "potato*",
    "from": [ 4.25, -1, 12 ],
    "to": [ 4.5, -0.25, 12.75 ],
    "faces": {
        "down":  { "uv": [ 11.75, 12.75, 11.5, 12 ], "texture": "#grass_path_top" },
        "up":    { "uv": [ 4.25, 12, 4.5, 12.75 ], "texture": "#grass_path_top" },
        "north": { "uv": [ 11.5, 16, 11.75, 16 ], "texture": "#grass_path_top" },
        "south": { "uv": [ 4.25, 16, 4.5, 16 ], "texture": "#grass_path_top" },
        "west":  { "uv": [ 12, 16, 12.75, 16 ], "texture": "#grass_path_top" },
        "east":  { "uv": [ 3.25, 16, 4, 16 ], "texture": "#grass_path_top" }
    }
},
{
    "__comment": "potato*",
    "from": [ 6.5, -1, 12 ],
    "to": [ 6.75, -0.25, 12.75 ],
    "faces": {
        "down":  { "uv": [ 9.5, 12.75, 9.25, 12 ], "texture": "#grass_path_top" },
        "up":    { "uv": [ 6.5, 12, 6.75, 12.75 ], "texture": "#grass_path_top" },
        "north": { "uv": [ 9.25, 16, 9.5, 16 ], "texture": "#grass_path_top" },
        "south": { "uv": [ 6.5, 16, 6.75, 16 ], "texture": "#grass_path_top" },
        "west":  { "uv": [ 12, 16, 12.75, 16 ], "texture": "#grass_path_top" },
        "east":  { "uv": [ 3.25, 16, 4, 16 ], "texture": "#grass_path_top" }
    }
},
{
    "__comment": "dirt",
    "from": [ 12.25, -1, 6.25 ],
    "to": [ 14.25, -0.5, 9.25 ],
    "faces": {
        "down":  { "uv": [ 3.75, 9.25, 1.75, 6.25 ], "texture": "#farmland_wet" },
        "up":    { "uv": [ 12.25, 6.25, 14.25, 9.25 ], "texture": "#farmland_wet" },
        "north": { "uv": [ 1.75, 16, 3.75, 16 ], "texture": "#farmland_wet" },
        "south": { "uv": [ 12.25, 16, 14.25, 16 ], "texture": "#farmland_wet" },
        "west":  { "uv": [ 6.25, 16, 9.25, 16 ], "texture": "#farmland_wet" },
        "east":  { "uv": [ 6.75, 16, 9.75, 16 ], "texture": "#farmland_wet" }
    }
},
{
    "__comment": "dirt",
    "from": [ 2.25, -1, 2.25 ],
    "to": [ 4.25, -0.5, 5.25 ],
    "faces": {
        "down":  { "uv": [ 13.75, 5.25, 11.75, 2.25 ], "texture": "#farmland_wet" },
        "up":    { "uv": [ 2.25, 2.25, 4.25, 5.25 ], "texture": "#farmland_wet" },
        "north": { "uv": [ 11.75, 16, 13.75, 16 ], "texture": "#farmland_wet" },
        "south": { "uv": [ 2.25, 16, 4.25, 16 ], "texture": "#farmland_wet" },
        "west":  { "uv": [ 2.25, 16, 5.25, 16 ], "texture": "#farmland_wet" },
        "east":  { "uv": [ 10.75, 16, 13.75, 16 ], "texture": "#farmland_wet" }
    }
},
{
    "__comment": "dirt",
    "from": [ 4, -1, 11.25 ],
    "to": [ 7, -0.5, 13.5 ],
    "faces": {
        "down":  { "uv": [ 12, 13.5, 9, 11.25 ], "texture": "#farmland_wet" },
        "up":    { "uv": [ 4, 11.25, 7, 13.5 ], "texture": "#farmland_wet" },
        "north": { "uv": [ 9, 16, 12, 16 ], "texture": "#farmland_wet" },
        "south": { "uv": [ 4, 16, 7, 16 ], "texture": "#farmland_wet" },
        "west":  { "uv": [ 11.25, 16, 13.5, 16 ], "texture": "#farmland_wet" },
        "east":  { "uv": [ 2.5, 16, 4.75, 16 ], "texture": "#farmland_wet" }
    }
},
{
    "__comment": "dirt",
    "from": [ 3.75, -1, 11 ],
    "to": [ 7.25, -0.75, 13.75 ],
    "faces": {
        "down":  { "uv": [ 12.25, 13.75, 8.75, 11 ], "texture": "#farmland_wet" },
        "up":    { "uv": [ 3.75, 11, 7.25, 13.75 ], "texture": "#farmland_wet" },
        "north": { "uv": [ 8.75, 16, 12.25, 16 ], "texture": "#farmland_wet" },
        "south": { "uv": [ 3.75, 16, 7.25, 16 ], "texture": "#farmland_wet" },
        "west":  { "uv": [ 11, 16, 13.75, 16 ], "texture": "#farmland_wet" },
        "east":  { "uv": [ 2.25, 16, 5, 16 ], "texture": "#farmland_wet" }
    }
},
{
    "__comment": "dirt",
    "from": [ 2, -1, 2 ],
    "to": [ 4.5, -0.75, 5.5 ],
    "faces": {
        "down":  { "uv": [ 14, 5.5, 11.5, 2 ], "texture": "#farmland_wet" },
        "up":    { "uv": [ 2, 2, 4.5, 5.5 ], "texture": "#farmland_wet" },
        "north": { "uv": [ 11.5, 16, 14, 16 ], "texture": "#farmland_wet" },
        "south": { "uv": [ 2, 16, 4.5, 16 ], "texture": "#farmland_wet" },
        "west":  { "uv": [ 2, 16, 5.5, 16 ], "texture": "#farmland_wet" },
        "east":  { "uv": [ 10.5, 16, 14, 16 ], "texture": "#farmland_wet" }
    }
},
{
    "__comment": "dirt",
    "from": [ 12, -1, 6 ],
    "to": [ 14.5, -0.75, 9.5 ],
    "faces": {
        "down":  { "uv": [ 4, 9.5, 1.5, 6 ], "texture": "#farmland_wet" },
        "up":    { "uv": [ 12, 6, 14.5, 9.5 ], "texture": "#farmland_wet" },
        "north": { "uv": [ 1.5, 16, 4, 16 ], "texture": "#farmland_wet" },
        "south": { "uv": [ 12, 16, 14.5, 16 ], "texture": "#farmland_wet" },
        "west":  { "uv": [ 6, 16, 9.5, 16 ], "texture": "#farmland_wet" },
        "east":  { "uv": [ 6.5, 16, 10, 16 ], "texture": "#farmland_wet" }
    }
}
]
}