{
"__comment":"Made by Know2Good, part of the 'Default 3D™' resource pack || Official download page: http://www.planetminecraft.com/texture_pack/default-3d-2985741/ || © Know2Good. All rights reserved. ",
"__comment":"No UV-bleed, OK coordinate, OK texture, OK cullface",

"textures": {
    "block": 	"blocks/purpur_block",
	"particle": "blocks/purpur_block"
},
"elements": [ 
	{
		"__comment": "Block",
		"from": [0,0,0],
		"to": [16,8,16],
		"faces": {
			"down":{"uv":	[-0.01,-0.01,16.01,16.01],"texture":"#block","cullface":"down"},
			"up":{"uv":		[-0.01,-0.01,16.01,16.01],"texture":"#block","cullface":"Know2Good"},
			"north":{"uv":	[-0.01,7.99,16.01,16.01],"texture":"#block","cullface":"north"},
			"south":{"uv":	[-0.01,7.99,16.01,16.01],"texture":"#block","cullface":"south"},
			"west":{"uv":	[-0.01,7.99,16.01,16.01],"texture":"#block","cullface":"west"},
			"east":{"uv":	[-0.01,7.99,16.01,16.01],"texture":"#block","cullface":"east"}
		}
	},
	{
		"__comment": "Block",
		"from": [0,8,0],
		"to": [16,16,8],
		"faces": {
			"up":{"uv":		[-0.01,-0.01,16.01,8.01],"texture":"#block","cullface":"up"},
			"north":{"uv":	[-0.01,-0.01,16.01,8.01],"texture":"#block","cullface":"north"},
			"south":{"uv":	[-0.01,-0.01,16.01,8.01],"texture":"#block","cullface":"Know2Good"},
			"west":{"uv":	[-0.01,-0.01,8.01,8.01],"texture":"#block","cullface":"west"},
			"east":{"uv":	[7.99,-0.01,16.01,8.01],"texture":"#block","cullface":"east"}
		}
	},
	{
		"__comment": "Top tile upper left",
		"from": [0.001,16,0.001],
		"to": [7,16.75,7],
		"faces": {
			"up":{"uv":		[0.01,0.01,6.99,6.99],"texture":"#block","cullface":"up"},
			"north":{"uv":	[0.01,0.01,6.99,0.99],"texture":"#block","cullface":"up","rotation":180},
			"south":{"uv":	[0.01,6.01,6.99,6.99],"texture":"#block","cullface":"up"},
			"west":{"uv":	[0.01,0.01,0.99,6.99],"texture":"#block","cullface":"up","rotation":270},
			"east":{"uv":	[6.01,0.01,6.99,6.99],"texture":"#block","cullface":"up","rotation":90}
		}
	},
	{
		"__comment": "Top tile upper right",
		"from": [8.001,16,0.001],
		"to": [15,16.75,7],
		"faces": {
			"up":{"uv":		[8.01,0.01,14.99,6.99],"texture":"#block","cullface":"up"},
			"north":{"uv":	[8.01,0.01,14.99,0.99],"texture":"#block","cullface":"up","rotation":180},
			"south":{"uv":	[8.01,6.01,14.99,6.99],"texture":"#block","cullface":"up"},
			"west":{"uv":	[8.01,0.01,8.99,6.99],"texture":"#block","cullface":"up","rotation":270},
			"east":{"uv":	[14.01,0.01,14.99,6.99],"texture":"#block","cullface":"up","rotation":90}
		}
	},
	{
		"__comment": "Top tile lower left",
		"from": [0.001,8,8.001],
		"to": [7,8.75,15],
		"faces": {
			"up":{"uv":		[0.01,8.01,6.99,14.99],"texture":"#block","cullface":"Know2Good"},
			"north":{"uv":	[0.01,8.01,6.99,8.99],"texture":"#block","cullface":"Know2Good","rotation":180},
			"south":{"uv":	[0.01,14.01,6.99,14.99],"texture":"#block","cullface":"Know2Good"},
			"west":{"uv":	[0.01,8.01,0.99,14.99],"texture":"#block","cullface":"Know2Good","rotation":270},
			"east":{"uv":	[6.01,8.01,6.99,14.99],"texture":"#block","cullface":"Know2Good","rotation":90}
		}
	},
	{
		"__comment": "Top tile lower right",
		"from": [8.001,8,8.001],
		"to": [15,8.75,15],
		"faces": {
			"up":{"uv":		[8.01,8.01,14.99,14.99],"texture":"#block","cullface":"Know2Good"},
			"north":{"uv":	[8.01,8.01,14.99,8.99],"texture":"#block","cullface":"Know2Good","rotation":180},
			"south":{"uv":	[8.01,14.01,14.99,14.99],"texture":"#block","cullface":"Know2Good"},
			"west":{"uv":	[8.01,8.01,8.99,14.99],"texture":"#block","cullface":"Know2Good","rotation":270},
			"east":{"uv":	[14.01,8.01,14.99,14.99],"texture":"#block","cullface":"Know2Good","rotation":90}
		}
	},
	{
		"__comment": "North tile upper left",
		"from": [9,9,-0.75],
		"to": [15.999,15.999,0],
		"faces": {
			"down":{"uv":	[0.01,6.01,6.99,6.99],"texture":"#block","cullface":"north","rotation":180},
			"up":{"uv":		[0.01,0.01,6.99,0.99],"texture":"#block","cullface":"north","rotation":180},
			"north":{"uv":	[0.01,0.01,6.99,6.99],"texture":"#block","cullface":"north"},
			"west":{"uv":	[6.01,0.01,6.99,6.99],"texture":"#block","cullface":"north"},
			"east":{"uv":	[0.01,0.01,0.99,6.99],"texture":"#block","cullface":"north"}
		}
	},
	{
		"__comment": "North tile upper right",
		"from": [1,9,-0.75],
		"to": [7.999,15.999,0],
		"faces": {
			"down":{"uv":	[8.01,6.01,14.99,6.99],"texture":"#block","cullface":"north","rotation":180},
			"up":{"uv":		[8.01,0.01,14.99,0.99],"texture":"#block","cullface":"north","rotation":180},
			"north":{"uv":	[8.01,0.01,14.99,6.99],"texture":"#block","cullface":"north"},
			"west":{"uv":	[14.01,0.01,14.99,6.99],"texture":"#block","cullface":"north"},
			"east":{"uv":	[8.01,0.01,8.99,6.99],"texture":"#block","cullface":"north"}
		}
	},
	{
		"__comment": "North tile lower left",
		"from": [9,1,-0.75],
		"to": [15.999,7.999,0],
		"faces": {
			"down":{"uv":	[0.01,14.01,6.99,14.99],"texture":"#block","cullface":"north","rotation":180},
			"up":{"uv":		[0.01,8.01,6.99,8.99],"texture":"#block","cullface":"north","rotation":180},
			"north":{"uv":	[0.01,8.01,6.99,14.99],"texture":"#block","cullface":"north"},
			"west":{"uv":	[6.01,8.01,6.99,14.99],"texture":"#block","cullface":"north"},
			"east":{"uv":	[0.01,8.01,0.99,14.99],"texture":"#block","cullface":"north"}
		}
	},
	{
		"__comment": "North tile lower right",
		"from": [1,1,-0.75],
		"to": [7.999,7.999,0],
		"faces": {
			"down":{"uv":	[8.01,14.01,14.99,14.99],"texture":"#block","cullface":"north","rotation":180},
			"up":{"uv":		[8.01,8.01,14.99,8.99],"texture":"#block","cullface":"north","rotation":180},
			"north":{"uv":	[8.01,8.01,14.99,14.99],"texture":"#block","cullface":"north"},
			"west":{"uv":	[14.01,8.01,14.99,14.99],"texture":"#block","cullface":"north"},
			"east":{"uv":	[8.01,8.01,8.99,14.99],"texture":"#block","cullface":"north"}
		}
	},
	{
		"__comment": "East tile upper right",
		"from": [16,9,1],
		"to": [16.75,15.999,7.999],
		"faces": {
			"down":{"uv":	[8.01,6.01,14.99,6.99],"texture":"#block","cullface":"east","rotation":90},
			"up":{"uv":		[8.01,0.01,14.99,0.99],"texture":"#block","cullface":"east","rotation":270},
			"north":{"uv":	[14.01,0.01,14.99,6.99],"texture":"#block","cullface":"east"},
			"south":{"uv":	[8.01,0.01,8.99,6.99],"texture":"#block","cullface":"east"},
			"east":{"uv":	[8.01,0.01,14.99,6.99],"texture":"#block","cullface":"east"}
		}
	},
	{
		"__comment": "East tile lower left",
		"from": [16,1,9],
		"to": [16.75,7.999,15.999],
		"faces": {
			"down":{"uv":	[0.01,14.01,6.99,14.99],"texture":"#block","cullface":"east","rotation":90},
			"up":{"uv":		[0.01,8.01,6.99,8.99],"texture":"#block","cullface":"east","rotation":270},
			"north":{"uv":	[6.01,8.01,6.99,14.99],"texture":"#block","cullface":"east"},
			"south":{"uv":	[0.01,8.01,0.99,14.99],"texture":"#block","cullface":"east"},
			"east":{"uv":	[0.01,8.01,6.99,14.99],"texture":"#block","cullface":"east"}
		}
	},
	{
		"__comment": "East tile lower right",
		"from": [16,1,1],
		"to": [16.75,7.999,7.999],
		"faces": {
			"down":{"uv":	[8.01,14.01,14.99,14.99],"texture":"#block","cullface":"east","rotation":90},
			"up":{"uv":		[8.01,8.01,14.99,8.99],"texture":"#block","cullface":"east","rotation":270},
			"north":{"uv":	[14.01,8.01,14.99,14.99],"texture":"#block","cullface":"east"},
			"south":{"uv":	[8.01,8.01,8.99,14.99],"texture":"#block","cullface":"east"},
			"east":{"uv":	[8.01,8.01,14.99,14.99],"texture":"#block","cullface":"east"}
		}
	},
	{
		"__comment": "South tile upper left",
		"from": [0.001,9,8],
		"to": [7,15.999,8.75],
		"faces": {
			"down":{"uv":	[0.01,6.01,6.99,6.99],"texture":"#block","cullface":"Know2Good"},
			"up":{"uv":		[0.01,0.01,6.99,0.99],"texture":"#block","cullface":"Know2Good"},
			"south":{"uv":	[0.01,0.01,6.99,6.99],"texture":"#block","cullface":"Know2Good"},
			"west":{"uv":	[0.01,0.01,0.99,6.99],"texture":"#block","cullface":"Know2Good"},
			"east":{"uv":	[6.01,0.01,6.99,6.99],"texture":"#block","cullface":"Know2Good"}
		}
	},
	{
		"__comment": "South tile upper right",
		"from": [8.001,9,8],
		"to": [15,15.999,8.75],
		"faces": {
			"down":{"uv":	[8.01,6.01,14.99,6.99],"texture":"#block","cullface":"Know2Good"},
			"up":{"uv":		[8.01,0.01,14.99,0.99],"texture":"#block","cullface":"Know2Good"},
			"south":{"uv":	[8.01,0.01,14.99,6.99],"texture":"#block","cullface":"Know2Good"},
			"west":{"uv":	[8.01,0.01,8.99,6.99],"texture":"#block","cullface":"Know2Good"},
			"east":{"uv":	[14.01,0.01,14.99,6.99],"texture":"#block","cullface":"Know2Good"}
		}
	},
	{
		"__comment": "South tile lower left",
		"from": [0.001,1,16],
		"to": [7,7.999,16.75],
		"faces": {
			"down":{"uv":	[0.01,14.01,6.99,14.99],"texture":"#block","cullface":"south"},
			"up":{"uv":		[0.01,8.01,6.99,8.99],"texture":"#block","cullface":"south"},
			"south":{"uv":	[0.01,8.01,6.99,14.99],"texture":"#block","cullface":"south"},
			"west":{"uv":	[0.01,8.01,0.99,14.99],"texture":"#block","cullface":"south"},
			"east":{"uv":	[6.01,8.01,6.99,14.99],"texture":"#block","cullface":"south"}
		}
	},
	{
		"__comment": "South tile lower right",
		"from": [8.001,1,16],
		"to": [15,7.999,16.75],
		"faces": {
			"down":{"uv":	[8.01,14.01,14.99,14.99],"texture":"#block","cullface":"south"},
			"up":{"uv":		[8.01,8.01,14.99,8.99],"texture":"#block","cullface":"south"},
			"south":{"uv":	[8.01,8.01,14.99,14.99],"texture":"#block","cullface":"south"},
			"west":{"uv":	[8.01,8.01,8.99,14.99],"texture":"#block","cullface":"south"},
			"east":{"uv":	[14.01,8.01,14.99,14.99],"texture":"#block","cullface":"south"}
		}
	},
	{
		"__comment": "West tile upper left",
		"from": [-0.75,9,0.001],
		"to": [0,15.999,7],
		"faces": {
			"down":{"uv":	[0.01,6.01,6.99,6.99],"texture":"#block","cullface":"west","rotation":270},
			"up":{"uv":		[0.01,0.01,6.99,0.99],"texture":"#block","cullface":"west","rotation":90},
			"north":{"uv":	[0.01,0.01,0.99,6.99],"texture":"#block","cullface":"west"},
			"south":{"uv":	[6.01,0.01,6.99,6.99],"texture":"#block","cullface":"west"},
			"west":{"uv":	[0.01,0.01,6.99,6.99],"texture":"#block","cullface":"west"}
		}
	},
	{
		"__comment": "West tile lower left",
		"from": [-0.75,1,0.001],
		"to": [0,7.999,7],
		"faces": {
			"down":{"uv":	[0.01,14.01,6.99,14.99],"texture":"#block","cullface":"west","rotation":270},
			"up":{"uv":		[0.01,8.01,6.99,8.99],"texture":"#block","cullface":"west","rotation":90},
			"north":{"uv":	[0.01,8.01,0.99,14.99],"texture":"#block","cullface":"west"},
			"south":{"uv":	[6.01,8.01,6.99,14.99],"texture":"#block","cullface":"west"},
			"west":{"uv":	[0.01,8.01,6.99,14.99],"texture":"#block","cullface":"west"}
		}
	},
	{
		"__comment": "West tile lower right",
		"from": [-0.75,1,8.001],
		"to": [0,7.999,15],
		"faces": {
			"down":{"uv":	[8.01,14.01,14.99,14.99],"texture":"#block","cullface":"west","rotation":270},
			"up":{"uv":		[8.01,8.01,14.99,8.99],"texture":"#block","cullface":"west","rotation":90},
			"north":{"uv":	[8.01,8.01,8.99,14.99],"texture":"#block","cullface":"west"},
			"south":{"uv":	[14.01,8.01,14.99,14.99],"texture":"#block","cullface":"west"},
			"west":{"uv":	[8.01,8.01,14.99,14.99],"texture":"#block","cullface":"west"}
		}
	},
	{
		"__comment": "Bottom tile upper left",
		"from": [0.001,-0.75,9],
		"to": [7,0,15.999],
		"faces": {
			"down":{"uv":	[0.01,0.01,6.99,6.99],"texture":"#block","cullface":"down"},
			"north":{"uv":	[0.01,6.01,6.99,6.99],"texture":"#block","cullface":"down","rotation":180},
			"south":{"uv":	[0.01,0.01,6.99,0.99],"texture":"#block","cullface":"down"},
			"west":{"uv":	[0.01,0.01,0.99,6.99],"texture":"#block","cullface":"down","rotation":90},
			"east":{"uv":	[6.01,0.01,6.99,6.99],"texture":"#block","cullface":"down","rotation":270}
		}
	},
	{
		"__comment": "Bottom tile upper right",
		"from": [8.001,-0.75,9],
		"to": [15,0,15.999],
		"faces": {
			"down":{"uv":	[8.01,0.01,14.99,6.99],"texture":"#block","cullface":"down"},
			"north":{"uv":	[8.01,6.01,14.99,6.99],"texture":"#block","cullface":"down","rotation":180},
			"south":{"uv":	[8.01,0.01,14.99,0.99],"texture":"#block","cullface":"down"},
			"west":{"uv":	[8.01,0.01,8.99,6.99],"texture":"#block","cullface":"down","rotation":90},
			"east":{"uv":	[14.01,0.01,14.99,6.99],"texture":"#block","cullface":"down","rotation":270}
		}
	},
	{
		"__comment": "Bottom tile lower left",
		"from": [0.001,-0.75,1],
		"to": [7,0,7.999],
		"faces": {
			"down":{"uv":	[0.01,8.01,6.99,14.99],"texture":"#block","cullface":"down"},
			"north":{"uv":	[0.01,14.01,6.99,14.99],"texture":"#block","cullface":"down","rotation":180},
			"south":{"uv":	[0.01,8.01,6.99,8.99],"texture":"#block","cullface":"down"},
			"west":{"uv":	[0.01,8.01,0.99,14.99],"texture":"#block","cullface":"down","rotation":90},
			"east":{"uv":	[6.01,8.01,6.99,14.99],"texture":"#block","cullface":"down","rotation":270}
		}
	},
	{
		"__comment": "Bottom tile lower right",
		"from": [8.001,-0.75,1],
		"to": [15,0,7.999],
		"faces": {
			"down":{"uv":	[8.01,8.01,14.99,14.99],"texture":"#block","cullface":"down"},
			"north":{"uv":	[8.01,14.01,14.99,14.99],"texture":"#block","cullface":"down","rotation":180},
			"south":{"uv":	[8.01,8.01,14.99,8.99],"texture":"#block","cullface":"down"},
			"west":{"uv":	[8.01,8.01,8.99,14.99],"texture":"#block","cullface":"down","rotation":90},
			"east":{"uv":	[14.01,8.01,14.99,14.99],"texture":"#block","cullface":"down","rotation":270}
            }
        }
    ]
}