{
"__comment":"Made by Know2Good, part of the 'Default 3D™' resource pack || Official download page: http://www.planetminecraft.com/texture_pack/default-3d-2985741/ || © Know2Good. All rights reserved. ",
"__comment":"No UV-bleed, OK coordinate, OK texture, OK cullface",
"textures": {
	"block": 	"blocks/mushroom_red",
	"particle":	"blocks/mushroom_red"
},
"elements":[
	{
		"__comment": "Stalk",
        "from": [4,0,4],
        "to": [6,6,6],
		"rotation": {"origin": [ 8, 1, 8 ], "axis": "y", "angle": 0 },
		"faces": {
			"north":{"uv":	[8.01,15.01,8.99,15.99],"texture":"#block","cull":"Know2Good"},
			"south":{"uv":	[7.01,15.01,7.99,15.99],"texture":"#block","cull":"Know2Good"},
			"west":{"uv":	[7.01,15.01,7.99,15.99],"texture":"#block","cull":"Know2Good"},
			"east":{"uv":	[8.01,15.01,8.99,15.99],"texture":"#block","cull":"Know2Good"}
		}
	},
	{
		"__comment": "Cap north",
        "from": [2,1,1],
        "to": [8,5,2],
		"rotation": {"origin": [ 8, 1, 8 ], "axis": "y", "angle": 0 },
		"faces": {
			"up":{"uv":		[5.01,11.01,10.99,11.99],"texture":"#block","cull":"Know2Good","rotation":180},
			"down":{"uv":	[5.01,14.01,10.99,14.99],"texture":"#block","cull":"Know2Good","rotation":180},
			"north":{"uv":	[5.01,11.01,10.99,14.99],"texture":"#block","cull":"Know2Good"},
			"south":{"uv":	[10.99,11.01,5.01,14.99],"texture":"#block","cull":"Know2Good"},
			"west":{"uv":	[10.01,11.01,10.99,14.99],"texture":"#block","cull":"Know2Good"},
			"east":{"uv":	[5.01,11.01,5.99,14.99],"texture":"#block","cull":"Know2Good"}
		}
	},
	{
		"__comment": "Cap east",
        "from": [8,1,2],
        "to": [9,5,8],
		"rotation": {"origin": [ 8, 1, 8 ], "axis": "y", "angle": 0 },
		"faces": {
			"up":{"uv":		[5.01,11.01,10.99,11.99],"texture":"#block","cull":"Know2Good","rotation":270},
			"down":{"uv":	[5.01,14.01,10.99,14.99],"texture":"#block","cull":"Know2Good","rotation":90},
			"north":{"uv":	[10.01,11.01,10.99,14.99],"texture":"#block","cull":"Know2Good"},
			"south":{"uv":	[5.01,11.01,5.99,14.99],"texture":"#block","cull":"Know2Good"},
			"west":{"uv":	[10.99,11.01,5.01,14.99],"texture":"#block","cull":"Know2Good"},
			"east":{"uv":	[5.01,11.01,10.99,14.99],"texture":"#block","cull":"Know2Good"}
		}
	},
	{
		"__comment": "Cap south",
        "from": [2,1,8],
        "to": [8,5,9],
		"rotation": {"origin": [ 8, 1, 8 ], "axis": "y", "angle": 0 },
		"faces": {
			"up":{"uv":		[5.01,11.01,10.99,11.99],"texture":"#block","cull":"Know2Good"},
			"down":{"uv":	[5.01,14.01,10.99,14.99],"texture":"#block","cull":"Know2Good"},
			"north":{"uv":	[10.99,11.01,5.01,14.99],"texture":"#block","cull":"Know2Good"},
			"south":{"uv":	[5.01,11.01,10.99,14.99],"texture":"#block","cull":"Know2Good"},
			"west":{"uv":	[5.01,11.01,5.99,14.99],"texture":"#block","cull":"Know2Good"},
			"east":{"uv":	[10.01,11.01,10.99,14.99],"texture":"#block","cull":"Know2Good"}
		}
	},
	{
		"__comment": "Cap west",
        "from": [1,1,2],
        "to": [2,5,8],
		"rotation": {"origin": [ 8, 1, 8 ], "axis": "y", "angle": 0 },
		"faces": {
			"up":{"uv":		[5.01,11.01,10.99,11.99],"texture":"#block","cull":"Know2Good","rotation":90},
			"down":{"uv":	[5.01,14.01,10.99,14.99],"texture":"#block","cull":"Know2Good","rotation":270},
			"north":{"uv":	[5.01,11.01,5.99,14.99],"texture":"#block","cull":"Know2Good"},
			"south":{"uv":	[10.01,11.01,10.99,14.99],"texture":"#block","cull":"Know2Good"},
			"west":{"uv":	[5.01,11.01,10.99,14.99],"texture":"#block","cull":"Know2Good"},
			"east":{"uv":	[10.99,11.01,5.01,14.99],"texture":"#block","cull":"Know2Good"}
		}
	},
	{
		"__comment": "Cap north upper",
        "from": [3,5,2],
        "to": [8,6,3],
		"rotation": {"origin": [ 8, 1, 8 ], "axis": "y", "angle": 0 },
		"faces": {
			"up":{"uv":		[5.01,11.01,9.99,11.99],"texture":"#block","cull":"Know2Good"},
			"north":{"uv":	[5.01,11.01,9.99,11.99],"texture":"#block","cull":"Know2Good","rotation":180},
			"west":{"uv":	[9.01,13.01,9.99,13.99],"texture":"#block","cull":"Know2Good"},
			"east":{"uv":	[5.01,13.01,5.99,13.99],"texture":"#block","cull":"Know2Good"}
		}
	},
	{
		"__comment": "Cap east upper",
        "from": [7,5,3],
        "to": [8,6,8],
		"rotation": {"origin": [ 8, 1, 8 ], "axis": "y", "angle": 0 },
		"faces": {
			"up":{"uv":		[4.01,12.01,8.99,12.99],"texture":"#block","cull":"Know2Good","rotation":90},
			"north":{"uv":	[4.01,12.01,4.99,12.99],"texture":"#block","cull":"Know2Good"},
			"south":{"uv":	[8.01,12.01,8.99,12.99],"texture":"#block","cull":"Know2Good"},
			"east":{"uv":	[4.01,12.01,8.99,12.99],"texture":"#block","cull":"Know2Good","rotation":180}
		}
	},
	{
		"__comment": "Cap south upper",
        "from": [2,5,7],
        "to": [7,6,8],
		"rotation": {"origin": [ 8, 1, 8 ], "axis": "y", "angle": 0 },
		"faces": {
			"up":{"uv":		[4.01,12.01,8.99,12.99],"texture":"#block","cull":"Know2Good"},
			"south":{"uv":	[4.01,12.01,8.99,12.99],"texture":"#block","cull":"Know2Good"},
			"west":{"uv":	[4.01,12.01,4.99,12.99],"texture":"#block","cull":"Know2Good"},
			"east":{"uv":	[8.01,12.01,8.99,12.99],"texture":"#block","cull":"Know2Good"}
		}
	},
	{
		"__comment": "Cap west upper",
        "from": [2,5,2],
        "to": [3,6,7],
		"rotation": {"origin": [ 8, 1, 8 ], "axis": "y", "angle": 0 },
		"faces": {
			"up":{"uv":		[4.01,12.01,8.99,12.99],"texture":"#block","cull":"Know2Good","rotation":90},
			"north":{"uv":	[4.01,12.01,4.99,12.99],"texture":"#block","cull":"Know2Good"},
			"south":{"uv":	[8.01,12.01,8.99,12.99],"texture":"#block","cull":"Know2Good"},
			"west":{"uv":	[4.01,12.01,8.99,12.99],"texture":"#block","cull":"Know2Good"}
		}
	},
	{
		"__comment": "Cap top",
        "from": [3,6,3],
        "to": [7,7,7],
		"rotation": {"origin": [ 8, 1, 8 ], "axis": "y", "angle": 0 },
		"faces": {
			"up":{"uv":		[6.01,10.01,9.99,13.99],"texture":"#block","cull":"Know2Good"},
			"north":{"uv":	[6.01,10.01,9.99,10.99],"texture":"#block","cull":"Know2Good","rotation":180},
			"south":{"uv":	[6.01,13.01,9.99,13.99],"texture":"#block","cull":"Know2Good"},
			"west":{"uv":	[6.01,10.01,6.99,13.99],"texture":"#block","cull":"Know2Good","rotation":270},
			"east":{"uv":	[9.01,10.01,9.99,13.99],"texture":"#block","cull":"Know2Good","rotation":90}
		}
	}
],
"display": {
	"thirdperson": {
		"rotation": [ 0, 45, 1 ],
		"translation": [ 0, 0.5, 0 ],
		"scale": [ 1.1, 1.1, 1.1 ]
	},
	"firstperson": {
		"rotation": [ 0, 0, 0 ],
		"translation": [ 0, 0, 0 ],
		"scale": [ 1, 1, 1 ]
	},
	"gui": {
		"rotation": [ 0, 0, 0 ],
		"translation": [ 0, 0, 0 ],
		"scale": [ 1, 1, 1 ]
	}
}
}