{
"__comment": "Designed by CoolScreenName http://www.planetminecraft.com/member/coolscreenname/",
"textures": {
    "particle": "blocks/sapling_spruce",
    "texture": "blocks/leaves_spruce",
    "log_oak": "blocks/log_spruce"
},
"elements": [ 
{
    "__comment": "leaves",
    "from": [ 3, 4, 3 ],
    "to": [ 13, 6.5, 13 ],
    "faces": {
        "down":  { "uv": [ 15, 12, 16, 15 ], "texture": "#texture" },
        "up":    { "uv": [ 15, 12, 16, 15 ], "texture": "#texture" },
        "north": { "uv": [ 15, 12.5, 16, 15 ], "texture": "#texture" },
        "south": { "uv": [ 15, 12.5, 16, 15 ], "texture": "#texture" },
        "west":  { "uv": [ 15, 11.5, 16, 14.5 ], "texture": "#texture" },
        "east":  { "uv": [ 15, 11.5, 16, 14.5 ], "texture": "#texture" }
    }
},
{
    "__comment": "leaves",
    "from": [ 4, 7.5, 4.5 ],
    "to": [ 12, 9.5, 11.5 ],
    "faces": {
        "down":  { "uv": [ 15, 12, 16, 15 ], "texture": "#texture" },
        "up":    { "uv": [ 15, 12, 16, 15 ], "texture": "#texture" },
        "north": { "uv": [ 15, 12.5, 16, 15 ], "texture": "#texture" },
        "south": { "uv": [ 15, 12.5, 16, 15 ], "texture": "#texture" },
        "west":  { "uv": [ 15, 11.5, 16, 14.5 ], "texture": "#texture" },
        "east":  { "uv": [ 15, 11.5, 16, 14.5 ], "texture": "#texture" }
    }
},
{
    "__comment": "leaves",
    "from": [ 6, 12, 4.5 ],
    "to": [ 10, 14, 11.5 ],
    "faces": {
        "down":  { "uv": [ 15, 12, 16, 15 ], "texture": "#texture" },
        "up":    { "uv": [ 15, 12, 16, 15 ], "texture": "#texture" },
        "north": { "uv": [ 15, 12.5, 16, 15 ], "texture": "#texture" },
        "south": { "uv": [ 15, 12.5, 16, 15 ], "texture": "#texture" },
        "west":  { "uv": [ 15, 11.5, 16, 14.5 ], "texture": "#texture" },
        "east":  { "uv": [ 15, 11.5, 16, 14.5 ], "texture": "#texture" }
    }
},
{
    "__comment": "leaves",
    "from": [ 6, 4, 1 ],
    "to": [ 10, 6.5, 3 ],
    "faces": {
        "down":  { "uv": [ 15, 12, 16, 15 ], "texture": "#texture" },
        "up":    { "uv": [ 15, 12, 16, 15 ], "texture": "#texture" },
        "north": { "uv": [ 15, 12.5, 16, 15 ], "texture": "#texture" },
        "west":  { "uv": [ 15, 11.5, 16, 14.5 ], "texture": "#texture" },
        "east":  { "uv": [ 15, 11.5, 16, 14.5 ], "texture": "#texture" }
    }
},
{
    "__comment": "log",
    "from": [ 6, 0, 6 ],
    "to": [ 10, 13, 10 ],
    "faces": {
        "down":  { "uv": [ 0, 0, 16, 16 ], "texture": "#log_oak" },
        "up":    { "uv": [ 0, 0, 16, 16 ], "texture": "#log_oak" },
        "north": { "uv": [ 0, 0, 16, 16 ], "texture": "#log_oak" },
        "south": { "uv": [ 0, 0, 16, 16 ], "texture": "#log_oak" },
        "west":  { "uv": [ 0, 0, 16, 16 ], "texture": "#log_oak" },
        "east":  { "uv": [ 0, 0, 16, 16 ], "texture": "#log_oak" }
    }
},
{
    "__comment": "leaves",
    "from": [ 6, 4, 13 ],
    "to": [ 10, 6.5, 15 ],
    "faces": {
        "down":  { "uv": [ 15, 12, 16, 15 ], "texture": "#texture" },
        "up":    { "uv": [ 15, 12, 16, 15 ], "texture": "#texture" },
        "south": { "uv": [ 15, 12.5, 16, 15 ], "texture": "#texture" },
        "west":  { "uv": [ 15, 11.5, 16, 14.5 ], "texture": "#texture" },
        "east":  { "uv": [ 15, 11.5, 16, 14.5 ], "texture": "#texture" }
    }
},
{
    "__comment": "leaves",
    "from": [ 1, 4, 6 ],
    "to": [ 3, 6.5, 10 ],
    "faces": {
        "down":  { "uv": [ 15, 12, 16, 15 ], "texture": "#texture" },
        "up":    { "uv": [ 15, 12, 16, 15 ], "texture": "#texture" },
        "north": { "uv": [ 15, 12.5, 16, 15 ], "texture": "#texture" },
        "south": { "uv": [ 15, 12.5, 16, 15 ], "texture": "#texture" },
        "west":  { "uv": [ 15, 11.5, 16, 14.5 ], "texture": "#texture" }
    }
},
{
    "__comment": "leaves",
    "from": [ 13, 4, 6 ],
    "to": [ 15, 6.5, 10 ],
    "faces": {
        "down":  { "uv": [ 15, 12, 16, 15 ], "texture": "#texture" },
        "up":    { "uv": [ 15, 12, 16, 15 ], "texture": "#texture" },
        "north": { "uv": [ 15, 12.5, 16, 15 ], "texture": "#texture" },
        "south": { "uv": [ 15, 12.5, 16, 15 ], "texture": "#texture" },
        "east":  { "uv": [ 15, 11.5, 16, 14.5 ], "texture": "#texture" }
    }
},
{
    "__comment": "leaves",
    "from": [ 4.5, 12, 6 ],
    "to": [ 11.5, 14, 10 ],
    "faces": {
        "down":  { "uv": [ 15, 12, 16, 15 ], "texture": "#texture" },
        "up":    { "uv": [ 15, 12, 16, 15 ], "texture": "#texture" },
        "north": { "uv": [ 15, 12.5, 16, 15 ], "texture": "#texture" },
        "south": { "uv": [ 15, 12.5, 16, 15 ], "texture": "#texture" },
        "west":  { "uv": [ 15, 11.5, 16, 14.5 ], "texture": "#texture" },
        "east":  { "uv": [ 15, 11.5, 16, 14.5 ], "texture": "#texture" }
    }
},
{
    "__comment": "leaves",
    "from": [ 6.5, 14, 6.5 ],
    "to": [ 9.5, 15.5, 9.5 ],
    "faces": {
        "up":    { "uv": [ 15, 12, 16, 15 ], "texture": "#texture" },
        "north": { "uv": [ 15, 12.5, 16, 15 ], "texture": "#texture" },
        "south": { "uv": [ 15, 12.5, 16, 15 ], "texture": "#texture" },
        "west":  { "uv": [ 15, 11.5, 16, 14.5 ], "texture": "#texture" },
        "east":  { "uv": [ 15, 11.5, 16, 14.5 ], "texture": "#texture" }
    }
}
],
"display": {
    "thirdperson_righthand": {
        "rotation": [ 0, -99, -1 ],
        "translation": [ 0, 4, 0.5 ],
        "scale": [ 0.69, 0.69, 0.69 ]
    },
    "thirdperson_lefthand": {
        "rotation": [ 0, -99, -1 ],
        "translation": [ 0, 4, 0.5 ],
        "scale": [ 0.69, 0.69, 0.69 ]
    },
    "head": {
        "rotation": [ 0, 0, 0 ],
        "translation": [ 0, 13, 0 ],
        "scale": [ 1, 1, 1 ]
    },
    "ground": {
        "rotation": [ 0, 0, 0 ],
        "translation": [ 0, 2, 0 ],
        "scale": [ 0.34, 0.34, 0.34 ]
    },
    "fixed": {
        "rotation": [ 0, 180, 0 ],
        "translation": [ 0, 0, 0 ],
        "scale": [ 1, 1, 1 ]
    },
    "firstperson_righthand": {
        "rotation": [ 0, -90, 20 ],
        "translation": [ 1.12, 3.97, 1.12 ],
        "scale": [ 0.68, 0.68, 0.68 ]
    },
    "firstperson_lefthand": {
        "rotation": [ 0, -91, 17 ],
        "translation": [ 1.7, 4.35, 1.12 ],
        "scale": [ 0.68, 0.68, 0.68 ]
    },
    "gui": {
        "rotation": [ 14, 160, 0 ],
        "translation": [ 0, 0, 0 ],
        "scale": [ 0.62, 0.62, 0.62 ]
    }
}
}