{
"__comment": "Designed by CoolScreenName http://www.planetminecraft.com/member/coolscreenname/",
"textures": {
    "particle": "blocks/leaves_spruce",
    "texture": "blocks/log_spruce"
},
"elements": [ 
{
    "__comment": "!pinecone",
    "from": [ 8.5, 6.2, 15.9 ],
    "to": [ 11.2, 7.4, 17.7 ],
    "faces": {
        "down":  { "uv": [ 7.5, 16, 4.8, 15.9 ], "texture": "#texture" },
        "up":    { "uv": [ 8.5, 15.9, 11.2, 16 ], "texture": "#texture" },
        "north": { "uv": [ 4.8, 8.6, 7.5, 9.8 ], "texture": "#texture" },
        "south": { "uv": [ 8.5, 8.6, 11.2, 9.8 ], "texture": "#texture" },
        "west":  { "uv": [ 15.9, 8.6, 16, 9.8 ], "texture": "#texture" },
        "east":  { "uv": [ 0, 8.6, 0.1, 9.8 ], "texture": "#texture" }
    }
},
{
    "__comment": "!pinecone",
    "from": [ 8.5, 7.4, 16.5 ],
    "to": [ 11.2, 8, 17.7 ],
    "faces": {
        "down":  { "uv": [ 7.5, 16, 4.8, 16 ], "texture": "#texture" },
        "up":    { "uv": [ 8.5, 16, 11.2, 16 ], "texture": "#texture" },
        "north": { "uv": [ 4.8, 8, 7.5, 8.6 ], "texture": "#texture" },
        "south": { "uv": [ 8.5, 8, 11.2, 8.6 ], "texture": "#texture" },
        "west":  { "uv": [ 16, 8, 16, 8.6 ], "texture": "#texture" },
        "east":  { "uv": [ 0, 8, 0, 8.6 ], "texture": "#texture" }
    }
},
{
    "__comment": "!pinecone",
    "from": [ 8.8, 6.2, 15 ],
    "to": [ 9.4, 6.8, 15.9 ],
    "faces": {
        "down":  { "uv": [ 7.2, 15.9, 6.6, 15 ], "texture": "#texture" },
        "up":    { "uv": [ 8.8, 15, 9.4, 15.9 ], "texture": "#texture" },
        "north": { "uv": [ 6.6, 9.2, 7.2, 9.8 ], "texture": "#texture" },
        "south": { "uv": [ 8.8, 9.2, 9.4, 9.8 ], "texture": "#texture" },
        "west":  { "uv": [ 15, 9.2, 15.9, 9.8 ], "texture": "#texture" },
        "east":  { "uv": [ 0.1, 9.2, 1, 9.8 ], "texture": "#texture" }
    }
},
{
    "__comment": "!pinecone",
    "from": [ 8.8, 7.4, 15.15 ],
    "to": [ 9.4, 8, 16.5 ],
    "faces": {
        "down":  { "uv": [ 7.2, 16, 6.6, 15.15 ], "texture": "#texture" },
        "up":    { "uv": [ 8.8, 15.15, 9.4, 16 ], "texture": "#texture" },
        "north": { "uv": [ 6.6, 8, 7.2, 8.6 ], "texture": "#texture" },
        "south": { "uv": [ 8.8, 8, 9.4, 8.6 ], "texture": "#texture" },
        "west":  { "uv": [ 15.15, 8, 16, 8.6 ], "texture": "#texture" },
        "east":  { "uv": [ 0, 8, 0.85, 8.6 ], "texture": "#texture" }
    }
},
{
    "__comment": "!pinecone",
    "from": [ 8.8, 6.8, 15.3 ],
    "to": [ 11.5, 7.4, 15.9 ],
    "faces": {
        "down":  { "uv": [ 7.2, 15.9, 4.5, 15.3 ], "texture": "#texture" },
        "up":    { "uv": [ 8.8, 15.3, 11.5, 15.9 ], "texture": "#texture" },
        "north": { "uv": [ 4.5, 8.6, 7.2, 9.2 ], "texture": "#texture" },
        "south": { "uv": [ 8.8, 8.6, 11.5, 9.2 ], "texture": "#texture" },
        "west":  { "uv": [ 15.3, 8.6, 15.9, 9.2 ], "texture": "#texture" },
        "east":  { "uv": [ 0.1, 8.6, 0.7, 9.2 ], "texture": "#texture" }
    }
},
{
    "__comment": "!pinecone",
    "from": [ 8.8, 8, 15.3 ],
    "to": [ 10.6, 8.6, 17.7 ],
    "faces": {
        "down":  { "uv": [ 7.2, 16, 5.4, 15.3 ], "texture": "#texture" },
        "up":    { "uv": [ 8.8, 15.3, 10.6, 16 ], "texture": "#texture" },
        "north": { "uv": [ 5.4, 7.4, 7.2, 8 ], "texture": "#texture" },
        "south": { "uv": [ 8.8, 7.4, 10.6, 8 ], "texture": "#texture" },
        "west":  { "uv": [ 15.3, 7.4, 16, 8 ], "texture": "#texture" },
        "east":  { "uv": [ 0, 7.4, 0.7, 8 ], "texture": "#texture" }
    }
},
{
    "__comment": "!pinecone",
    "from": [ 8.8, 5, 15.9 ],
    "to": [ 10.6, 6.2, 16.5 ],
    "faces": {
        "down":  { "uv": [ 7.2, 16, 5.4, 15.9 ], "texture": "#texture" },
        "up":    { "uv": [ 8.8, 15.9, 10.6, 16 ], "texture": "#texture" },
        "north": { "uv": [ 5.4, 9.8, 7.2, 11 ], "texture": "#texture" },
        "south": { "uv": [ 8.8, 9.8, 10.6, 11 ], "texture": "#texture" },
        "west":  { "uv": [ 15.9, 9.8, 16, 11 ], "texture": "#texture" },
        "east":  { "uv": [ 0, 9.8, 0.1, 11 ], "texture": "#texture" }
    }
},
{
    "__comment": "!pinecone",
    "from": [ 8.8, 5.6, 16.5 ],
    "to": [ 10.6, 6.2, 17.7 ],
    "faces": {
        "down":  { "uv": [ 7.2, 16, 5.4, 16 ], "texture": "#texture" },
        "up":    { "uv": [ 8.8, 16, 10.6, 16 ], "texture": "#texture" },
        "north": { "uv": [ 5.4, 9.8, 7.2, 10.4 ], "texture": "#texture" },
        "south": { "uv": [ 8.8, 9.8, 10.6, 10.4 ], "texture": "#texture" },
        "west":  { "uv": [ 16, 9.8, 16, 10.4 ], "texture": "#texture" },
        "east":  { "uv": [ 0, 9.8, 0, 10.4 ], "texture": "#texture" }
    }
},
{
    "__comment": "!pinecone",
    "from": [ 9.4, 5, 15.3 ],
    "to": [ 10, 6.8, 15.9 ],
    "faces": {
        "down":  { "uv": [ 6.6, 15.9, 6, 15.3 ], "texture": "#texture" },
        "up":    { "uv": [ 9.4, 15.3, 10, 15.9 ], "texture": "#texture" },
        "north": { "uv": [ 6, 9.2, 6.6, 11 ], "texture": "#texture" },
        "south": { "uv": [ 9.4, 9.2, 10, 11 ], "texture": "#texture" },
        "west":  { "uv": [ 15.3, 9.2, 15.9, 11 ], "texture": "#texture" },
        "east":  { "uv": [ 0.1, 9.2, 0.7, 11 ], "texture": "#texture" }
    }
},
{
    "__comment": "!pinecone",
    "from": [ 9.4, 7.4, 15.3 ],
    "to": [ 11.5, 8, 16.5 ],
    "faces": {
        "down":  { "uv": [ 6.6, 16, 4.5, 15.3 ], "texture": "#texture" },
        "up":    { "uv": [ 9.4, 15.3, 11.5, 16 ], "texture": "#texture" },
        "north": { "uv": [ 4.5, 8, 6.6, 8.6 ], "texture": "#texture" },
        "south": { "uv": [ 9.4, 8, 11.5, 8.6 ], "texture": "#texture" },
        "west":  { "uv": [ 15.3, 8, 16, 8.6 ], "texture": "#texture" },
        "east":  { "uv": [ 0, 8, 0.7, 8.6 ], "texture": "#texture" }
    }
},
{
    "__comment": "!pinecone",
    "from": [ 8.95, 8.6, 15.3 ],
    "to": [ 10.45, 9.2, 16.95 ],
    "faces": {
        "down":  { "uv": [ 7.05, 16, 5.55, 15.3 ], "texture": "#texture" },
        "up":    { "uv": [ 8.95, 15.3, 10.45, 16 ], "texture": "#texture" },
        "north": { "uv": [ 5.55, 6.8, 7.05, 7.4 ], "texture": "#texture" },
        "south": { "uv": [ 8.95, 6.8, 10.45, 7.4 ], "texture": "#texture" },
        "west":  { "uv": [ 15.3, 6.8, 16, 7.4 ], "texture": "#texture" },
        "east":  { "uv": [ 0, 6.8, 0.7, 7.4 ], "texture": "#texture" }
    }
},
{
    "__comment": "!pinecone",
    "from": [ 9.4, 9.2, 15.9 ],
    "to": [ 10, 9.8, 16.8 ],
    "faces": {
        "down":  { "uv": [ 6.6, 16, 6, 15.9 ], "texture": "#texture" },
        "up":    { "uv": [ 9.4, 15.9, 10, 16 ], "texture": "#texture" },
        "north": { "uv": [ 6, 6.2, 6.6, 6.8 ], "texture": "#texture" },
        "south": { "uv": [ 9.4, 6.2, 10, 6.8 ], "texture": "#texture" },
        "west":  { "uv": [ 15.9, 6.2, 16, 6.8 ], "texture": "#texture" },
        "east":  { "uv": [ 0, 6.2, 0.1, 6.8 ], "texture": "#texture" }
    }
},
{
    "__comment": "!pinecone",
    "from": [ 9.4, 5, 16.5 ],
    "to": [ 10.6, 5.6, 17.55 ],
    "faces": {
        "down":  { "uv": [ 6.6, 16, 5.4, 16 ], "texture": "#texture" },
        "up":    { "uv": [ 9.4, 16, 10.6, 16 ], "texture": "#texture" },
        "north": { "uv": [ 5.4, 10.4, 6.6, 11 ], "texture": "#texture" },
        "south": { "uv": [ 9.4, 10.4, 10.6, 11 ], "texture": "#texture" },
        "west":  { "uv": [ 16, 10.4, 16, 11 ], "texture": "#texture" },
        "east":  { "uv": [ 0, 10.4, 0, 11 ], "texture": "#texture" }
    }
},
{
    "__comment": "!pinecone",
    "from": [ 9.4, 6.2, 17.7 ],
    "to": [ 10.6, 7.4, 18 ],
    "faces": {
        "down":  { "uv": [ 6.6, 16, 5.4, 16 ], "texture": "#texture" },
        "up":    { "uv": [ 9.4, 16, 10.6, 16 ], "texture": "#texture" },
        "north": { "uv": [ 5.4, 8.6, 6.6, 9.8 ], "texture": "#texture" },
        "south": { "uv": [ 9.4, 8.6, 10.6, 9.8 ], "texture": "#texture" },
        "west":  { "uv": [ 16, 8.6, 16, 9.8 ], "texture": "#texture" },
        "east":  { "uv": [ 0, 8.6, 0, 9.8 ], "texture": "#texture" }
    }
},
{
    "__comment": "!pinecone",
    "from": [ 10, 5.6, 15.3 ],
    "to": [ 11.2, 6.8, 15.9 ],
    "faces": {
        "down":  { "uv": [ 6, 15.9, 4.8, 15.3 ], "texture": "#texture" },
        "up":    { "uv": [ 10, 15.3, 11.2, 15.9 ], "texture": "#texture" },
        "north": { "uv": [ 4.8, 9.2, 6, 10.4 ], "texture": "#texture" },
        "south": { "uv": [ 10, 9.2, 11.2, 10.4 ], "texture": "#texture" },
        "west":  { "uv": [ 15.3, 9.2, 15.9, 10.4 ], "texture": "#texture" },
        "east":  { "uv": [ 0.1, 9.2, 0.7, 10.4 ], "texture": "#texture" }
    }
},
{
    "__comment": "!pinecone",
    "from": [ 9.85, 9.2, 15.75 ],
    "to": [ 10.45, 9.8, 16.95 ],
    "faces": {
        "down":  { "uv": [ 6.15, 16, 5.55, 15.75 ], "texture": "#texture" },
        "up":    { "uv": [ 9.85, 15.75, 10.45, 16 ], "texture": "#texture" },
        "north": { "uv": [ 5.55, 6.2, 6.15, 6.8 ], "texture": "#texture" },
        "south": { "uv": [ 9.85, 6.2, 10.45, 6.8 ], "texture": "#texture" },
        "west":  { "uv": [ 15.75, 6.2, 16, 6.8 ], "texture": "#texture" },
        "east":  { "uv": [ 0, 6.2, 0.25, 6.8 ], "texture": "#texture" }
    }
},
{
    "__comment": "!pinecone",
    "from": [ 9.1, 8.6, 16.95 ],
    "to": [ 10.45, 9.2, 17.55 ],
    "faces": {
        "down":  { "uv": [ 6.9, 16, 5.55, 16 ], "texture": "#texture" },
        "up":    { "uv": [ 9.1, 16, 10.45, 16 ], "texture": "#texture" },
        "north": { "uv": [ 5.55, 6.8, 6.9, 7.4 ], "texture": "#texture" },
        "south": { "uv": [ 9.1, 6.8, 10.45, 7.4 ], "texture": "#texture" },
        "west":  { "uv": [ 16, 6.8, 16, 7.4 ], "texture": "#texture" },
        "east":  { "uv": [ 0, 6.8, 0, 7.4 ], "texture": "#texture" }
    }
},
{
    "__comment": "!pinecone",
    "from": [ 10.6, 5.6, 15.9 ],
    "to": [ 11.2, 6.2, 17.1 ],
    "faces": {
        "down":  { "uv": [ 5.4, 16, 4.8, 15.9 ], "texture": "#texture" },
        "up":    { "uv": [ 10.6, 15.9, 11.2, 16 ], "texture": "#texture" },
        "north": { "uv": [ 4.8, 9.8, 5.4, 10.4 ], "texture": "#texture" },
        "south": { "uv": [ 10.6, 9.8, 11.2, 10.4 ], "texture": "#texture" },
        "west":  { "uv": [ 15.9, 9.8, 16, 10.4 ], "texture": "#texture" },
        "east":  { "uv": [ 0, 9.8, 0.1, 10.4 ], "texture": "#texture" }
    }
},
{
    "__comment": "!pinecone",
    "from": [ 10.45, 8, 15.9 ],
    "to": [ 11.05, 8.6, 17.7 ],
    "faces": {
        "down":  { "uv": [ 5.55, 16, 4.95, 15.9 ], "texture": "#texture" },
        "up":    { "uv": [ 10.45, 15.9, 11.05, 16 ], "texture": "#texture" },
        "north": { "uv": [ 4.95, 7.4, 5.55, 8 ], "texture": "#texture" },
        "south": { "uv": [ 10.45, 7.4, 11.05, 8 ], "texture": "#texture" },
        "west":  { "uv": [ 15.9, 7.4, 16, 8 ], "texture": "#texture" },
        "east":  { "uv": [ 0, 7.4, 0.1, 8 ], "texture": "#texture" }
    }
},
{
    "__comment": "!pinecone",
    "from": [ 10.45, 8.6, 16.5 ],
    "to": [ 11.05, 9.2, 17.1 ],
    "faces": {
        "down":  { "uv": [ 5.55, 16, 4.95, 16 ], "texture": "#texture" },
        "up":    { "uv": [ 10.45, 16, 11.05, 16 ], "texture": "#texture" },
        "north": { "uv": [ 4.95, 6.8, 5.55, 7.4 ], "texture": "#texture" },
        "south": { "uv": [ 10.45, 6.8, 11.05, 7.4 ], "texture": "#texture" },
        "west":  { "uv": [ 16, 6.8, 16, 7.4 ], "texture": "#texture" },
        "east":  { "uv": [ 0, 6.8, 0, 7.4 ], "texture": "#texture" }
    }
},
{
    "__comment": "!pinecone",
    "from": [ 10.6, 6.8, 17.7 ],
    "to": [ 11.2, 7.4, 18.15 ],
    "faces": {
        "down":  { "uv": [ 5.4, 16, 4.8, 16 ], "texture": "#texture" },
        "up":    { "uv": [ 10.6, 16, 11.2, 16 ], "texture": "#texture" },
        "north": { "uv": [ 4.8, 8.6, 5.4, 9.2 ], "texture": "#texture" },
        "south": { "uv": [ 10.6, 8.6, 11.2, 9.2 ], "texture": "#texture" },
        "west":  { "uv": [ 16, 8.6, 16, 9.2 ], "texture": "#texture" },
        "east":  { "uv": [ 0, 8.6, 0, 9.2 ], "texture": "#texture" }
    }
},
{
    "__comment": "!pinecone",
    "from": [ 11.2, 6.8, 15.9 ],
    "to": [ 11.5, 7.4, 16.5 ],
    "faces": {
        "down":  { "uv": [ 4.8, 16, 4.5, 15.9 ], "texture": "#texture" },
        "up":    { "uv": [ 11.2, 15.9, 11.5, 16 ], "texture": "#texture" },
        "north": { "uv": [ 4.5, 8.6, 4.8, 9.2 ], "texture": "#texture" },
        "south": { "uv": [ 11.2, 8.6, 11.5, 9.2 ], "texture": "#texture" },
        "west":  { "uv": [ 15.9, 8.6, 16, 9.2 ], "texture": "#texture" },
        "east":  { "uv": [ 0, 8.6, 0.1, 9.2 ], "texture": "#texture" }
    }
},
{
    "from": [ 0, 0, 0 ],
    "to": [ 16, 16, 16 ],
    "faces": {
        "down":  { "uv": [ 16, 16, 0, 0 ], "texture": "#particle", "tintindex": 0 },
        "up":    { "uv": [ 0, 0, 16, 16 ], "texture": "#particle", "tintindex": 0 },
        "north": { "uv": [ 0, 0, 16, 16 ], "texture": "#particle", "tintindex": 0 },
        "south": { "uv": [ 0, 0, 16, 16 ], "texture": "#particle", "tintindex": 0 },
        "west":  { "uv": [ 0, 0, 16, 16 ], "texture": "#particle", "tintindex": 0 },
        "east":  { "uv": [ 0, 0, 16, 16 ], "texture": "#particle", "tintindex": 0 }
    }
}
]
}