{
"__comment": "3D Models by Sibsib92 with BDcraft Cubik PRO 0.87 Beta - http://bdcraft.net",
"ambientocclusion": false,
"textures": {
    "particle": "blocks/door_spruce_lower",
    "texture": "blocks/planks_spruce"
},
"elements": [ 
{
    "__comment": "Door Bot",
    "from": [ 0, 2, 14 ],
    "to": [ 3, 16, 16 ],
    "faces": {
        "north": { "uv": [ 13, 0, 16, 14 ], "texture": "#texture" },
        "south": { "uv": [ 0, 0, 3, 14 ], "texture": "#texture" },
        "west":  { "uv": [ 14, 0, 16, 14 ], "texture": "#texture" },
        "east":  { "uv": [ 0, 0, 2, 14 ], "texture": "#texture" }
    }
},
{
    "__comment": "Door Bot",
    "from": [ 0, 2, 0 ],
    "to": [ 3, 16, 2 ],
    "faces": {
        "north": { "uv": [ 13, 0, 16, 14 ], "texture": "#texture" },
        "south": { "uv": [ 0, 0, 3, 14 ], "texture": "#texture" },
        "west":  { "uv": [ 0, 0, 2, 14 ], "texture": "#texture" },
        "east":  { "uv": [ 14, 0, 16, 14 ], "texture": "#texture" }
    }
},
{
    "__comment": "Door Bot",
    "from": [ 0, 0, 0 ],
    "to": [ 3, 2, 16 ],
    "faces": {
        "down":  { "uv": [ 16, 15, 0, 12 ], "rotation": 90, "texture": "#texture" },
        "up":    { "uv": [ 0, 4, 16, 7 ], "rotation": 90, "texture": "#texture" },
        "north": { "uv": [ 13, 14, 16, 16 ], "texture": "#texture" },
        "south": { "uv": [ 0, 14, 3, 16 ], "texture": "#texture" },
        "west":  { "uv": [ 0, 14, 16, 16 ], "texture": "#texture" },
        "east":  { "uv": [ 0, 14, 16, 16 ], "texture": "#texture" }
    }
},
{
    "__comment": "Door Top",
    "from": [ 0, 16, 14 ],
    "to": [ 3, 30, 16 ],
    "faces": {
        "north": { "uv": [ 13, 2, 16, 16 ], "texture": "#texture" },
        "south": { "uv": [ 0, 2, 3, 16 ], "texture": "#texture" },
        "west":  { "uv": [ 14, 2, 16, 16 ], "texture": "#texture" },
        "east":  { "uv": [ 0, 2, 2, 16 ], "texture": "#texture" }
    }
},
{
    "__comment": "Door Top",
    "from": [ 0, 16, 0 ],
    "to": [ 3, 30, 2 ],
    "faces": {
        "north": { "uv": [ 13, 2, 16, 16 ], "texture": "#texture" },
        "south": { "uv": [ 0, 2, 3, 16 ], "texture": "#texture" },
        "west":  { "uv": [ 0, 2, 2, 16 ], "texture": "#texture" },
        "east":  { "uv": [ 14, 2, 16, 16 ], "texture": "#texture" }
    }
},
{
    "__comment": "Door Top",
    "from": [ 0, 30, 0 ],
    "to": [ 3, 32, 16 ],
    "faces": {
        "down":  { "uv": [ 16, 15, 0, 12 ], "rotation": 90, "texture": "#texture" },
        "up":    { "uv": [ 0, 0, 16, 3 ], "rotation": 90, "texture": "#texture" },
        "north": { "uv": [ 13, 0, 16, 2 ], "texture": "#texture" },
        "south": { "uv": [ 0, 0, 3, 2 ], "texture": "#texture" },
        "west":  { "uv": [ 0, 0, 16, 2 ], "texture": "#texture" },
        "east":  { "uv": [ 0, 0, 16, 2 ], "texture": "#texture" }
    }
},
{
    "__comment": "Bot Diag Mid",
    "from": [ 0.5, 2, 3 ],
    "to": [ 2, 16, 4.5 ],
    "rotation": { "origin": [ 0.5, 2, 3 ], "axis": "y", "angle": 45 },
    "faces": {
        "north": { "uv": [ 2, 0, 3, 14 ], "texture": "#texture" },
        "south": { "uv": [ 12, 0, 13, 14 ], "texture": "#texture" },
        "west":  { "uv": [ 3, 0, 4, 14 ], "texture": "#texture" },
        "east":  { "uv": [ 13, 0, 14, 14 ], "texture": "#texture" }
    }
},
{
    "__comment": "Bot Diag Mid",
    "from": [ 0.5, 2, 5 ],
    "to": [ 2, 16, 6.5 ],
    "rotation": { "origin": [ 0.5, 2, 5 ], "axis": "y", "angle": 45 },
    "faces": {
        "north": { "uv": [ 4, 0, 5, 14 ], "texture": "#texture" },
        "south": { "uv": [ 10, 0, 11, 14 ], "texture": "#texture" },
        "west":  { "uv": [ 5, 0, 6, 14 ], "texture": "#texture" },
        "east":  { "uv": [ 11, 0, 12, 14 ], "texture": "#texture" }
    }
},
{
    "__comment": "Bot Diag Mid",
    "from": [ 0.5, 2, 7 ],
    "to": [ 2, 16, 8.5 ],
    "rotation": { "origin": [ 0.5, 2, 7 ], "axis": "y", "angle": 45 },
    "faces": {
        "north": { "uv": [ 6, 0, 7, 14 ], "texture": "#texture" },
        "south": { "uv": [ 8, 0, 9, 14 ], "texture": "#texture" },
        "west":  { "uv": [ 7, 0, 8, 14 ], "texture": "#texture" },
        "east":  { "uv": [ 9, 0, 10, 14 ], "texture": "#texture" }
    }
},
{
    "__comment": "Bot Diag Mid",
    "from": [ 0.5, 2, 9 ],
    "to": [ 2, 16, 10.5 ],
    "rotation": { "origin": [ 0.5, 2, 9 ], "axis": "y", "angle": 45 },
    "faces": {
        "north": { "uv": [ 8, 0, 9, 14 ], "texture": "#texture" },
        "south": { "uv": [ 6, 0, 7, 14 ], "texture": "#texture" },
        "west":  { "uv": [ 9, 0, 10, 14 ], "texture": "#texture" },
        "east":  { "uv": [ 7, 0, 8, 14 ], "texture": "#texture" }
    }
},
{
    "__comment": "Bot Diag Mid",
    "from": [ 0.5, 2, 11 ],
    "to": [ 2, 16, 12.5 ],
    "rotation": { "origin": [ 0.5, 2, 11 ], "axis": "y", "angle": 45 },
    "faces": {
        "north": { "uv": [ 10, 0, 11, 14 ], "texture": "#texture" },
        "south": { "uv": [ 4, 0, 5, 14 ], "texture": "#texture" },
        "west":  { "uv": [ 11, 0, 12, 14 ], "texture": "#texture" },
        "east":  { "uv": [ 5, 0, 6, 14 ], "texture": "#texture" }
    }
},
{
    "__comment": "Bot Diag Mid",
    "from": [ 0.5, 2, 13 ],
    "to": [ 2, 16, 14.5 ],
    "rotation": { "origin": [ 0.5, 2, 13 ], "axis": "y", "angle": 45 },
    "faces": {
        "north": { "uv": [ 12, 0, 13, 14 ], "texture": "#texture" },
        "south": { "uv": [ 2, 0, 3, 14 ], "texture": "#texture" },
        "west":  { "uv": [ 13, 0, 14, 14 ], "texture": "#texture" },
        "east":  { "uv": [ 3, 0, 4, 14 ], "texture": "#texture" }
    }
},
{
    "__comment": "Bot Diag Top",
    "from": [ 0.5, 16, 3 ],
    "to": [ 2, 30, 4.5 ],
    "rotation": { "origin": [ 0.5, 16, 3 ], "axis": "y", "angle": 45 },
    "faces": {
        "north": { "uv": [ 2, 2, 3, 16 ], "texture": "#texture" },
        "south": { "uv": [ 12, 2, 13, 16 ], "texture": "#texture" },
        "west":  { "uv": [ 3, 2, 4, 16 ], "texture": "#texture" },
        "east":  { "uv": [ 13, 2, 14, 16 ], "texture": "#texture" }
    }
},
{
    "__comment": "Bot Diag Top",
    "from": [ 0.5, 16, 5 ],
    "to": [ 2, 30, 6.5 ],
    "rotation": { "origin": [ 0.5, 16, 5 ], "axis": "y", "angle": 45 },
    "faces": {
        "north": { "uv": [ 4, 2, 5, 16 ], "texture": "#texture" },
        "south": { "uv": [ 10, 2, 11, 16 ], "texture": "#texture" },
        "west":  { "uv": [ 5, 2, 6, 16 ], "texture": "#texture" },
        "east":  { "uv": [ 11, 2, 12, 16 ], "texture": "#texture" }
    }
},
{
    "__comment": "Bot Diag Top",
    "from": [ 0.5, 16, 7 ],
    "to": [ 2, 30, 8.5 ],
    "rotation": { "origin": [ 0.5, 16, 7 ], "axis": "y", "angle": 45 },
    "faces": {
        "north": { "uv": [ 6, 2, 7, 16 ], "texture": "#texture" },
        "south": { "uv": [ 8, 2, 9, 16 ], "texture": "#texture" },
        "west":  { "uv": [ 7, 2, 8, 16 ], "texture": "#texture" },
        "east":  { "uv": [ 9, 2, 10, 16 ], "texture": "#texture" }
    }
},
{
    "__comment": "Bot Diag Top",
    "from": [ 0.5, 16, 9 ],
    "to": [ 2, 30, 10.5 ],
    "rotation": { "origin": [ 0.5, 16, 9 ], "axis": "y", "angle": 45 },
    "faces": {
        "north": { "uv": [ 8, 2, 9, 16 ], "texture": "#texture" },
        "south": { "uv": [ 6, 2, 7, 16 ], "texture": "#texture" },
        "west":  { "uv": [ 9, 2, 10, 16 ], "texture": "#texture" },
        "east":  { "uv": [ 7, 2, 8, 16 ], "texture": "#texture" }
    }
},
{
    "__comment": "Bot Diag Top",
    "from": [ 0.5, 16, 11 ],
    "to": [ 2, 30, 12.5 ],
    "rotation": { "origin": [ 0.5, 16, 11 ], "axis": "y", "angle": 45 },
    "faces": {
        "north": { "uv": [ 10, 2, 11, 16 ], "texture": "#texture" },
        "south": { "uv": [ 4, 2, 5, 16 ], "texture": "#texture" },
        "west":  { "uv": [ 11, 2, 12, 16 ], "texture": "#texture" },
        "east":  { "uv": [ 5, 2, 6, 16 ], "texture": "#texture" }
    }
},
{
    "__comment": "Bot Diag Top",
    "from": [ 0.5, 16, 13 ],
    "to": [ 2, 30, 14.5 ],
    "rotation": { "origin": [ 0.5, 16, 13 ], "axis": "y", "angle": 45 },
    "faces": {
        "north": { "uv": [ 12, 2, 13, 16 ], "texture": "#texture" },
        "south": { "uv": [ 2, 2, 3, 16 ], "texture": "#texture" },
        "west":  { "uv": [ 13, 2, 14, 16 ], "texture": "#texture" },
        "east":  { "uv": [ 3, 2, 4, 16 ], "texture": "#texture" }
    }
}
]
}