{
"__comment": "Designed by CoolScreenName http://www.planetminecraft.com/member/coolscreenname/",
"textures": {
    "particle": "blocks/tnt_side",
    "texture": "blocks/planks_oak",
    "hay_block_top": "blocks/hay_block_top",
    "debug": "blocks/debug",
    "wool_colored_black": "blocks/tnt_top"
},
"elements": [ 
{
    "__comment": "hay",
    "from": [ 1, 0.5, 1 ],
    "to": [ 15, 13, 15 ],
    "faces": {
        "down":  { "uv": [ 15, 15, 1, 1 ], "texture": "#hay_block_top" },
        "up":    { "uv": [ 1, 1, 15, 15 ], "texture": "#hay_block_top" },
        "north": { "uv": [ 1, 3, 15, 15.5 ], "texture": "#hay_block_top" },
        "south": { "uv": [ 1, 3, 15, 15.5 ], "texture": "#hay_block_top" },
        "west":  { "uv": [ 1, 3, 15, 15.5 ], "texture": "#hay_block_top" },
        "east":  { "uv": [ 1, 3, 15, 15.5 ], "texture": "#hay_block_top" }
    }
},
{
    "__comment": "planks",
    "from": [ 0.5, 2, 8.5 ],
    "to": [ 1, 14.5, 11 ],
    "faces": {
        "down":  { "uv": [ 15.5, 11, 15, 8.5 ], "texture": "#texture" },
        "up":    { "uv": [ 0.5, 8.5, 1, 11 ], "texture": "#texture" },
        "north": { "uv": [ 15, 1.5, 15.5, 14 ], "texture": "#texture" },
        "south": { "uv": [ 0.5, 1.5, 1, 14 ], "texture": "#texture" },
        "west":  { "uv": [ 8.5, 1.5, 11, 14 ], "texture": "#texture" },
        "east":  { "uv": [ 5, 1.5, 7.5, 14 ], "texture": "#texture" }
    }
},
{
    "__comment": "planks",
    "from": [ 0.5, 2, 1.5 ],
    "to": [ 1, 14.5, 4 ],
    "faces": {
        "down":  { "uv": [ 15.5, 4, 15, 1.5 ], "texture": "#texture" },
        "up":    { "uv": [ 0.5, 1.5, 1, 4 ], "texture": "#texture" },
        "north": { "uv": [ 15, 1.5, 15.5, 14 ], "texture": "#texture" },
        "south": { "uv": [ 0.5, 1.5, 1, 14 ], "texture": "#texture" },
        "west":  { "uv": [ 1.5, 1.5, 4, 14 ], "texture": "#texture" },
        "east":  { "uv": [ 12, 1.5, 14.5, 14 ], "texture": "#texture" }
    }
},
{
    "__comment": "planks",
    "from": [ 0.5, 2, 12 ],
    "to": [ 1, 14.5, 14.5 ],
    "faces": {
        "down":  { "uv": [ 15.5, 14.5, 15, 12 ], "texture": "#texture" },
        "up":    { "uv": [ 0.5, 12, 1, 14.5 ], "texture": "#texture" },
        "north": { "uv": [ 15, 1.5, 15.5, 14 ], "texture": "#texture" },
        "south": { "uv": [ 0.5, 1.5, 1, 14 ], "texture": "#texture" },
        "west":  { "uv": [ 12, 1.5, 14.5, 14 ], "texture": "#texture" },
        "east":  { "uv": [ 1.5, 1.5, 4, 14 ], "texture": "#texture" }
    }
},
{
    "__comment": "planks",
    "from": [ 0.5, 2, 5 ],
    "to": [ 1, 14.5, 7.5 ],
    "faces": {
        "down":  { "uv": [ 15.5, 7.5, 15, 5 ], "texture": "#texture" },
        "up":    { "uv": [ 0.5, 5, 1, 7.5 ], "texture": "#texture" },
        "north": { "uv": [ 15, 1.5, 15.5, 14 ], "texture": "#texture" },
        "south": { "uv": [ 0.5, 1.5, 1, 14 ], "texture": "#texture" },
        "west":  { "uv": [ 5, 1.5, 7.5, 14 ], "texture": "#texture" },
        "east":  { "uv": [ 8.5, 1.5, 11, 14 ], "texture": "#texture" }
    }
},
{
    "__comment": "planks",
    "from": [ 15, 2, 8.5 ],
    "to": [ 15.5, 14.5, 11 ],
    "faces": {
        "down":  { "uv": [ 1, 11, 0.5, 8.5 ], "texture": "#texture" },
        "up":    { "uv": [ 15, 8.5, 15.5, 11 ], "texture": "#texture" },
        "north": { "uv": [ 0.5, 1.5, 1, 14 ], "texture": "#texture" },
        "south": { "uv": [ 15, 1.5, 15.5, 14 ], "texture": "#texture" },
        "west":  { "uv": [ 8.5, 1.5, 11, 14 ], "texture": "#texture" },
        "east":  { "uv": [ 5, 1.5, 7.5, 14 ], "texture": "#texture" }
    }
},
{
    "__comment": "planks",
    "from": [ 15, 2, 5 ],
    "to": [ 15.5, 14.5, 7.5 ],
    "faces": {
        "down":  { "uv": [ 1, 7.5, 0.5, 5 ], "texture": "#texture" },
        "up":    { "uv": [ 15, 5, 15.5, 7.5 ], "texture": "#texture" },
        "north": { "uv": [ 0.5, 1.5, 1, 14 ], "texture": "#texture" },
        "south": { "uv": [ 15, 1.5, 15.5, 14 ], "texture": "#texture" },
        "west":  { "uv": [ 5, 1.5, 7.5, 14 ], "texture": "#texture" },
        "east":  { "uv": [ 8.5, 1.5, 11, 14 ], "texture": "#texture" }
    }
},
{
    "__comment": "planks",
    "from": [ 15, 2, 1.5 ],
    "to": [ 15.5, 14.5, 4 ],
    "faces": {
        "down":  { "uv": [ 1, 4, 0.5, 1.5 ], "texture": "#texture" },
        "up":    { "uv": [ 15, 1.5, 15.5, 4 ], "texture": "#texture" },
        "north": { "uv": [ 0.5, 1.5, 1, 14 ], "texture": "#texture" },
        "south": { "uv": [ 15, 1.5, 15.5, 14 ], "texture": "#texture" },
        "west":  { "uv": [ 1.5, 1.5, 4, 14 ], "texture": "#texture" },
        "east":  { "uv": [ 12, 1.5, 14.5, 14 ], "texture": "#texture" }
    }
},
{
    "__comment": "planks",
    "from": [ 15, 2, 12 ],
    "to": [ 15.5, 14.5, 14.5 ],
    "faces": {
        "down":  { "uv": [ 1, 14.5, 0.5, 12 ], "texture": "#texture" },
        "up":    { "uv": [ 15, 12, 15.5, 14.5 ], "texture": "#texture" },
        "north": { "uv": [ 0.5, 1.5, 1, 14 ], "texture": "#texture" },
        "south": { "uv": [ 15, 1.5, 15.5, 14 ], "texture": "#texture" },
        "west":  { "uv": [ 12, 1.5, 14.5, 14 ], "texture": "#texture" },
        "east":  { "uv": [ 1.5, 1.5, 4, 14 ], "texture": "#texture" }
    }
},
{
    "__comment": "planks",
    "from": [ 5, 2, 15 ],
    "to": [ 7.5, 14.5, 15.5 ],
    "faces": {
        "down":  { "uv": [ 11, 15.5, 8.5, 15 ], "texture": "#texture" },
        "up":    { "uv": [ 5, 15, 7.5, 15.5 ], "texture": "#texture" },
        "north": { "uv": [ 8.5, 1.5, 11, 14 ], "texture": "#texture" },
        "south": { "uv": [ 5, 1.5, 7.5, 14 ], "texture": "#texture" },
        "west":  { "uv": [ 15, 1.5, 15.5, 14 ], "texture": "#texture" },
        "east":  { "uv": [ 0.5, 1.5, 1, 14 ], "texture": "#texture" }
    }
},
{
    "__comment": "planks",
    "from": [ 8.5, 2, 15 ],
    "to": [ 11, 14.5, 15.5 ],
    "faces": {
        "down":  { "uv": [ 7.5, 15.5, 5, 15 ], "texture": "#texture" },
        "up":    { "uv": [ 8.5, 15, 11, 15.5 ], "texture": "#texture" },
        "north": { "uv": [ 5, 1.5, 7.5, 14 ], "texture": "#texture" },
        "south": { "uv": [ 8.5, 1.5, 11, 14 ], "texture": "#texture" },
        "west":  { "uv": [ 15, 1.5, 15.5, 14 ], "texture": "#texture" },
        "east":  { "uv": [ 0.5, 1.5, 1, 14 ], "texture": "#texture" }
    }
},
{
    "__comment": "planks",
    "from": [ 12, 2, 15 ],
    "to": [ 14.5, 14.5, 15.5 ],
    "faces": {
        "down":  { "uv": [ 4, 15.5, 1.5, 15 ], "texture": "#texture" },
        "up":    { "uv": [ 12, 15, 14.5, 15.5 ], "texture": "#texture" },
        "north": { "uv": [ 1.5, 1.5, 4, 14 ], "texture": "#texture" },
        "south": { "uv": [ 12, 1.5, 14.5, 14 ], "texture": "#texture" },
        "west":  { "uv": [ 15, 1.5, 15.5, 14 ], "texture": "#texture" },
        "east":  { "uv": [ 0.5, 1.5, 1, 14 ], "texture": "#texture" }
    }
},
{
    "__comment": "planks",
    "from": [ 1.5, 2, 15 ],
    "to": [ 4, 14.5, 15.5 ],
    "faces": {
        "down":  { "uv": [ 14.5, 15.5, 12, 15 ], "texture": "#texture" },
        "up":    { "uv": [ 1.5, 15, 4, 15.5 ], "texture": "#texture" },
        "north": { "uv": [ 12, 1.5, 14.5, 14 ], "texture": "#texture" },
        "south": { "uv": [ 1.5, 1.5, 4, 14 ], "texture": "#texture" },
        "west":  { "uv": [ 15, 1.5, 15.5, 14 ], "texture": "#texture" },
        "east":  { "uv": [ 0.5, 1.5, 1, 14 ], "texture": "#texture" }
    }
},
{
    "__comment": "planks",
    "from": [ 5, 2, 0.5 ],
    "to": [ 7.5, 14.5, 1 ],
    "faces": {
        "down":  { "uv": [ 11, 1, 8.5, 0.5 ], "texture": "#texture" },
        "up":    { "uv": [ 5, 0.5, 7.5, 1 ], "texture": "#texture" },
        "north": { "uv": [ 8.5, 1.5, 11, 14 ], "texture": "#texture" },
        "south": { "uv": [ 5, 1.5, 7.5, 14 ], "texture": "#texture" },
        "west":  { "uv": [ 0.5, 1.5, 1, 14 ], "texture": "#texture" },
        "east":  { "uv": [ 15, 1.5, 15.5, 14 ], "texture": "#texture" }
    }
},
{
    "__comment": "planks",
    "from": [ 8.5, 2, 0.5 ],
    "to": [ 11, 14.5, 1 ],
    "faces": {
        "down":  { "uv": [ 7.5, 1, 5, 0.5 ], "texture": "#texture" },
        "up":    { "uv": [ 8.5, 0.5, 11, 1 ], "texture": "#texture" },
        "north": { "uv": [ 5, 1.5, 7.5, 14 ], "texture": "#texture" },
        "south": { "uv": [ 8.5, 1.5, 11, 14 ], "texture": "#texture" },
        "west":  { "uv": [ 0.5, 1.5, 1, 14 ], "texture": "#texture" },
        "east":  { "uv": [ 15, 1.5, 15.5, 14 ], "texture": "#texture" }
    }
},
{
    "__comment": "planks",
    "from": [ 12, 2, 0.5 ],
    "to": [ 14.5, 14.5, 1 ],
    "faces": {
        "down":  { "uv": [ 4, 1, 1.5, 0.5 ], "texture": "#texture" },
        "up":    { "uv": [ 12, 0.5, 14.5, 1 ], "texture": "#texture" },
        "north": { "uv": [ 1.5, 1.5, 4, 14 ], "texture": "#texture" },
        "south": { "uv": [ 12, 1.5, 14.5, 14 ], "texture": "#texture" },
        "west":  { "uv": [ 0.5, 1.5, 1, 14 ], "texture": "#texture" },
        "east":  { "uv": [ 15, 1.5, 15.5, 14 ], "texture": "#texture" }
    }
},
{
    "__comment": "planks",
    "from": [ 1.5, 2, 0.5 ],
    "to": [ 4, 14.5, 1 ],
    "faces": {
        "down":  { "uv": [ 14.5, 1, 12, 0.5 ], "texture": "#texture" },
        "up":    { "uv": [ 1.5, 0.5, 4, 1 ], "texture": "#texture" },
        "north": { "uv": [ 12, 1.5, 14.5, 14 ], "texture": "#texture" },
        "south": { "uv": [ 1.5, 1.5, 4, 14 ], "texture": "#texture" },
        "west":  { "uv": [ 0.5, 1.5, 1, 14 ], "texture": "#texture" },
        "east":  { "uv": [ 15, 1.5, 15.5, 14 ], "texture": "#texture" }
    }
},
{
    "__comment": "x",
    "from": [ 0.302, -5.5, 0.5 ],
    "to": [ 1.302, 14, 2.5 ],
    "rotation": { "origin": [ 0.302, 14, 0.5 ], "axis": "x", "angle": -45 },
    "faces": {
        "down":  { "uv": [ 16, 3, 15, 1 ], "texture": "#texture" },
        "up":    { "uv": [ 0, 1, 1, 3 ], "texture": "#texture" },
        "north": { "uv": [ 15, 0, 16, 15.5 ], "texture": "#texture" },
        "south": { "uv": [ 0, 0, 1, 15.5 ], "texture": "#texture" },
        "west":  { "uv": [ 1, 0, 3, 15.5 ], "texture": "#texture" },
        "east":  { "uv": [ 13, 0, 15, 15.5 ], "texture": "#texture" }
    }
},
{
    "__comment": "x",
    "from": [ 0.25, -4, 13.9761 ],
    "to": [ 1.25, 15.5, 15.9761 ],
    "rotation": { "origin": [ 0.25, 15.5, 13.9761 ], "axis": "x", "angle": 45 },
    "faces": {
        "down":  { "uv": [ 16, 3, 15, 1 ], "texture": "#texture" },
        "up":    { "uv": [ 0, 1, 1, 3 ], "texture": "#texture" },
        "north": { "uv": [ 15, 0, 16, 15.5 ], "texture": "#texture" },
        "south": { "uv": [ 0, 0, 1, 15.5 ], "texture": "#texture" },
        "west":  { "uv": [ 1, 0, 3, 15.5 ], "texture": "#texture" },
        "east":  { "uv": [ 13, 0, 15, 15.5 ], "texture": "#texture" }
    }
},
{
    "__comment": "x",
    "from": [ 14.748, -5.5, 0.5 ],
    "to": [ 15.748, 14, 2.5 ],
    "rotation": { "origin": [ 14.748, 14, 0.5 ], "axis": "x", "angle": -45 },
    "faces": {
        "down":  { "uv": [ 16, 3, 15, 1 ], "texture": "#texture" },
        "up":    { "uv": [ 0, 1, 1, 3 ], "texture": "#texture" },
        "north": { "uv": [ 15, 0, 16, 15.5 ], "texture": "#texture" },
        "south": { "uv": [ 0, 0, 1, 15.5 ], "texture": "#texture" },
        "west":  { "uv": [ 1, 0, 3, 15.5 ], "texture": "#texture" },
        "east":  { "uv": [ 13, 0, 15, 15.5 ], "texture": "#texture" }
    }
},
{
    "__comment": "x",
    "from": [ 14.749, -4, 14 ],
    "to": [ 15.749, 15.5, 16 ],
    "rotation": { "origin": [ 14.749, 15.5, 14 ], "axis": "x", "angle": 45 },
    "faces": {
        "down":  { "uv": [ 16, 3, 15, 1 ], "texture": "#texture" },
        "up":    { "uv": [ 0, 1, 1, 3 ], "texture": "#texture" },
        "north": { "uv": [ 15, 0, 16, 15.5 ], "texture": "#texture" },
        "south": { "uv": [ 0, 0, 1, 15.5 ], "texture": "#texture" },
        "west":  { "uv": [ 1, 0, 3, 15.5 ], "texture": "#texture" },
        "east":  { "uv": [ 13, 0, 15, 15.5 ], "texture": "#texture" }
    }
},
{
    "__comment": "x",
    "from": [ 14, -4, 0.251 ],
    "to": [ 16, 15.5, 1.251 ],
    "rotation": { "origin": [ 14, 15.5, 0.251 ], "axis": "z", "angle": -45 },
    "faces": {
        "down":  { "uv": [ 16, 16, 14, 15 ], "texture": "#texture" },
        "up":    { "uv": [ 0, 15, 2, 16 ], "texture": "#texture" },
        "north": { "uv": [ 14, 0, 16, 16 ], "texture": "#texture" },
        "south": { "uv": [ 0, 0, 2, 16 ], "texture": "#texture" },
        "west":  { "uv": [ 15, 0, 16, 16 ], "texture": "#texture" },
        "east":  { "uv": [ 0, 0, 1, 16 ], "texture": "#texture" }
    }
},
{
    "__comment": "x",
    "from": [ 0, -5.5, 0.25 ],
    "to": [ 2, 14, 1.25 ],
    "rotation": { "origin": [ 0, 14, 0.25 ], "axis": "z", "angle": 45 },
    "faces": {
        "down":  { "uv": [ 16, 16, 14, 15 ], "texture": "#texture" },
        "up":    { "uv": [ 0, 15, 2, 16 ], "texture": "#texture" },
        "north": { "uv": [ 14, 0, 16, 16 ], "texture": "#texture" },
        "south": { "uv": [ 0, 0, 2, 16 ], "texture": "#texture" },
        "west":  { "uv": [ 15, 0, 16, 16 ], "texture": "#texture" },
        "east":  { "uv": [ 0, 0, 1, 16 ], "texture": "#texture" }
    }
},
{
    "__comment": "x",
    "from": [ 14, -4, 14.801 ],
    "to": [ 16, 15.5, 15.801 ],
    "rotation": { "origin": [ 14, 15.5, 14.801 ], "axis": "z", "angle": -45 },
    "faces": {
        "down":  { "uv": [ 16, 16, 14, 15 ], "texture": "#texture" },
        "up":    { "uv": [ 0, 15, 2, 16 ], "texture": "#texture" },
        "north": { "uv": [ 14, 0, 16, 16 ], "texture": "#texture" },
        "south": { "uv": [ 0, 0, 2, 16 ], "texture": "#texture" },
        "west":  { "uv": [ 15, 0, 16, 16 ], "texture": "#texture" },
        "east":  { "uv": [ 0, 0, 1, 16 ], "texture": "#texture" }
    }
},
{
    "__comment": "x",
    "from": [ 0, -5.5, 14.8 ],
    "to": [ 2, 14, 15.8 ],
    "rotation": { "origin": [ 0, 14, 14.8 ], "axis": "z", "angle": 45 },
    "faces": {
        "down":  { "uv": [ 16, 16, 14, 15 ], "texture": "#texture" },
        "up":    { "uv": [ 0, 15, 2, 16 ], "texture": "#texture" },
        "north": { "uv": [ 14, 0, 16, 16 ], "texture": "#texture" },
        "south": { "uv": [ 0, 0, 2, 16 ], "texture": "#texture" },
        "west":  { "uv": [ 15, 0, 16, 16 ], "texture": "#texture" },
        "east":  { "uv": [ 0, 0, 1, 16 ], "texture": "#texture" }
    }
},
{
    "__comment": "frame",
    "from": [ 15, 0, 0 ],
    "to": [ 16, 2, 16 ],
    "faces": {
        "down":  { "uv": [ 1, 16, 0, 0 ], "texture": "#texture" },
        "up":    { "uv": [ 15, 0, 16, 16 ], "texture": "#texture" },
        "north": { "uv": [ 0, 14, 1, 16 ], "texture": "#texture" },
        "south": { "uv": [ 15, 14, 16, 16 ], "texture": "#texture" },
        "west":  { "uv": [ 0, 14, 16, 16 ], "texture": "#texture" },
        "east":  { "uv": [ 0, 14, 16, 16 ], "texture": "#texture" }
    }
},
{
    "__comment": "frame",
    "from": [ 0, 0, 0 ],
    "to": [ 1, 2, 16 ],
    "faces": {
        "down":  { "uv": [ 16, 16, 15, 0 ], "texture": "#texture" },
        "up":    { "uv": [ 0, 0, 1, 16 ], "texture": "#texture" },
        "north": { "uv": [ 15, 14, 16, 16 ], "texture": "#texture" },
        "south": { "uv": [ 0, 14, 1, 16 ], "texture": "#texture" },
        "west":  { "uv": [ 0, 14, 16, 16 ], "texture": "#texture" },
        "east":  { "uv": [ 0, 14, 16, 16 ], "texture": "#texture" }
    }
},
{
    "__comment": "frame",
    "from": [ 1, 0, 15 ],
    "to": [ 15, 2, 16 ],
    "faces": {
        "down":  { "uv": [ 15, 16, 1, 15 ], "texture": "#texture" },
        "up":    { "uv": [ 1, 15, 15, 16 ], "texture": "#texture" },
        "north": { "uv": [ 1, 14, 15, 16 ], "texture": "#texture" },
        "south": { "uv": [ 1, 14, 15, 16 ], "texture": "#texture" },
        "west":  { "uv": [ 15, 14, 16, 16 ], "texture": "#texture" },
        "east":  { "uv": [ 0, 14, 1, 16 ], "texture": "#texture" }
    }
},
{
    "__comment": "frame",
    "from": [ 1, 0, 0 ],
    "to": [ 15, 2, 1 ],
    "faces": {
        "down":  { "uv": [ 15, 1, 1, 0 ], "texture": "#texture" },
        "up":    { "uv": [ 1, 0, 15, 1 ], "texture": "#texture" },
        "north": { "uv": [ 1, 14, 15, 16 ], "texture": "#texture" },
        "south": { "uv": [ 1, 14, 15, 16 ], "texture": "#texture" },
        "west":  { "uv": [ 0, 14, 1, 16 ], "texture": "#texture" },
        "east":  { "uv": [ 15, 14, 16, 16 ], "texture": "#texture" }
    }
},
{
    "__comment": "frame",
    "from": [ 15, 2, 15 ],
    "to": [ 16, 16, 16 ],
    "faces": {
        "down":  { "uv": [ 1, 16, 0, 15 ], "texture": "#texture" },
        "up":    { "uv": [ 15, 15, 16, 16 ], "texture": "#texture" },
        "north": { "uv": [ 0, 0, 1, 14 ], "texture": "#texture" },
        "south": { "uv": [ 15, 0, 16, 14 ], "texture": "#texture" },
        "west":  { "uv": [ 15, 0, 16, 14 ], "texture": "#texture" },
        "east":  { "uv": [ 0, 0, 1, 14 ], "texture": "#texture" }
    }
},
{
    "__comment": "frame",
    "from": [ 0, 2, 15 ],
    "to": [ 1, 16, 16 ],
    "faces": {
        "down":  { "uv": [ 16, 16, 15, 15 ], "texture": "#texture" },
        "up":    { "uv": [ 0, 15, 1, 16 ], "texture": "#texture" },
        "north": { "uv": [ 15, 0, 16, 14 ], "texture": "#texture" },
        "south": { "uv": [ 0, 0, 1, 14 ], "texture": "#texture" },
        "west":  { "uv": [ 15, 0, 16, 14 ], "texture": "#texture" },
        "east":  { "uv": [ 0, 0, 1, 14 ], "texture": "#texture" }
    }
},
{
    "__comment": "frame",
    "from": [ 15, 0.5, 0 ],
    "to": [ 16, 16, 1 ],
    "faces": {
        "down":  { "uv": [ 1, 1, 0, 0 ], "texture": "#texture" },
        "up":    { "uv": [ 15, 0, 16, 1 ], "texture": "#texture" },
        "north": { "uv": [ 0, 0, 1, 15.5 ], "texture": "#texture" },
        "south": { "uv": [ 15, 0, 16, 15.5 ], "texture": "#texture" },
        "west":  { "uv": [ 0, 0, 1, 15.5 ], "texture": "#texture" },
        "east":  { "uv": [ 15, 0, 16, 15.5 ], "texture": "#texture" }
    }
},
{
    "__comment": "frame",
    "from": [ 0, 2, 0 ],
    "to": [ 1, 16, 1 ],
    "faces": {
        "down":  { "uv": [ 16, 1, 15, 0 ], "texture": "#texture" },
        "up":    { "uv": [ 0, 0, 1, 1 ], "texture": "#texture" },
        "north": { "uv": [ 15, 0, 16, 14 ], "texture": "#texture" },
        "south": { "uv": [ 0, 0, 1, 14 ], "texture": "#texture" },
        "west":  { "uv": [ 0, 0, 1, 14 ], "texture": "#texture" },
        "east":  { "uv": [ 15, 0, 16, 14 ], "texture": "#texture" }
    }
},
{
    "__comment": "frame",
    "from": [ 1, 14.5, 0 ],
    "to": [ 15, 16, 1 ],
    "faces": {
        "down":  { "uv": [ 15, 1, 1, 0 ], "texture": "#texture" },
        "up":    { "uv": [ 1, 0, 15, 1 ], "texture": "#texture" },
        "north": { "uv": [ 1, 0, 15, 1.5 ], "texture": "#texture" },
        "south": { "uv": [ 1, 0, 15, 1.5 ], "texture": "#texture" },
        "west":  { "uv": [ 0, 0, 1, 1.5 ], "texture": "#texture" },
        "east":  { "uv": [ 15, 0, 16, 1.5 ], "texture": "#texture" }
    }
},
{
    "__comment": "frame",
    "from": [ 1, 14.5, 15 ],
    "to": [ 15, 16, 16 ],
    "faces": {
        "down":  { "uv": [ 15, 16, 1, 15 ], "texture": "#texture" },
        "up":    { "uv": [ 1, 15, 15, 16 ], "texture": "#texture" },
        "north": { "uv": [ 1, 0, 15, 1.5 ], "texture": "#texture" },
        "south": { "uv": [ 1, 0, 15, 1.5 ], "texture": "#texture" },
        "west":  { "uv": [ 15, 0, 16, 1.5 ], "texture": "#texture" },
        "east":  { "uv": [ 0, 0, 1, 1.5 ], "texture": "#texture" }
    }
},
{
    "__comment": "frame",
    "from": [ 0, 14.5, 1 ],
    "to": [ 1, 16, 15 ],
    "faces": {
        "down":  { "uv": [ 16, 15, 15, 1 ], "texture": "#texture" },
        "up":    { "uv": [ 0, 1, 1, 15 ], "texture": "#texture" },
        "north": { "uv": [ 15, 0, 16, 1.5 ], "texture": "#texture" },
        "south": { "uv": [ 0, 0, 1, 1.5 ], "texture": "#texture" },
        "west":  { "uv": [ 1, 0, 15, 1.5 ], "texture": "#texture" },
        "east":  { "uv": [ 1, 0, 15, 1.5 ], "texture": "#texture" }
    }
},
{
    "__comment": "frame",
    "from": [ 15, 14.5, 1 ],
    "to": [ 16, 16, 15 ],
    "faces": {
        "down":  { "uv": [ 1, 15, 0, 1 ], "texture": "#texture" },
        "up":    { "uv": [ 15, 1, 16, 15 ], "texture": "#texture" },
        "north": { "uv": [ 0, 0, 1, 1.5 ], "texture": "#texture" },
        "south": { "uv": [ 15, 0, 16, 1.5 ], "texture": "#texture" },
        "west":  { "uv": [ 1, 0, 15, 1.5 ], "texture": "#texture" },
        "east":  { "uv": [ 1, 0, 15, 1.5 ], "texture": "#texture" }
    }
},
{
    "__comment": "tnt",
    "from": [ 12.4874, 9, 9.5 ],
    "to": [ 14.4874, 15.5, 11.5 ],
    "rotation": { "origin": [ 12.4874, 15.5, 9.5 ], "axis": "z", "angle": -22.5 },
    "faces": {
        "down":  { "uv": [ 7.25, 15.25, 7.75, 15.75 ], "texture": "#debug" },
        "up":    { "uv": [ 7.25, 15.25, 7.75, 15.75 ], "texture": "#debug" },
        "north": { "uv": [ 7.25, 15.25, 7.75, 15.75 ], "rotation": 180, "texture": "#debug" },
        "south": { "uv": [ 7.25, 15.25, 7.75, 15.75 ], "texture": "#debug" },
        "west":  { "uv": [ 7.25, 15.25, 7.75, 15.75 ], "texture": "#debug" },
        "east":  { "uv": [ 7.25, 15.25, 7.75, 15.75 ], "texture": "#debug" }
    }
},
{
    "__comment": "wick",
    "from": [ 13.75, 14.25, 10.25 ],
    "to": [ 14.25, 16.25, 10.75 ],
    "rotation": { "origin": [ 13.75, 16.25, 10.25 ], "axis": "z", "angle": -22.5 },
    "faces": {
        "down":  { "uv": [ 0, 0, 16, 16 ], "texture": "#wool_colored_black" },
        "up":    { "uv": [ 0, 0, 16, 16 ], "texture": "#wool_colored_black" },
        "north": { "uv": [ 0, 0, 16, 16 ], "texture": "#wool_colored_black" },
        "south": { "uv": [ 0, 0, 16, 16 ], "texture": "#wool_colored_black" },
        "west":  { "uv": [ 0, 0, 16, 16 ], "texture": "#wool_colored_black" },
        "east":  { "uv": [ 0, 0, 16, 16 ], "texture": "#wool_colored_black" }
    }
},
{
    "__comment": "tnt",
    "from": [ 10.5, 10.5, 3.75 ],
    "to": [ 12.5, 15, 5.75 ],
    "rotation": { "origin": [ 10.5, 15, 3.75 ], "axis": "x", "angle": -22.5 },
    "faces": {
        "down":  { "uv": [ 7.25, 15.25, 7.75, 15.75 ], "texture": "#debug" },
        "up":    { "uv": [ 7.25, 15.25, 7.75, 15.75 ], "texture": "#debug" },
        "north": { "uv": [ 7.25, 15.25, 7.75, 15.75 ], "rotation": 180, "texture": "#debug" },
        "south": { "uv": [ 7.25, 15.25, 7.75, 15.75 ], "texture": "#debug" },
        "west":  { "uv": [ 7.25, 15.25, 7.75, 15.75 ], "texture": "#debug" },
        "east":  { "uv": [ 7.25, 15.25, 7.75, 15.75 ], "texture": "#debug" }
    }
},
{
    "__comment": "tnt",
    "from": [ 2.25, 10.75, 3 ],
    "to": [ 4.25, 15.25, 5 ],
    "rotation": { "origin": [ 2.25, 10.75, 3 ], "axis": "y", "angle": 22.5 },
    "faces": {
        "down":  { "uv": [ 7.25, 15.25, 7.75, 15.75 ], "texture": "#debug" },
        "up":    { "uv": [ 7.25, 15.25, 7.75, 15.75 ], "texture": "#debug" },
        "north": { "uv": [ 7.25, 15.25, 7.75, 15.75 ], "rotation": 180, "texture": "#debug" },
        "south": { "uv": [ 7.25, 15.25, 7.75, 15.75 ], "texture": "#debug" },
        "west":  { "uv": [ 7.25, 15.25, 7.75, 15.75 ], "texture": "#debug" },
        "east":  { "uv": [ 7.25, 15.25, 7.75, 15.75 ], "texture": "#debug" }
    }
},
{
    "__comment": "tnt",
    "from": [ 10.75, 10.625, 12.5 ],
    "to": [ 12.75, 15.125, 14.5 ],
    "rotation": { "origin": [ 10.75, 15.125, 12.5 ], "axis": "x", "angle": 45 },
    "faces": {
        "down":  { "uv": [ 7.25, 15.25, 7.75, 15.75 ], "texture": "#debug" },
        "up":    { "uv": [ 7.25, 15.25, 7.75, 15.75 ], "texture": "#debug" },
        "north": { "uv": [ 7.25, 15.25, 7.75, 15.75 ], "rotation": 180, "texture": "#debug" },
        "south": { "uv": [ 7.25, 15.25, 7.75, 15.75 ], "texture": "#debug" },
        "west":  { "uv": [ 7.25, 15.25, 7.75, 15.75 ], "texture": "#debug" },
        "east":  { "uv": [ 7.25, 15.25, 7.75, 15.75 ], "texture": "#debug" }
    }
},
{
    "__comment": "tnt",
    "from": [ 2, 10.75, 5.5 ],
    "to": [ 4, 15.25, 7.5 ],
    "rotation": { "origin": [ 2, 15.25, 5.5 ], "axis": "z", "angle": 22.5 },
    "faces": {
        "down":  { "uv": [ 7.25, 15.25, 7.75, 15.75 ], "texture": "#debug" },
        "up":    { "uv": [ 7.25, 15.25, 7.75, 15.75 ], "texture": "#debug" },
        "north": { "uv": [ 7.25, 15.25, 7.75, 15.75 ], "rotation": 180, "texture": "#debug" },
        "south": { "uv": [ 7.25, 15.25, 7.75, 15.75 ], "texture": "#debug" },
        "west":  { "uv": [ 7.25, 15.25, 7.75, 15.75 ], "texture": "#debug" },
        "east":  { "uv": [ 7.25, 15.25, 7.75, 15.75 ], "texture": "#debug" }
    }
},
{
    "__comment": "tnt",
    "from": [ 7.25, 10.75, 10.25 ],
    "to": [ 9.25, 15.25, 12.25 ],
    "rotation": { "origin": [ 7.25, 10.75, 10.25 ], "axis": "y", "angle": -22.5 },
    "faces": {
        "down":  { "uv": [ 7.25, 15.25, 7.75, 15.75 ], "texture": "#debug" },
        "up":    { "uv": [ 7.25, 15.25, 7.75, 15.75 ], "texture": "#debug" },
        "north": { "uv": [ 7.25, 15.25, 7.75, 15.75 ], "rotation": 180, "texture": "#debug" },
        "south": { "uv": [ 7.25, 15.25, 7.75, 15.75 ], "texture": "#debug" },
        "west":  { "uv": [ 7.25, 15.25, 7.75, 15.75 ], "texture": "#debug" },
        "east":  { "uv": [ 7.25, 15.25, 7.75, 15.75 ], "texture": "#debug" }
    }
},
{
    "__comment": "tnt",
    "from": [ 6.25, 10.75, 2.25 ],
    "to": [ 8.25, 15.25, 4.25 ],
    "rotation": { "origin": [ 6.25, 15.25, 2.25 ], "axis": "x", "angle": -22.5 },
    "faces": {
        "down":  { "uv": [ 7.25, 15.25, 7.75, 15.75 ], "texture": "#debug" },
        "up":    { "uv": [ 7.25, 15.25, 7.75, 15.75 ], "texture": "#debug" },
        "north": { "uv": [ 7.25, 15.25, 7.75, 15.75 ], "rotation": 180, "texture": "#debug" },
        "south": { "uv": [ 7.25, 15.25, 7.75, 15.75 ], "texture": "#debug" },
        "west":  { "uv": [ 7.25, 15.25, 7.75, 15.75 ], "texture": "#debug" },
        "east":  { "uv": [ 7.25, 15.25, 7.75, 15.75 ], "texture": "#debug" }
    }
},
{
    "__comment": "tnt",
    "from": [ 4.5, 13, 8.25 ],
    "to": [ 10.25, 15, 10.25 ],
    "rotation": { "origin": [ 4.5, 13, 8.25 ], "axis": "y", "angle": 22.5 },
    "faces": {
        "down":  { "uv": [ 7.25, 15.25, 7.75, 15.75 ], "texture": "#debug" },
        "up":    { "uv": [ 7.25, 15.25, 7.75, 15.75 ], "texture": "#debug" },
        "north": { "uv": [ 7.25, 15.25, 7.75, 15.75 ], "rotation": 180, "texture": "#debug" },
        "south": { "uv": [ 7.25, 15.25, 7.75, 15.75 ], "texture": "#debug" },
        "west":  { "uv": [ 7.25, 15.25, 7.75, 15.75 ], "texture": "#debug" },
        "east":  { "uv": [ 7.25, 15.25, 7.75, 15.75 ], "texture": "#debug" }
    }
},
{
    "__comment": "tnt",
    "from": [ 2, 10, 12.5 ],
    "to": [ 4.25, 15, 14.75 ],
    "rotation": { "origin": [ 2, 15, 12.5 ], "axis": "z", "angle": 45 },
    "faces": {
        "down":  { "uv": [ 7.25, 15.25, 7.75, 15.75 ], "texture": "#debug" },
        "up":    { "uv": [ 7.25, 15.25, 7.75, 15.75 ], "texture": "#debug" },
        "north": { "uv": [ 7.25, 15.25, 7.75, 15.75 ], "rotation": 180, "texture": "#debug" },
        "south": { "uv": [ 7.25, 15.25, 7.75, 15.75 ], "texture": "#debug" },
        "west":  { "uv": [ 7.25, 15.25, 7.75, 15.75 ], "texture": "#debug" },
        "east":  { "uv": [ 7.25, 15.25, 7.75, 15.75 ], "texture": "#debug" }
    }
},
{
    "__comment": "tnt",
    "from": [ 2, 9, 9 ],
    "to": [ 4.25, 14, 11.25 ],
    "faces": {
        "down":  { "uv": [ 7.25, 15.25, 7.75, 15.75 ], "texture": "#debug" },
        "up":    { "uv": [ 7.25, 15.25, 7.75, 15.75 ], "texture": "#debug" },
        "north": { "uv": [ 7.25, 15.25, 7.75, 15.75 ], "rotation": 180, "texture": "#debug" },
        "south": { "uv": [ 7.25, 15.25, 7.75, 15.75 ], "texture": "#debug" },
        "west":  { "uv": [ 7.25, 15.25, 7.75, 15.75 ], "texture": "#debug" },
        "east":  { "uv": [ 7.25, 15.25, 7.75, 15.75 ], "texture": "#debug" }
    }
},
{
    "__comment": "wick",
    "from": [ 2, 14.75, 13.25 ],
    "to": [ 2.5, 16.25, 13.75 ],
    "rotation": { "origin": [ 2, 16.25, 13.25 ], "axis": "z", "angle": 45 },
    "faces": {
        "down":  { "uv": [ 0, 0, 16, 16 ], "texture": "#wool_colored_black" },
        "up":    { "uv": [ 0, 0, 16, 16 ], "texture": "#wool_colored_black" },
        "north": { "uv": [ 0, 0, 16, 16 ], "texture": "#wool_colored_black" },
        "south": { "uv": [ 0, 0, 16, 16 ], "texture": "#wool_colored_black" },
        "west":  { "uv": [ 0, 0, 16, 16 ], "texture": "#wool_colored_black" },
        "east":  { "uv": [ 0, 0, 16, 16 ], "texture": "#wool_colored_black" }
    }
},
{
    "__comment": "wick",
    "from": [ 7, 15, 2.5 ],
    "to": [ 7.5, 16.5, 3 ],
    "rotation": { "origin": [ 7, 16.5, 2.5 ], "axis": "x", "angle": -22.5 },
    "faces": {
        "down":  { "uv": [ 0, 0, 16, 16 ], "texture": "#wool_colored_black" },
        "up":    { "uv": [ 0, 0, 16, 16 ], "texture": "#wool_colored_black" },
        "north": { "uv": [ 0, 0, 16, 16 ], "texture": "#wool_colored_black" },
        "south": { "uv": [ 0, 0, 16, 16 ], "texture": "#wool_colored_black" },
        "west":  { "uv": [ 0, 0, 16, 16 ], "texture": "#wool_colored_black" },
        "east":  { "uv": [ 0, 0, 16, 16 ], "texture": "#wool_colored_black" }
    }
},
{
    "__comment": "wick",
    "from": [ 2.75, 13.75, 9.75 ],
    "to": [ 3.25, 15.25, 10.25 ],
    "faces": {
        "down":  { "uv": [ 0, 0, 16, 16 ], "texture": "#wool_colored_black" },
        "up":    { "uv": [ 0, 0, 16, 16 ], "texture": "#wool_colored_black" },
        "north": { "uv": [ 0, 0, 16, 16 ], "texture": "#wool_colored_black" },
        "south": { "uv": [ 0, 0, 16, 16 ], "texture": "#wool_colored_black" },
        "west":  { "uv": [ 0, 0, 16, 16 ], "texture": "#wool_colored_black" },
        "east":  { "uv": [ 0, 0, 16, 16 ], "texture": "#wool_colored_black" }
    }
},
{
    "__comment": "wick",
    "from": [ 7.75, 14.75, 11.25 ],
    "to": [ 8.25, 16.25, 11.75 ],
    "rotation": { "origin": [ 7.75, 14.75, 11.25 ], "axis": "y", "angle": -22.5 },
    "faces": {
        "down":  { "uv": [ 0, 0, 16, 16 ], "texture": "#wool_colored_black" },
        "up":    { "uv": [ 0, 0, 16, 16 ], "texture": "#wool_colored_black" },
        "north": { "uv": [ 0, 0, 16, 16 ], "texture": "#wool_colored_black" },
        "south": { "uv": [ 0, 0, 16, 16 ], "texture": "#wool_colored_black" },
        "west":  { "uv": [ 0, 0, 16, 16 ], "texture": "#wool_colored_black" },
        "east":  { "uv": [ 0, 0, 16, 16 ], "texture": "#wool_colored_black" }
    }
},
{
    "__comment": "wick",
    "from": [ 3.25, 15, 3.25 ],
    "to": [ 3.75, 16.5, 3.75 ],
    "rotation": { "origin": [ 3.25, 15, 3.25 ], "axis": "y", "angle": 22.5 },
    "faces": {
        "down":  { "uv": [ 0, 0, 16, 16 ], "texture": "#wool_colored_black" },
        "up":    { "uv": [ 0, 0, 16, 16 ], "texture": "#wool_colored_black" },
        "north": { "uv": [ 0, 0, 16, 16 ], "texture": "#wool_colored_black" },
        "south": { "uv": [ 0, 0, 16, 16 ], "texture": "#wool_colored_black" },
        "west":  { "uv": [ 0, 0, 16, 16 ], "texture": "#wool_colored_black" },
        "east":  { "uv": [ 0, 0, 16, 16 ], "texture": "#wool_colored_black" }
    }
},
{
    "__comment": "wick",
    "from": [ 11.5, 14, 14 ],
    "to": [ 12, 15.5, 14.5 ],
    "rotation": { "origin": [ 11.5, 15.5, 14 ], "axis": "x", "angle": 45 },
    "faces": {
        "down":  { "uv": [ 0, 0, 16, 16 ], "texture": "#wool_colored_black" },
        "up":    { "uv": [ 0, 0, 16, 16 ], "texture": "#wool_colored_black" },
        "north": { "uv": [ 0, 0, 16, 16 ], "texture": "#wool_colored_black" },
        "south": { "uv": [ 0, 0, 16, 16 ], "texture": "#wool_colored_black" },
        "west":  { "uv": [ 0, 0, 16, 16 ], "texture": "#wool_colored_black" },
        "east":  { "uv": [ 0, 0, 16, 16 ], "texture": "#wool_colored_black" }
    }
},
{
    "__comment": "wick",
    "from": [ 11.25, 14.75, 4 ],
    "to": [ 11.75, 16.25, 4.5 ],
    "rotation": { "origin": [ 11.25, 16.25, 4 ], "axis": "x", "angle": -22.5 },
    "faces": {
        "down":  { "uv": [ 0, 0, 16, 16 ], "texture": "#wool_colored_black" },
        "up":    { "uv": [ 0, 0, 16, 16 ], "texture": "#wool_colored_black" },
        "north": { "uv": [ 0, 0, 16, 16 ], "texture": "#wool_colored_black" },
        "south": { "uv": [ 0, 0, 16, 16 ], "texture": "#wool_colored_black" },
        "west":  { "uv": [ 0, 0, 16, 16 ], "texture": "#wool_colored_black" },
        "east":  { "uv": [ 0, 0, 16, 16 ], "texture": "#wool_colored_black" }
    }
},
{
    "__comment": "wick",
    "from": [ 2.25, 15.25, 6.25 ],
    "to": [ 2.75, 16.75, 6.75 ],
    "rotation": { "origin": [ 2.25, 16.75, 6.25 ], "axis": "z", "angle": 22.5 },
    "faces": {
        "down":  { "uv": [ 0, 0, 16, 16 ], "texture": "#wool_colored_black" },
        "up":    { "uv": [ 0, 0, 16, 16 ], "texture": "#wool_colored_black" },
        "north": { "uv": [ 0, 0, 16, 16 ], "texture": "#wool_colored_black" },
        "south": { "uv": [ 0, 0, 16, 16 ], "texture": "#wool_colored_black" },
        "west":  { "uv": [ 0, 0, 16, 16 ], "texture": "#wool_colored_black" },
        "east":  { "uv": [ 0, 0, 16, 16 ], "texture": "#wool_colored_black" }
    }
},
{
    "__comment": "wick",
    "from": [ 4, 14, 9.25 ],
    "to": [ 6, 14.5, 9.75 ],
    "rotation": { "origin": [ 4, 14, 9.25 ], "axis": "y", "angle": 22.5 },
    "faces": {
        "down":  { "uv": [ 0, 0, 16, 16 ], "texture": "#wool_colored_black" },
        "up":    { "uv": [ 0, 0, 16, 16 ], "texture": "#wool_colored_black" },
        "north": { "uv": [ 0, 0, 16, 16 ], "texture": "#wool_colored_black" },
        "south": { "uv": [ 0, 0, 16, 16 ], "texture": "#wool_colored_black" },
        "west":  { "uv": [ 0, 0, 16, 16 ], "texture": "#wool_colored_black" },
        "east":  { "uv": [ 0, 0, 16, 16 ], "texture": "#wool_colored_black" }
    }
},
{
    "from": [ 5.5, 0, 1 ],
    "to": [ 7.5, 0.5, 15 ],
    "faces": {
        "down":  { "uv": [ 10.5, 15, 8.5, 1 ], "texture": "#texture" },
        "up":    { "uv": [ 5.5, 1, 7.5, 15 ], "texture": "#texture" },
        "north": { "uv": [ 8.5, 15.5, 10.5, 16 ], "texture": "#texture" },
        "south": { "uv": [ 5.5, 15.5, 7.5, 16 ], "texture": "#texture" },
        "west":  { "uv": [ 1, 15.5, 15, 16 ], "texture": "#texture" },
        "east":  { "uv": [ 1, 15.5, 15, 16 ], "texture": "#texture" }
    }
},
{
    "from": [ 8.25, 0, 1 ],
    "to": [ 10.25, 0.5, 15 ],
    "faces": {
        "down":  { "uv": [ 7.75, 15, 5.75, 1 ], "texture": "#texture" },
        "up":    { "uv": [ 8.25, 1, 10.25, 15 ], "texture": "#texture" },
        "north": { "uv": [ 5.75, 15.5, 7.75, 16 ], "texture": "#texture" },
        "south": { "uv": [ 8.25, 15.5, 10.25, 16 ], "texture": "#texture" },
        "west":  { "uv": [ 1, 15.5, 15, 16 ], "texture": "#texture" },
        "east":  { "uv": [ 1, 15.5, 15, 16 ], "texture": "#texture" }
    }
},
{
    "from": [ 11, 0, 1 ],
    "to": [ 13, 0.5, 15 ],
    "faces": {
        "down":  { "uv": [ 5, 15, 3, 1 ], "texture": "#texture" },
        "up":    { "uv": [ 11, 1, 13, 15 ], "texture": "#texture" },
        "north": { "uv": [ 3, 15.5, 5, 16 ], "texture": "#texture" },
        "south": { "uv": [ 11, 15.5, 13, 16 ], "texture": "#texture" },
        "west":  { "uv": [ 1, 15.5, 15, 16 ], "texture": "#texture" },
        "east":  { "uv": [ 1, 15.5, 15, 16 ], "texture": "#texture" }
    }
},
{
    "from": [ 2.75, 0, 1 ],
    "to": [ 4.75, 0.5, 15 ],
    "faces": {
        "down":  { "uv": [ 13.25, 15, 11.25, 1 ], "texture": "#texture" },
        "up":    { "uv": [ 2.75, 1, 4.75, 15 ], "texture": "#texture" },
        "north": { "uv": [ 11.25, 15.5, 13.25, 16 ], "texture": "#texture" },
        "south": { "uv": [ 2.75, 15.5, 4.75, 16 ], "texture": "#texture" },
        "west":  { "uv": [ 1, 15.5, 15, 16 ], "texture": "#texture" },
        "east":  { "uv": [ 1, 15.5, 15, 16 ], "texture": "#texture" }
    }
},
{
    "from": [ 13.75, 0, 1 ],
    "to": [ 15, 0.5, 15 ],
    "faces": {
        "down":  { "uv": [ 2.25, 15, 1, 1 ], "texture": "#texture" },
        "up":    { "uv": [ 13.75, 1, 15, 15 ], "texture": "#texture" },
        "north": { "uv": [ 1, 15.5, 2.25, 16 ], "texture": "#texture" },
        "south": { "uv": [ 13.75, 15.5, 15, 16 ], "texture": "#texture" },
        "west":  { "uv": [ 1, 15.5, 15, 16 ], "texture": "#texture" },
        "east":  { "uv": [ 1, 15.5, 15, 16 ], "texture": "#texture" }
    }
},
{
    "from": [ 1, 0, 1 ],
    "to": [ 2.25, 0.5, 15 ],
    "faces": {
        "down":  { "uv": [ 15, 15, 13.75, 1 ], "texture": "#texture" },
        "up":    { "uv": [ 1, 1, 2.25, 15 ], "texture": "#texture" },
        "north": { "uv": [ 13.75, 15.5, 15, 16 ], "texture": "#texture" },
        "south": { "uv": [ 1, 15.5, 2.25, 16 ], "texture": "#texture" },
        "west":  { "uv": [ 1, 15.5, 15, 16 ], "texture": "#texture" },
        "east":  { "uv": [ 1, 15.5, 15, 16 ], "texture": "#texture" }
    }
},
{
    "from": [ 1, 0, 1 ],
    "to": [ 2.25, 0.5, 15 ],
    "faces": {
        "down":  { "uv": [ 15, 15, 13.75, 1 ], "texture": "#texture" },
        "up":    { "uv": [ 1, 1, 2.25, 15 ], "texture": "#texture" },
        "north": { "uv": [ 13.75, 15.5, 15, 16 ], "texture": "#texture" },
        "south": { "uv": [ 1, 15.5, 2.25, 16 ], "texture": "#texture" },
        "west":  { "uv": [ 1, 15.5, 15, 16 ], "texture": "#texture" },
        "east":  { "uv": [ 1, 15.5, 15, 16 ], "texture": "#texture" }
    }
}
],
"display": {
    "thirdperson_righthand": {
        "rotation": [ 75, 45, 0 ],
        "translation": [ 0, 2.5, 0 ],
        "scale": [ 0.375, 0.375, 0.375 ]
    },
    "thirdperson_lefthand": {
        "rotation": [ 75, 45, 0 ],
        "translation": [ 0, 2.5, 0 ],
        "scale": [ 0.375, 0.375, 0.375 ]
    },
    "head": {
        "rotation": [ 0, 0, 0 ],
        "translation": [ 0, 1.51, 0 ],
        "scale": [ 1, 1, 1 ]
    },
    "ground": {
        "rotation": [ 0, 0, 0 ],
        "translation": [ 0, 3, 0 ],
        "scale": [ 0.25, 0.25, 0.25 ]
    },
    "fixed": {
        "rotation": [ 0, 0, 0 ],
        "translation": [ 0, 0, 0 ],
        "scale": [ 0.5, 0.5, 0.5 ]
    },
    "firstperson_righthand": {
        "rotation": [ 0, 45, 0 ],
        "translation": [ 0, 0, 0 ],
        "scale": [ 0.4, 0.4, 0.4 ]
    },
    "firstperson_lefthand": {
        "rotation": [ 0, 45, 0 ],
        "translation": [ 0, 0, 0 ],
        "scale": [ 0.4, 0.4, 0.4 ]
    },
    "gui": {
        "rotation": [ 30, 225, 0 ],
        "translation": [ 0, 0, 0 ],
        "scale": [ 0.625, 0.625, 0.625 ]
    }
}
}