{
"__comment": "CoolScreenName http://www.planetminecraft.com/member/coolscreenname/",
"textures": {
    "particle": "blocks/torch_on",
    "texture": "blocks/cauldron_inner",
    "log_oak": "blocks/log_oak",
    "glass_white": "blocks/glass",
    "fire_layer_0": "blocks/fire_layer_0"
},
"elements": [ 
{
    "__comment": "stick",
    "from": [ 7.25, 0, 7.25 ],
    "to": [ 8.75, 8, 8.75 ],
    "faces": {
        "down":  { "uv": [ 8.75, 8.75, 7.25, 7.25 ], "texture": "#log_oak" },
        "up":    { "uv": [ 7.25, 7.25, 8.75, 8.75 ], "texture": "#log_oak" },
        "north": { "uv": [ 0, 8, 5, 16 ], "texture": "#log_oak" },
        "south": { "uv": [ 0, 8, 5, 16 ], "texture": "#log_oak" },
        "west":  { "uv": [ 0, 8, 5, 16 ], "texture": "#log_oak" },
        "east":  { "uv": [ 0, 8, 5, 16 ], "texture": "#log_oak" }
    }
},
{
    "__comment": "border",
    "from": [ 6.75, 8, 6.75 ],
    "to": [ 9.25, 9, 9.25 ],
    "faces": {
        "down":  { "uv": [ 9.25, 9.25, 6.75, 6.75 ], "texture": "#texture" },
        "up":    { "uv": [ 6.75, 6.75, 9.25, 9.25 ], "texture": "#texture" },
        "north": { "uv": [ 6.75, 7, 9.25, 8 ], "texture": "#texture" },
        "south": { "uv": [ 6.75, 7, 9.25, 8 ], "texture": "#texture" },
        "west":  { "uv": [ 6.75, 7, 9.25, 8 ], "texture": "#texture" },
        "east":  { "uv": [ 6.75, 7, 9.25, 8 ], "texture": "#texture" }
    }
},
{
    "__comment": "border",
    "from": [ 6.75, 13.25, 6.75 ],
    "to": [ 9.25, 13.5, 9.25 ],
    "faces": {
        "down":  { "uv": [ 9.25, 9.25, 6.75, 6.75 ], "texture": "#texture" },
        "up":    { "uv": [ 6.75, 6.75, 9.25, 9.25 ], "texture": "#texture" },
        "north": { "uv": [ 6.75, 2.5, 9.25, 2.75 ], "texture": "#texture" },
        "south": { "uv": [ 6.75, 2.5, 9.25, 2.75 ], "texture": "#texture" },
        "west":  { "uv": [ 6.75, 2.5, 9.25, 2.75 ], "texture": "#texture" },
        "east":  { "uv": [ 6.75, 2.5, 9.25, 2.75 ], "texture": "#texture" }
    }
},
{
    "__comment": "light",
    "from": [ 6.75, 9, 9 ],
    "to": [ 9.25, 13, 9.25 ],
    "faces": {
        "down":  { "uv": [ 0, 0, 16, 16 ], "texture": "#glass_white" },
        "up":    { "uv": [ 0, 0, 16, 16 ], "texture": "#glass_white" },
        "north": { "uv": [ 0, 0, 16, 16 ], "texture": "#glass_white" },
        "south": { "uv": [ 0, 0, 16, 16 ], "texture": "#glass_white" },
        "west":  { "uv": [ 0, 0, 16, 16 ], "texture": "#glass_white" },
        "east":  { "uv": [ 0, 0, 16, 16 ], "texture": "#glass_white" }
    }
},
{
    "__comment": "light",
    "from": [ 6.75, 9, 6.75 ],
    "to": [ 9.25, 13, 7 ],
    "faces": {
        "down":  { "uv": [ 0, 0, 16, 16 ], "texture": "#glass_white" },
        "up":    { "uv": [ 0, 0, 16, 16 ], "texture": "#glass_white" },
        "north": { "uv": [ 0, 0, 16, 16 ], "texture": "#glass_white" },
        "south": { "uv": [ 0, 0, 16, 16 ], "texture": "#glass_white" },
        "west":  { "uv": [ 0, 0, 16, 16 ], "texture": "#glass_white" },
        "east":  { "uv": [ 0, 0, 16, 16 ], "texture": "#glass_white" }
    }
},
{
    "__comment": "light",
    "from": [ 6.75, 9.25, 7 ],
    "to": [ 7, 13, 9 ],
    "faces": {
        "down":  { "uv": [ 0, 0, 16, 16 ], "texture": "#glass_white" },
        "up":    { "uv": [ 0, 0, 16, 16 ], "texture": "#glass_white" },
        "north": { "uv": [ 0, 0, 16, 16 ], "texture": "#glass_white" },
        "south": { "uv": [ 0, 0, 16, 16 ], "texture": "#glass_white" },
        "west":  { "uv": [ 0, 0, 16, 16 ], "texture": "#glass_white" },
        "east":  { "uv": [ 0, 0, 16, 16 ], "texture": "#glass_white" }
    }
},
{
    "__comment": "light",
    "from": [ 9, 9, 7 ],
    "to": [ 9.25, 13, 9 ],
    "faces": {
        "down":  { "uv": [ 0, 0, 16, 16 ], "texture": "#glass_white" },
        "up":    { "uv": [ 0, 0, 16, 16 ], "texture": "#glass_white" },
        "north": { "uv": [ 0, 0, 16, 16 ], "texture": "#glass_white" },
        "south": { "uv": [ 0, 0, 16, 16 ], "texture": "#glass_white" },
        "west":  { "uv": [ 0, 0, 16, 16 ], "texture": "#glass_white" },
        "east":  { "uv": [ 0, 0, 16, 16 ], "texture": "#glass_white" }
    }
},
{
    "__comment": "fire",
    "from": [ 7.25, 9, 7.25 ],
    "to": [ 8.75, 13, 8.75 ],
    "faces": {
        "down":  { "uv": [ 8.75, 8.75, 7.25, 7.25 ], "texture": "#fire_layer_0" },
        "up":    { "uv": [ 7.25, 7.25, 8.75, 8.75 ], "texture": "#fire_layer_0" },
        "north": { "uv": [ 7.25, 3, 8.75, 7 ], "texture": "#fire_layer_0" },
        "south": { "uv": [ 7.25, 3, 8.75, 7 ], "texture": "#fire_layer_0" },
        "west":  { "uv": [ 7.25, 3, 8.75, 7 ], "texture": "#fire_layer_0" },
        "east":  { "uv": [ 7.25, 3, 8.75, 7 ], "texture": "#fire_layer_0" }
    }
},
{
    "__comment": "border",
    "from": [ 9, 9.25, 9 ],
    "to": [ 9.5, 12.75, 9.5 ],
    "faces": {
        "down":  { "uv": [ 7, 9.5, 6.5, 9 ], "texture": "#texture" },
        "up":    { "uv": [ 9, 9, 9.5, 9.5 ], "texture": "#texture" },
        "north": { "uv": [ 6.5, 3.25, 7, 6.75 ], "texture": "#texture" },
        "south": { "uv": [ 9, 3.25, 9.5, 6.75 ], "texture": "#texture" },
        "west":  { "uv": [ 9, 3.25, 9.5, 6.75 ], "texture": "#texture" },
        "east":  { "uv": [ 6.5, 3.25, 7, 6.75 ], "texture": "#texture" }
    }
},
{
    "__comment": "border",
    "from": [ 6.5, 9.25, 6.5 ],
    "to": [ 7, 12.75, 7 ],
    "faces": {
        "down":  { "uv": [ 9.5, 7, 9, 6.5 ], "texture": "#texture" },
        "up":    { "uv": [ 6.5, 6.5, 7, 7 ], "texture": "#texture" },
        "north": { "uv": [ 9, 3.25, 9.5, 6.75 ], "texture": "#texture" },
        "south": { "uv": [ 6.5, 3.25, 7, 6.75 ], "texture": "#texture" },
        "west":  { "uv": [ 6.5, 3.25, 7, 6.75 ], "texture": "#texture" },
        "east":  { "uv": [ 9, 3.25, 9.5, 6.75 ], "texture": "#texture" }
    }
},
{
    "__comment": "border",
    "from": [ 9, 9.25, 6.5 ],
    "to": [ 9.5, 12.75, 7 ],
    "faces": {
        "down":  { "uv": [ 7, 7, 6.5, 6.5 ], "texture": "#texture" },
        "up":    { "uv": [ 9, 6.5, 9.5, 7 ], "texture": "#texture" },
        "north": { "uv": [ 6.5, 3.25, 7, 6.75 ], "texture": "#texture" },
        "south": { "uv": [ 9, 3.25, 9.5, 6.75 ], "texture": "#texture" },
        "west":  { "uv": [ 6.5, 3.25, 7, 6.75 ], "texture": "#texture" },
        "east":  { "uv": [ 9, 3.25, 9.5, 6.75 ], "texture": "#texture" }
    }
},
{
    "__comment": "border",
    "from": [ 6.5, 9.25, 9 ],
    "to": [ 7, 12.75, 9.5 ],
    "faces": {
        "down":  { "uv": [ 9.5, 9.5, 9, 9 ], "texture": "#texture" },
        "up":    { "uv": [ 6.5, 9, 7, 9.5 ], "texture": "#texture" },
        "north": { "uv": [ 9, 3.25, 9.5, 6.75 ], "texture": "#texture" },
        "south": { "uv": [ 6.5, 3.25, 7, 6.75 ], "texture": "#texture" },
        "west":  { "uv": [ 9, 3.25, 9.5, 6.75 ], "texture": "#texture" },
        "east":  { "uv": [ 6.5, 3.25, 7, 6.75 ], "texture": "#texture" }
    }
},
{
    "__comment": "border",
    "from": [ 9.25, 8.75, 6.75 ],
    "to": [ 9.5, 9.25, 9.25 ],
    "faces": {
        "down":  { "uv": [ 6.75, 9.25, 6.5, 6.75 ], "texture": "#texture" },
        "up":    { "uv": [ 9.25, 6.75, 9.5, 9.25 ], "texture": "#texture" },
        "north": { "uv": [ 6.5, 6.75, 6.75, 7.25 ], "texture": "#texture" },
        "south": { "uv": [ 9.25, 6.75, 9.5, 7.25 ], "texture": "#texture" },
        "west":  { "uv": [ 6.75, 6.75, 9.25, 7.25 ], "texture": "#texture" },
        "east":  { "uv": [ 6.75, 6.75, 9.25, 7.25 ], "texture": "#texture" }
    }
},
{
    "__comment": "border",
    "from": [ 6.5, 8.75, 6.75 ],
    "to": [ 6.75, 9.25, 9.25 ],
    "faces": {
        "down":  { "uv": [ 9.5, 9.25, 9.25, 6.75 ], "texture": "#texture" },
        "up":    { "uv": [ 6.5, 6.75, 6.75, 9.25 ], "texture": "#texture" },
        "north": { "uv": [ 9.25, 6.75, 9.5, 7.25 ], "texture": "#texture" },
        "south": { "uv": [ 6.5, 6.75, 6.75, 7.25 ], "texture": "#texture" },
        "west":  { "uv": [ 6.75, 6.75, 9.25, 7.25 ], "texture": "#texture" },
        "east":  { "uv": [ 6.75, 6.75, 9.25, 7.25 ], "texture": "#texture" }
    }
},
{
    "__comment": "border",
    "from": [ 6.5, 12.75, 6.75 ],
    "to": [ 6.75, 13.25, 9.25 ],
    "faces": {
        "down":  { "uv": [ 9.5, 9.25, 9.25, 6.75 ], "texture": "#texture" },
        "up":    { "uv": [ 6.5, 6.75, 6.75, 9.25 ], "texture": "#texture" },
        "north": { "uv": [ 9.25, 2.75, 9.5, 3.25 ], "texture": "#texture" },
        "south": { "uv": [ 6.5, 2.75, 6.75, 3.25 ], "texture": "#texture" },
        "west":  { "uv": [ 6.75, 2.75, 9.25, 3.25 ], "texture": "#texture" },
        "east":  { "uv": [ 6.75, 2.75, 9.25, 3.25 ], "texture": "#texture" }
    }
},
{
    "__comment": "border",
    "from": [ 9.25, 12.75, 6.75 ],
    "to": [ 9.5, 13.25, 9.25 ],
    "faces": {
        "down":  { "uv": [ 6.75, 9.25, 6.5, 6.75 ], "texture": "#texture" },
        "up":    { "uv": [ 9.25, 6.75, 9.5, 9.25 ], "texture": "#texture" },
        "north": { "uv": [ 6.5, 2.75, 6.75, 3.25 ], "texture": "#texture" },
        "south": { "uv": [ 9.25, 2.75, 9.5, 3.25 ], "texture": "#texture" },
        "west":  { "uv": [ 6.75, 2.75, 9.25, 3.25 ], "texture": "#texture" },
        "east":  { "uv": [ 6.75, 2.75, 9.25, 3.25 ], "texture": "#texture" }
    }
},
{
    "__comment": "border",
    "from": [ 6.75, 12.75, 6.5 ],
    "to": [ 9.25, 13.25, 7 ],
    "faces": {
        "down":  { "uv": [ 9.25, 7, 6.75, 6.5 ], "texture": "#texture" },
        "up":    { "uv": [ 6.75, 6.5, 9.25, 7 ], "texture": "#texture" },
        "north": { "uv": [ 6.75, 2.75, 9.25, 3.25 ], "texture": "#texture" },
        "south": { "uv": [ 6.75, 2.75, 9.25, 3.25 ], "texture": "#texture" },
        "west":  { "uv": [ 6.5, 2.75, 7, 3.25 ], "texture": "#texture" },
        "east":  { "uv": [ 9, 2.75, 9.5, 3.25 ], "texture": "#texture" }
    }
},
{
    "__comment": "border",
    "from": [ 6.75, 12.75, 9 ],
    "to": [ 9.25, 13.25, 9.5 ],
    "faces": {
        "down":  { "uv": [ 9.25, 9.5, 6.75, 9 ], "texture": "#texture" },
        "up":    { "uv": [ 6.75, 9, 9.25, 9.5 ], "texture": "#texture" },
        "north": { "uv": [ 6.75, 2.75, 9.25, 3.25 ], "texture": "#texture" },
        "south": { "uv": [ 6.75, 2.75, 9.25, 3.25 ], "texture": "#texture" },
        "west":  { "uv": [ 9, 2.75, 9.5, 3.25 ], "texture": "#texture" },
        "east":  { "uv": [ 6.5, 2.75, 7, 3.25 ], "texture": "#texture" }
    }
},
{
    "__comment": "border",
    "from": [ 6.75, 8.75, 6.5 ],
    "to": [ 9.25, 9.25, 9.5 ],
    "faces": {
        "down":  { "uv": [ 9.25, 9.5, 6.75, 6.5 ], "texture": "#texture" },
        "up":    { "uv": [ 6.75, 6.5, 9.25, 9.5 ], "texture": "#texture" },
        "north": { "uv": [ 6.75, 6.75, 9.25, 7.25 ], "texture": "#texture" },
        "south": { "uv": [ 6.75, 6.75, 9.25, 7.25 ], "texture": "#texture" },
        "west":  { "uv": [ 6.5, 6.75, 9.5, 7.25 ], "texture": "#texture" },
        "east":  { "uv": [ 6.5, 6.75, 9.5, 7.25 ], "texture": "#texture" }
    }
},
{
    "__comment": "border",
    "from": [ 7.75, 7.25, 8.75 ],
    "to": [ 8.25, 8.25, 9.25 ],
    "rotation": { "origin": [ 7.75, 8.25, 8.75 ], "axis": "x", "angle": 22.5 },
    "faces": {
        "down":  { "uv": [ 10, 11, 9.5, 10.5 ], "texture": "#texture" },
        "up":    { "uv": [ 6, 10.5, 6.5, 11 ], "texture": "#texture" },
        "north": { "uv": [ 9.5, 10, 10, 11 ], "texture": "#texture" },
        "south": { "uv": [ 6, 10, 6.5, 11 ], "texture": "#texture" },
        "west":  { "uv": [ 10.5, 10, 11, 11 ], "texture": "#texture" },
        "east":  { "uv": [ 5, 10, 5.5, 11 ], "texture": "#texture" }
    }
},
{
    "__comment": "border",
    "from": [ 7.75, 7.0625, 6.8125 ],
    "to": [ 8.25, 8.0625, 7.3125 ],
    "rotation": { "origin": [ 7.75, 8.0625, 6.8125 ], "axis": "x", "angle": -22.5 },
    "faces": {
        "down":  { "uv": [ 10, 11, 9.5, 10.5 ], "texture": "#texture" },
        "up":    { "uv": [ 6, 10.5, 6.5, 11 ], "texture": "#texture" },
        "north": { "uv": [ 9.5, 10, 10, 11 ], "texture": "#texture" },
        "south": { "uv": [ 6, 10, 6.5, 11 ], "texture": "#texture" },
        "west":  { "uv": [ 10.5, 10, 11, 11 ], "texture": "#texture" },
        "east":  { "uv": [ 5, 10, 5.5, 11 ], "texture": "#texture" }
    }
},
{
    "__comment": "border",
    "from": [ 6.8125, 7.0625, 7.75 ],
    "to": [ 7.3125, 8.0625, 8.25 ],
    "rotation": { "origin": [ 6.8125, 8.0625, 7.75 ], "axis": "z", "angle": 22.5 },
    "faces": {
        "down":  { "uv": [ 10, 11, 9.5, 10.5 ], "texture": "#texture" },
        "up":    { "uv": [ 6, 10.5, 6.5, 11 ], "texture": "#texture" },
        "north": { "uv": [ 9.5, 10, 10, 11 ], "texture": "#texture" },
        "south": { "uv": [ 6, 10, 6.5, 11 ], "texture": "#texture" },
        "west":  { "uv": [ 10.5, 10, 11, 11 ], "texture": "#texture" },
        "east":  { "uv": [ 5, 10, 5.5, 11 ], "texture": "#texture" }
    }
},
{
    "__comment": "border",
    "from": [ 8.75, 7.25, 7.75 ],
    "to": [ 9.25, 8.25, 8.25 ],
    "rotation": { "origin": [ 8.75, 8.25, 7.75 ], "axis": "z", "angle": -22.5 },
    "faces": {
        "down":  { "uv": [ 10, 11, 9.5, 10.5 ], "texture": "#texture" },
        "up":    { "uv": [ 6, 10.5, 6.5, 11 ], "texture": "#texture" },
        "north": { "uv": [ 9.5, 10, 10, 11 ], "texture": "#texture" },
        "south": { "uv": [ 6, 10, 6.5, 11 ], "texture": "#texture" },
        "west":  { "uv": [ 10.5, 10, 11, 11 ], "texture": "#texture" },
        "east":  { "uv": [ 5, 10, 5.5, 11 ], "texture": "#texture" }
    }
},
{
    "from": [ 7.5, 13.5, 7.5 ],
    "to": [ 8.5, 14, 8.5 ],
    "faces": {
        "down":  { "uv": [ 8.5, 8.5, 7.5, 7.5 ], "texture": "#texture" },
        "up":    { "uv": [ 7.5, 7.5, 8.5, 8.5 ], "texture": "#texture" },
        "north": { "uv": [ 7.5, 2, 8.5, 2.5 ], "texture": "#texture" },
        "south": { "uv": [ 7.5, 2, 8.5, 2.5 ], "texture": "#texture" },
        "west":  { "uv": [ 7.5, 2, 8.5, 2.5 ], "texture": "#texture" },
        "east":  { "uv": [ 7.5, 2, 8.5, 2.5 ], "texture": "#texture" }
    }
}
],
"display": {
    "thirdperson_righthand": {
        "rotation": [ 0, -90, -1 ],
        "translation": [ 0, 3.04, -0.46 ],
        "scale": [ 0.85, 0.85, 0.85 ]
    },
    "thirdperson_lefthand": {
        "rotation": [ 0, -90, -1 ],
        "translation": [ 0, 3.04, -0.46 ],
        "scale": [ 0.85, 0.85, 0.85 ]
    },
    "head": {
        "rotation": [ 0, 0, 0 ],
        "translation": [ 0, 13.44, 0 ],
        "scale": [ 1, 1, 1 ]
    },
    "ground": {
        "rotation": [ 0, 0, 0 ],
        "translation": [ 0, 2.96, 0 ],
        "scale": [ 0.5, 0.5, 0.5 ]
    },
    "fixed": {
        "rotation": [ 0, 0, 0 ],
        "translation": [ 0, 1.92, 0 ],
        "scale": [ 1, 1, 1 ]
    },
    "firstperson_righthand": {
        "rotation": [ 0, 0, 0 ],
        "translation": [ 0, 3.84, 0 ],
        "scale": [ 0.68, 0.68, 0.52 ]
    },
    "firstperson_lefthand": {
        "rotation": [ 0, 0, 0 ],
        "translation": [ 0.96, 3.84, 0 ],
        "scale": [ 0.68, 0.68, 0.52 ]
    },
    "gui": {
        "rotation": [ 30, 152, 0 ],
        "translation": [ 0, 0.96, 0 ],
        "scale": [ 0.78, 0.78, 0.78 ]
    }
}
}