{
"__comment": "CoolScreenName http://www.planetminecraft.com/member/coolscreenname/",
"textures": {
    "particle": "blocks/torch_on",
    "texture": "blocks/cauldron_inner",
    "log_oak": "blocks/log_oak",
    "glass_white": "blocks/glass_white",
    "fire_layer_0": "blocks/fire_layer_0",
    "iron_block": "blocks/iron_block",
    "cauldron_inner": "blocks/cauldron_inner"
},
"elements": [ 
{
    "__comment": "stick",
    "from": [ 3.25, 4, 7.25 ],
    "to": [ 4.75, 11, 8.75 ],
    "faces": {
        "down":  { "uv": [ 8, 6, 11, 9 ], "texture": "#log_oak" },
        "up":    { "uv": [ 8, 6, 11, 9 ], "texture": "#log_oak" },
        "north": { "uv": [ 0, 8, 5, 16 ], "texture": "#log_oak" },
        "south": { "uv": [ 0, 8, 5, 16 ], "texture": "#log_oak" },
        "west":  { "uv": [ 0, 8, 5, 16 ], "texture": "#log_oak" },
        "east":  { "uv": [ 0, 8, 5, 16 ], "texture": "#log_oak" }
    }
},
{
    "__comment": "border",
    "from": [ 2.75, 11, 6.75 ],
    "to": [ 5.25, 12, 9.25 ],
    "faces": {
        "down":  { "uv": [ 13.25, 9.25, 10.75, 6.75 ], "texture": "#texture" },
        "up":    { "uv": [ 2.75, 6.75, 5.25, 9.25 ], "texture": "#texture" },
        "north": { "uv": [ 10.75, 4, 13.25, 5 ], "texture": "#texture" },
        "south": { "uv": [ 2.75, 4, 5.25, 5 ], "texture": "#texture" },
        "west":  { "uv": [ 6.75, 4, 9.25, 5 ], "texture": "#texture" },
        "east":  { "uv": [ 6.75, 4, 9.25, 5 ], "texture": "#texture" }
    }
},
{
    "__comment": "border",
    "from": [ 2.75, 16.25, 6.75 ],
    "to": [ 5.25, 16.5, 9.25 ],
    "faces": {
        "down":  { "uv": [ 13.25, 9.25, 10.75, 6.75 ], "texture": "#texture" },
        "up":    { "uv": [ 2.75, 6.75, 5.25, 9.25 ], "texture": "#texture" },
        "north": { "uv": [ 10.75, 0, 13.25, 0 ], "texture": "#texture" },
        "south": { "uv": [ 2.75, 0, 5.25, 0 ], "texture": "#texture" },
        "west":  { "uv": [ 6.75, 0, 9.25, 0 ], "texture": "#texture" },
        "east":  { "uv": [ 6.75, 0, 9.25, 0 ], "texture": "#texture" }
    }
},
{
    "__comment": "light",
    "from": [ 2.75, 12, 9 ],
    "to": [ 5.25, 16, 9.25 ],
    "faces": {
        "down":  { "uv": [ 0, 0, 16, 16 ], "texture": "#glass_white" },
        "up":    { "uv": [ 0, 0, 16, 16 ], "texture": "#glass_white" },
        "north": { "uv": [ 0, 0, 16, 16 ], "texture": "#glass_white" },
        "south": { "uv": [ 0, 0, 16, 16 ], "texture": "#glass_white" },
        "west":  { "uv": [ 0, 0, 16, 16 ], "texture": "#glass_white" },
        "east":  { "uv": [ 0, 0, 16, 16 ], "texture": "#glass_white" }
    }
},
{
    "__comment": "light",
    "from": [ 2.75, 12, 6.75 ],
    "to": [ 5.25, 16, 7 ],
    "faces": {
        "down":  { "uv": [ 0, 0, 16, 16 ], "texture": "#glass_white" },
        "up":    { "uv": [ 0, 0, 16, 16 ], "texture": "#glass_white" },
        "north": { "uv": [ 0, 0, 16, 16 ], "texture": "#glass_white" },
        "south": { "uv": [ 0, 0, 16, 16 ], "texture": "#glass_white" },
        "west":  { "uv": [ 0, 0, 16, 16 ], "texture": "#glass_white" },
        "east":  { "uv": [ 0, 0, 16, 16 ], "texture": "#glass_white" }
    }
},
{
    "__comment": "light",
    "from": [ 2.75, 12.25, 7 ],
    "to": [ 3, 16, 9 ],
    "faces": {
        "down":  { "uv": [ 0, 0, 16, 16 ], "texture": "#glass_white" },
        "up":    { "uv": [ 0, 0, 16, 16 ], "texture": "#glass_white" },
        "north": { "uv": [ 0, 0, 16, 16 ], "texture": "#glass_white" },
        "south": { "uv": [ 0, 0, 16, 16 ], "texture": "#glass_white" },
        "west":  { "uv": [ 0, 0, 16, 16 ], "texture": "#glass_white" },
        "east":  { "uv": [ 0, 0, 16, 16 ], "texture": "#glass_white" }
    }
},
{
    "__comment": "light",
    "from": [ 5, 12, 7 ],
    "to": [ 5.25, 16, 9 ],
    "faces": {
        "down":  { "uv": [ 0, 0, 16, 16 ], "texture": "#glass_white" },
        "up":    { "uv": [ 0, 0, 16, 16 ], "texture": "#glass_white" },
        "north": { "uv": [ 0, 0, 16, 16 ], "texture": "#glass_white" },
        "south": { "uv": [ 0, 0, 16, 16 ], "texture": "#glass_white" },
        "west":  { "uv": [ 0, 0, 16, 16 ], "texture": "#glass_white" },
        "east":  { "uv": [ 0, 0, 16, 16 ], "texture": "#glass_white" }
    }
},
{
    "__comment": "fire",
    "from": [ 3.25, 12, 7.25 ],
    "to": [ 4.75, 16, 8.75 ],
    "faces": {
        "down":  { "uv": [ 12.5, 9.75, 11, 8.25 ], "texture": "#fire_layer_0" },
        "up":    { "uv": [ 3.25, 7.25, 4.75, 8.75 ], "texture": "#fire_layer_0" },
        "north": { "uv": [ 5.5, 6.25, 7, 10.25 ], "texture": "#fire_layer_0" },
        "south": { "uv": [ 5.5, 6.25, 7, 10.25 ], "texture": "#fire_layer_0" },
        "west":  { "uv": [ 7.25, 6.75, 8.75, 10.75 ], "texture": "#fire_layer_0" },
        "east":  { "uv": [ 7.25, 6.75, 8.75, 10.75 ], "texture": "#fire_layer_0" }
    }
},
{
    "__comment": "border",
    "from": [ 5, 12.25, 9 ],
    "to": [ 5.5, 15.75, 9.5 ],
    "faces": {
        "down":  { "uv": [ 11, 9.5, 10.5, 9 ], "texture": "#texture" },
        "up":    { "uv": [ 5, 9, 5.5, 9.5 ], "texture": "#texture" },
        "north": { "uv": [ 10.5, 0.25, 11, 3.75 ], "texture": "#texture" },
        "south": { "uv": [ 5, 0.25, 5.5, 3.75 ], "texture": "#texture" },
        "west":  { "uv": [ 9, 0.25, 9.5, 3.75 ], "texture": "#texture" },
        "east":  { "uv": [ 6.5, 0.25, 7, 3.75 ], "texture": "#texture" }
    }
},
{
    "__comment": "border",
    "from": [ 2.5, 12.25, 6.5 ],
    "to": [ 3, 15.75, 7 ],
    "faces": {
        "down":  { "uv": [ 13.5, 7, 13, 6.5 ], "texture": "#texture" },
        "up":    { "uv": [ 2.5, 6.5, 3, 7 ], "texture": "#texture" },
        "north": { "uv": [ 13, 0.25, 13.5, 3.75 ], "texture": "#texture" },
        "south": { "uv": [ 2.5, 0.25, 3, 3.75 ], "texture": "#texture" },
        "west":  { "uv": [ 6.5, 0.25, 7, 3.75 ], "texture": "#texture" },
        "east":  { "uv": [ 9, 0.25, 9.5, 3.75 ], "texture": "#texture" }
    }
},
{
    "__comment": "border",
    "from": [ 5, 12.25, 6.5 ],
    "to": [ 5.5, 15.75, 7 ],
    "faces": {
        "down":  { "uv": [ 11, 7, 10.5, 6.5 ], "texture": "#texture" },
        "up":    { "uv": [ 5, 6.5, 5.5, 7 ], "texture": "#texture" },
        "north": { "uv": [ 10.5, 0.25, 11, 3.75 ], "texture": "#texture" },
        "south": { "uv": [ 5, 0.25, 5.5, 3.75 ], "texture": "#texture" },
        "west":  { "uv": [ 6.5, 0.25, 7, 3.75 ], "texture": "#texture" },
        "east":  { "uv": [ 9, 0.25, 9.5, 3.75 ], "texture": "#texture" }
    }
},
{
    "__comment": "border",
    "from": [ 2.5, 12.25, 9 ],
    "to": [ 3, 15.75, 9.5 ],
    "faces": {
        "down":  { "uv": [ 13.5, 9.5, 13, 9 ], "texture": "#texture" },
        "up":    { "uv": [ 2.5, 9, 3, 9.5 ], "texture": "#texture" },
        "north": { "uv": [ 13, 0.25, 13.5, 3.75 ], "texture": "#texture" },
        "south": { "uv": [ 2.5, 0.25, 3, 3.75 ], "texture": "#texture" },
        "west":  { "uv": [ 9, 0.25, 9.5, 3.75 ], "texture": "#texture" },
        "east":  { "uv": [ 6.5, 0.25, 7, 3.75 ], "texture": "#texture" }
    }
},
{
    "__comment": "border",
    "from": [ 5.25, 11.75, 6.75 ],
    "to": [ 5.5, 12.25, 9.25 ],
    "faces": {
        "down":  { "uv": [ 10.75, 9.25, 10.5, 6.75 ], "texture": "#texture" },
        "up":    { "uv": [ 5.25, 6.75, 5.5, 9.25 ], "texture": "#texture" },
        "north": { "uv": [ 10.5, 3.75, 10.75, 4.25 ], "texture": "#texture" },
        "south": { "uv": [ 5.25, 3.75, 5.5, 4.25 ], "texture": "#texture" },
        "west":  { "uv": [ 6.75, 3.75, 9.25, 4.25 ], "texture": "#texture" },
        "east":  { "uv": [ 6.75, 3.75, 9.25, 4.25 ], "texture": "#texture" }
    }
},
{
    "__comment": "border",
    "from": [ 2.5, 11.75, 6.75 ],
    "to": [ 2.75, 12.25, 9.25 ],
    "faces": {
        "down":  { "uv": [ 13.5, 9.25, 13.25, 6.75 ], "texture": "#texture" },
        "up":    { "uv": [ 2.5, 6.75, 2.75, 9.25 ], "texture": "#texture" },
        "north": { "uv": [ 13.25, 3.75, 13.5, 4.25 ], "texture": "#texture" },
        "south": { "uv": [ 2.5, 3.75, 2.75, 4.25 ], "texture": "#texture" },
        "west":  { "uv": [ 6.75, 3.75, 9.25, 4.25 ], "texture": "#texture" },
        "east":  { "uv": [ 6.75, 3.75, 9.25, 4.25 ], "texture": "#texture" }
    }
},
{
    "__comment": "border",
    "from": [ 2.5, 15.75, 6.75 ],
    "to": [ 2.75, 16.25, 9.25 ],
    "faces": {
        "down":  { "uv": [ 13.5, 9.25, 13.25, 6.75 ], "texture": "#texture" },
        "up":    { "uv": [ 2.5, 6.75, 2.75, 9.25 ], "texture": "#texture" },
        "north": { "uv": [ 13.25, 0, 13.5, 0.25 ], "texture": "#texture" },
        "south": { "uv": [ 2.5, 0, 2.75, 0.25 ], "texture": "#texture" },
        "west":  { "uv": [ 6.75, 0, 9.25, 0.25 ], "texture": "#texture" },
        "east":  { "uv": [ 6.75, 0, 9.25, 0.25 ], "texture": "#texture" }
    }
},
{
    "__comment": "border",
    "from": [ 5.25, 15.75, 6.75 ],
    "to": [ 5.5, 16.25, 9.25 ],
    "faces": {
        "down":  { "uv": [ 10.75, 9.25, 10.5, 6.75 ], "texture": "#texture" },
        "up":    { "uv": [ 5.25, 6.75, 5.5, 9.25 ], "texture": "#texture" },
        "north": { "uv": [ 10.5, 0, 10.75, 0.25 ], "texture": "#texture" },
        "south": { "uv": [ 5.25, 0, 5.5, 0.25 ], "texture": "#texture" },
        "west":  { "uv": [ 6.75, 0, 9.25, 0.25 ], "texture": "#texture" },
        "east":  { "uv": [ 6.75, 0, 9.25, 0.25 ], "texture": "#texture" }
    }
},
{
    "__comment": "border",
    "from": [ 2.75, 15.75, 6.5 ],
    "to": [ 5.25, 16.25, 7 ],
    "faces": {
        "down":  { "uv": [ 13.25, 7, 10.75, 6.5 ], "texture": "#texture" },
        "up":    { "uv": [ 2.75, 6.5, 5.25, 7 ], "texture": "#texture" },
        "north": { "uv": [ 10.75, 0, 13.25, 0.25 ], "texture": "#texture" },
        "south": { "uv": [ 2.75, 0, 5.25, 0.25 ], "texture": "#texture" },
        "west":  { "uv": [ 6.5, 0, 7, 0.25 ], "texture": "#texture" },
        "east":  { "uv": [ 9, 0, 9.5, 0.25 ], "texture": "#texture" }
    }
},
{
    "__comment": "border",
    "from": [ 2.75, 15.75, 9 ],
    "to": [ 5.25, 16.25, 9.5 ],
    "faces": {
        "down":  { "uv": [ 13.25, 9.5, 10.75, 9 ], "texture": "#texture" },
        "up":    { "uv": [ 2.75, 9, 5.25, 9.5 ], "texture": "#texture" },
        "north": { "uv": [ 10.75, 0, 13.25, 0.25 ], "texture": "#texture" },
        "south": { "uv": [ 2.75, 0, 5.25, 0.25 ], "texture": "#texture" },
        "west":  { "uv": [ 9, 0, 9.5, 0.25 ], "texture": "#texture" },
        "east":  { "uv": [ 6.5, 0, 7, 0.25 ], "texture": "#texture" }
    }
},
{
    "__comment": "border",
    "from": [ 2.75, 11.75, 6.5 ],
    "to": [ 5.25, 12.25, 9.5 ],
    "faces": {
        "down":  { "uv": [ 13.25, 9.5, 10.75, 6.5 ], "texture": "#texture" },
        "up":    { "uv": [ 2.75, 6.5, 5.25, 9.5 ], "texture": "#texture" },
        "north": { "uv": [ 10.75, 3.75, 13.25, 4.25 ], "texture": "#texture" },
        "south": { "uv": [ 2.75, 3.75, 5.25, 4.25 ], "texture": "#texture" },
        "west":  { "uv": [ 6.5, 3.75, 9.5, 4.25 ], "texture": "#texture" },
        "east":  { "uv": [ 6.5, 3.75, 9.5, 4.25 ], "texture": "#texture" }
    }
},
{
    "__comment": "border",
    "from": [ 3.75, 10.25, 8.75 ],
    "to": [ 4.25, 11.25, 9.25 ],
    "rotation": { "origin": [ 3.75, 11.25, 8.75 ], "axis": "x", "angle": 22.5 },
    "faces": {
        "down":  { "uv": [ 10, 11, 9.5, 10.5 ], "texture": "#texture" },
        "up":    { "uv": [ 6, 10.5, 6.5, 11 ], "texture": "#texture" },
        "north": { "uv": [ 9.5, 10, 10, 11 ], "texture": "#texture" },
        "south": { "uv": [ 6, 10, 6.5, 11 ], "texture": "#texture" },
        "west":  { "uv": [ 10.5, 10, 11, 11 ], "texture": "#texture" },
        "east":  { "uv": [ 5, 10, 5.5, 11 ], "texture": "#texture" }
    }
},
{
    "__comment": "border",
    "from": [ 3.75, 10.0625, 6.8125 ],
    "to": [ 4.25, 11.0625, 7.3125 ],
    "rotation": { "origin": [ 3.75, 11.0625, 6.8125 ], "axis": "x", "angle": -22.5 },
    "faces": {
        "down":  { "uv": [ 10, 11, 9.5, 10.5 ], "texture": "#texture" },
        "up":    { "uv": [ 6, 10.5, 6.5, 11 ], "texture": "#texture" },
        "north": { "uv": [ 9.5, 10, 10, 11 ], "texture": "#texture" },
        "south": { "uv": [ 6, 10, 6.5, 11 ], "texture": "#texture" },
        "west":  { "uv": [ 10.5, 10, 11, 11 ], "texture": "#texture" },
        "east":  { "uv": [ 5, 10, 5.5, 11 ], "texture": "#texture" }
    }
},
{
    "__comment": "border",
    "from": [ 2.8125, 10.0625, 7.75 ],
    "to": [ 3.3125, 11.0625, 8.25 ],
    "rotation": { "origin": [ 2.8125, 11.0625, 7.75 ], "axis": "z", "angle": 22.5 },
    "faces": {
        "down":  { "uv": [ 10, 11, 9.5, 10.5 ], "texture": "#texture" },
        "up":    { "uv": [ 6, 10.5, 6.5, 11 ], "texture": "#texture" },
        "north": { "uv": [ 9.5, 10, 10, 11 ], "texture": "#texture" },
        "south": { "uv": [ 6, 10, 6.5, 11 ], "texture": "#texture" },
        "west":  { "uv": [ 10.5, 10, 11, 11 ], "texture": "#texture" },
        "east":  { "uv": [ 5, 10, 5.5, 11 ], "texture": "#texture" }
    }
},
{
    "__comment": "border",
    "from": [ 4.75, 10.25, 7.75 ],
    "to": [ 5.25, 11.25, 8.25 ],
    "rotation": { "origin": [ 4.75, 11.25, 7.75 ], "axis": "z", "angle": -22.5 },
    "faces": {
        "down":  { "uv": [ 10, 11, 9.5, 10.5 ], "texture": "#texture" },
        "up":    { "uv": [ 6, 10.5, 6.5, 11 ], "texture": "#texture" },
        "north": { "uv": [ 9.5, 10, 10, 11 ], "texture": "#texture" },
        "south": { "uv": [ 6, 10, 6.5, 11 ], "texture": "#texture" },
        "west":  { "uv": [ 10.5, 10, 11, 11 ], "texture": "#texture" },
        "east":  { "uv": [ 5, 10, 5.5, 11 ], "texture": "#texture" }
    }
},
{
    "from": [ 0, 4, 5.5 ],
    "to": [ 0.75, 11, 10.5 ],
    "faces": {
        "down":  { "uv": [ 16, 10.5, 15.25, 5.5 ], "texture": "#cauldron_inner" },
        "up":    { "uv": [ 0, 5.5, 0.75, 10.5 ], "texture": "#cauldron_inner" },
        "north": { "uv": [ 15.25, 5, 16, 12 ], "texture": "#cauldron_inner" },
        "south": { "uv": [ 0, 5, 0.75, 12 ], "texture": "#cauldron_inner" },
        "west":  { "uv": [ 5.5, 5, 10.5, 12 ], "texture": "#cauldron_inner" },
        "east":  { "uv": [ 5.5, 5, 10.5, 12 ], "texture": "#cauldron_inner" }
    }
},
{
    "from": [ 0.5, 7.5, 7.5 ],
    "to": [ 3.25, 8.5, 8.5 ],
    "faces": {
        "down":  { "uv": [ 15.5, 8.5, 12.75, 7.5 ], "texture": "#cauldron_inner" },
        "up":    { "uv": [ 0.5, 7.5, 3.25, 8.5 ], "texture": "#cauldron_inner" },
        "north": { "uv": [ 12.75, 7.5, 15.5, 8.5 ], "texture": "#cauldron_inner" },
        "south": { "uv": [ 0.5, 7.5, 3.25, 8.5 ], "texture": "#cauldron_inner" },
        "west":  { "uv": [ 7.5, 7.5, 8.5, 8.5 ], "texture": "#cauldron_inner" },
        "east":  { "uv": [ 7.5, 7.5, 8.5, 8.5 ], "texture": "#cauldron_inner" }
    }
},
{
    "from": [ 3, 7, 7 ],
    "to": [ 5, 8.75, 9 ],
    "faces": {
        "down":  { "uv": [ 13, 9, 11, 7 ], "texture": "#cauldron_inner" },
        "up":    { "uv": [ 3, 7, 5, 9 ], "texture": "#cauldron_inner" },
        "north": { "uv": [ 11, 7.25, 13, 9 ], "texture": "#cauldron_inner" },
        "south": { "uv": [ 3, 7.25, 5, 9 ], "texture": "#cauldron_inner" },
        "west":  { "uv": [ 7, 7.25, 9, 9 ], "texture": "#cauldron_inner" },
        "east":  { "uv": [ 7, 7.25, 9, 9 ], "texture": "#cauldron_inner" }
    }
},
{
    "from": [ 0.5, 5, 9 ],
    "to": [ 1, 5.5, 9.5 ],
    "faces": {
        "down":  { "uv": [ 15.5, 9.5, 15, 9 ], "texture": "#iron_block" },
        "up":    { "uv": [ 0.5, 9, 1, 9.5 ], "texture": "#iron_block" },
        "north": { "uv": [ 15, 10.5, 15.5, 11 ], "texture": "#iron_block" },
        "south": { "uv": [ 0.5, 10.5, 1, 11 ], "texture": "#iron_block" },
        "west":  { "uv": [ 9, 10.5, 9.5, 11 ], "texture": "#iron_block" },
        "east":  { "uv": [ 6.5, 10.5, 7, 11 ], "texture": "#iron_block" }
    }
},
{
    "from": [ 0.5, 5, 6.5 ],
    "to": [ 1, 5.5, 7 ],
    "faces": {
        "down":  { "uv": [ 15.5, 7, 15, 6.5 ], "texture": "#iron_block" },
        "up":    { "uv": [ 0.5, 6.5, 1, 7 ], "texture": "#iron_block" },
        "north": { "uv": [ 15, 10.5, 15.5, 11 ], "texture": "#iron_block" },
        "south": { "uv": [ 0.5, 10.5, 1, 11 ], "texture": "#iron_block" },
        "west":  { "uv": [ 6.5, 10.5, 7, 11 ], "texture": "#iron_block" },
        "east":  { "uv": [ 9, 10.5, 9.5, 11 ], "texture": "#iron_block" }
    }
},
{
    "from": [ 0.5, 5, 6.5 ],
    "to": [ 1, 5.5, 7 ],
    "faces": {
        "down":  { "uv": [ 15.5, 7, 15, 6.5 ], "texture": "#iron_block" },
        "up":    { "uv": [ 0.5, 6.5, 1, 7 ], "texture": "#iron_block" },
        "north": { "uv": [ 15, 10.5, 15.5, 11 ], "texture": "#iron_block" },
        "south": { "uv": [ 0.5, 10.5, 1, 11 ], "texture": "#iron_block" },
        "west":  { "uv": [ 6.5, 10.5, 7, 11 ], "texture": "#iron_block" },
        "east":  { "uv": [ 9, 10.5, 9.5, 11 ], "texture": "#iron_block" }
    }
},
{
    "from": [ 0.5, 9.5, 9 ],
    "to": [ 1, 10, 9.5 ],
    "faces": {
        "down":  { "uv": [ 15.5, 9.5, 15, 9 ], "texture": "#iron_block" },
        "up":    { "uv": [ 0.5, 9, 1, 9.5 ], "texture": "#iron_block" },
        "north": { "uv": [ 15, 6, 15.5, 6.5 ], "texture": "#iron_block" },
        "south": { "uv": [ 0.5, 6, 1, 6.5 ], "texture": "#iron_block" },
        "west":  { "uv": [ 9, 6, 9.5, 6.5 ], "texture": "#iron_block" },
        "east":  { "uv": [ 6.5, 6, 7, 6.5 ], "texture": "#iron_block" }
    }
},
{
    "from": [ 0.5, 9.5, 6.5 ],
    "to": [ 1, 10, 7 ],
    "faces": {
        "down":  { "uv": [ 15.5, 7, 15, 6.5 ], "texture": "#iron_block" },
        "up":    { "uv": [ 0.5, 6.5, 1, 7 ], "texture": "#iron_block" },
        "north": { "uv": [ 15, 6, 15.5, 6.5 ], "texture": "#iron_block" },
        "south": { "uv": [ 0.5, 6, 1, 6.5 ], "texture": "#iron_block" },
        "west":  { "uv": [ 6.5, 6, 7, 6.5 ], "texture": "#iron_block" },
        "east":  { "uv": [ 9, 6, 9.5, 6.5 ], "texture": "#iron_block" }
    }
},
{
    "from": [ 3.5, 16.5, 7.5 ],
    "to": [ 4.5, 17, 8.5 ],
    "faces": {
        "down":  { "uv": [ 12.5, 8.5, 11.5, 7.5 ], "texture": "#texture" },
        "up":    { "uv": [ 3.5, 7.5, 4.5, 8.5 ], "texture": "#texture" },
        "north": { "uv": [ 11.5, 0, 12.5, 0 ], "texture": "#texture" },
        "south": { "uv": [ 3.5, 0, 4.5, 0 ], "texture": "#texture" },
        "west":  { "uv": [ 7.5, 0, 8.5, 0 ], "texture": "#texture" },
        "east":  { "uv": [ 7.5, 0, 8.5, 0 ], "texture": "#texture" }
    }
}
],
"display": {
    "thirdperson_righthand": {
        "rotation": [ 0, -90, -1 ],
        "translation": [ 0, 3.04, -0.46 ],
        "scale": [ 0.85, 0.85, 0.85 ]
    },
    "thirdperson_lefthand": {
        "rotation": [ 0, -90, -1 ],
        "translation": [ 0, 3.04, -0.46 ],
        "scale": [ 0.85, 0.85, 0.85 ]
    },
    "head": {
        "rotation": [ 0, 0, 0 ],
        "translation": [ 0, 13.44, 0 ],
        "scale": [ 1, 1, 1 ]
    },
    "ground": {
        "rotation": [ 0, 0, 0 ],
        "translation": [ 0, 2.96, 0 ],
        "scale": [ 0.5, 0.5, 0.5 ]
    },
    "fixed": {
        "rotation": [ 0, 0, 0 ],
        "translation": [ 0, 1.92, 0 ],
        "scale": [ 1, 1, 1 ]
    },
    "firstperson_righthand": {
        "rotation": [ 0, 0, 0 ],
        "translation": [ 0, 3.84, 0 ],
        "scale": [ 0.68, 0.68, 0.52 ]
    },
    "firstperson_lefthand": {
        "rotation": [ 0, 0, 0 ],
        "translation": [ 0.96, 3.84, 0 ],
        "scale": [ 0.68, 0.68, 0.52 ]
    },
    "gui": {
        "rotation": [ 30, 152, 0 ],
        "translation": [ 0, 0.96, 0 ],
        "scale": [ 0.78, 0.78, 0.78 ]
    }
}
}