{
"textures": {
    "particle": "blocks/trapdoor",
    "texture": "blocks/planks_oak",
    "glass": "blocks/glass",
    "log_oak": "blocks/log_oak",
    "cauldron_inner": "blocks/cauldron_inner"
},
"elements": [ 
{
    "from": [ 0.5, 14, 13 ],
    "to": [ 15.5, 15.5, 16 ],
    "faces": {
        "down":  { "uv": [ 15.5, 16, 0.5, 13 ], "texture": "#texture", "cullface": "down" },
        "up":    { "uv": [ 0.5, 13, 15.5, 16 ], "texture": "#texture", "cullface": "up" },
        "north": { "uv": [ 0.5, 0.5, 15.5, 2 ], "texture": "#texture" },
        "south": { "uv": [ 0.5, 0.5, 15.5, 2 ], "texture": "#texture", "cullface": "south" },
        "west":  { "uv": [ 13, 0.5, 16, 2 ], "texture": "#texture", "cullface": "west" },
        "east":  { "uv": [ 0, 0.5, 3, 2 ], "texture": "#texture", "cullface": "east" }
    }
},
{
    "from": [ 0.5, 0.5, 13 ],
    "to": [ 15.5, 2, 16 ],
    "faces": {
        "down":  { "uv": [ 15.5, 16, 0.5, 13 ], "texture": "#texture" },
        "up":    { "uv": [ 0.5, 13, 15.5, 16 ], "texture": "#texture" },
        "north": { "uv": [ 0.5, 14, 15.5, 15.5 ], "texture": "#texture" },
        "south": { "uv": [ 0.5, 14, 15.5, 15.5 ], "texture": "#texture" },
        "west":  { "uv": [ 13, 14, 16, 15.5 ], "texture": "#texture" },
        "east":  { "uv": [ 0, 14, 3, 15.5 ], "texture": "#texture" }
    }
},
{
    "from": [ 0.5, 2, 13 ],
    "to": [ 2, 14, 16 ],
    "faces": {
        "down":  { "uv": [ 15.5, 16, 14, 13 ], "texture": "#texture" },
        "up":    { "uv": [ 0.5, 13, 2, 16 ], "texture": "#texture" },
        "north": { "uv": [ 14, 2, 15.5, 14 ], "texture": "#texture" },
        "south": { "uv": [ 0.5, 2, 2, 14 ], "texture": "#texture" },
        "west":  { "uv": [ 13, 2, 16, 14 ], "texture": "#texture" },
        "east":  { "uv": [ 0, 2, 3, 14 ], "texture": "#texture" }
    }
},
{
    "from": [ 14, 2, 13 ],
    "to": [ 15.5, 14, 16 ],
    "faces": {
        "down":  { "uv": [ 2, 16, 0.5, 13 ], "texture": "#texture" },
        "up":    { "uv": [ 14, 13, 15.5, 16 ], "texture": "#texture" },
        "north": { "uv": [ 0.5, 2, 2, 14 ], "texture": "#texture" },
        "south": { "uv": [ 14, 2, 15.5, 14 ], "texture": "#texture" },
        "west":  { "uv": [ 13, 2, 16, 14 ], "texture": "#texture" },
        "east":  { "uv": [ 0, 2, 3, 14 ], "texture": "#texture" }
    }
},
{
    "from": [ 2, 13.4375, 14.5625 ],
    "to": [ 14, 15.4375, 16.5625 ],
    "rotation": { "origin": [ 2, 15.4375, 14.5625 ], "axis": "x", "angle": 45 },
    "faces": {
        "down":  { "uv": [ 14, 16, 2, 14.5625 ], "texture": "#texture" },
        "up":    { "uv": [ 2, 14.5625, 14, 16 ], "texture": "#texture" },
        "north": { "uv": [ 2, 0.5625, 14, 2.5625 ], "texture": "#texture" },
        "south": { "uv": [ 2, 0.5625, 14, 2.5625 ], "texture": "#texture" },
        "west":  { "uv": [ 14.5625, 0.5625, 16, 2.5625 ], "texture": "#texture" },
        "east":  { "uv": [ 0, 0.5625, 1.4375, 2.5625 ], "texture": "#texture" }
    }
},
{
    "from": [ 2, 2.22045e-016, 13.0625 ],
    "to": [ 14, 2, 15.0625 ],
    "rotation": { "origin": [ 2, 2, 13.0625 ], "axis": "x", "angle": -45 },
    "faces": {
        "down":  { "uv": [ 14, 15.0625, 2, 13.0625 ], "texture": "#texture" },
        "up":    { "uv": [ 2, 13.0625, 14, 15.0625 ], "texture": "#texture" },
        "north": { "uv": [ 2, 14, 14, 16 ], "texture": "#texture" },
        "south": { "uv": [ 2, 14, 14, 16 ], "texture": "#texture" },
        "west":  { "uv": [ 13.0625, 14, 15.0625, 16 ], "texture": "#texture" },
        "east":  { "uv": [ 0.9375, 14, 2.9375, 16 ], "texture": "#texture" }
    }
},
{
    "from": [ 2.5, 6, 13.125 ],
    "to": [ 14, 8, 15.125 ],
    "rotation": { "origin": [ 2.5, 8, 13.125 ], "axis": "x", "angle": -45 },
    "faces": {
        "down":  { "uv": [ 13.5, 15.125, 2, 13.125 ], "texture": "#texture" },
        "up":    { "uv": [ 2.5, 13.125, 14, 15.125 ], "texture": "#texture" },
        "north": { "uv": [ 2, 8, 13.5, 10 ], "texture": "#texture" },
        "south": { "uv": [ 2.5, 8, 14, 10 ], "texture": "#texture" },
        "west":  { "uv": [ 13.125, 8, 15.125, 10 ], "texture": "#texture" },
        "east":  { "uv": [ 0.875, 8, 2.875, 10 ], "texture": "#texture" }
    }
},
{
    "__comment": "border",
    "from": [ 15.5, 0, 13 ],
    "to": [ 16, 16, 16 ],
    "faces": {
        "down":  { "uv": [ 0.5, 16, 0, 13 ], "texture": "#log_oak" },
        "up":    { "uv": [ 15.5, 13, 16, 16 ], "texture": "#log_oak" },
        "north": { "uv": [ 0, 0, 0.5, 16 ], "texture": "#log_oak" },
        "south": { "uv": [ 15.5, 0, 16, 16 ], "texture": "#log_oak" },
        "west":  { "uv": [ 13, 0, 16, 16 ], "texture": "#log_oak" },
        "east":  { "uv": [ 0, 0, 3, 16 ], "texture": "#log_oak" }
    }
},
{
    "__comment": "border",
    "from": [ 0, 0, 13 ],
    "to": [ 0.5, 16, 16 ],
    "faces": {
        "down":  { "uv": [ 16, 16, 15.5, 13 ], "texture": "#log_oak" },
        "up":    { "uv": [ 0, 13, 0.5, 16 ], "texture": "#log_oak" },
        "north": { "uv": [ 15.5, 0, 16, 16 ], "texture": "#log_oak" },
        "south": { "uv": [ 0, 0, 0.5, 16 ], "texture": "#log_oak" },
        "west":  { "uv": [ 13, 0, 16, 16 ], "texture": "#log_oak" },
        "east":  { "uv": [ 0, 0, 3, 16 ], "texture": "#log_oak" }
    }
},
{
    "__comment": "border",
    "from": [ 0.5, 15.5, 13 ],
    "to": [ 15.5, 16, 16 ],
    "faces": {
        "down":  { "uv": [ 15.5, 16, 0.5, 13 ], "texture": "#log_oak" },
        "up":    { "uv": [ 0.5, 13, 15.5, 16 ], "texture": "#log_oak" },
        "north": { "uv": [ 0.5, 0, 15.5, 0.5 ], "texture": "#log_oak" },
        "south": { "uv": [ 0.5, 0, 15.5, 0.5 ], "texture": "#log_oak" },
        "west":  { "uv": [ 13, 0, 16, 0.5 ], "texture": "#log_oak" },
        "east":  { "uv": [ 0, 0, 3, 0.5 ], "texture": "#log_oak" }
    }
},
{
    "__comment": "border",
    "from": [ 0.5, 1.66533e-016, 13 ],
    "to": [ 15.5, 0.5, 16 ],
    "faces": {
        "down":  { "uv": [ 15.5, 16, 0.5, 13 ], "texture": "#log_oak" },
        "up":    { "uv": [ 0.5, 13, 15.5, 16 ], "texture": "#log_oak" },
        "north": { "uv": [ 0.5, 15.5, 15.5, 16 ], "texture": "#log_oak" },
        "south": { "uv": [ 0.5, 15.5, 15.5, 16 ], "texture": "#log_oak" },
        "west":  { "uv": [ 13, 15.5, 16, 16 ], "texture": "#log_oak" },
        "east":  { "uv": [ 0, 15.5, 3, 16 ], "texture": "#log_oak" }
    }
},
{
    "__comment": "glass",
    "from": [ 9, 9, 14 ],
    "to": [ 13, 13, 15 ],
    "faces": {
        "down":  { "uv": [ 0, 0, 16, 16 ], "texture": "#glass" },
        "up":    { "uv": [ 0, 0, 16, 16 ], "rotation": 180, "texture": "#glass" },
        "north": { "uv": [ 0, 0, 16, 16 ], "rotation": 180, "texture": "#glass" },
        "south": { "uv": [ 0, 0, 16, 16 ], "texture": "#glass" },
        "west":  { "uv": [ 0, 0, 16, 16 ], "rotation": 90, "texture": "#glass" },
        "east":  { "uv": [ 0, 0, 16, 16 ], "rotation": 270, "texture": "#glass" }
    }
},
{
    "__comment": "glass",
    "from": [ 3, 3, 14 ],
    "to": [ 7, 7, 15 ],
    "faces": {
        "down":  { "uv": [ 0, 0, 16, 16 ], "texture": "#glass" },
        "up":    { "uv": [ 0, 0, 16, 16 ], "rotation": 180, "texture": "#glass" },
        "north": { "uv": [ 0, 0, 16, 16 ], "rotation": 180, "texture": "#glass" },
        "south": { "uv": [ 0, 0, 16, 16 ], "texture": "#glass" },
        "west":  { "uv": [ 0, 0, 16, 16 ], "rotation": 90, "texture": "#glass" },
        "east":  { "uv": [ 0, 0, 16, 16 ], "rotation": 270, "texture": "#glass" }
    }
},
{
    "__comment": "glass",
    "from": [ 9, 3, 14 ],
    "to": [ 13, 7, 15 ],
    "faces": {
        "down":  { "uv": [ 0, 0, 16, 16 ], "texture": "#glass" },
        "up":    { "uv": [ 0, 0, 16, 16 ], "rotation": 180, "texture": "#glass" },
        "north": { "uv": [ 0, 0, 16, 16 ], "rotation": 180, "texture": "#glass" },
        "south": { "uv": [ 0, 0, 16, 16 ], "texture": "#glass" },
        "west":  { "uv": [ 0, 0, 16, 16 ], "rotation": 90, "texture": "#glass" },
        "east":  { "uv": [ 0, 0, 16, 16 ], "rotation": 270, "texture": "#glass" }
    }
},
{
    "__comment": "glass",
    "from": [ 3, 9, 14 ],
    "to": [ 7, 13, 15 ],
    "faces": {
        "down":  { "uv": [ 0, 0, 16, 16 ], "texture": "#glass" },
        "up":    { "uv": [ 0, 0, 16, 16 ], "rotation": 180, "texture": "#glass" },
        "north": { "uv": [ 0, 0, 16, 16 ], "rotation": 180, "texture": "#glass" },
        "south": { "uv": [ 0, 0, 16, 16 ], "texture": "#glass" },
        "west":  { "uv": [ 0, 0, 16, 16 ], "rotation": 90, "texture": "#glass" },
        "east":  { "uv": [ 0, 0, 16, 16 ], "rotation": 270, "texture": "#glass" }
    }
},
{
    "from": [ 8, 2, 13 ],
    "to": [ 10, 14, 15 ],
    "rotation": { "origin": [ 8, 2, 13 ], "axis": "y", "angle": -45 },
    "faces": {
        "down":  { "uv": [ 8, 15, 6, 13 ], "texture": "#texture" },
        "up":    { "uv": [ 8, 13, 10, 15 ], "texture": "#texture" },
        "north": { "uv": [ 6, 2, 8, 14 ], "texture": "#texture" },
        "south": { "uv": [ 8, 2, 10, 14 ], "texture": "#texture" },
        "west":  { "uv": [ 13, 2, 15, 14 ], "texture": "#texture" },
        "east":  { "uv": [ 1, 2, 3, 14 ], "texture": "#texture" }
    }
},
{
    "from": [ 13.9375, 2, 13.0625 ],
    "to": [ 15.9375, 14, 15.0625 ],
    "rotation": { "origin": [ 13.9375, 2, 13.0625 ], "axis": "y", "angle": -45 },
    "faces": {
        "down":  { "uv": [ 2.0625, 15.0625, 0.0625, 13.0625 ], "texture": "#texture" },
        "up":    { "uv": [ 13.9375, 13.0625, 15.9375, 15.0625 ], "texture": "#texture" },
        "north": { "uv": [ 0.0625, 2, 2.0625, 14 ], "texture": "#texture" },
        "south": { "uv": [ 13.9375, 2, 15.9375, 14 ], "texture": "#texture" },
        "west":  { "uv": [ 13.0625, 2, 15.0625, 14 ], "texture": "#texture" },
        "east":  { "uv": [ 0.9375, 2, 2.9375, 14 ], "texture": "#texture" }
    }
},
{
    "from": [ 0.5625, 2, 14.5392 ],
    "to": [ 2.5625, 14, 16.5392 ],
    "rotation": { "origin": [ 0.5625, 2, 14.5392 ], "axis": "y", "angle": 45 },
    "faces": {
        "down":  { "uv": [ 15.4375, 16, 13.4375, 14.5392 ], "texture": "#texture" },
        "up":    { "uv": [ 0.5625, 14.5392, 2.5625, 16 ], "texture": "#texture" },
        "north": { "uv": [ 13.4375, 2, 15.4375, 14 ], "texture": "#texture" },
        "south": { "uv": [ 0.5625, 2, 2.5625, 14 ], "texture": "#texture" },
        "west":  { "uv": [ 14.5392, 2, 16, 14 ], "texture": "#texture" },
        "east":  { "uv": [ 0, 2, 1.46079, 14 ], "texture": "#texture" }
    }
}
],
"display": {
    "thirdperson_righthand": {
        "rotation": [ 75, 45, 0 ],
        "translation": [ 0, 3.46, 1.92 ],
        "scale": [ 0.37, 0.37, 0.37 ]
    },
    "thirdperson_lefthand": {
        "rotation": [ 75, 45, 0 ],
        "translation": [ 0, 3.46, 1.92 ],
        "scale": [ 0.37, 0.37, 0.37 ]
    },
    "head": {
        "rotation": [ 0, 0, 0 ],
        "translation": [ 0, 12.04, 0 ],
        "scale": [ 0.84, 0.84, 0.84 ]
    },
    "ground": {
        "rotation": [ 0, 0, 0 ],
        "translation": [ 0, 2.04, 0 ],
        "scale": [ 0.25, 0.25, 0.25 ]
    },
    "fixed": {
        "rotation": [ -90, 0, 0 ],
        "translation": [ 0, 0, -3.84 ],
        "scale": [ 0.5, 0.5, 0.5 ]
    },
    "firstperson_righthand": {
        "rotation": [ 0, 45, 0 ],
        "translation": [ 0, 4.8, 0 ],
        "scale": [ 0.4, 0.4, 0.4 ]
    },
    "firstperson_lefthand": {
        "rotation": [ 0, 45, 0 ],
        "translation": [ 1.92, 4.8, 0 ],
        "scale": [ 0.4, 0.4, 0.4 ]
    },
    "gui": {
        "rotation": [ 30, 145, 0 ],
        "translation": [ 0, 3.84, 0 ],
        "scale": [ 0.62, 0.62, 0.62 ]
    }
}
}