{
"textures": {
    "particle": "blocks/trapdoor",
    "texture": "blocks/planks_oak",
    "glass": "blocks/glass",
    "log_oak": "blocks/log_oak",
    "cauldron_inner": "blocks/cauldron_inner"
},
"elements": [ 
{
    "from": [ 0.5, 0, 0.5 ],
    "to": [ 15.5, 3, 2 ],
    "faces": {
        "down":  { "uv": [ 15.5, 2, 0.5, 0.5 ], "texture": "#texture", "cullface": "down" },
        "up":    { "uv": [ 0.5, 0.5, 15.5, 2 ], "texture": "#texture", "cullface": "up" },
        "north": { "uv": [ 0.5, 13, 15.5, 16 ], "texture": "#texture" },
        "south": { "uv": [ 0.5, 13, 15.5, 16 ], "texture": "#texture", "cullface": "south" },
        "west":  { "uv": [ 0.5, 13, 2, 16 ], "texture": "#texture", "cullface": "west" },
        "east":  { "uv": [ 14, 13, 15.5, 16 ], "texture": "#texture", "cullface": "east" }
    }
},
{
    "from": [ 0.5, 0, 14 ],
    "to": [ 15.5, 3, 15.5 ],
    "faces": {
        "down":  { "uv": [ 15.5, 15.5, 0.5, 14 ], "texture": "#texture" },
        "up":    { "uv": [ 0.5, 14, 15.5, 15.5 ], "texture": "#texture" },
        "north": { "uv": [ 0.5, 13, 15.5, 16 ], "texture": "#texture" },
        "south": { "uv": [ 0.5, 13, 15.5, 16 ], "texture": "#texture" },
        "west":  { "uv": [ 14, 13, 15.5, 16 ], "texture": "#texture" },
        "east":  { "uv": [ 0.5, 13, 2, 16 ], "texture": "#texture" }
    }
},
{
    "from": [ 0.5, 0, 2 ],
    "to": [ 2, 3, 14 ],
    "faces": {
        "down":  { "uv": [ 15.5, 14, 14, 2 ], "texture": "#texture" },
        "up":    { "uv": [ 0.5, 2, 2, 14 ], "texture": "#texture" },
        "north": { "uv": [ 14, 13, 15.5, 16 ], "texture": "#texture" },
        "south": { "uv": [ 0.5, 13, 2, 16 ], "texture": "#texture" },
        "west":  { "uv": [ 2, 13, 14, 16 ], "texture": "#texture" },
        "east":  { "uv": [ 2, 13, 14, 16 ], "texture": "#texture" }
    }
},
{
    "from": [ 14, 0, 2 ],
    "to": [ 15.5, 3, 14 ],
    "faces": {
        "down":  { "uv": [ 2, 14, 0.5, 2 ], "texture": "#texture" },
        "up":    { "uv": [ 14, 2, 15.5, 14 ], "texture": "#texture" },
        "north": { "uv": [ 0.5, 13, 2, 16 ], "texture": "#texture" },
        "south": { "uv": [ 14, 13, 15.5, 16 ], "texture": "#texture" },
        "west":  { "uv": [ 2, 13, 14, 16 ], "texture": "#texture" },
        "east":  { "uv": [ 2, 13, 14, 16 ], "texture": "#texture" }
    }
},
{
    "from": [ 0.5, -0.414213, 2 ],
    "to": [ 2.5, 1.58579, 14 ],
    "rotation": { "origin": [ 0.5, 1.58579, 2 ], "axis": "z", "angle": 45 },
    "faces": {
        "down":  { "uv": [ 15.5, 14, 13.5, 2 ], "texture": "#texture" },
        "up":    { "uv": [ 0.5, 2, 2.5, 14 ], "texture": "#texture" },
        "north": { "uv": [ 13.5, 14.4142, 15.5, 16 ], "texture": "#texture" },
        "south": { "uv": [ 0.5, 14.4142, 2.5, 16 ], "texture": "#texture" },
        "west":  { "uv": [ 2, 14.4142, 14, 16 ], "texture": "#texture" },
        "east":  { "uv": [ 2, 14.4142, 14, 16 ], "texture": "#texture" }
    }
},
{
    "from": [ 14, 1, 2 ],
    "to": [ 16, 3, 14 ],
    "rotation": { "origin": [ 14, 3, 2 ], "axis": "z", "angle": -45 },
    "faces": {
        "down":  { "uv": [ 2, 14, 0, 2 ], "texture": "#texture" },
        "up":    { "uv": [ 14, 2, 16, 14 ], "texture": "#texture" },
        "north": { "uv": [ 0, 13, 2, 15 ], "texture": "#texture" },
        "south": { "uv": [ 14, 13, 16, 15 ], "texture": "#texture" },
        "west":  { "uv": [ 2, 13, 14, 15 ], "texture": "#texture" },
        "east":  { "uv": [ 2, 13, 14, 15 ], "texture": "#texture" }
    }
},
{
    "from": [ 2, 1, 2 ],
    "to": [ 14, 3, 4 ],
    "rotation": { "origin": [ 2, 3, 2 ], "axis": "x", "angle": 45 },
    "faces": {
        "down":  { "uv": [ 14, 4, 2, 2 ], "texture": "#texture" },
        "up":    { "uv": [ 2, 2, 14, 4 ], "texture": "#texture" },
        "north": { "uv": [ 2, 13, 14, 15 ], "texture": "#texture" },
        "south": { "uv": [ 2, 13, 14, 15 ], "texture": "#texture" },
        "west":  { "uv": [ 2, 13, 4, 15 ], "texture": "#texture" },
        "east":  { "uv": [ 12, 13, 14, 15 ], "texture": "#texture" }
    }
},
{
    "from": [ 2, 1, 14 ],
    "to": [ 14, 3, 16 ],
    "rotation": { "origin": [ 2, 3, 14 ], "axis": "x", "angle": 45 },
    "faces": {
        "down":  { "uv": [ 14, 16, 2, 14 ], "texture": "#texture" },
        "up":    { "uv": [ 2, 14, 14, 16 ], "texture": "#texture" },
        "north": { "uv": [ 2, 13, 14, 15 ], "texture": "#texture" },
        "south": { "uv": [ 2, 13, 14, 15 ], "texture": "#texture" },
        "west":  { "uv": [ 14, 13, 16, 15 ], "texture": "#texture" },
        "east":  { "uv": [ 0, 13, 2, 15 ], "texture": "#texture" }
    }
},
{
    "from": [ 8, 1, 2 ],
    "to": [ 10, 3, 14 ],
    "rotation": { "origin": [ 8, 3, 2 ], "axis": "z", "angle": -45 },
    "faces": {
        "down":  { "uv": [ 8, 14, 6, 2 ], "texture": "#texture" },
        "up":    { "uv": [ 8, 2, 10, 14 ], "texture": "#texture" },
        "north": { "uv": [ 6, 13, 8, 15 ], "texture": "#texture" },
        "south": { "uv": [ 8, 13, 10, 15 ], "texture": "#texture" },
        "west":  { "uv": [ 2, 13, 14, 15 ], "texture": "#texture" },
        "east":  { "uv": [ 2, 13, 14, 15 ], "texture": "#texture" }
    }
},
{
    "from": [ 2.5, 1, 8 ],
    "to": [ 14, 3, 10 ],
    "rotation": { "origin": [ 2.5, 3, 8 ], "axis": "x", "angle": 45 },
    "faces": {
        "down":  { "uv": [ 13.5, 10, 2, 8 ], "texture": "#texture" },
        "up":    { "uv": [ 2.5, 8, 14, 10 ], "texture": "#texture" },
        "north": { "uv": [ 2, 13, 13.5, 15 ], "texture": "#texture" },
        "south": { "uv": [ 2.5, 13, 14, 15 ], "texture": "#texture" },
        "west":  { "uv": [ 8, 13, 10, 15 ], "texture": "#texture" },
        "east":  { "uv": [ 6, 13, 8, 15 ], "texture": "#texture" }
    }
},
{
    "__comment": "border",
    "from": [ 15.5, 0, 0 ],
    "to": [ 16, 3, 16 ],
    "faces": {
        "down":  { "uv": [ 0.5, 16, 0, 0 ], "texture": "#log_oak" },
        "up":    { "uv": [ 15.5, 0, 16, 16 ], "texture": "#log_oak" },
        "north": { "uv": [ 0, 13, 0.5, 16 ], "texture": "#log_oak" },
        "south": { "uv": [ 15.5, 13, 16, 16 ], "texture": "#log_oak" },
        "west":  { "uv": [ 0, 13, 16, 16 ], "texture": "#log_oak" },
        "east":  { "uv": [ 0, 13, 16, 16 ], "texture": "#log_oak" }
    }
},
{
    "__comment": "border",
    "from": [ 0, 0, 0 ],
    "to": [ 0.5, 3, 16 ],
    "faces": {
        "down":  { "uv": [ 16, 16, 15.5, 0 ], "texture": "#log_oak" },
        "up":    { "uv": [ 0, 0, 0.5, 16 ], "texture": "#log_oak" },
        "north": { "uv": [ 15.5, 13, 16, 16 ], "texture": "#log_oak" },
        "south": { "uv": [ 0, 13, 0.5, 16 ], "texture": "#log_oak" },
        "west":  { "uv": [ 0, 13, 16, 16 ], "texture": "#log_oak" },
        "east":  { "uv": [ 0, 13, 16, 16 ], "texture": "#log_oak" }
    }
},
{
    "__comment": "border",
    "from": [ 0.5, 0, 0 ],
    "to": [ 15.5, 3, 0.5 ],
    "faces": {
        "down":  { "uv": [ 15.5, 0.5, 0.5, 0 ], "texture": "#log_oak" },
        "up":    { "uv": [ 0.5, 0, 15.5, 0.5 ], "texture": "#log_oak" },
        "north": { "uv": [ 0.5, 13, 15.5, 16 ], "texture": "#log_oak" },
        "south": { "uv": [ 0.5, 13, 15.5, 16 ], "texture": "#log_oak" },
        "west":  { "uv": [ 0, 13, 0.5, 16 ], "texture": "#log_oak" },
        "east":  { "uv": [ 15.5, 13, 16, 16 ], "texture": "#log_oak" }
    }
},
{
    "__comment": "border",
    "from": [ 0.5, 0, 15.5 ],
    "to": [ 15.5, 3, 16 ],
    "faces": {
        "down":  { "uv": [ 15.5, 16, 0.5, 15.5 ], "texture": "#log_oak" },
        "up":    { "uv": [ 0.5, 15.5, 15.5, 16 ], "texture": "#log_oak" },
        "north": { "uv": [ 0.5, 13, 15.5, 16 ], "texture": "#log_oak" },
        "south": { "uv": [ 0.5, 13, 15.5, 16 ], "texture": "#log_oak" },
        "west":  { "uv": [ 15.5, 13, 16, 16 ], "texture": "#log_oak" },
        "east":  { "uv": [ 0, 13, 0.5, 16 ], "texture": "#log_oak" }
    }
},
{
    "__comment": "glass",
    "from": [ 9, 1, 3 ],
    "to": [ 13, 2, 7 ],
    "faces": {
        "down":  { "uv": [ 0, 0, 16, 16 ], "texture": "#glass" },
        "up":    { "uv": [ 0, 0, 16, 16 ], "texture": "#glass" },
        "north": { "uv": [ 0, 0, 16, 16 ], "texture": "#glass" },
        "south": { "uv": [ 0, 0, 16, 16 ], "texture": "#glass" },
        "west":  { "uv": [ 0, 0, 16, 16 ], "texture": "#glass" },
        "east":  { "uv": [ 0, 0, 16, 16 ], "texture": "#glass" }
    }
},
{
    "__comment": "glass",
    "from": [ 3, 1, 9 ],
    "to": [ 7, 2, 13 ],
    "faces": {
        "down":  { "uv": [ 0, 0, 16, 16 ], "texture": "#glass" },
        "up":    { "uv": [ 0, 0, 16, 16 ], "texture": "#glass" },
        "north": { "uv": [ 0, 0, 16, 16 ], "texture": "#glass" },
        "south": { "uv": [ 0, 0, 16, 16 ], "texture": "#glass" },
        "west":  { "uv": [ 0, 0, 16, 16 ], "texture": "#glass" },
        "east":  { "uv": [ 0, 0, 16, 16 ], "texture": "#glass" }
    }
},
{
    "__comment": "glass",
    "from": [ 9, 1, 9 ],
    "to": [ 13, 2, 13 ],
    "faces": {
        "down":  { "uv": [ 0, 0, 16, 16 ], "texture": "#glass" },
        "up":    { "uv": [ 0, 0, 16, 16 ], "texture": "#glass" },
        "north": { "uv": [ 0, 0, 16, 16 ], "texture": "#glass" },
        "south": { "uv": [ 0, 0, 16, 16 ], "texture": "#glass" },
        "west":  { "uv": [ 0, 0, 16, 16 ], "texture": "#glass" },
        "east":  { "uv": [ 0, 0, 16, 16 ], "texture": "#glass" }
    }
},
{
    "__comment": "glass",
    "from": [ 3, 1, 3 ],
    "to": [ 7, 2, 7 ],
    "faces": {
        "down":  { "uv": [ 0, 0, 16, 16 ], "texture": "#glass" },
        "up":    { "uv": [ 0, 0, 16, 16 ], "texture": "#glass" },
        "north": { "uv": [ 0, 0, 16, 16 ], "texture": "#glass" },
        "south": { "uv": [ 0, 0, 16, 16 ], "texture": "#glass" },
        "west":  { "uv": [ 0, 0, 16, 16 ], "texture": "#glass" },
        "east":  { "uv": [ 0, 0, 16, 16 ], "texture": "#glass" }
    }
}
],
"display": {
    "thirdperson_righthand": {
        "rotation": [ 75, 45, 0 ],
        "translation": [ 0, 3.46, 1.92 ],
        "scale": [ 0.37, 0.37, 0.37 ]
    },
    "thirdperson_lefthand": {
        "rotation": [ 75, 45, 0 ],
        "translation": [ 0, 3.46, 1.92 ],
        "scale": [ 0.37, 0.37, 0.37 ]
    },
    "head": {
        "rotation": [ 0, 0, 0 ],
        "translation": [ 0, 12.04, 0 ],
        "scale": [ 0.84, 0.84, 0.84 ]
    },
    "ground": {
        "rotation": [ 0, 0, 0 ],
        "translation": [ 0, 2.04, 0 ],
        "scale": [ 0.25, 0.25, 0.25 ]
    },
    "fixed": {
        "rotation": [ -90, 0, 0 ],
        "translation": [ 0, 0, -3.84 ],
        "scale": [ 0.5, 0.5, 0.5 ]
    },
    "firstperson_righthand": {
        "rotation": [ 0, 45, 0 ],
        "translation": [ 0, 4.8, 0 ],
        "scale": [ 0.4, 0.4, 0.4 ]
    },
    "firstperson_lefthand": {
        "rotation": [ 0, 45, 0 ],
        "translation": [ 1.92, 4.8, 0 ],
        "scale": [ 0.4, 0.4, 0.4 ]
    },
    "gui": {
        "rotation": [ 30, 145, 0 ],
        "translation": [ 0, 3.84, 0 ],
        "scale": [ 0.62, 0.62, 0.62 ]
    }
}
}