{
"__comment": "CoolScreenName http://www.planetminecraft.com/member/coolscreenname/",
"textures": {
    "particle": "blocks/cobblestone",
    "stonebrick": "blocks/stonebrick"
},
"elements": [ 
{
    "__comment": "Center post",
    "from": [ 4, 0, 4 ],
    "to": [ 12, 15, 12 ],
    "faces": {
        "down":  { "uv": [ 4, 4, 12, 12 ], "texture": "#particle", "cullface": "down" },
        "up":    { "uv": [ 4, 4, 12, 12 ], "texture": "#particle", "cullface": "up" },
        "north": { "uv": [ 4, 0, 12, 16 ], "texture": "#particle" },
        "south": { "uv": [ 4, 0, 12, 16 ], "texture": "#particle" },
        "west":  { "uv": [ 4, 0, 12, 16 ], "texture": "#particle" },
        "east":  { "uv": [ 4, 0, 12, 16 ], "texture": "#particle" }
    }
},
{
    "__comment": "brick top",
    "from": [ 3.5, 15, 3.5 ],
    "to": [ 12.5, 16, 12.5 ],
    "faces": {
        "down":  { "uv": [ 12.5, 12.5, 3.5, 3.5 ], "texture": "#stonebrick" },
        "up":    { "uv": [ 3.5, 3.5, 12.5, 12.5 ], "texture": "#stonebrick" },
        "north": { "uv": [ 3.5, 0, 12.5, 1 ], "texture": "#stonebrick" },
        "south": { "uv": [ 3.5, 0, 12.5, 1 ], "texture": "#stonebrick" },
        "west":  { "uv": [ 3.5, 0, 12.5, 1 ], "texture": "#stonebrick" },
        "east":  { "uv": [ 3.5, 0, 12.5, 1 ], "texture": "#stonebrick" }
    }
}
],
"display": {
    "thirdperson_righthand": {
        "rotation": [ 40, 47, 1 ],
        "translation": [ 0, 2.5, 0 ],
        "scale": [ 0.37, 0.37, 0.37 ]
    },
    "thirdperson_lefthand": {
        "rotation": [ 40, 47, 1 ],
        "translation": [ 0, 2.5, 0 ],
        "scale": [ 0.37, 0.37, 0.37 ]
    },
    "head": {
        "rotation": [ 0, 0, 0 ],
        "translation": [ 0, 13, 0 ],
        "scale": [ 1, 1, 1 ]
    },
    "ground": {
        "rotation": [ 0, 0, 0 ],
        "translation": [ 0, 3, 0 ],
        "scale": [ 0.25, 0.25, 0.25 ]
    },
    "fixed": {
        "rotation": [ 0, 0, 0 ],
        "translation": [ 0, 0, 0 ],
        "scale": [ 0.5, 0.5, 0.5 ]
    },
    "firstperson_righthand": {
        "rotation": [ 0, 45, 0 ],
        "translation": [ 0, 0, 0 ],
        "scale": [ 0.4, 0.4, 0.4 ]
    },
    "firstperson_lefthand": {
        "rotation": [ 0, 45, 0 ],
        "translation": [ 0.94, 0, 0 ],
        "scale": [ 0.4, 0.4, 0.4 ]
    },
    "gui": {
        "rotation": [ 30, 225, 0 ],
        "translation": [ 0, 0, 0 ],
        "scale": [ 0.625, 0.625, 0.625 ]
    }
}
}