{
"__comment": "CoolScreenName http://www.planetminecraft.com/member/coolscreenname/",
"textures": {
    "particle": "blocks/cobblestone",
    "stonebrick": "blocks/stonebrick",
    "cauldron_inner": "blocks/cauldron_inner"
},
"elements": [ 
{
    "__comment": "wall north",
    "from": [ 5.5, 0, 0 ],
    "to": [ 10.5, 8, 8 ],
    "faces": {
        "down":  { "uv": [ 10.5, 8, 5.5, 0 ], "texture": "#particle" },
        "up":    { "uv": [ 5.5, 0, 10.5, 8 ], "texture": "#particle" },
        "north": { "uv": [ 5.5, 8, 10.5, 16 ], "texture": "#particle" },
        "south": { "uv": [ 5.5, 8, 10.5, 16 ], "texture": "#particle" },
        "west":  { "uv": [ 0, 8, 8, 16 ], "texture": "#particle" },
        "east":  { "uv": [ 8, 8, 16, 16 ], "texture": "#particle" }
    }
},
{
    "__comment": "brick middle",
    "from": [ 5, 8, 0 ],
    "to": [ 11, 8.5, 8 ],
    "faces": {
        "down":  { "uv": [ 11, 8, 5, 0 ], "texture": "#stonebrick" },
        "up":    { "uv": [ 5, 0, 11, 8 ], "texture": "#stonebrick" },
        "north": { "uv": [ 5, 7.5, 11, 8 ], "texture": "#stonebrick" },
        "south": { "uv": [ 5, 7.5, 11, 8 ], "texture": "#stonebrick" },
        "west":  { "uv": [ 0, 7.5, 8, 8 ], "texture": "#stonebrick" },
        "east":  { "uv": [ 8, 7.5, 16, 8 ], "texture": "#stonebrick" }
    }
},
{
    "__comment": "bars",
    "from": [ 7.75, 8.5, 2.25 ],
    "to": [ 8.25, 12, 2.75 ],
    "faces": {
        "down":  { "uv": [ 8.25, 2.75, 7.75, 2.25 ], "texture": "#cauldron_inner" },
        "up":    { "uv": [ 7.75, 2.25, 8.25, 2.75 ], "texture": "#cauldron_inner" },
        "north": { "uv": [ 7.75, 4, 8.25, 7.5 ], "texture": "#cauldron_inner" },
        "south": { "uv": [ 7.75, 4, 8.25, 7.5 ], "texture": "#cauldron_inner" },
        "west":  { "uv": [ 2.25, 4, 2.75, 7.5 ], "texture": "#cauldron_inner" },
        "east":  { "uv": [ 13.25, 4, 13.75, 7.5 ], "texture": "#cauldron_inner" }
    }
},
{
    "__comment": "bars",
    "from": [ 7.75, 8.5, 0.75 ],
    "to": [ 8.25, 12, 1.25 ],
    "faces": {
        "down":  { "uv": [ 8.25, 1.25, 7.75, 0.75 ], "texture": "#cauldron_inner" },
        "up":    { "uv": [ 7.75, 0.75, 8.25, 1.25 ], "texture": "#cauldron_inner" },
        "north": { "uv": [ 7.75, 4, 8.25, 7.5 ], "texture": "#cauldron_inner" },
        "south": { "uv": [ 7.75, 4, 8.25, 7.5 ], "texture": "#cauldron_inner" },
        "west":  { "uv": [ 0.75, 4, 1.25, 7.5 ], "texture": "#cauldron_inner" },
        "east":  { "uv": [ 14.75, 4, 15.25, 7.5 ], "texture": "#cauldron_inner" }
    }
},
{
    "__comment": "spike",
    "from": [ 7.8125, 11.75, 1 ],
    "to": [ 8.3125, 12.5, 1.75 ],
    "rotation": { "origin": [ 7.8125, 12.5, 1 ], "axis": "x", "angle": 45 },
    "faces": {
        "down":  { "uv": [ 8.25, 0, 7.75, 0 ], "texture": "#cauldron_inner" },
        "up":    { "uv": [ 7.75, 0, 8.25, 0 ], "texture": "#cauldron_inner" },
        "north": { "uv": [ 7.75, 3.25, 8.25, 4 ], "texture": "#cauldron_inner" },
        "south": { "uv": [ 7.75, 3.25, 8.25, 4 ], "texture": "#cauldron_inner" },
        "west":  { "uv": [ 0, 3.25, 0, 4 ], "texture": "#cauldron_inner" },
        "east":  { "uv": [ 16, 3.25, 16, 4 ], "texture": "#cauldron_inner" }
    }
},
{
    "__comment": "spike",
    "from": [ 7.8125, 11.75, 2.5 ],
    "to": [ 8.3125, 12.5, 3.25 ],
    "rotation": { "origin": [ 7.8125, 12.5, 2.5 ], "axis": "x", "angle": 45 },
    "faces": {
        "down":  { "uv": [ 8.25, 0, 7.75, 0 ], "texture": "#cauldron_inner" },
        "up":    { "uv": [ 7.75, 0, 8.25, 0 ], "texture": "#cauldron_inner" },
        "north": { "uv": [ 7.75, 3.25, 8.25, 4 ], "texture": "#cauldron_inner" },
        "south": { "uv": [ 7.75, 3.25, 8.25, 4 ], "texture": "#cauldron_inner" },
        "west":  { "uv": [ 0, 3.25, 0, 4 ], "texture": "#cauldron_inner" },
        "east":  { "uv": [ 16, 3.25, 16, 4 ], "texture": "#cauldron_inner" }
    }
},
{
    "__comment": "bar north",
    "from": [ 7.751, 10.5, 0 ],
    "to": [ 8.251, 11, 8 ],
    "faces": {
        "down":  { "uv": [ 8.249, 8, 7.749, 0 ], "texture": "#cauldron_inner" },
        "up":    { "uv": [ 7.751, 0, 8.251, 8 ], "texture": "#cauldron_inner" },
        "north": { "uv": [ 7.749, 5, 8.249, 5.5 ], "texture": "#cauldron_inner" },
        "south": { "uv": [ 7.751, 5, 8.251, 5.5 ], "texture": "#cauldron_inner" },
        "west":  { "uv": [ 0, 5, 8, 5.5 ], "texture": "#cauldron_inner" },
        "east":  { "uv": [ 8, 5, 16, 5.5 ], "texture": "#cauldron_inner" }
    }
},
{
    "__comment": "bars",
    "from": [ 7.75, 8.5, 7 ],
    "to": [ 8.25, 12, 7.5 ],
    "faces": {
        "down":  { "uv": [ 8.25, 7.5, 7.75, 7 ], "texture": "#cauldron_inner" },
        "up":    { "uv": [ 7.75, 7, 8.25, 7.5 ], "texture": "#cauldron_inner" },
        "north": { "uv": [ 7.75, 4, 8.25, 7.5 ], "texture": "#cauldron_inner" },
        "south": { "uv": [ 7.75, 4, 8.25, 7.5 ], "texture": "#cauldron_inner" },
        "west":  { "uv": [ 7, 4, 7.5, 7.5 ], "texture": "#cauldron_inner" },
        "east":  { "uv": [ 8.5, 4, 9, 7.5 ], "texture": "#cauldron_inner" }
    }
},
{
    "__comment": "bars",
    "from": [ 7.75, 8.5, 5.5 ],
    "to": [ 8.25, 12, 6 ],
    "faces": {
        "down":  { "uv": [ 8.25, 6, 7.75, 5.5 ], "texture": "#cauldron_inner" },
        "up":    { "uv": [ 7.75, 5.5, 8.25, 6 ], "texture": "#cauldron_inner" },
        "north": { "uv": [ 7.75, 4, 8.25, 7.5 ], "texture": "#cauldron_inner" },
        "south": { "uv": [ 7.75, 4, 8.25, 7.5 ], "texture": "#cauldron_inner" },
        "west":  { "uv": [ 5.5, 4, 6, 7.5 ], "texture": "#cauldron_inner" },
        "east":  { "uv": [ 10, 4, 10.5, 7.5 ], "texture": "#cauldron_inner" }
    }
},
{
    "__comment": "bars",
    "from": [ 7.75, 8.5, 3.875 ],
    "to": [ 8.25, 12, 4.375 ],
    "faces": {
        "down":  { "uv": [ 8.25, 4.375, 7.75, 3.875 ], "texture": "#cauldron_inner" },
        "up":    { "uv": [ 7.75, 3.875, 8.25, 4.375 ], "texture": "#cauldron_inner" },
        "north": { "uv": [ 7.75, 4, 8.25, 7.5 ], "texture": "#cauldron_inner" },
        "south": { "uv": [ 7.75, 4, 8.25, 7.5 ], "texture": "#cauldron_inner" },
        "west":  { "uv": [ 3.875, 4, 4.375, 7.5 ], "texture": "#cauldron_inner" },
        "east":  { "uv": [ 11.625, 4, 12.125, 7.5 ], "texture": "#cauldron_inner" }
    }
},
{
    "__comment": "spike",
    "from": [ 7.8125, 11.75, 7.25 ],
    "to": [ 8.3125, 12.5, 8 ],
    "rotation": { "origin": [ 7.8125, 12.5, 7.25 ], "axis": "x", "angle": 45 },
    "faces": {
        "down":  { "uv": [ 8.25, 4.75, 7.75, 4 ], "texture": "#cauldron_inner" },
        "up":    { "uv": [ 7.75, 4, 8.25, 4.75 ], "texture": "#cauldron_inner" },
        "north": { "uv": [ 7.75, 2, 8.25, 2.75 ], "texture": "#cauldron_inner" },
        "south": { "uv": [ 7.75, 2, 8.25, 2.75 ], "texture": "#cauldron_inner" },
        "west":  { "uv": [ 4, 2, 4.75, 2.75 ], "texture": "#cauldron_inner" },
        "east":  { "uv": [ 11.25, 2, 12, 2.75 ], "texture": "#cauldron_inner" }
    }
},
{
    "__comment": "spike",
    "from": [ 7.8125, 11.75, 5.75 ],
    "to": [ 8.3125, 12.5, 6.5 ],
    "rotation": { "origin": [ 7.8125, 12.5, 5.75 ], "axis": "x", "angle": 45 },
    "faces": {
        "down":  { "uv": [ 8.25, 4.75, 7.75, 4 ], "texture": "#cauldron_inner" },
        "up":    { "uv": [ 7.75, 4, 8.25, 4.75 ], "texture": "#cauldron_inner" },
        "north": { "uv": [ 7.75, 2, 8.25, 2.75 ], "texture": "#cauldron_inner" },
        "south": { "uv": [ 7.75, 2, 8.25, 2.75 ], "texture": "#cauldron_inner" },
        "west":  { "uv": [ 4, 2, 4.75, 2.75 ], "texture": "#cauldron_inner" },
        "east":  { "uv": [ 11.25, 2, 12, 2.75 ], "texture": "#cauldron_inner" }
    }
},
{
    "__comment": "spike",
    "from": [ 7.8125, 11.75, 4.125 ],
    "to": [ 8.3125, 12.5, 4.875 ],
    "rotation": { "origin": [ 7.8125, 12.5, 4.125 ], "axis": "x", "angle": 45 },
    "faces": {
        "down":  { "uv": [ 8.25, 4.75, 7.75, 4 ], "texture": "#cauldron_inner" },
        "up":    { "uv": [ 7.75, 4, 8.25, 4.75 ], "texture": "#cauldron_inner" },
        "north": { "uv": [ 7.75, 2, 8.25, 2.75 ], "texture": "#cauldron_inner" },
        "south": { "uv": [ 7.75, 2, 8.25, 2.75 ], "texture": "#cauldron_inner" },
        "west":  { "uv": [ 4, 2, 4.75, 2.75 ], "texture": "#cauldron_inner" },
        "east":  { "uv": [ 11.25, 2, 12, 2.75 ], "texture": "#cauldron_inner" }
    }
},
{
    "from": [ 4.75, 0.001, 0 ],
    "to": [ 11.25, 1.001, 8 ],
    "faces": {
        "down":  { "uv": [ 11.25, 8, 4.75, 0 ], "texture": "#cauldron_inner" },
        "up":    { "uv": [ 4.75, 0, 11.25, 8 ], "texture": "#cauldron_inner" },
        "north": { "uv": [ 4.75, 14.999, 11.25, 15.999 ], "texture": "#cauldron_inner" },
        "south": { "uv": [ 4.75, 14.999, 11.25, 15.999 ], "texture": "#cauldron_inner" },
        "west":  { "uv": [ 0, 14.999, 8, 15.999 ], "texture": "#cauldron_inner" },
        "east":  { "uv": [ 8, 14.999, 16, 15.999 ], "texture": "#cauldron_inner" }
    }
}
],
"display": {
    "thirdperson_righthand": {
        "rotation": [ 40, 47, 1 ],
        "translation": [ 0, 2.5, 0 ],
        "scale": [ 0.37, 0.37, 0.37 ]
    },
    "thirdperson_lefthand": {
        "rotation": [ 40, 47, 1 ],
        "translation": [ 0, 2.5, 0 ],
        "scale": [ 0.37, 0.37, 0.37 ]
    },
    "head": {
        "rotation": [ 0, 0, 0 ],
        "translation": [ 0, 13, 0 ],
        "scale": [ 1, 1, 1 ]
    },
    "ground": {
        "rotation": [ 0, 0, 0 ],
        "translation": [ 0, 3, 0 ],
        "scale": [ 0.25, 0.25, 0.25 ]
    },
    "fixed": {
        "rotation": [ 0, 0, 0 ],
        "translation": [ 0, 0, 0 ],
        "scale": [ 0.5, 0.5, 0.5 ]
    },
    "firstperson_righthand": {
        "rotation": [ 0, 45, 0 ],
        "translation": [ 0, 0, 0 ],
        "scale": [ 0.4, 0.4, 0.4 ]
    },
    "firstperson_lefthand": {
        "rotation": [ 0, 45, 0 ],
        "translation": [ 0.94, 0, 0 ],
        "scale": [ 0.4, 0.4, 0.4 ]
    },
    "gui": {
        "rotation": [ 30, 225, 0 ],
        "translation": [ 0, 0, 0 ],
        "scale": [ 0.625, 0.625, 0.625 ]
    }
}
}