{
"__comment": "Designed by Sibsib92 with BDcraft Cubik PRO 0.92 Beta - http://bdcraft.net",
"ambientocclusion": false,
"textures": {
    "particle": "blocks/waterlily"
},
"elements": [ 
{
    "from": [ 1.5, -0.3125, 4 ],
    "to": [ 9.5, -0.25, 12 ],
    "rotation": { "origin": [ 1.5, -0.3125, 4 ], "axis": "y", "angle": -22.5 },
    "faces": {
        "down":  { "uv": [ 0, 16, 16, 0 ], "texture": "#particle", "tintindex": 0 },
        "up":    { "uv": [ 0, 0, 16, 16 ], "texture": "#particle", "tintindex": 0 }
    }
},
{
    "from": [ 5.5, -0.1875, 1 ],
    "to": [ 15.5, -0.125, 11 ],
    "faces": {
        "down":  { "uv": [ 0, 16, 16, 0 ], "rotation": 180, "texture": "#particle", "tintindex": 0 },
        "up":    { "uv": [ 0, 0, 16, 16 ], "rotation": 180, "texture": "#particle", "tintindex": 0 }
    }
},
{
    "from": [ 2.5, -0.1875, 9.5 ],
    "to": [ 8.5, -0.125, 15.5 ],
    "rotation": { "origin": [ 2.5, -0.1875, 9.5 ], "axis": "y", "angle": -45 },
    "faces": {
        "down":  { "uv": [ 0, 16, 16, 0 ], "rotation": 90, "texture": "#particle", "tintindex": 0 },
        "up":    { "uv": [ 0, 0, 16, 16 ], "rotation": 270, "texture": "#particle", "tintindex": 0 }
    }
},
{
    "from": [ 7, -0.3125, 11 ],
    "to": [ 15, -0.25, 19 ],
    "rotation": { "origin": [ 7, -0.3125, 11 ], "axis": "y", "angle": 45 },
    "faces": {
        "down":  { "uv": [ 0, 16, 16, 0 ], "rotation": 180, "texture": "#particle", "tintindex": 0 },
        "up":    { "uv": [ 0, 0, 16, 16 ], "rotation": 180, "texture": "#particle", "tintindex": 0 }
    }
},
{
    "from": [ -1, -0.1875, 1 ],
    "to": [ 5, -0.125, 7 ],
    "rotation": { "origin": [ -1, -0.1875, 1 ], "axis": "y", "angle": 22.5 },
    "faces": {
        "down":  { "uv": [ 0, 16, 16, 0 ], "rotation": 90, "texture": "#particle", "tintindex": 0 },
        "up":    { "uv": [ 0, 0, 16, 16 ], "rotation": 270, "texture": "#particle", "tintindex": 0 }
    }
}
]
}