{
"__comment": "CoolScreenName http://www.planetminecraft.com/member/coolscreenname/",
"textures": {
    "particle": "blocks/wheat_stage_2",
    "texture": "colormap/foliage",
    "farmland_wet": "blocks/farmland_wet"
},
"elements": [ 
{
    "__comment": "1dirt",
    "from": [ 12.6, -1, 11.45 ],
    "to": [ 16.05, -0.425, 14.9 ],
    "faces": {
        "down":  { "uv": [ 3.4, 14.9, 0, 11.45 ], "texture": "#farmland_wet" },
        "up":    { "uv": [ 12.6, 11.45, 16, 14.9 ], "texture": "#farmland_wet" },
        "north": { "uv": [ 0, 16, 3.4, 16 ], "texture": "#farmland_wet" },
        "south": { "uv": [ 12.6, 16, 16, 16 ], "texture": "#farmland_wet" },
        "west":  { "uv": [ 11.45, 16, 14.9, 16 ], "texture": "#farmland_wet" },
        "east":  { "uv": [ 1.1, 16, 4.55, 16 ], "texture": "#farmland_wet" }
    }
},
{
    "__comment": "1dirt",
    "from": [ 12.8875, -0.425, 11.7375 ],
    "to": [ 15.7625, 0.15, 14.6125 ],
    "faces": {
        "down":  { "uv": [ 3.1125, 14.6125, 0.2375, 11.7375 ], "texture": "#farmland_wet" },
        "up":    { "uv": [ 12.8875, 11.7375, 15.7625, 14.6125 ], "texture": "#farmland_wet" },
        "north": { "uv": [ 0.2375, 15.85, 3.1125, 16 ], "texture": "#farmland_wet" },
        "south": { "uv": [ 12.8875, 15.85, 15.7625, 16 ], "texture": "#farmland_wet" },
        "west":  { "uv": [ 11.7375, 15.85, 14.6125, 16 ], "texture": "#farmland_wet" },
        "east":  { "uv": [ 1.3875, 15.85, 4.2625, 16 ], "texture": "#farmland_wet" }
    }
},
{
    "__comment": "1stem",
    "from": [ 14.0375, 0.15, 12.8875 ],
    "to": [ 14.6125, 4.175, 13.4625 ],
    "faces": {
        "down":  { "uv": [ 0.5, 2.5, 2.25, 11 ], "texture": "#texture" },
        "up":    { "uv": [ 0.5, 2.5, 2.25, 11 ], "texture": "#texture" },
        "north": { "uv": [ 0.5, 3, 2.5, 11.25 ], "texture": "#texture" },
        "south": { "uv": [ 0.5, 3, 2.5, 11.25 ], "texture": "#texture" },
        "west":  { "uv": [ 0.5, 3, 2.75, 11.75 ], "texture": "#texture" },
        "east":  { "uv": [ 0.5, 3, 2.75, 11.75 ], "texture": "#texture" }
    }
},
{
    "__comment": "2dirt",
    "from": [ 6.85, -1, 8 ],
    "to": [ 10.3, -0.425, 11.45 ],
    "faces": {
        "down":  { "uv": [ 9.15, 11.45, 5.7, 8 ], "texture": "#farmland_wet" },
        "up":    { "uv": [ 6.85, 8, 10.3, 11.45 ], "texture": "#farmland_wet" },
        "north": { "uv": [ 5.7, 16, 9.15, 16 ], "texture": "#farmland_wet" },
        "south": { "uv": [ 6.85, 16, 10.3, 16 ], "texture": "#farmland_wet" },
        "west":  { "uv": [ 8, 16, 11.45, 16 ], "texture": "#farmland_wet" },
        "east":  { "uv": [ 4.55, 16, 8, 16 ], "texture": "#farmland_wet" }
    }
},
{
    "__comment": "2dirt",
    "from": [ 7.1375, -0.425, 8.2875 ],
    "to": [ 10.0125, 0.15, 11.1625 ],
    "faces": {
        "down":  { "uv": [ 8.8625, 11.1625, 5.9875, 8.2875 ], "texture": "#farmland_wet" },
        "up":    { "uv": [ 7.1375, 8.2875, 10.0125, 11.1625 ], "texture": "#farmland_wet" },
        "north": { "uv": [ 5.9875, 15.85, 8.8625, 16 ], "texture": "#farmland_wet" },
        "south": { "uv": [ 7.1375, 15.85, 10.0125, 16 ], "texture": "#farmland_wet" },
        "west":  { "uv": [ 8.2875, 15.85, 11.1625, 16 ], "texture": "#farmland_wet" },
        "east":  { "uv": [ 4.8375, 15.85, 7.7125, 16 ], "texture": "#farmland_wet" }
    }
},
{
    "__comment": "2stem",
    "from": [ 8.2875, 0.15, 9.4375 ],
    "to": [ 8.8625, 4.75, 10.0125 ],
    "faces": {
        "down":  { "uv": [ 0.5, 2.5, 2.25, 11 ], "texture": "#texture" },
        "up":    { "uv": [ 0.5, 2.5, 2.25, 11 ], "texture": "#texture" },
        "north": { "uv": [ 0.5, 3, 2.5, 11.25 ], "texture": "#texture" },
        "south": { "uv": [ 0.5, 3, 2.5, 11.25 ], "texture": "#texture" },
        "west":  { "uv": [ 0.5, 3, 2.75, 11.75 ], "texture": "#texture" },
        "east":  { "uv": [ 0.5, 3, 2.75, 11.75 ], "texture": "#texture" }
    }
},
{
    "__comment": "3dirt",
    "from": [ 10.3, -1, 1.1 ],
    "to": [ 13.75, -0.425, 4.55 ],
    "faces": {
        "down":  { "uv": [ 5.7, 4.55, 2.25, 1.1 ], "texture": "#farmland_wet" },
        "up":    { "uv": [ 10.3, 1.1, 13.75, 4.55 ], "texture": "#farmland_wet" },
        "north": { "uv": [ 2.25, 16, 5.7, 16 ], "texture": "#farmland_wet" },
        "south": { "uv": [ 10.3, 16, 13.75, 16 ], "texture": "#farmland_wet" },
        "west":  { "uv": [ 1.1, 16, 4.55, 16 ], "texture": "#farmland_wet" },
        "east":  { "uv": [ 11.45, 16, 14.9, 16 ], "texture": "#farmland_wet" }
    }
},
{
    "__comment": "3dirt",
    "from": [ 10.5875, -0.425, 1.3875 ],
    "to": [ 13.4625, 0.15, 4.2625 ],
    "faces": {
        "down":  { "uv": [ 5.4125, 4.2625, 2.5375, 1.3875 ], "texture": "#farmland_wet" },
        "up":    { "uv": [ 10.5875, 1.3875, 13.4625, 4.2625 ], "texture": "#farmland_wet" },
        "north": { "uv": [ 2.5375, 15.85, 5.4125, 16 ], "texture": "#farmland_wet" },
        "south": { "uv": [ 10.5875, 15.85, 13.4625, 16 ], "texture": "#farmland_wet" },
        "west":  { "uv": [ 1.3875, 15.85, 4.2625, 16 ], "texture": "#farmland_wet" },
        "east":  { "uv": [ 11.7375, 15.85, 14.6125, 16 ], "texture": "#farmland_wet" }
    }
},
{
    "__comment": "3stem",
    "from": [ 11.7375, 0.15, 2.5375 ],
    "to": [ 12.3125, 4.75, 3.1125 ],
    "faces": {
        "down":  { "uv": [ 0.5, 2.5, 2.25, 11 ], "texture": "#texture" },
        "up":    { "uv": [ 0.5, 2.5, 2.25, 11 ], "texture": "#texture" },
        "north": { "uv": [ 0.5, 3, 2.5, 11.25 ], "texture": "#texture" },
        "south": { "uv": [ 0.5, 3, 2.5, 11.25 ], "texture": "#texture" },
        "west":  { "uv": [ 0.5, 3, 2.75, 11.75 ], "texture": "#texture" },
        "east":  { "uv": [ 0.5, 3, 2.75, 11.75 ], "texture": "#texture" }
    }
},
{
    "__comment": "4dirt",
    "from": [ -0.05, -1, 9.15 ],
    "to": [ 3.4, -0.425, 12.6 ],
    "faces": {
        "down":  { "uv": [ 13, 6, 10, 3 ], "rotation": 270, "texture": "#farmland_wet" },
        "up":    { "uv": [ 3, 3, 6, 6 ], "rotation": 90, "texture": "#farmland_wet" },
        "north": { "uv": [ 3, 15.5, 6, 16 ], "texture": "#farmland_wet" },
        "south": { "uv": [ 10, 15.5, 13, 16 ], "texture": "#farmland_wet" },
        "west":  { "uv": [ 3, 15.5, 6, 16 ], "texture": "#farmland_wet" },
        "east":  { "uv": [ 10, 15.5, 13, 16 ], "texture": "#farmland_wet" }
    }
},
{
    "__comment": "4dirt",
    "from": [ 0.2375, -0.425, 9.4375 ],
    "to": [ 3.1125, 0.15, 12.3125 ],
    "faces": {
        "down":  { "uv": [ 12.75, 5.75, 10.25, 3.25 ], "rotation": 270, "texture": "#farmland_wet" },
        "up":    { "uv": [ 3.25, 3.25, 5.75, 5.75 ], "rotation": 90, "texture": "#farmland_wet" },
        "north": { "uv": [ 3.25, 15, 5.75, 15.5 ], "texture": "#farmland_wet" },
        "south": { "uv": [ 10.25, 15, 12.75, 15.5 ], "texture": "#farmland_wet" },
        "west":  { "uv": [ 3.25, 15, 5.75, 15.5 ], "texture": "#farmland_wet" },
        "east":  { "uv": [ 10.25, 15, 12.75, 15.5 ], "texture": "#farmland_wet" }
    }
},
{
    "__comment": "4stem",
    "from": [ 1.3875, 0.15, 10.5875 ],
    "to": [ 1.9625, 4.175, 11.1625 ],
    "faces": {
        "down":  { "uv": [ 0.5, 2.5, 2.25, 11 ], "texture": "#texture" },
        "up":    { "uv": [ 0.5, 2.5, 2.25, 11 ], "texture": "#texture" },
        "north": { "uv": [ 0.5, 3, 2.5, 11.25 ], "texture": "#texture" },
        "south": { "uv": [ 0.5, 3, 2.5, 11.25 ], "texture": "#texture" },
        "west":  { "uv": [ 0.5, 3, 2.75, 11.75 ], "texture": "#texture" },
        "east":  { "uv": [ 0.5, 3, 2.75, 11.75 ], "texture": "#texture" }
    }
},
{
    "__comment": "dirt",
    "from": [ 2.25, -1, 2.25 ],
    "to": [ 5.7, -0.425, 5.7 ],
    "faces": {
        "down":  { "uv": [ 13, 6, 10, 3 ], "rotation": 270, "texture": "#farmland_wet" },
        "up":    { "uv": [ 3, 3, 6, 6 ], "rotation": 90, "texture": "#farmland_wet" },
        "north": { "uv": [ 3, 15.5, 6, 16 ], "texture": "#farmland_wet" },
        "south": { "uv": [ 10, 15.5, 13, 16 ], "texture": "#farmland_wet" },
        "west":  { "uv": [ 3, 15.5, 6, 16 ], "texture": "#farmland_wet" },
        "east":  { "uv": [ 10, 15.5, 13, 16 ], "texture": "#farmland_wet" }
    }
},
{
    "__comment": "dirt",
    "from": [ 2.5375, -0.425, 2.5375 ],
    "to": [ 5.4125, 0.15, 5.4125 ],
    "faces": {
        "down":  { "uv": [ 12.75, 5.75, 10.25, 3.25 ], "rotation": 270, "texture": "#farmland_wet" },
        "up":    { "uv": [ 3.25, 3.25, 5.75, 5.75 ], "rotation": 90, "texture": "#farmland_wet" },
        "north": { "uv": [ 3.25, 15, 5.75, 15.5 ], "texture": "#farmland_wet" },
        "south": { "uv": [ 10.25, 15, 12.75, 15.5 ], "texture": "#farmland_wet" },
        "west":  { "uv": [ 3.25, 15, 5.75, 15.5 ], "texture": "#farmland_wet" },
        "east":  { "uv": [ 10.25, 15, 12.75, 15.5 ], "texture": "#farmland_wet" }
    }
},
{
    "__comment": "stem",
    "from": [ 3.6875, 0.15, 3.6875 ],
    "to": [ 4.2625, 5.9, 4.2625 ],
    "faces": {
        "down":  { "uv": [ 0.5, 2.5, 2.25, 11 ], "texture": "#texture" },
        "up":    { "uv": [ 0.5, 2.5, 2.25, 11 ], "texture": "#texture" },
        "north": { "uv": [ 0.5, 3, 2.5, 11.25 ], "texture": "#texture" },
        "south": { "uv": [ 0.5, 3, 2.5, 11.25 ], "texture": "#texture" },
        "west":  { "uv": [ 0.5, 3, 2.75, 11.75 ], "texture": "#texture" },
        "east":  { "uv": [ 0.5, 3, 2.75, 11.75 ], "texture": "#texture" }
    }
}
]
}