{
"__comment": "CoolScreenName http://www.planetminecraft.com/member/coolscreenname/",
"textures": {
    "particle": "blocks/wheat_stage_5",
    "texture": "colormap/foliage",
    "farmland_wet": "blocks/farmland_wet"
},
"elements": [ 
{
    "__comment": "1dirt",
    "from": [ 12.6, -1, 11.45 ],
    "to": [ 16.05, -0.425, 14.9 ],
    "faces": {
        "down":  { "uv": [ 3.4, 14.9, 0, 11.45 ], "texture": "#farmland_wet" },
        "up":    { "uv": [ 12.6, 11.45, 16, 14.9 ], "texture": "#farmland_wet" },
        "north": { "uv": [ 0, 16, 3.4, 16 ], "texture": "#farmland_wet" },
        "south": { "uv": [ 12.6, 16, 16, 16 ], "texture": "#farmland_wet" },
        "west":  { "uv": [ 11.45, 16, 14.9, 16 ], "texture": "#farmland_wet" },
        "east":  { "uv": [ 1.1, 16, 4.55, 16 ], "texture": "#farmland_wet" }
    }
},
{
    "__comment": "1dirt",
    "from": [ 12.8875, -0.425, 11.7375 ],
    "to": [ 15.7625, 0.15, 14.6125 ],
    "faces": {
        "down":  { "uv": [ 3.1125, 14.6125, 0.2375, 11.7375 ], "texture": "#farmland_wet" },
        "up":    { "uv": [ 12.8875, 11.7375, 15.7625, 14.6125 ], "texture": "#farmland_wet" },
        "north": { "uv": [ 0.2375, 15.85, 3.1125, 16 ], "texture": "#farmland_wet" },
        "south": { "uv": [ 12.8875, 15.85, 15.7625, 16 ], "texture": "#farmland_wet" },
        "west":  { "uv": [ 11.7375, 15.85, 14.6125, 16 ], "texture": "#farmland_wet" },
        "east":  { "uv": [ 1.3875, 15.85, 4.2625, 16 ], "texture": "#farmland_wet" }
    }
},
{
    "__comment": "1head",
    "from": [ 14.0375, 9.35, 12.8875 ],
    "to": [ 14.6125, 11.9375, 13.4625 ],
    "faces": {
        "down":  { "uv": [ 0.25, 14.5, 1.5, 15.75 ], "texture": "#texture" },
        "up":    { "uv": [ 0.25, 14.5, 1.5, 15.75 ], "texture": "#texture" },
        "north": { "uv": [ 0.25, 14.25, 1.5, 15.75 ], "texture": "#texture" },
        "south": { "uv": [ 0.25, 14.25, 1.5, 15.75 ], "texture": "#texture" },
        "west":  { "uv": [ 0.25, 14.25, 1, 15.75 ], "texture": "#texture" },
        "east":  { "uv": [ 0.25, 14.25, 1, 15.75 ], "texture": "#texture" }
    }
},
{
    "__comment": "1head",
    "from": [ 14.7563, 11.65, 13.0313 ],
    "to": [ 15.0437, 13.0875, 13.3188 ],
    "rotation": { "origin": [ 14.7563, 13.0875, 13.0313 ], "axis": "z", "angle": -22.5 },
    "faces": {
        "down":  { "uv": [ 0.25, 14.5, 1.5, 15.75 ], "texture": "#texture" },
        "up":    { "uv": [ 0.25, 14.5, 1.5, 15.75 ], "texture": "#texture" },
        "north": { "uv": [ 0.25, 14.25, 1.5, 15.75 ], "texture": "#texture" },
        "south": { "uv": [ 0.25, 14.25, 1.5, 15.75 ], "texture": "#texture" },
        "west":  { "uv": [ 0.25, 14.25, 1, 15.75 ], "texture": "#texture" },
        "east":  { "uv": [ 0.25, 14.25, 1, 15.75 ], "texture": "#texture" }
    }
},
{
    "__comment": "1head",
    "from": [ 14.9, 11.0031, 13.0313 ],
    "to": [ 15.1875, 12.4406, 13.3188 ],
    "rotation": { "origin": [ 14.9, 12.4406, 13.0313 ], "axis": "z", "angle": -22.5 },
    "faces": {
        "down":  { "uv": [ 0.25, 14.5, 1.5, 15.75 ], "texture": "#texture" },
        "up":    { "uv": [ 0.25, 14.5, 1.5, 15.75 ], "texture": "#texture" },
        "north": { "uv": [ 0.25, 14.25, 1.5, 15.75 ], "texture": "#texture" },
        "south": { "uv": [ 0.25, 14.25, 1.5, 15.75 ], "texture": "#texture" },
        "west":  { "uv": [ 0.25, 14.25, 1, 15.75 ], "texture": "#texture" },
        "east":  { "uv": [ 0.25, 14.25, 1, 15.75 ], "texture": "#texture" }
    }
},
{
    "__comment": "1head",
    "from": [ 14.9, 10.1406, 13.0313 ],
    "to": [ 15.1875, 11.5781, 13.3188 ],
    "rotation": { "origin": [ 14.9, 11.5781, 13.0313 ], "axis": "z", "angle": -22.5 },
    "faces": {
        "down":  { "uv": [ 0.25, 14.5, 1.5, 15.75 ], "texture": "#texture" },
        "up":    { "uv": [ 0.25, 14.5, 1.5, 15.75 ], "texture": "#texture" },
        "north": { "uv": [ 0.25, 14.25, 1.5, 15.75 ], "texture": "#texture" },
        "south": { "uv": [ 0.25, 14.25, 1.5, 15.75 ], "texture": "#texture" },
        "west":  { "uv": [ 0.25, 14.25, 1, 15.75 ], "texture": "#texture" },
        "east":  { "uv": [ 0.25, 14.25, 1, 15.75 ], "texture": "#texture" }
    }
},
{
    "__comment": "1head",
    "from": [ 15.0437, 9.35, 13.0313 ],
    "to": [ 15.3312, 10.7875, 13.3188 ],
    "rotation": { "origin": [ 15.0437, 10.7875, 13.0313 ], "axis": "z", "angle": -22.5 },
    "faces": {
        "down":  { "uv": [ 0.25, 14.5, 1.5, 15.75 ], "texture": "#texture" },
        "up":    { "uv": [ 0.25, 14.5, 1.5, 15.75 ], "texture": "#texture" },
        "north": { "uv": [ 0.25, 14.25, 1.5, 15.75 ], "texture": "#texture" },
        "south": { "uv": [ 0.25, 14.25, 1.5, 15.75 ], "texture": "#texture" },
        "west":  { "uv": [ 0.25, 14.25, 1, 15.75 ], "texture": "#texture" },
        "east":  { "uv": [ 0.25, 14.25, 1, 15.75 ], "texture": "#texture" }
    }
},
{
    "__comment": "1head",
    "from": [ 13.75, 11.3625, 13.0313 ],
    "to": [ 14.0375, 12.8, 13.3188 ],
    "rotation": { "origin": [ 13.75, 12.8, 13.0313 ], "axis": "z", "angle": 22.5 },
    "faces": {
        "down":  { "uv": [ 0.25, 14.5, 1.5, 15.75 ], "texture": "#texture" },
        "up":    { "uv": [ 0.25, 14.5, 1.5, 15.75 ], "texture": "#texture" },
        "north": { "uv": [ 0.25, 14.25, 1.5, 15.75 ], "texture": "#texture" },
        "south": { "uv": [ 0.25, 14.25, 1.5, 15.75 ], "texture": "#texture" },
        "west":  { "uv": [ 0.25, 14.25, 1, 15.75 ], "texture": "#texture" },
        "east":  { "uv": [ 0.25, 14.25, 1, 15.75 ], "texture": "#texture" }
    }
},
{
    "__comment": "1head",
    "from": [ 13.3188, 11.0031, 13.0313 ],
    "to": [ 13.6062, 12.4406, 13.3188 ],
    "rotation": { "origin": [ 13.3188, 12.4406, 13.0313 ], "axis": "z", "angle": 22.5 },
    "faces": {
        "down":  { "uv": [ 0.25, 14.5, 1.5, 15.75 ], "texture": "#texture" },
        "up":    { "uv": [ 0.25, 14.5, 1.5, 15.75 ], "texture": "#texture" },
        "north": { "uv": [ 0.25, 14.25, 1.5, 15.75 ], "texture": "#texture" },
        "south": { "uv": [ 0.25, 14.25, 1.5, 15.75 ], "texture": "#texture" },
        "west":  { "uv": [ 0.25, 14.25, 1, 15.75 ], "texture": "#texture" },
        "east":  { "uv": [ 0.25, 14.25, 1, 15.75 ], "texture": "#texture" }
    }
},
{
    "__comment": "1head",
    "from": [ 13.3188, 10.1406, 13.0313 ],
    "to": [ 13.6062, 11.5781, 13.3188 ],
    "rotation": { "origin": [ 13.3188, 11.5781, 13.0313 ], "axis": "z", "angle": 22.5 },
    "faces": {
        "down":  { "uv": [ 0.25, 14.5, 1.5, 15.75 ], "texture": "#texture" },
        "up":    { "uv": [ 0.25, 14.5, 1.5, 15.75 ], "texture": "#texture" },
        "north": { "uv": [ 0.25, 14.25, 1.5, 15.75 ], "texture": "#texture" },
        "south": { "uv": [ 0.25, 14.25, 1.5, 15.75 ], "texture": "#texture" },
        "west":  { "uv": [ 0.25, 14.25, 1, 15.75 ], "texture": "#texture" },
        "east":  { "uv": [ 0.25, 14.25, 1, 15.75 ], "texture": "#texture" }
    }
},
{
    "__comment": "1head",
    "from": [ 13.4625, 9.0625, 13.0313 ],
    "to": [ 13.75, 10.5, 13.3188 ],
    "rotation": { "origin": [ 13.4625, 10.5, 13.0313 ], "axis": "z", "angle": 22.5 },
    "faces": {
        "down":  { "uv": [ 0.25, 14.5, 1.5, 15.75 ], "texture": "#texture" },
        "up":    { "uv": [ 0.25, 14.5, 1.5, 15.75 ], "texture": "#texture" },
        "north": { "uv": [ 0.25, 14.25, 1.5, 15.75 ], "texture": "#texture" },
        "south": { "uv": [ 0.25, 14.25, 1.5, 15.75 ], "texture": "#texture" },
        "west":  { "uv": [ 0.25, 14.25, 1, 15.75 ], "texture": "#texture" },
        "east":  { "uv": [ 0.25, 14.25, 1, 15.75 ], "texture": "#texture" }
    }
},
{
    "__comment": "1head",
    "from": [ 14.1813, 9.49375, 13.4625 ],
    "to": [ 14.4688, 11.7937, 13.75 ],
    "faces": {
        "down":  { "uv": [ 0.25, 14.5, 1.5, 15.75 ], "texture": "#texture" },
        "up":    { "uv": [ 0.25, 14.5, 1.5, 15.75 ], "texture": "#texture" },
        "north": { "uv": [ 0.25, 14.25, 1.5, 15.75 ], "texture": "#texture" },
        "south": { "uv": [ 0.25, 14.25, 1.5, 15.75 ], "texture": "#texture" },
        "west":  { "uv": [ 0.25, 14.25, 1, 15.75 ], "texture": "#texture" },
        "east":  { "uv": [ 0.25, 14.25, 1, 15.75 ], "texture": "#texture" }
    }
},
{
    "__comment": "1head",
    "from": [ 14.1813, 9.49375, 12.6 ],
    "to": [ 14.4688, 11.7937, 12.8875 ],
    "faces": {
        "down":  { "uv": [ 0.25, 14.5, 1.5, 15.75 ], "texture": "#texture" },
        "up":    { "uv": [ 0.25, 14.5, 1.5, 15.75 ], "texture": "#texture" },
        "north": { "uv": [ 0.25, 14.25, 1.5, 15.75 ], "texture": "#texture" },
        "south": { "uv": [ 0.25, 14.25, 1.5, 15.75 ], "texture": "#texture" },
        "west":  { "uv": [ 0.25, 14.25, 1, 15.75 ], "texture": "#texture" },
        "east":  { "uv": [ 0.25, 14.25, 1, 15.75 ], "texture": "#texture" }
    }
},
{
    "__comment": "1stem",
    "from": [ 14.0375, 0.15, 12.8875 ],
    "to": [ 14.6125, 9.35, 13.4625 ],
    "faces": {
        "down":  { "uv": [ 0.5, 2.5, 2.25, 11 ], "texture": "#texture" },
        "up":    { "uv": [ 0.5, 2.5, 2.25, 11 ], "texture": "#texture" },
        "north": { "uv": [ 0.5, 3, 2.5, 11.25 ], "texture": "#texture" },
        "south": { "uv": [ 0.5, 3, 2.5, 11.25 ], "texture": "#texture" },
        "west":  { "uv": [ 0.5, 3, 2.75, 11.75 ], "texture": "#texture" },
        "east":  { "uv": [ 0.5, 3, 2.75, 11.75 ], "texture": "#texture" }
    }
},
{
    "__comment": "2dirt",
    "from": [ 6.85, -1, 8 ],
    "to": [ 10.3, -0.425, 11.45 ],
    "faces": {
        "down":  { "uv": [ 9.15, 11.45, 5.7, 8 ], "texture": "#farmland_wet" },
        "up":    { "uv": [ 6.85, 8, 10.3, 11.45 ], "texture": "#farmland_wet" },
        "north": { "uv": [ 5.7, 16, 9.15, 16 ], "texture": "#farmland_wet" },
        "south": { "uv": [ 6.85, 16, 10.3, 16 ], "texture": "#farmland_wet" },
        "west":  { "uv": [ 8, 16, 11.45, 16 ], "texture": "#farmland_wet" },
        "east":  { "uv": [ 4.55, 16, 8, 16 ], "texture": "#farmland_wet" }
    }
},
{
    "__comment": "2dirt",
    "from": [ 7.1375, -0.425, 8.2875 ],
    "to": [ 10.0125, 0.15, 11.1625 ],
    "faces": {
        "down":  { "uv": [ 8.8625, 11.1625, 5.9875, 8.2875 ], "texture": "#farmland_wet" },
        "up":    { "uv": [ 7.1375, 8.2875, 10.0125, 11.1625 ], "texture": "#farmland_wet" },
        "north": { "uv": [ 5.9875, 15.85, 8.8625, 16 ], "texture": "#farmland_wet" },
        "south": { "uv": [ 7.1375, 15.85, 10.0125, 16 ], "texture": "#farmland_wet" },
        "west":  { "uv": [ 8.2875, 15.85, 11.1625, 16 ], "texture": "#farmland_wet" },
        "east":  { "uv": [ 4.8375, 15.85, 7.7125, 16 ], "texture": "#farmland_wet" }
    }
},
{
    "__comment": "2head",
    "from": [ 8.2875, 8.2, 9.4375 ],
    "to": [ 8.8625, 10.7875, 10.0125 ],
    "faces": {
        "down":  { "uv": [ 0.25, 14.5, 1.5, 15.75 ], "texture": "#texture" },
        "up":    { "uv": [ 0.25, 14.5, 1.5, 15.75 ], "texture": "#texture" },
        "north": { "uv": [ 0.25, 14.25, 1.5, 15.75 ], "texture": "#texture" },
        "south": { "uv": [ 0.25, 14.25, 1.5, 15.75 ], "texture": "#texture" },
        "west":  { "uv": [ 0.25, 14.25, 1, 15.75 ], "texture": "#texture" },
        "east":  { "uv": [ 0.25, 14.25, 1, 15.75 ], "texture": "#texture" }
    }
},
{
    "__comment": "2head",
    "from": [ 9.00625, 10.5, 9.58125 ],
    "to": [ 9.29375, 11.9375, 9.86875 ],
    "rotation": { "origin": [ 9.00625, 11.9375, 9.58125 ], "axis": "z", "angle": -22.5 },
    "faces": {
        "down":  { "uv": [ 0.25, 14.5, 1.5, 15.75 ], "texture": "#texture" },
        "up":    { "uv": [ 0.25, 14.5, 1.5, 15.75 ], "texture": "#texture" },
        "north": { "uv": [ 0.25, 14.25, 1.5, 15.75 ], "texture": "#texture" },
        "south": { "uv": [ 0.25, 14.25, 1.5, 15.75 ], "texture": "#texture" },
        "west":  { "uv": [ 0.25, 14.25, 1, 15.75 ], "texture": "#texture" },
        "east":  { "uv": [ 0.25, 14.25, 1, 15.75 ], "texture": "#texture" }
    }
},
{
    "__comment": "2head",
    "from": [ 9.15, 9.85313, 9.58125 ],
    "to": [ 9.4375, 11.2906, 9.86875 ],
    "rotation": { "origin": [ 9.15, 11.2906, 9.58125 ], "axis": "z", "angle": -22.5 },
    "faces": {
        "down":  { "uv": [ 0.25, 14.5, 1.5, 15.75 ], "texture": "#texture" },
        "up":    { "uv": [ 0.25, 14.5, 1.5, 15.75 ], "texture": "#texture" },
        "north": { "uv": [ 0.25, 14.25, 1.5, 15.75 ], "texture": "#texture" },
        "south": { "uv": [ 0.25, 14.25, 1.5, 15.75 ], "texture": "#texture" },
        "west":  { "uv": [ 0.25, 14.25, 1, 15.75 ], "texture": "#texture" },
        "east":  { "uv": [ 0.25, 14.25, 1, 15.75 ], "texture": "#texture" }
    }
},
{
    "__comment": "2head",
    "from": [ 9.15, 8.99062, 9.58125 ],
    "to": [ 9.4375, 10.4281, 9.86875 ],
    "rotation": { "origin": [ 9.15, 10.4281, 9.58125 ], "axis": "z", "angle": -22.5 },
    "faces": {
        "down":  { "uv": [ 0.25, 14.5, 1.5, 15.75 ], "texture": "#texture" },
        "up":    { "uv": [ 0.25, 14.5, 1.5, 15.75 ], "texture": "#texture" },
        "north": { "uv": [ 0.25, 14.25, 1.5, 15.75 ], "texture": "#texture" },
        "south": { "uv": [ 0.25, 14.25, 1.5, 15.75 ], "texture": "#texture" },
        "west":  { "uv": [ 0.25, 14.25, 1, 15.75 ], "texture": "#texture" },
        "east":  { "uv": [ 0.25, 14.25, 1, 15.75 ], "texture": "#texture" }
    }
},
{
    "__comment": "2head",
    "from": [ 9.29375, 8.2, 9.58125 ],
    "to": [ 9.58125, 9.6375, 9.86875 ],
    "rotation": { "origin": [ 9.29375, 9.6375, 9.58125 ], "axis": "z", "angle": -22.5 },
    "faces": {
        "down":  { "uv": [ 0.25, 14.5, 1.5, 15.75 ], "texture": "#texture" },
        "up":    { "uv": [ 0.25, 14.5, 1.5, 15.75 ], "texture": "#texture" },
        "north": { "uv": [ 0.25, 14.25, 1.5, 15.75 ], "texture": "#texture" },
        "south": { "uv": [ 0.25, 14.25, 1.5, 15.75 ], "texture": "#texture" },
        "west":  { "uv": [ 0.25, 14.25, 1, 15.75 ], "texture": "#texture" },
        "east":  { "uv": [ 0.25, 14.25, 1, 15.75 ], "texture": "#texture" }
    }
},
{
    "__comment": "2head",
    "from": [ 8, 10.2125, 9.58125 ],
    "to": [ 8.2875, 11.65, 9.86875 ],
    "rotation": { "origin": [ 8, 11.65, 9.58125 ], "axis": "z", "angle": 22.5 },
    "faces": {
        "down":  { "uv": [ 0.25, 14.5, 1.5, 15.75 ], "texture": "#texture" },
        "up":    { "uv": [ 0.25, 14.5, 1.5, 15.75 ], "texture": "#texture" },
        "north": { "uv": [ 0.25, 14.25, 1.5, 15.75 ], "texture": "#texture" },
        "south": { "uv": [ 0.25, 14.25, 1.5, 15.75 ], "texture": "#texture" },
        "west":  { "uv": [ 0.25, 14.25, 1, 15.75 ], "texture": "#texture" },
        "east":  { "uv": [ 0.25, 14.25, 1, 15.75 ], "texture": "#texture" }
    }
},
{
    "__comment": "2head",
    "from": [ 7.56875, 9.85313, 9.58125 ],
    "to": [ 7.85625, 11.2906, 9.86875 ],
    "rotation": { "origin": [ 7.56875, 11.2906, 9.58125 ], "axis": "z", "angle": 22.5 },
    "faces": {
        "down":  { "uv": [ 0.25, 14.5, 1.5, 15.75 ], "texture": "#texture" },
        "up":    { "uv": [ 0.25, 14.5, 1.5, 15.75 ], "texture": "#texture" },
        "north": { "uv": [ 0.25, 14.25, 1.5, 15.75 ], "texture": "#texture" },
        "south": { "uv": [ 0.25, 14.25, 1.5, 15.75 ], "texture": "#texture" },
        "west":  { "uv": [ 0.25, 14.25, 1, 15.75 ], "texture": "#texture" },
        "east":  { "uv": [ 0.25, 14.25, 1, 15.75 ], "texture": "#texture" }
    }
},
{
    "__comment": "2head",
    "from": [ 7.56875, 8.99062, 9.58125 ],
    "to": [ 7.85625, 10.4281, 9.86875 ],
    "rotation": { "origin": [ 7.56875, 10.4281, 9.58125 ], "axis": "z", "angle": 22.5 },
    "faces": {
        "down":  { "uv": [ 0.25, 14.5, 1.5, 15.75 ], "texture": "#texture" },
        "up":    { "uv": [ 0.25, 14.5, 1.5, 15.75 ], "texture": "#texture" },
        "north": { "uv": [ 0.25, 14.25, 1.5, 15.75 ], "texture": "#texture" },
        "south": { "uv": [ 0.25, 14.25, 1.5, 15.75 ], "texture": "#texture" },
        "west":  { "uv": [ 0.25, 14.25, 1, 15.75 ], "texture": "#texture" },
        "east":  { "uv": [ 0.25, 14.25, 1, 15.75 ], "texture": "#texture" }
    }
},
{
    "__comment": "2head",
    "from": [ 7.7125, 7.9125, 9.58125 ],
    "to": [ 8, 9.35, 9.86875 ],
    "rotation": { "origin": [ 7.7125, 9.35, 9.58125 ], "axis": "z", "angle": 22.5 },
    "faces": {
        "down":  { "uv": [ 0.25, 14.5, 1.5, 15.75 ], "texture": "#texture" },
        "up":    { "uv": [ 0.25, 14.5, 1.5, 15.75 ], "texture": "#texture" },
        "north": { "uv": [ 0.25, 14.25, 1.5, 15.75 ], "texture": "#texture" },
        "south": { "uv": [ 0.25, 14.25, 1.5, 15.75 ], "texture": "#texture" },
        "west":  { "uv": [ 0.25, 14.25, 1, 15.75 ], "texture": "#texture" },
        "east":  { "uv": [ 0.25, 14.25, 1, 15.75 ], "texture": "#texture" }
    }
},
{
    "__comment": "2head",
    "from": [ 8.43125, 8.34375, 10.0125 ],
    "to": [ 8.71875, 10.6438, 10.3 ],
    "faces": {
        "down":  { "uv": [ 0.25, 14.5, 1.5, 15.75 ], "texture": "#texture" },
        "up":    { "uv": [ 0.25, 14.5, 1.5, 15.75 ], "texture": "#texture" },
        "north": { "uv": [ 0.25, 14.25, 1.5, 15.75 ], "texture": "#texture" },
        "south": { "uv": [ 0.25, 14.25, 1.5, 15.75 ], "texture": "#texture" },
        "west":  { "uv": [ 0.25, 14.25, 1, 15.75 ], "texture": "#texture" },
        "east":  { "uv": [ 0.25, 14.25, 1, 15.75 ], "texture": "#texture" }
    }
},
{
    "__comment": "2head",
    "from": [ 8.43125, 8.34375, 9.15 ],
    "to": [ 8.71875, 10.6438, 9.4375 ],
    "faces": {
        "down":  { "uv": [ 0.25, 14.5, 1.5, 15.75 ], "texture": "#texture" },
        "up":    { "uv": [ 0.25, 14.5, 1.5, 15.75 ], "texture": "#texture" },
        "north": { "uv": [ 0.25, 14.25, 1.5, 15.75 ], "texture": "#texture" },
        "south": { "uv": [ 0.25, 14.25, 1.5, 15.75 ], "texture": "#texture" },
        "west":  { "uv": [ 0.25, 14.25, 1, 15.75 ], "texture": "#texture" },
        "east":  { "uv": [ 0.25, 14.25, 1, 15.75 ], "texture": "#texture" }
    }
},
{
    "__comment": "2stem",
    "from": [ 8.2875, 0.15, 9.4375 ],
    "to": [ 8.8625, 8.2, 10.0125 ],
    "faces": {
        "down":  { "uv": [ 0.5, 2.5, 2.25, 11 ], "texture": "#texture" },
        "up":    { "uv": [ 0.5, 2.5, 2.25, 11 ], "texture": "#texture" },
        "north": { "uv": [ 0.5, 3, 2.5, 11.25 ], "texture": "#texture" },
        "south": { "uv": [ 0.5, 3, 2.5, 11.25 ], "texture": "#texture" },
        "west":  { "uv": [ 0.5, 3, 2.75, 11.75 ], "texture": "#texture" },
        "east":  { "uv": [ 0.5, 3, 2.75, 11.75 ], "texture": "#texture" }
    }
},
{
    "__comment": "3dirt",
    "from": [ 10.3, -1, 1.1 ],
    "to": [ 13.75, -0.425, 4.55 ],
    "faces": {
        "down":  { "uv": [ 5.7, 4.55, 2.25, 1.1 ], "texture": "#farmland_wet" },
        "up":    { "uv": [ 10.3, 1.1, 13.75, 4.55 ], "texture": "#farmland_wet" },
        "north": { "uv": [ 2.25, 16, 5.7, 16 ], "texture": "#farmland_wet" },
        "south": { "uv": [ 10.3, 16, 13.75, 16 ], "texture": "#farmland_wet" },
        "west":  { "uv": [ 1.1, 16, 4.55, 16 ], "texture": "#farmland_wet" },
        "east":  { "uv": [ 11.45, 16, 14.9, 16 ], "texture": "#farmland_wet" }
    }
},
{
    "__comment": "3dirt",
    "from": [ 10.5875, -0.425, 1.3875 ],
    "to": [ 13.4625, 0.15, 4.2625 ],
    "faces": {
        "down":  { "uv": [ 5.4125, 4.2625, 2.5375, 1.3875 ], "texture": "#farmland_wet" },
        "up":    { "uv": [ 10.5875, 1.3875, 13.4625, 4.2625 ], "texture": "#farmland_wet" },
        "north": { "uv": [ 2.5375, 15.85, 5.4125, 16 ], "texture": "#farmland_wet" },
        "south": { "uv": [ 10.5875, 15.85, 13.4625, 16 ], "texture": "#farmland_wet" },
        "west":  { "uv": [ 1.3875, 15.85, 4.2625, 16 ], "texture": "#farmland_wet" },
        "east":  { "uv": [ 11.7375, 15.85, 14.6125, 16 ], "texture": "#farmland_wet" }
    }
},
{
    "__comment": "3head",
    "from": [ 11.7375, 8.2, 2.5375 ],
    "to": [ 12.3125, 10.7875, 3.1125 ],
    "faces": {
        "down":  { "uv": [ 0.25, 14.5, 1.5, 15.75 ], "texture": "#texture" },
        "up":    { "uv": [ 0.25, 14.5, 1.5, 15.75 ], "texture": "#texture" },
        "north": { "uv": [ 0.25, 14.25, 1.5, 15.75 ], "texture": "#texture" },
        "south": { "uv": [ 0.25, 14.25, 1.5, 15.75 ], "texture": "#texture" },
        "west":  { "uv": [ 0.25, 14.25, 1, 15.75 ], "texture": "#texture" },
        "east":  { "uv": [ 0.25, 14.25, 1, 15.75 ], "texture": "#texture" }
    }
},
{
    "__comment": "3head",
    "from": [ 12.4563, 10.5, 2.68125 ],
    "to": [ 12.7438, 11.9375, 2.96875 ],
    "rotation": { "origin": [ 12.4563, 11.9375, 2.68125 ], "axis": "z", "angle": -22.5 },
    "faces": {
        "down":  { "uv": [ 0.25, 14.5, 1.5, 15.75 ], "texture": "#texture" },
        "up":    { "uv": [ 0.25, 14.5, 1.5, 15.75 ], "texture": "#texture" },
        "north": { "uv": [ 0.25, 14.25, 1.5, 15.75 ], "texture": "#texture" },
        "south": { "uv": [ 0.25, 14.25, 1.5, 15.75 ], "texture": "#texture" },
        "west":  { "uv": [ 0.25, 14.25, 1, 15.75 ], "texture": "#texture" },
        "east":  { "uv": [ 0.25, 14.25, 1, 15.75 ], "texture": "#texture" }
    }
},
{
    "__comment": "3head",
    "from": [ 12.6, 9.85313, 2.68125 ],
    "to": [ 12.8875, 11.2906, 2.96875 ],
    "rotation": { "origin": [ 12.6, 11.2906, 2.68125 ], "axis": "z", "angle": -22.5 },
    "faces": {
        "down":  { "uv": [ 0.25, 14.5, 1.5, 15.75 ], "texture": "#texture" },
        "up":    { "uv": [ 0.25, 14.5, 1.5, 15.75 ], "texture": "#texture" },
        "north": { "uv": [ 0.25, 14.25, 1.5, 15.75 ], "texture": "#texture" },
        "south": { "uv": [ 0.25, 14.25, 1.5, 15.75 ], "texture": "#texture" },
        "west":  { "uv": [ 0.25, 14.25, 1, 15.75 ], "texture": "#texture" },
        "east":  { "uv": [ 0.25, 14.25, 1, 15.75 ], "texture": "#texture" }
    }
},
{
    "__comment": "3head",
    "from": [ 12.6, 8.99062, 2.68125 ],
    "to": [ 12.8875, 10.4281, 2.96875 ],
    "rotation": { "origin": [ 12.6, 10.4281, 2.68125 ], "axis": "z", "angle": -22.5 },
    "faces": {
        "down":  { "uv": [ 0.25, 14.5, 1.5, 15.75 ], "texture": "#texture" },
        "up":    { "uv": [ 0.25, 14.5, 1.5, 15.75 ], "texture": "#texture" },
        "north": { "uv": [ 0.25, 14.25, 1.5, 15.75 ], "texture": "#texture" },
        "south": { "uv": [ 0.25, 14.25, 1.5, 15.75 ], "texture": "#texture" },
        "west":  { "uv": [ 0.25, 14.25, 1, 15.75 ], "texture": "#texture" },
        "east":  { "uv": [ 0.25, 14.25, 1, 15.75 ], "texture": "#texture" }
    }
},
{
    "__comment": "3head",
    "from": [ 12.7438, 8.2, 2.68125 ],
    "to": [ 13.0313, 9.6375, 2.96875 ],
    "rotation": { "origin": [ 12.7438, 9.6375, 2.68125 ], "axis": "z", "angle": -22.5 },
    "faces": {
        "down":  { "uv": [ 0.25, 14.5, 1.5, 15.75 ], "texture": "#texture" },
        "up":    { "uv": [ 0.25, 14.5, 1.5, 15.75 ], "texture": "#texture" },
        "north": { "uv": [ 0.25, 14.25, 1.5, 15.75 ], "texture": "#texture" },
        "south": { "uv": [ 0.25, 14.25, 1.5, 15.75 ], "texture": "#texture" },
        "west":  { "uv": [ 0.25, 14.25, 1, 15.75 ], "texture": "#texture" },
        "east":  { "uv": [ 0.25, 14.25, 1, 15.75 ], "texture": "#texture" }
    }
},
{
    "__comment": "3head",
    "from": [ 11.45, 10.2125, 2.68125 ],
    "to": [ 11.7375, 11.65, 2.96875 ],
    "rotation": { "origin": [ 11.45, 11.65, 2.68125 ], "axis": "z", "angle": 22.5 },
    "faces": {
        "down":  { "uv": [ 0.25, 14.5, 1.5, 15.75 ], "texture": "#texture" },
        "up":    { "uv": [ 0.25, 14.5, 1.5, 15.75 ], "texture": "#texture" },
        "north": { "uv": [ 0.25, 14.25, 1.5, 15.75 ], "texture": "#texture" },
        "south": { "uv": [ 0.25, 14.25, 1.5, 15.75 ], "texture": "#texture" },
        "west":  { "uv": [ 0.25, 14.25, 1, 15.75 ], "texture": "#texture" },
        "east":  { "uv": [ 0.25, 14.25, 1, 15.75 ], "texture": "#texture" }
    }
},
{
    "__comment": "3head",
    "from": [ 11.0188, 9.85313, 2.68125 ],
    "to": [ 11.3063, 11.2906, 2.96875 ],
    "rotation": { "origin": [ 11.0188, 11.2906, 2.68125 ], "axis": "z", "angle": 22.5 },
    "faces": {
        "down":  { "uv": [ 0.25, 14.5, 1.5, 15.75 ], "texture": "#texture" },
        "up":    { "uv": [ 0.25, 14.5, 1.5, 15.75 ], "texture": "#texture" },
        "north": { "uv": [ 0.25, 14.25, 1.5, 15.75 ], "texture": "#texture" },
        "south": { "uv": [ 0.25, 14.25, 1.5, 15.75 ], "texture": "#texture" },
        "west":  { "uv": [ 0.25, 14.25, 1, 15.75 ], "texture": "#texture" },
        "east":  { "uv": [ 0.25, 14.25, 1, 15.75 ], "texture": "#texture" }
    }
},
{
    "__comment": "3head",
    "from": [ 11.0188, 8.99062, 2.68125 ],
    "to": [ 11.3063, 10.4281, 2.96875 ],
    "rotation": { "origin": [ 11.0188, 10.4281, 2.68125 ], "axis": "z", "angle": 22.5 },
    "faces": {
        "down":  { "uv": [ 0.25, 14.5, 1.5, 15.75 ], "texture": "#texture" },
        "up":    { "uv": [ 0.25, 14.5, 1.5, 15.75 ], "texture": "#texture" },
        "north": { "uv": [ 0.25, 14.25, 1.5, 15.75 ], "texture": "#texture" },
        "south": { "uv": [ 0.25, 14.25, 1.5, 15.75 ], "texture": "#texture" },
        "west":  { "uv": [ 0.25, 14.25, 1, 15.75 ], "texture": "#texture" },
        "east":  { "uv": [ 0.25, 14.25, 1, 15.75 ], "texture": "#texture" }
    }
},
{
    "__comment": "3head",
    "from": [ 11.1625, 7.9125, 2.68125 ],
    "to": [ 11.45, 9.35, 2.96875 ],
    "rotation": { "origin": [ 11.1625, 9.35, 2.68125 ], "axis": "z", "angle": 22.5 },
    "faces": {
        "down":  { "uv": [ 0.25, 14.5, 1.5, 15.75 ], "texture": "#texture" },
        "up":    { "uv": [ 0.25, 14.5, 1.5, 15.75 ], "texture": "#texture" },
        "north": { "uv": [ 0.25, 14.25, 1.5, 15.75 ], "texture": "#texture" },
        "south": { "uv": [ 0.25, 14.25, 1.5, 15.75 ], "texture": "#texture" },
        "west":  { "uv": [ 0.25, 14.25, 1, 15.75 ], "texture": "#texture" },
        "east":  { "uv": [ 0.25, 14.25, 1, 15.75 ], "texture": "#texture" }
    }
},
{
    "__comment": "3head",
    "from": [ 11.8813, 8.34375, 3.1125 ],
    "to": [ 12.1687, 10.6438, 3.4 ],
    "faces": {
        "down":  { "uv": [ 0.25, 14.5, 1.5, 15.75 ], "texture": "#texture" },
        "up":    { "uv": [ 0.25, 14.5, 1.5, 15.75 ], "texture": "#texture" },
        "north": { "uv": [ 0.25, 14.25, 1.5, 15.75 ], "texture": "#texture" },
        "south": { "uv": [ 0.25, 14.25, 1.5, 15.75 ], "texture": "#texture" },
        "west":  { "uv": [ 0.25, 14.25, 1, 15.75 ], "texture": "#texture" },
        "east":  { "uv": [ 0.25, 14.25, 1, 15.75 ], "texture": "#texture" }
    }
},
{
    "__comment": "3head",
    "from": [ 11.8813, 8.34375, 2.25 ],
    "to": [ 12.1687, 10.6438, 2.5375 ],
    "faces": {
        "down":  { "uv": [ 0.25, 14.5, 1.5, 15.75 ], "texture": "#texture" },
        "up":    { "uv": [ 0.25, 14.5, 1.5, 15.75 ], "texture": "#texture" },
        "north": { "uv": [ 0.25, 14.25, 1.5, 15.75 ], "texture": "#texture" },
        "south": { "uv": [ 0.25, 14.25, 1.5, 15.75 ], "texture": "#texture" },
        "west":  { "uv": [ 0.25, 14.25, 1, 15.75 ], "texture": "#texture" },
        "east":  { "uv": [ 0.25, 14.25, 1, 15.75 ], "texture": "#texture" }
    }
},
{
    "__comment": "3stem",
    "from": [ 11.7375, 0.15, 2.5375 ],
    "to": [ 12.3125, 8.2, 3.1125 ],
    "faces": {
        "down":  { "uv": [ 0.5, 2.5, 2.25, 11 ], "texture": "#texture" },
        "up":    { "uv": [ 0.5, 2.5, 2.25, 11 ], "texture": "#texture" },
        "north": { "uv": [ 0.5, 3, 2.5, 11.25 ], "texture": "#texture" },
        "south": { "uv": [ 0.5, 3, 2.5, 11.25 ], "texture": "#texture" },
        "west":  { "uv": [ 0.5, 3, 2.75, 11.75 ], "texture": "#texture" },
        "east":  { "uv": [ 0.5, 3, 2.75, 11.75 ], "texture": "#texture" }
    }
},
{
    "__comment": "4dirt",
    "from": [ -0.05, -1, 9.15 ],
    "to": [ 3.4, -0.425, 12.6 ],
    "faces": {
        "down":  { "uv": [ 13, 6, 10, 3 ], "rotation": 270, "texture": "#farmland_wet" },
        "up":    { "uv": [ 3, 3, 6, 6 ], "rotation": 90, "texture": "#farmland_wet" },
        "north": { "uv": [ 3, 15.5, 6, 16 ], "texture": "#farmland_wet" },
        "south": { "uv": [ 10, 15.5, 13, 16 ], "texture": "#farmland_wet" },
        "west":  { "uv": [ 3, 15.5, 6, 16 ], "texture": "#farmland_wet" },
        "east":  { "uv": [ 10, 15.5, 13, 16 ], "texture": "#farmland_wet" }
    }
},
{
    "__comment": "4dirt",
    "from": [ 0.2375, -0.425, 9.4375 ],
    "to": [ 3.1125, 0.15, 12.3125 ],
    "faces": {
        "down":  { "uv": [ 12.75, 5.75, 10.25, 3.25 ], "rotation": 270, "texture": "#farmland_wet" },
        "up":    { "uv": [ 3.25, 3.25, 5.75, 5.75 ], "rotation": 90, "texture": "#farmland_wet" },
        "north": { "uv": [ 3.25, 15, 5.75, 15.5 ], "texture": "#farmland_wet" },
        "south": { "uv": [ 10.25, 15, 12.75, 15.5 ], "texture": "#farmland_wet" },
        "west":  { "uv": [ 3.25, 15, 5.75, 15.5 ], "texture": "#farmland_wet" },
        "east":  { "uv": [ 10.25, 15, 12.75, 15.5 ], "texture": "#farmland_wet" }
    }
},
{
    "__comment": "4head",
    "from": [ 1.3875, 7.625, 10.5875 ],
    "to": [ 1.9625, 10.2125, 11.1625 ],
    "faces": {
        "down":  { "uv": [ 0.25, 14.5, 1.5, 15.75 ], "rotation": 270, "texture": "#texture" },
        "up":    { "uv": [ 0.25, 14.5, 1.5, 15.75 ], "rotation": 90, "texture": "#texture" },
        "north": { "uv": [ 0.25, 14.25, 1, 15.75 ], "texture": "#texture" },
        "south": { "uv": [ 0.25, 14.25, 1, 15.75 ], "texture": "#texture" },
        "west":  { "uv": [ 0.25, 14.25, 1.5, 15.75 ], "texture": "#texture" },
        "east":  { "uv": [ 0.25, 14.25, 1.5, 15.75 ], "texture": "#texture" }
    }
},
{
    "__comment": "4head",
    "from": [ 1.53125, 9.925, 11.45 ],
    "to": [ 1.81875, 11.3625, 11.7375 ],
    "rotation": { "origin": [ 1.53125, 11.3625, 11.45 ], "axis": "x", "angle": 22.5 },
    "faces": {
        "down":  { "uv": [ 0.25, 14.5, 1.5, 15.75 ], "rotation": 270, "texture": "#texture" },
        "up":    { "uv": [ 0.25, 14.5, 1.5, 15.75 ], "rotation": 90, "texture": "#texture" },
        "north": { "uv": [ 0.25, 14.25, 1, 15.75 ], "texture": "#texture" },
        "south": { "uv": [ 0.25, 14.25, 1, 15.75 ], "texture": "#texture" },
        "west":  { "uv": [ 0.25, 14.25, 1.5, 15.75 ], "texture": "#texture" },
        "east":  { "uv": [ 0.25, 14.25, 1.5, 15.75 ], "texture": "#texture" }
    }
},
{
    "__comment": "4head",
    "from": [ 1.53125, 9.27812, 11.45 ],
    "to": [ 1.81875, 10.7156, 11.7375 ],
    "rotation": { "origin": [ 1.53125, 10.7156, 11.45 ], "axis": "x", "angle": 22.5 },
    "faces": {
        "down":  { "uv": [ 0.25, 14.5, 1.5, 15.75 ], "rotation": 270, "texture": "#texture" },
        "up":    { "uv": [ 0.25, 14.5, 1.5, 15.75 ], "rotation": 90, "texture": "#texture" },
        "north": { "uv": [ 0.25, 14.25, 1, 15.75 ], "texture": "#texture" },
        "south": { "uv": [ 0.25, 14.25, 1, 15.75 ], "texture": "#texture" },
        "west":  { "uv": [ 0.25, 14.25, 1.5, 15.75 ], "texture": "#texture" },
        "east":  { "uv": [ 0.25, 14.25, 1.5, 15.75 ], "texture": "#texture" }
    }
},
{
    "__comment": "4head",
    "from": [ 1.53125, 8.41563, 11.45 ],
    "to": [ 1.81875, 9.85313, 11.7375 ],
    "rotation": { "origin": [ 1.53125, 9.85313, 11.45 ], "axis": "x", "angle": 22.5 },
    "faces": {
        "down":  { "uv": [ 0.25, 14.5, 1.5, 15.75 ], "rotation": 270, "texture": "#texture" },
        "up":    { "uv": [ 0.25, 14.5, 1.5, 15.75 ], "rotation": 90, "texture": "#texture" },
        "north": { "uv": [ 0.25, 14.25, 1, 15.75 ], "texture": "#texture" },
        "south": { "uv": [ 0.25, 14.25, 1, 15.75 ], "texture": "#texture" },
        "west":  { "uv": [ 0.25, 14.25, 1.5, 15.75 ], "texture": "#texture" },
        "east":  { "uv": [ 0.25, 14.25, 1.5, 15.75 ], "texture": "#texture" }
    }
},
{
    "__comment": "4head",
    "from": [ 1.53125, 7.625, 11.7375 ],
    "to": [ 1.81875, 9.0625, 12.025 ],
    "rotation": { "origin": [ 1.53125, 9.0625, 11.7375 ], "axis": "x", "angle": 22.5 },
    "faces": {
        "down":  { "uv": [ 0.25, 14.5, 1.5, 15.75 ], "rotation": 270, "texture": "#texture" },
        "up":    { "uv": [ 0.25, 14.5, 1.5, 15.75 ], "rotation": 90, "texture": "#texture" },
        "north": { "uv": [ 0.25, 14.25, 1, 15.75 ], "texture": "#texture" },
        "south": { "uv": [ 0.25, 14.25, 1, 15.75 ], "texture": "#texture" },
        "west":  { "uv": [ 0.25, 14.25, 1.5, 15.75 ], "texture": "#texture" },
        "east":  { "uv": [ 0.25, 14.25, 1.5, 15.75 ], "texture": "#texture" }
    }
},
{
    "__comment": "4head",
    "from": [ 1.53125, 9.6375, 10.3 ],
    "to": [ 1.81875, 11.075, 10.5875 ],
    "rotation": { "origin": [ 1.53125, 11.075, 10.3 ], "axis": "x", "angle": -22.5 },
    "faces": {
        "down":  { "uv": [ 0.25, 14.5, 1.5, 15.75 ], "rotation": 270, "texture": "#texture" },
        "up":    { "uv": [ 0.25, 14.5, 1.5, 15.75 ], "rotation": 90, "texture": "#texture" },
        "north": { "uv": [ 0.25, 14.25, 1, 15.75 ], "texture": "#texture" },
        "south": { "uv": [ 0.25, 14.25, 1, 15.75 ], "texture": "#texture" },
        "west":  { "uv": [ 0.25, 14.25, 1.5, 15.75 ], "texture": "#texture" },
        "east":  { "uv": [ 0.25, 14.25, 1.5, 15.75 ], "texture": "#texture" }
    }
},
{
    "__comment": "4head",
    "from": [ 1.53125, 9.27812, 10.0125 ],
    "to": [ 1.81875, 10.7156, 10.3 ],
    "rotation": { "origin": [ 1.53125, 10.7156, 10.0125 ], "axis": "x", "angle": -22.5 },
    "faces": {
        "down":  { "uv": [ 0.25, 14.5, 1.5, 15.75 ], "rotation": 270, "texture": "#texture" },
        "up":    { "uv": [ 0.25, 14.5, 1.5, 15.75 ], "rotation": 90, "texture": "#texture" },
        "north": { "uv": [ 0.25, 14.25, 1, 15.75 ], "texture": "#texture" },
        "south": { "uv": [ 0.25, 14.25, 1, 15.75 ], "texture": "#texture" },
        "west":  { "uv": [ 0.25, 14.25, 1.5, 15.75 ], "texture": "#texture" },
        "east":  { "uv": [ 0.25, 14.25, 1.5, 15.75 ], "texture": "#texture" }
    }
},
{
    "__comment": "4head",
    "from": [ 1.53125, 9.41563, 10.0125 ],
    "to": [ 1.81875, 10.8531, 10.3 ],
    "rotation": { "origin": [ 1.53125, 10.8531, 10.0125 ], "axis": "x", "angle": -22.5 },
    "faces": {
        "down":  { "uv": [ 0.25, 14.5, 1.5, 15.75 ], "rotation": 270, "texture": "#texture" },
        "up":    { "uv": [ 0.25, 14.5, 1.5, 15.75 ], "rotation": 90, "texture": "#texture" },
        "north": { "uv": [ 0.25, 14.25, 1, 15.75 ], "texture": "#texture" },
        "south": { "uv": [ 0.25, 14.25, 1, 15.75 ], "texture": "#texture" },
        "west":  { "uv": [ 0.25, 14.25, 1.5, 15.75 ], "texture": "#texture" },
        "east":  { "uv": [ 0.25, 14.25, 1.5, 15.75 ], "texture": "#texture" }
    }
},
{
    "__comment": "4head",
    "from": [ 1.53125, 7.3375, 10.0125 ],
    "to": [ 1.81875, 8.775, 10.3 ],
    "rotation": { "origin": [ 1.53125, 8.775, 10.0125 ], "axis": "x", "angle": -22.5 },
    "faces": {
        "down":  { "uv": [ 0.25, 14.5, 1.5, 15.75 ], "rotation": 270, "texture": "#texture" },
        "up":    { "uv": [ 0.25, 14.5, 1.5, 15.75 ], "rotation": 90, "texture": "#texture" },
        "north": { "uv": [ 0.25, 14.25, 1, 15.75 ], "texture": "#texture" },
        "south": { "uv": [ 0.25, 14.25, 1, 15.75 ], "texture": "#texture" },
        "west":  { "uv": [ 0.25, 14.25, 1.5, 15.75 ], "texture": "#texture" },
        "east":  { "uv": [ 0.25, 14.25, 1.5, 15.75 ], "texture": "#texture" }
    }
},
{
    "__comment": "4head",
    "from": [ 1.1, 7.76875, 10.7083 ],
    "to": [ 1.3875, 10.0688, 10.9957 ],
    "faces": {
        "down":  { "uv": [ 0.25, 14.5, 1.5, 15.75 ], "rotation": 270, "texture": "#texture" },
        "up":    { "uv": [ 0.25, 14.5, 1.5, 15.75 ], "rotation": 90, "texture": "#texture" },
        "north": { "uv": [ 0.25, 14.25, 1, 15.75 ], "texture": "#texture" },
        "south": { "uv": [ 0.25, 14.25, 1, 15.75 ], "texture": "#texture" },
        "west":  { "uv": [ 0.25, 14.25, 1.5, 15.75 ], "texture": "#texture" },
        "east":  { "uv": [ 0.25, 14.25, 1.5, 15.75 ], "texture": "#texture" }
    }
},
{
    "__comment": "4head",
    "from": [ 1.9625, 7.76875, 10.7083 ],
    "to": [ 2.25, 10.0688, 10.9957 ],
    "faces": {
        "down":  { "uv": [ 0.25, 14.5, 1.5, 15.75 ], "rotation": 270, "texture": "#texture" },
        "up":    { "uv": [ 0.25, 14.5, 1.5, 15.75 ], "rotation": 90, "texture": "#texture" },
        "north": { "uv": [ 0.25, 14.25, 1, 15.75 ], "texture": "#texture" },
        "south": { "uv": [ 0.25, 14.25, 1, 15.75 ], "texture": "#texture" },
        "west":  { "uv": [ 0.25, 14.25, 1.5, 15.75 ], "texture": "#texture" },
        "east":  { "uv": [ 0.25, 14.25, 1.5, 15.75 ], "texture": "#texture" }
    }
},
{
    "__comment": "4stem",
    "from": [ 1.3875, -1, 10.5875 ],
    "to": [ 1.9625, 7.625, 11.1625 ],
    "faces": {
        "down":  { "uv": [ 0.5, 2.5, 2.25, 11 ], "texture": "#texture" },
        "up":    { "uv": [ 0.5, 2.5, 2.25, 11 ], "texture": "#texture" },
        "north": { "uv": [ 0.5, 3, 2.5, 11.25 ], "texture": "#texture" },
        "south": { "uv": [ 0.5, 3, 2.5, 11.25 ], "texture": "#texture" },
        "west":  { "uv": [ 0.5, 3, 2.75, 11.75 ], "texture": "#texture" },
        "east":  { "uv": [ 0.5, 3, 2.75, 11.75 ], "texture": "#texture" }
    }
},
{
    "__comment": "dirt",
    "from": [ 2.25, -1, 2.25 ],
    "to": [ 5.7, -0.425, 5.7 ],
    "faces": {
        "down":  { "uv": [ 13, 6, 10, 3 ], "rotation": 270, "texture": "#farmland_wet" },
        "up":    { "uv": [ 3, 3, 6, 6 ], "rotation": 90, "texture": "#farmland_wet" },
        "north": { "uv": [ 3, 15.5, 6, 16 ], "texture": "#farmland_wet" },
        "south": { "uv": [ 10, 15.5, 13, 16 ], "texture": "#farmland_wet" },
        "west":  { "uv": [ 3, 15.5, 6, 16 ], "texture": "#farmland_wet" },
        "east":  { "uv": [ 10, 15.5, 13, 16 ], "texture": "#farmland_wet" }
    }
},
{
    "__comment": "dirt",
    "from": [ 2.5375, -0.425, 2.5375 ],
    "to": [ 5.4125, 0.15, 5.4125 ],
    "faces": {
        "down":  { "uv": [ 12.75, 5.75, 10.25, 3.25 ], "rotation": 270, "texture": "#farmland_wet" },
        "up":    { "uv": [ 3.25, 3.25, 5.75, 5.75 ], "rotation": 90, "texture": "#farmland_wet" },
        "north": { "uv": [ 3.25, 15, 5.75, 15.5 ], "texture": "#farmland_wet" },
        "south": { "uv": [ 10.25, 15, 12.75, 15.5 ], "texture": "#farmland_wet" },
        "west":  { "uv": [ 3.25, 15, 5.75, 15.5 ], "texture": "#farmland_wet" },
        "east":  { "uv": [ 10.25, 15, 12.75, 15.5 ], "texture": "#farmland_wet" }
    }
},
{
    "__comment": "head",
    "from": [ 3.6875, 9.925, 3.6875 ],
    "to": [ 4.2625, 12.5125, 4.2625 ],
    "faces": {
        "down":  { "uv": [ 0.25, 14.5, 1.5, 15.75 ], "rotation": 270, "texture": "#texture" },
        "up":    { "uv": [ 0.25, 14.5, 1.5, 15.75 ], "rotation": 90, "texture": "#texture" },
        "north": { "uv": [ 0.25, 14.25, 1, 15.75 ], "texture": "#texture" },
        "south": { "uv": [ 0.25, 14.25, 1, 15.75 ], "texture": "#texture" },
        "west":  { "uv": [ 0.25, 14.25, 1.5, 15.75 ], "texture": "#texture" },
        "east":  { "uv": [ 0.25, 14.25, 1.5, 15.75 ], "texture": "#texture" }
    }
},
{
    "__comment": "head",
    "from": [ 3.83125, 12.225, 4.55 ],
    "to": [ 4.11875, 13.6625, 4.8375 ],
    "rotation": { "origin": [ 3.83125, 13.6625, 4.55 ], "axis": "x", "angle": 22.5 },
    "faces": {
        "down":  { "uv": [ 0.25, 14.5, 1.5, 15.75 ], "rotation": 270, "texture": "#texture" },
        "up":    { "uv": [ 0.25, 14.5, 1.5, 15.75 ], "rotation": 90, "texture": "#texture" },
        "north": { "uv": [ 0.25, 14.25, 1, 15.75 ], "texture": "#texture" },
        "south": { "uv": [ 0.25, 14.25, 1, 15.75 ], "texture": "#texture" },
        "west":  { "uv": [ 0.25, 14.25, 1.5, 15.75 ], "texture": "#texture" },
        "east":  { "uv": [ 0.25, 14.25, 1.5, 15.75 ], "texture": "#texture" }
    }
},
{
    "__comment": "head",
    "from": [ 3.83125, 11.5781, 4.55 ],
    "to": [ 4.11875, 13.0156, 4.8375 ],
    "rotation": { "origin": [ 3.83125, 13.0156, 4.55 ], "axis": "x", "angle": 22.5 },
    "faces": {
        "down":  { "uv": [ 0.25, 14.5, 1.5, 15.75 ], "rotation": 270, "texture": "#texture" },
        "up":    { "uv": [ 0.25, 14.5, 1.5, 15.75 ], "rotation": 90, "texture": "#texture" },
        "north": { "uv": [ 0.25, 14.25, 1, 15.75 ], "texture": "#texture" },
        "south": { "uv": [ 0.25, 14.25, 1, 15.75 ], "texture": "#texture" },
        "west":  { "uv": [ 0.25, 14.25, 1.5, 15.75 ], "texture": "#texture" },
        "east":  { "uv": [ 0.25, 14.25, 1.5, 15.75 ], "texture": "#texture" }
    }
},
{
    "__comment": "head",
    "from": [ 3.83125, 10.7156, 4.55 ],
    "to": [ 4.11875, 12.1531, 4.8375 ],
    "rotation": { "origin": [ 3.83125, 12.1531, 4.55 ], "axis": "x", "angle": 22.5 },
    "faces": {
        "down":  { "uv": [ 0.25, 14.5, 1.5, 15.75 ], "rotation": 270, "texture": "#texture" },
        "up":    { "uv": [ 0.25, 14.5, 1.5, 15.75 ], "rotation": 90, "texture": "#texture" },
        "north": { "uv": [ 0.25, 14.25, 1, 15.75 ], "texture": "#texture" },
        "south": { "uv": [ 0.25, 14.25, 1, 15.75 ], "texture": "#texture" },
        "west":  { "uv": [ 0.25, 14.25, 1.5, 15.75 ], "texture": "#texture" },
        "east":  { "uv": [ 0.25, 14.25, 1.5, 15.75 ], "texture": "#texture" }
    }
},
{
    "__comment": "head",
    "from": [ 3.83125, 9.925, 4.8375 ],
    "to": [ 4.11875, 11.3625, 5.125 ],
    "rotation": { "origin": [ 3.83125, 11.3625, 4.8375 ], "axis": "x", "angle": 22.5 },
    "faces": {
        "down":  { "uv": [ 0.25, 14.5, 1.5, 15.75 ], "rotation": 270, "texture": "#texture" },
        "up":    { "uv": [ 0.25, 14.5, 1.5, 15.75 ], "rotation": 90, "texture": "#texture" },
        "north": { "uv": [ 0.25, 14.25, 1, 15.75 ], "texture": "#texture" },
        "south": { "uv": [ 0.25, 14.25, 1, 15.75 ], "texture": "#texture" },
        "west":  { "uv": [ 0.25, 14.25, 1.5, 15.75 ], "texture": "#texture" },
        "east":  { "uv": [ 0.25, 14.25, 1.5, 15.75 ], "texture": "#texture" }
    }
},
{
    "__comment": "head",
    "from": [ 3.83125, 11.9375, 3.4 ],
    "to": [ 4.11875, 13.375, 3.6875 ],
    "rotation": { "origin": [ 3.83125, 13.375, 3.4 ], "axis": "x", "angle": -22.5 },
    "faces": {
        "down":  { "uv": [ 0.25, 14.5, 1.5, 15.75 ], "rotation": 270, "texture": "#texture" },
        "up":    { "uv": [ 0.25, 14.5, 1.5, 15.75 ], "rotation": 90, "texture": "#texture" },
        "north": { "uv": [ 0.25, 14.25, 1, 15.75 ], "texture": "#texture" },
        "south": { "uv": [ 0.25, 14.25, 1, 15.75 ], "texture": "#texture" },
        "west":  { "uv": [ 0.25, 14.25, 1.5, 15.75 ], "texture": "#texture" },
        "east":  { "uv": [ 0.25, 14.25, 1.5, 15.75 ], "texture": "#texture" }
    }
},
{
    "__comment": "head",
    "from": [ 3.83125, 11.5781, 3.1125 ],
    "to": [ 4.11875, 13.0156, 3.4 ],
    "rotation": { "origin": [ 3.83125, 13.0156, 3.1125 ], "axis": "x", "angle": -22.5 },
    "faces": {
        "down":  { "uv": [ 0.25, 14.5, 1.5, 15.75 ], "rotation": 270, "texture": "#texture" },
        "up":    { "uv": [ 0.25, 14.5, 1.5, 15.75 ], "rotation": 90, "texture": "#texture" },
        "north": { "uv": [ 0.25, 14.25, 1, 15.75 ], "texture": "#texture" },
        "south": { "uv": [ 0.25, 14.25, 1, 15.75 ], "texture": "#texture" },
        "west":  { "uv": [ 0.25, 14.25, 1.5, 15.75 ], "texture": "#texture" },
        "east":  { "uv": [ 0.25, 14.25, 1.5, 15.75 ], "texture": "#texture" }
    }
},
{
    "__comment": "head",
    "from": [ 3.83125, 10.7156, 3.1125 ],
    "to": [ 4.11875, 12.1531, 3.4 ],
    "rotation": { "origin": [ 3.83125, 12.1531, 3.1125 ], "axis": "x", "angle": -22.5 },
    "faces": {
        "down":  { "uv": [ 0.25, 14.5, 1.5, 15.75 ], "rotation": 270, "texture": "#texture" },
        "up":    { "uv": [ 0.25, 14.5, 1.5, 15.75 ], "rotation": 90, "texture": "#texture" },
        "north": { "uv": [ 0.25, 14.25, 1, 15.75 ], "texture": "#texture" },
        "south": { "uv": [ 0.25, 14.25, 1, 15.75 ], "texture": "#texture" },
        "west":  { "uv": [ 0.25, 14.25, 1.5, 15.75 ], "texture": "#texture" },
        "east":  { "uv": [ 0.25, 14.25, 1.5, 15.75 ], "texture": "#texture" }
    }
},
{
    "__comment": "head",
    "from": [ 3.83125, 9.6375, 3.1125 ],
    "to": [ 4.11875, 11.075, 3.4 ],
    "rotation": { "origin": [ 3.83125, 11.075, 3.1125 ], "axis": "x", "angle": -22.5 },
    "faces": {
        "down":  { "uv": [ 0.25, 14.5, 1.5, 15.75 ], "rotation": 270, "texture": "#texture" },
        "up":    { "uv": [ 0.25, 14.5, 1.5, 15.75 ], "rotation": 90, "texture": "#texture" },
        "north": { "uv": [ 0.25, 14.25, 1, 15.75 ], "texture": "#texture" },
        "south": { "uv": [ 0.25, 14.25, 1, 15.75 ], "texture": "#texture" },
        "west":  { "uv": [ 0.25, 14.25, 1.5, 15.75 ], "texture": "#texture" },
        "east":  { "uv": [ 0.25, 14.25, 1.5, 15.75 ], "texture": "#texture" }
    }
},
{
    "__comment": "head",
    "from": [ 3.4, 10.0688, 3.80825 ],
    "to": [ 3.6875, 12.3688, 4.09575 ],
    "faces": {
        "down":  { "uv": [ 0.25, 14.5, 1.5, 15.75 ], "rotation": 270, "texture": "#texture" },
        "up":    { "uv": [ 0.25, 14.5, 1.5, 15.75 ], "rotation": 90, "texture": "#texture" },
        "north": { "uv": [ 0.25, 14.25, 1, 15.75 ], "texture": "#texture" },
        "south": { "uv": [ 0.25, 14.25, 1, 15.75 ], "texture": "#texture" },
        "west":  { "uv": [ 0.25, 14.25, 1.5, 15.75 ], "texture": "#texture" },
        "east":  { "uv": [ 0.25, 14.25, 1.5, 15.75 ], "texture": "#texture" }
    }
},
{
    "__comment": "head",
    "from": [ 4.2625, 10.0688, 3.80825 ],
    "to": [ 4.55, 12.3688, 4.09575 ],
    "faces": {
        "down":  { "uv": [ 0.25, 14.5, 1.5, 15.75 ], "rotation": 270, "texture": "#texture" },
        "up":    { "uv": [ 0.25, 14.5, 1.5, 15.75 ], "rotation": 90, "texture": "#texture" },
        "north": { "uv": [ 0.25, 14.25, 1, 15.75 ], "texture": "#texture" },
        "south": { "uv": [ 0.25, 14.25, 1, 15.75 ], "texture": "#texture" },
        "west":  { "uv": [ 0.25, 14.25, 1.5, 15.75 ], "texture": "#texture" },
        "east":  { "uv": [ 0.25, 14.25, 1.5, 15.75 ], "texture": "#texture" }
    }
},
{
    "__comment": "stem",
    "from": [ 3.6875, -1, 3.6875 ],
    "to": [ 4.2625, 9.925, 4.2625 ],
    "faces": {
        "down":  { "uv": [ 0.5, 2.5, 2.25, 11 ], "texture": "#texture" },
        "up":    { "uv": [ 0.5, 2.5, 2.25, 11 ], "texture": "#texture" },
        "north": { "uv": [ 0.5, 3, 2.5, 11.25 ], "texture": "#texture" },
        "south": { "uv": [ 0.5, 3, 2.5, 11.25 ], "texture": "#texture" },
        "west":  { "uv": [ 0.5, 3, 2.75, 11.75 ], "texture": "#texture" },
        "east":  { "uv": [ 0.5, 3, 2.75, 11.75 ], "texture": "#texture" }
    }
}
]
}