{
"__comment": "CoolScreenName http://www.planetminecraft.com/member/coolscreenname/",
"textures": {
    "particle": "blocks/wheat_stage_0",
    "texture": "colormap/foliage",
    "farmland_wet": "blocks/farmland_wet"
},
"elements": [ 
{
    "__comment": "1stem",
    "from": [ 14.0375, -1, 12.6 ],
    "to": [ 14.6125, 0.15, 13.175 ],
    "faces": {
        "down":  { "uv": [ 0.5, 2.5, 2.25, 11 ], "texture": "#texture" },
        "up":    { "uv": [ 0.5, 2.5, 2.25, 11 ], "texture": "#texture" },
        "north": { "uv": [ 0.5, 3, 2.5, 11.25 ], "texture": "#texture" },
        "south": { "uv": [ 0.5, 3, 2.5, 11.25 ], "texture": "#texture" },
        "west":  { "uv": [ 0.5, 3, 2.75, 11.75 ], "texture": "#texture" },
        "east":  { "uv": [ 0.5, 3, 2.75, 11.75 ], "texture": "#texture" }
    }
},
{
    "__comment": "2stem",
    "from": [ 8.2875, -1, 9.4375 ],
    "to": [ 8.8625, 0.4375, 10.0125 ],
    "faces": {
        "down":  { "uv": [ 0.5, 2.5, 2.25, 11 ], "texture": "#texture" },
        "up":    { "uv": [ 0.5, 2.5, 2.25, 11 ], "texture": "#texture" },
        "north": { "uv": [ 0.5, 3, 2.5, 11.25 ], "texture": "#texture" },
        "south": { "uv": [ 0.5, 3, 2.5, 11.25 ], "texture": "#texture" },
        "west":  { "uv": [ 0.5, 3, 2.75, 11.75 ], "texture": "#texture" },
        "east":  { "uv": [ 0.5, 3, 2.75, 11.75 ], "texture": "#texture" }
    }
},
{
    "__comment": "3stem",
    "from": [ 11.7375, -1, 2.5375 ],
    "to": [ 12.3125, 1.3, 3.1125 ],
    "faces": {
        "down":  { "uv": [ 0.5, 2.5, 2.25, 11 ], "texture": "#texture" },
        "up":    { "uv": [ 0.5, 2.5, 2.25, 11 ], "texture": "#texture" },
        "north": { "uv": [ 0.5, 3, 2.5, 11.25 ], "texture": "#texture" },
        "south": { "uv": [ 0.5, 3, 2.5, 11.25 ], "texture": "#texture" },
        "west":  { "uv": [ 0.5, 3, 2.75, 11.75 ], "texture": "#texture" },
        "east":  { "uv": [ 0.5, 3, 2.75, 11.75 ], "texture": "#texture" }
    }
},
{
    "__comment": "4stem",
    "from": [ 1.3875, -1, 10.5875 ],
    "to": [ 1.9625, 0.725, 11.1625 ],
    "faces": {
        "down":  { "uv": [ 0.5, 2.5, 2.25, 11 ], "texture": "#texture" },
        "up":    { "uv": [ 0.5, 2.5, 2.25, 11 ], "texture": "#texture" },
        "north": { "uv": [ 0.5, 3, 2.5, 11.25 ], "texture": "#texture" },
        "south": { "uv": [ 0.5, 3, 2.5, 11.25 ], "texture": "#texture" },
        "west":  { "uv": [ 0.5, 3, 2.75, 11.75 ], "texture": "#texture" },
        "east":  { "uv": [ 0.5, 3, 2.75, 11.75 ], "texture": "#texture" }
    }
},
{
    "__comment": "stem",
    "from": [ 3.6875, -1, 3.6875 ],
    "to": [ 4.2625, 0.725, 4.2625 ],
    "faces": {
        "down":  { "uv": [ 0.5, 2.5, 2.25, 11 ], "texture": "#texture" },
        "up":    { "uv": [ 0.5, 2.5, 2.25, 11 ], "texture": "#texture" },
        "north": { "uv": [ 0.5, 3, 2.5, 11.25 ], "texture": "#texture" },
        "south": { "uv": [ 0.5, 3, 2.5, 11.25 ], "texture": "#texture" },
        "west":  { "uv": [ 0.5, 3, 2.75, 11.75 ], "texture": "#texture" },
        "east":  { "uv": [ 0.5, 3, 2.75, 11.75 ], "texture": "#texture" }
    }
}
]
}