{
"__comment": "CoolScreenName http://www.planetminecraft.com/member/coolscreenname/",
"textures": {
    "particle": "blocks/wheat_stage_4",
    "texture": "colormap/foliage",
    "farmland_wet": "blocks/farmland_wet"
},
"elements": [ 
{
    "__comment": "1dirt",
    "from": [ 12.6, -1, 11.45 ],
    "to": [ 16.05, -0.425, 14.9 ],
    "faces": {
        "down":  { "uv": [ 3.4, 14.9, 0, 11.45 ], "texture": "#farmland_wet" },
        "up":    { "uv": [ 12.6, 11.45, 16, 14.9 ], "texture": "#farmland_wet" },
        "north": { "uv": [ 0, 16, 3.4, 16 ], "texture": "#farmland_wet" },
        "south": { "uv": [ 12.6, 16, 16, 16 ], "texture": "#farmland_wet" },
        "west":  { "uv": [ 11.45, 16, 14.9, 16 ], "texture": "#farmland_wet" },
        "east":  { "uv": [ 1.1, 16, 4.55, 16 ], "texture": "#farmland_wet" }
    }
},
{
    "__comment": "1dirt",
    "from": [ 12.8875, -0.425, 11.7375 ],
    "to": [ 15.7625, 0.15, 14.6125 ],
    "faces": {
        "down":  { "uv": [ 3.1125, 14.6125, 0.2375, 11.7375 ], "texture": "#farmland_wet" },
        "up":    { "uv": [ 12.8875, 11.7375, 15.7625, 14.6125 ], "texture": "#farmland_wet" },
        "north": { "uv": [ 0.2375, 15.85, 3.1125, 16 ], "texture": "#farmland_wet" },
        "south": { "uv": [ 12.8875, 15.85, 15.7625, 16 ], "texture": "#farmland_wet" },
        "west":  { "uv": [ 11.7375, 15.85, 14.6125, 16 ], "texture": "#farmland_wet" },
        "east":  { "uv": [ 1.3875, 15.85, 4.2625, 16 ], "texture": "#farmland_wet" }
    }
},
{
    "__comment": "1head",
    "from": [ 14.0375, 7.625, 12.8875 ],
    "to": [ 14.6125, 10.2125, 13.4625 ],
    "faces": {
        "down":  { "uv": [ 0.25, 14.5, 1.5, 15.75 ], "texture": "#texture" },
        "up":    { "uv": [ 0.25, 14.5, 1.5, 15.75 ], "texture": "#texture" },
        "north": { "uv": [ 0.25, 14.25, 1.5, 15.75 ], "texture": "#texture" },
        "south": { "uv": [ 0.25, 14.25, 1.5, 15.75 ], "texture": "#texture" },
        "west":  { "uv": [ 0.25, 14.25, 1, 15.75 ], "texture": "#texture" },
        "east":  { "uv": [ 0.25, 14.25, 1, 15.75 ], "texture": "#texture" }
    }
},
{
    "__comment": "1head",
    "from": [ 14.7563, 9.925, 13.0313 ],
    "to": [ 15.0437, 11.3625, 13.3188 ],
    "rotation": { "origin": [ 14.7563, 11.3625, 13.0313 ], "axis": "z", "angle": -22.5 },
    "faces": {
        "down":  { "uv": [ 0.25, 14.5, 1.5, 15.75 ], "texture": "#texture" },
        "up":    { "uv": [ 0.25, 14.5, 1.5, 15.75 ], "texture": "#texture" },
        "north": { "uv": [ 0.25, 14.25, 1.5, 15.75 ], "texture": "#texture" },
        "south": { "uv": [ 0.25, 14.25, 1.5, 15.75 ], "texture": "#texture" },
        "west":  { "uv": [ 0.25, 14.25, 1, 15.75 ], "texture": "#texture" },
        "east":  { "uv": [ 0.25, 14.25, 1, 15.75 ], "texture": "#texture" }
    }
},
{
    "__comment": "1head",
    "from": [ 14.9, 8.41563, 13.0313 ],
    "to": [ 15.1875, 9.85313, 13.3188 ],
    "rotation": { "origin": [ 14.9, 9.85313, 13.0313 ], "axis": "z", "angle": -22.5 },
    "faces": {
        "down":  { "uv": [ 0.25, 14.5, 1.5, 15.75 ], "texture": "#texture" },
        "up":    { "uv": [ 0.25, 14.5, 1.5, 15.75 ], "texture": "#texture" },
        "north": { "uv": [ 0.25, 14.25, 1.5, 15.75 ], "texture": "#texture" },
        "south": { "uv": [ 0.25, 14.25, 1.5, 15.75 ], "texture": "#texture" },
        "west":  { "uv": [ 0.25, 14.25, 1, 15.75 ], "texture": "#texture" },
        "east":  { "uv": [ 0.25, 14.25, 1, 15.75 ], "texture": "#texture" }
    }
},
{
    "__comment": "1head",
    "from": [ 13.75, 9.6375, 13.0313 ],
    "to": [ 14.0375, 11.075, 13.3188 ],
    "rotation": { "origin": [ 13.75, 11.075, 13.0313 ], "axis": "z", "angle": 22.5 },
    "faces": {
        "down":  { "uv": [ 0.25, 14.5, 1.5, 15.75 ], "texture": "#texture" },
        "up":    { "uv": [ 0.25, 14.5, 1.5, 15.75 ], "texture": "#texture" },
        "north": { "uv": [ 0.25, 14.25, 1.5, 15.75 ], "texture": "#texture" },
        "south": { "uv": [ 0.25, 14.25, 1.5, 15.75 ], "texture": "#texture" },
        "west":  { "uv": [ 0.25, 14.25, 1, 15.75 ], "texture": "#texture" },
        "east":  { "uv": [ 0.25, 14.25, 1, 15.75 ], "texture": "#texture" }
    }
},
{
    "__comment": "1head",
    "from": [ 13.3188, 9.27812, 13.0313 ],
    "to": [ 13.6062, 10.7156, 13.3188 ],
    "rotation": { "origin": [ 13.3188, 10.7156, 13.0313 ], "axis": "z", "angle": 22.5 },
    "faces": {
        "down":  { "uv": [ 0.25, 14.5, 1.5, 15.75 ], "texture": "#texture" },
        "up":    { "uv": [ 0.25, 14.5, 1.5, 15.75 ], "texture": "#texture" },
        "north": { "uv": [ 0.25, 14.25, 1.5, 15.75 ], "texture": "#texture" },
        "south": { "uv": [ 0.25, 14.25, 1.5, 15.75 ], "texture": "#texture" },
        "west":  { "uv": [ 0.25, 14.25, 1, 15.75 ], "texture": "#texture" },
        "east":  { "uv": [ 0.25, 14.25, 1, 15.75 ], "texture": "#texture" }
    }
},
{
    "__comment": "1head",
    "from": [ 14.1813, 7.76875, 13.4625 ],
    "to": [ 14.4688, 10.0688, 13.75 ],
    "faces": {
        "down":  { "uv": [ 0.25, 14.5, 1.5, 15.75 ], "texture": "#texture" },
        "up":    { "uv": [ 0.25, 14.5, 1.5, 15.75 ], "texture": "#texture" },
        "north": { "uv": [ 0.25, 14.25, 1.5, 15.75 ], "texture": "#texture" },
        "south": { "uv": [ 0.25, 14.25, 1.5, 15.75 ], "texture": "#texture" },
        "west":  { "uv": [ 0.25, 14.25, 1, 15.75 ], "texture": "#texture" },
        "east":  { "uv": [ 0.25, 14.25, 1, 15.75 ], "texture": "#texture" }
    }
},
{
    "__comment": "1head",
    "from": [ 14.1813, 7.76875, 12.6 ],
    "to": [ 14.4688, 10.0688, 12.8875 ],
    "faces": {
        "down":  { "uv": [ 0.25, 14.5, 1.5, 15.75 ], "texture": "#texture" },
        "up":    { "uv": [ 0.25, 14.5, 1.5, 15.75 ], "texture": "#texture" },
        "north": { "uv": [ 0.25, 14.25, 1.5, 15.75 ], "texture": "#texture" },
        "south": { "uv": [ 0.25, 14.25, 1.5, 15.75 ], "texture": "#texture" },
        "west":  { "uv": [ 0.25, 14.25, 1, 15.75 ], "texture": "#texture" },
        "east":  { "uv": [ 0.25, 14.25, 1, 15.75 ], "texture": "#texture" }
    }
},
{
    "__comment": "1stem",
    "from": [ 14.0375, 0.15, 12.8875 ],
    "to": [ 14.6125, 7.625, 13.4625 ],
    "faces": {
        "down":  { "uv": [ 0.5, 2.5, 2.25, 11 ], "texture": "#texture" },
        "up":    { "uv": [ 0.5, 2.5, 2.25, 11 ], "texture": "#texture" },
        "north": { "uv": [ 0.5, 3, 2.5, 11.25 ], "texture": "#texture" },
        "south": { "uv": [ 0.5, 3, 2.5, 11.25 ], "texture": "#texture" },
        "west":  { "uv": [ 0.5, 3, 2.75, 11.75 ], "texture": "#texture" },
        "east":  { "uv": [ 0.5, 3, 2.75, 11.75 ], "texture": "#texture" }
    }
},
{
    "__comment": "2dirt",
    "from": [ 6.85, -1, 8 ],
    "to": [ 10.3, -0.425, 11.45 ],
    "faces": {
        "down":  { "uv": [ 9.15, 11.45, 5.7, 8 ], "texture": "#farmland_wet" },
        "up":    { "uv": [ 6.85, 8, 10.3, 11.45 ], "texture": "#farmland_wet" },
        "north": { "uv": [ 5.7, 16, 9.15, 16 ], "texture": "#farmland_wet" },
        "south": { "uv": [ 6.85, 16, 10.3, 16 ], "texture": "#farmland_wet" },
        "west":  { "uv": [ 8, 16, 11.45, 16 ], "texture": "#farmland_wet" },
        "east":  { "uv": [ 4.55, 16, 8, 16 ], "texture": "#farmland_wet" }
    }
},
{
    "__comment": "2dirt",
    "from": [ 7.1375, -0.425, 8.2875 ],
    "to": [ 10.0125, 0.15, 11.1625 ],
    "faces": {
        "down":  { "uv": [ 8.8625, 11.1625, 5.9875, 8.2875 ], "texture": "#farmland_wet" },
        "up":    { "uv": [ 7.1375, 8.2875, 10.0125, 11.1625 ], "texture": "#farmland_wet" },
        "north": { "uv": [ 5.9875, 15.85, 8.8625, 16 ], "texture": "#farmland_wet" },
        "south": { "uv": [ 7.1375, 15.85, 10.0125, 16 ], "texture": "#farmland_wet" },
        "west":  { "uv": [ 8.2875, 15.85, 11.1625, 16 ], "texture": "#farmland_wet" },
        "east":  { "uv": [ 4.8375, 15.85, 7.7125, 16 ], "texture": "#farmland_wet" }
    }
},
{
    "__comment": "2head",
    "from": [ 8.2875, 6.475, 9.4375 ],
    "to": [ 8.8625, 9.0625, 10.0125 ],
    "faces": {
        "down":  { "uv": [ 0.25, 14.5, 1.5, 15.75 ], "texture": "#texture" },
        "up":    { "uv": [ 0.25, 14.5, 1.5, 15.75 ], "texture": "#texture" },
        "north": { "uv": [ 0.25, 14.25, 1.5, 15.75 ], "texture": "#texture" },
        "south": { "uv": [ 0.25, 14.25, 1.5, 15.75 ], "texture": "#texture" },
        "west":  { "uv": [ 0.25, 14.25, 1, 15.75 ], "texture": "#texture" },
        "east":  { "uv": [ 0.25, 14.25, 1, 15.75 ], "texture": "#texture" }
    }
},
{
    "__comment": "2head",
    "from": [ 9.15, 8.12813, 9.58125 ],
    "to": [ 9.4375, 9.56563, 9.86875 ],
    "rotation": { "origin": [ 9.15, 9.56563, 9.58125 ], "axis": "z", "angle": -22.5 },
    "faces": {
        "down":  { "uv": [ 0.25, 14.5, 1.5, 15.75 ], "texture": "#texture" },
        "up":    { "uv": [ 0.25, 14.5, 1.5, 15.75 ], "texture": "#texture" },
        "north": { "uv": [ 0.25, 14.25, 1.5, 15.75 ], "texture": "#texture" },
        "south": { "uv": [ 0.25, 14.25, 1.5, 15.75 ], "texture": "#texture" },
        "west":  { "uv": [ 0.25, 14.25, 1, 15.75 ], "texture": "#texture" },
        "east":  { "uv": [ 0.25, 14.25, 1, 15.75 ], "texture": "#texture" }
    }
},
{
    "__comment": "2head",
    "from": [ 9.15, 7.26563, 9.58125 ],
    "to": [ 9.4375, 8.70313, 9.86875 ],
    "rotation": { "origin": [ 9.15, 8.70313, 9.58125 ], "axis": "z", "angle": -22.5 },
    "faces": {
        "down":  { "uv": [ 0.25, 14.5, 1.5, 15.75 ], "texture": "#texture" },
        "up":    { "uv": [ 0.25, 14.5, 1.5, 15.75 ], "texture": "#texture" },
        "north": { "uv": [ 0.25, 14.25, 1.5, 15.75 ], "texture": "#texture" },
        "south": { "uv": [ 0.25, 14.25, 1.5, 15.75 ], "texture": "#texture" },
        "west":  { "uv": [ 0.25, 14.25, 1, 15.75 ], "texture": "#texture" },
        "east":  { "uv": [ 0.25, 14.25, 1, 15.75 ], "texture": "#texture" }
    }
},
{
    "__comment": "2head",
    "from": [ 8, 8.4875, 9.58125 ],
    "to": [ 8.2875, 9.925, 9.86875 ],
    "rotation": { "origin": [ 8, 9.925, 9.58125 ], "axis": "z", "angle": 22.5 },
    "faces": {
        "down":  { "uv": [ 0.25, 14.5, 1.5, 15.75 ], "texture": "#texture" },
        "up":    { "uv": [ 0.25, 14.5, 1.5, 15.75 ], "texture": "#texture" },
        "north": { "uv": [ 0.25, 14.25, 1.5, 15.75 ], "texture": "#texture" },
        "south": { "uv": [ 0.25, 14.25, 1.5, 15.75 ], "texture": "#texture" },
        "west":  { "uv": [ 0.25, 14.25, 1, 15.75 ], "texture": "#texture" },
        "east":  { "uv": [ 0.25, 14.25, 1, 15.75 ], "texture": "#texture" }
    }
},
{
    "__comment": "2head",
    "from": [ 7.56875, 7.26563, 9.58125 ],
    "to": [ 7.85625, 8.70313, 9.86875 ],
    "rotation": { "origin": [ 7.56875, 8.70313, 9.58125 ], "axis": "z", "angle": 22.5 },
    "faces": {
        "down":  { "uv": [ 0.25, 14.5, 1.5, 15.75 ], "texture": "#texture" },
        "up":    { "uv": [ 0.25, 14.5, 1.5, 15.75 ], "texture": "#texture" },
        "north": { "uv": [ 0.25, 14.25, 1.5, 15.75 ], "texture": "#texture" },
        "south": { "uv": [ 0.25, 14.25, 1.5, 15.75 ], "texture": "#texture" },
        "west":  { "uv": [ 0.25, 14.25, 1, 15.75 ], "texture": "#texture" },
        "east":  { "uv": [ 0.25, 14.25, 1, 15.75 ], "texture": "#texture" }
    }
},
{
    "__comment": "2head",
    "from": [ 7.7125, 6.1875, 9.58125 ],
    "to": [ 8, 7.625, 9.86875 ],
    "rotation": { "origin": [ 7.7125, 7.625, 9.58125 ], "axis": "z", "angle": 22.5 },
    "faces": {
        "down":  { "uv": [ 0.25, 14.5, 1.5, 15.75 ], "texture": "#texture" },
        "up":    { "uv": [ 0.25, 14.5, 1.5, 15.75 ], "texture": "#texture" },
        "north": { "uv": [ 0.25, 14.25, 1.5, 15.75 ], "texture": "#texture" },
        "south": { "uv": [ 0.25, 14.25, 1.5, 15.75 ], "texture": "#texture" },
        "west":  { "uv": [ 0.25, 14.25, 1, 15.75 ], "texture": "#texture" },
        "east":  { "uv": [ 0.25, 14.25, 1, 15.75 ], "texture": "#texture" }
    }
},
{
    "__comment": "2head",
    "from": [ 8.43125, 6.61875, 10.0125 ],
    "to": [ 8.71875, 8.91875, 10.3 ],
    "faces": {
        "down":  { "uv": [ 0.25, 14.5, 1.5, 15.75 ], "texture": "#texture" },
        "up":    { "uv": [ 0.25, 14.5, 1.5, 15.75 ], "texture": "#texture" },
        "north": { "uv": [ 0.25, 14.25, 1.5, 15.75 ], "texture": "#texture" },
        "south": { "uv": [ 0.25, 14.25, 1.5, 15.75 ], "texture": "#texture" },
        "west":  { "uv": [ 0.25, 14.25, 1, 15.75 ], "texture": "#texture" },
        "east":  { "uv": [ 0.25, 14.25, 1, 15.75 ], "texture": "#texture" }
    }
},
{
    "__comment": "2head",
    "from": [ 8.43125, 6.61875, 9.15 ],
    "to": [ 8.71875, 8.91875, 9.4375 ],
    "faces": {
        "down":  { "uv": [ 0.25, 14.5, 1.5, 15.75 ], "texture": "#texture" },
        "up":    { "uv": [ 0.25, 14.5, 1.5, 15.75 ], "texture": "#texture" },
        "north": { "uv": [ 0.25, 14.25, 1.5, 15.75 ], "texture": "#texture" },
        "south": { "uv": [ 0.25, 14.25, 1.5, 15.75 ], "texture": "#texture" },
        "west":  { "uv": [ 0.25, 14.25, 1, 15.75 ], "texture": "#texture" },
        "east":  { "uv": [ 0.25, 14.25, 1, 15.75 ], "texture": "#texture" }
    }
},
{
    "__comment": "2stem",
    "from": [ 8.2875, 0.15, 9.4375 ],
    "to": [ 8.8625, 6.475, 10.0125 ],
    "faces": {
        "down":  { "uv": [ 0.5, 2.5, 2.25, 11 ], "texture": "#texture" },
        "up":    { "uv": [ 0.5, 2.5, 2.25, 11 ], "texture": "#texture" },
        "north": { "uv": [ 0.5, 3, 2.5, 11.25 ], "texture": "#texture" },
        "south": { "uv": [ 0.5, 3, 2.5, 11.25 ], "texture": "#texture" },
        "west":  { "uv": [ 0.5, 3, 2.75, 11.75 ], "texture": "#texture" },
        "east":  { "uv": [ 0.5, 3, 2.75, 11.75 ], "texture": "#texture" }
    }
},
{
    "__comment": "3dirt",
    "from": [ 10.3, -1, 1.1 ],
    "to": [ 13.75, -0.425, 4.55 ],
    "faces": {
        "down":  { "uv": [ 5.7, 4.55, 2.25, 1.1 ], "texture": "#farmland_wet" },
        "up":    { "uv": [ 10.3, 1.1, 13.75, 4.55 ], "texture": "#farmland_wet" },
        "north": { "uv": [ 2.25, 16, 5.7, 16 ], "texture": "#farmland_wet" },
        "south": { "uv": [ 10.3, 16, 13.75, 16 ], "texture": "#farmland_wet" },
        "west":  { "uv": [ 1.1, 16, 4.55, 16 ], "texture": "#farmland_wet" },
        "east":  { "uv": [ 11.45, 16, 14.9, 16 ], "texture": "#farmland_wet" }
    }
},
{
    "__comment": "3dirt",
    "from": [ 10.5875, -0.425, 1.3875 ],
    "to": [ 13.4625, 0.15, 4.2625 ],
    "faces": {
        "down":  { "uv": [ 5.4125, 4.2625, 2.5375, 1.3875 ], "texture": "#farmland_wet" },
        "up":    { "uv": [ 10.5875, 1.3875, 13.4625, 4.2625 ], "texture": "#farmland_wet" },
        "north": { "uv": [ 2.5375, 15.85, 5.4125, 16 ], "texture": "#farmland_wet" },
        "south": { "uv": [ 10.5875, 15.85, 13.4625, 16 ], "texture": "#farmland_wet" },
        "west":  { "uv": [ 1.3875, 15.85, 4.2625, 16 ], "texture": "#farmland_wet" },
        "east":  { "uv": [ 11.7375, 15.85, 14.6125, 16 ], "texture": "#farmland_wet" }
    }
},
{
    "__comment": "3head",
    "from": [ 11.7375, 5.475, 2.5375 ],
    "to": [ 12.3125, 8.0625, 3.1125 ],
    "faces": {
        "down":  { "uv": [ 0.25, 14.5, 1.5, 15.75 ], "texture": "#texture" },
        "up":    { "uv": [ 0.25, 14.5, 1.5, 15.75 ], "texture": "#texture" },
        "north": { "uv": [ 0.25, 14.25, 1.5, 15.75 ], "texture": "#texture" },
        "south": { "uv": [ 0.25, 14.25, 1.5, 15.75 ], "texture": "#texture" },
        "west":  { "uv": [ 0.25, 14.25, 1, 15.75 ], "texture": "#texture" },
        "east":  { "uv": [ 0.25, 14.25, 1, 15.75 ], "texture": "#texture" }
    }
},
{
    "__comment": "3head",
    "from": [ 12.4563, 7.775, 2.68125 ],
    "to": [ 12.7438, 9.2125, 2.96875 ],
    "rotation": { "origin": [ 12.4563, 9.2125, 2.68125 ], "axis": "z", "angle": -22.5 },
    "faces": {
        "down":  { "uv": [ 0.25, 14.5, 1.5, 15.75 ], "texture": "#texture" },
        "up":    { "uv": [ 0.25, 14.5, 1.5, 15.75 ], "texture": "#texture" },
        "north": { "uv": [ 0.25, 14.25, 1.5, 15.75 ], "texture": "#texture" },
        "south": { "uv": [ 0.25, 14.25, 1.5, 15.75 ], "texture": "#texture" },
        "west":  { "uv": [ 0.25, 14.25, 1, 15.75 ], "texture": "#texture" },
        "east":  { "uv": [ 0.25, 14.25, 1, 15.75 ], "texture": "#texture" }
    }
},
{
    "__comment": "3head",
    "from": [ 12.6, 7.12813, 2.68125 ],
    "to": [ 12.8875, 8.56563, 2.96875 ],
    "rotation": { "origin": [ 12.6, 8.56563, 2.68125 ], "axis": "z", "angle": -22.5 },
    "faces": {
        "down":  { "uv": [ 0.25, 14.5, 1.5, 15.75 ], "texture": "#texture" },
        "up":    { "uv": [ 0.25, 14.5, 1.5, 15.75 ], "texture": "#texture" },
        "north": { "uv": [ 0.25, 14.25, 1.5, 15.75 ], "texture": "#texture" },
        "south": { "uv": [ 0.25, 14.25, 1.5, 15.75 ], "texture": "#texture" },
        "west":  { "uv": [ 0.25, 14.25, 1, 15.75 ], "texture": "#texture" },
        "east":  { "uv": [ 0.25, 14.25, 1, 15.75 ], "texture": "#texture" }
    }
},
{
    "__comment": "3head",
    "from": [ 11.45, 7.4875, 2.68125 ],
    "to": [ 11.7375, 8.925, 2.96875 ],
    "rotation": { "origin": [ 11.45, 8.925, 2.68125 ], "axis": "z", "angle": 22.5 },
    "faces": {
        "down":  { "uv": [ 0.25, 14.5, 1.5, 15.75 ], "texture": "#texture" },
        "up":    { "uv": [ 0.25, 14.5, 1.5, 15.75 ], "texture": "#texture" },
        "north": { "uv": [ 0.25, 14.25, 1.5, 15.75 ], "texture": "#texture" },
        "south": { "uv": [ 0.25, 14.25, 1.5, 15.75 ], "texture": "#texture" },
        "west":  { "uv": [ 0.25, 14.25, 1, 15.75 ], "texture": "#texture" },
        "east":  { "uv": [ 0.25, 14.25, 1, 15.75 ], "texture": "#texture" }
    }
},
{
    "__comment": "3head",
    "from": [ 11.0188, 7.12813, 2.68125 ],
    "to": [ 11.3063, 8.56563, 2.96875 ],
    "rotation": { "origin": [ 11.0188, 8.56563, 2.68125 ], "axis": "z", "angle": 22.5 },
    "faces": {
        "down":  { "uv": [ 0.25, 14.5, 1.5, 15.75 ], "texture": "#texture" },
        "up":    { "uv": [ 0.25, 14.5, 1.5, 15.75 ], "texture": "#texture" },
        "north": { "uv": [ 0.25, 14.25, 1.5, 15.75 ], "texture": "#texture" },
        "south": { "uv": [ 0.25, 14.25, 1.5, 15.75 ], "texture": "#texture" },
        "west":  { "uv": [ 0.25, 14.25, 1, 15.75 ], "texture": "#texture" },
        "east":  { "uv": [ 0.25, 14.25, 1, 15.75 ], "texture": "#texture" }
    }
},
{
    "__comment": "3head",
    "from": [ 11.8813, 5.61875, 3.1125 ],
    "to": [ 12.1687, 7.91875, 3.4 ],
    "faces": {
        "down":  { "uv": [ 0.25, 14.5, 1.5, 15.75 ], "texture": "#texture" },
        "up":    { "uv": [ 0.25, 14.5, 1.5, 15.75 ], "texture": "#texture" },
        "north": { "uv": [ 0.25, 14.25, 1.5, 15.75 ], "texture": "#texture" },
        "south": { "uv": [ 0.25, 14.25, 1.5, 15.75 ], "texture": "#texture" },
        "west":  { "uv": [ 0.25, 14.25, 1, 15.75 ], "texture": "#texture" },
        "east":  { "uv": [ 0.25, 14.25, 1, 15.75 ], "texture": "#texture" }
    }
},
{
    "__comment": "3head",
    "from": [ 11.8813, 5.61875, 2.25 ],
    "to": [ 12.1687, 7.91875, 2.5375 ],
    "faces": {
        "down":  { "uv": [ 0.25, 14.5, 1.5, 15.75 ], "texture": "#texture" },
        "up":    { "uv": [ 0.25, 14.5, 1.5, 15.75 ], "texture": "#texture" },
        "north": { "uv": [ 0.25, 14.25, 1.5, 15.75 ], "texture": "#texture" },
        "south": { "uv": [ 0.25, 14.25, 1.5, 15.75 ], "texture": "#texture" },
        "west":  { "uv": [ 0.25, 14.25, 1, 15.75 ], "texture": "#texture" },
        "east":  { "uv": [ 0.25, 14.25, 1, 15.75 ], "texture": "#texture" }
    }
},
{
    "__comment": "3stem",
    "from": [ 11.7375, 0.15, 2.5375 ],
    "to": [ 12.3125, 6.475, 3.1125 ],
    "faces": {
        "down":  { "uv": [ 0.5, 2.5, 2.25, 11 ], "texture": "#texture" },
        "up":    { "uv": [ 0.5, 2.5, 2.25, 11 ], "texture": "#texture" },
        "north": { "uv": [ 0.5, 3, 2.5, 11.25 ], "texture": "#texture" },
        "south": { "uv": [ 0.5, 3, 2.5, 11.25 ], "texture": "#texture" },
        "west":  { "uv": [ 0.5, 3, 2.75, 11.75 ], "texture": "#texture" },
        "east":  { "uv": [ 0.5, 3, 2.75, 11.75 ], "texture": "#texture" }
    }
},
{
    "__comment": "4dirt",
    "from": [ -0.05, -1, 9.15 ],
    "to": [ 3.4, -0.425, 12.6 ],
    "faces": {
        "down":  { "uv": [ 13, 6, 10, 3 ], "rotation": 270, "texture": "#farmland_wet" },
        "up":    { "uv": [ 3, 3, 6, 6 ], "rotation": 90, "texture": "#farmland_wet" },
        "north": { "uv": [ 3, 15.5, 6, 16 ], "texture": "#farmland_wet" },
        "south": { "uv": [ 10, 15.5, 13, 16 ], "texture": "#farmland_wet" },
        "west":  { "uv": [ 3, 15.5, 6, 16 ], "texture": "#farmland_wet" },
        "east":  { "uv": [ 10, 15.5, 13, 16 ], "texture": "#farmland_wet" }
    }
},
{
    "__comment": "4dirt",
    "from": [ 0.2375, -0.425, 9.4375 ],
    "to": [ 3.1125, 0.15, 12.3125 ],
    "faces": {
        "down":  { "uv": [ 12.75, 5.75, 10.25, 3.25 ], "rotation": 270, "texture": "#farmland_wet" },
        "up":    { "uv": [ 3.25, 3.25, 5.75, 5.75 ], "rotation": 90, "texture": "#farmland_wet" },
        "north": { "uv": [ 3.25, 15, 5.75, 15.5 ], "texture": "#farmland_wet" },
        "south": { "uv": [ 10.25, 15, 12.75, 15.5 ], "texture": "#farmland_wet" },
        "west":  { "uv": [ 3.25, 15, 5.75, 15.5 ], "texture": "#farmland_wet" },
        "east":  { "uv": [ 10.25, 15, 12.75, 15.5 ], "texture": "#farmland_wet" }
    }
},
{
    "__comment": "4head",
    "from": [ 1.3875, 5.9, 10.5875 ],
    "to": [ 1.9625, 8.4875, 11.1625 ],
    "faces": {
        "down":  { "uv": [ 0.25, 14.5, 1.5, 15.75 ], "rotation": 270, "texture": "#texture" },
        "up":    { "uv": [ 0.25, 14.5, 1.5, 15.75 ], "rotation": 90, "texture": "#texture" },
        "north": { "uv": [ 0.25, 14.25, 1, 15.75 ], "texture": "#texture" },
        "south": { "uv": [ 0.25, 14.25, 1, 15.75 ], "texture": "#texture" },
        "west":  { "uv": [ 0.25, 14.25, 1.5, 15.75 ], "texture": "#texture" },
        "east":  { "uv": [ 0.25, 14.25, 1.5, 15.75 ], "texture": "#texture" }
    }
},
{
    "__comment": "4head",
    "from": [ 1.53125, 6.69063, 11.45 ],
    "to": [ 1.81875, 8.12813, 11.7375 ],
    "rotation": { "origin": [ 1.53125, 8.12813, 11.45 ], "axis": "x", "angle": 22.5 },
    "faces": {
        "down":  { "uv": [ 0.25, 14.5, 1.5, 15.75 ], "rotation": 270, "texture": "#texture" },
        "up":    { "uv": [ 0.25, 14.5, 1.5, 15.75 ], "rotation": 90, "texture": "#texture" },
        "north": { "uv": [ 0.25, 14.25, 1, 15.75 ], "texture": "#texture" },
        "south": { "uv": [ 0.25, 14.25, 1, 15.75 ], "texture": "#texture" },
        "west":  { "uv": [ 0.25, 14.25, 1.5, 15.75 ], "texture": "#texture" },
        "east":  { "uv": [ 0.25, 14.25, 1.5, 15.75 ], "texture": "#texture" }
    }
},
{
    "__comment": "4head",
    "from": [ 1.53125, 5.9, 11.7375 ],
    "to": [ 1.81875, 7.3375, 12.025 ],
    "rotation": { "origin": [ 1.53125, 7.3375, 11.7375 ], "axis": "x", "angle": 22.5 },
    "faces": {
        "down":  { "uv": [ 0.25, 14.5, 1.5, 15.75 ], "rotation": 270, "texture": "#texture" },
        "up":    { "uv": [ 0.25, 14.5, 1.5, 15.75 ], "rotation": 90, "texture": "#texture" },
        "north": { "uv": [ 0.25, 14.25, 1, 15.75 ], "texture": "#texture" },
        "south": { "uv": [ 0.25, 14.25, 1, 15.75 ], "texture": "#texture" },
        "west":  { "uv": [ 0.25, 14.25, 1.5, 15.75 ], "texture": "#texture" },
        "east":  { "uv": [ 0.25, 14.25, 1.5, 15.75 ], "texture": "#texture" }
    }
},
{
    "__comment": "4head",
    "from": [ 1.53125, 7.55312, 10.0125 ],
    "to": [ 1.81875, 8.99062, 10.3 ],
    "rotation": { "origin": [ 1.53125, 8.99062, 10.0125 ], "axis": "x", "angle": -22.5 },
    "faces": {
        "down":  { "uv": [ 0.25, 14.5, 1.5, 15.75 ], "rotation": 270, "texture": "#texture" },
        "up":    { "uv": [ 0.25, 14.5, 1.5, 15.75 ], "rotation": 90, "texture": "#texture" },
        "north": { "uv": [ 0.25, 14.25, 1, 15.75 ], "texture": "#texture" },
        "south": { "uv": [ 0.25, 14.25, 1, 15.75 ], "texture": "#texture" },
        "west":  { "uv": [ 0.25, 14.25, 1.5, 15.75 ], "texture": "#texture" },
        "east":  { "uv": [ 0.25, 14.25, 1.5, 15.75 ], "texture": "#texture" }
    }
},
{
    "__comment": "4head",
    "from": [ 1.53125, 6.69063, 10.0125 ],
    "to": [ 1.81875, 8.12813, 10.3 ],
    "rotation": { "origin": [ 1.53125, 8.12813, 10.0125 ], "axis": "x", "angle": -22.5 },
    "faces": {
        "down":  { "uv": [ 0.25, 14.5, 1.5, 15.75 ], "rotation": 270, "texture": "#texture" },
        "up":    { "uv": [ 0.25, 14.5, 1.5, 15.75 ], "rotation": 90, "texture": "#texture" },
        "north": { "uv": [ 0.25, 14.25, 1, 15.75 ], "texture": "#texture" },
        "south": { "uv": [ 0.25, 14.25, 1, 15.75 ], "texture": "#texture" },
        "west":  { "uv": [ 0.25, 14.25, 1.5, 15.75 ], "texture": "#texture" },
        "east":  { "uv": [ 0.25, 14.25, 1.5, 15.75 ], "texture": "#texture" }
    }
},
{
    "__comment": "4head",
    "from": [ 1.53125, 5.6125, 10.0125 ],
    "to": [ 1.81875, 7.05, 10.3 ],
    "rotation": { "origin": [ 1.53125, 7.05, 10.0125 ], "axis": "x", "angle": -22.5 },
    "faces": {
        "down":  { "uv": [ 0.25, 14.5, 1.5, 15.75 ], "rotation": 270, "texture": "#texture" },
        "up":    { "uv": [ 0.25, 14.5, 1.5, 15.75 ], "rotation": 90, "texture": "#texture" },
        "north": { "uv": [ 0.25, 14.25, 1, 15.75 ], "texture": "#texture" },
        "south": { "uv": [ 0.25, 14.25, 1, 15.75 ], "texture": "#texture" },
        "west":  { "uv": [ 0.25, 14.25, 1.5, 15.75 ], "texture": "#texture" },
        "east":  { "uv": [ 0.25, 14.25, 1.5, 15.75 ], "texture": "#texture" }
    }
},
{
    "__comment": "4head",
    "from": [ 1.1, 6.04375, 10.7083 ],
    "to": [ 1.3875, 8.34375, 10.9957 ],
    "faces": {
        "down":  { "uv": [ 0.25, 14.5, 1.5, 15.75 ], "rotation": 270, "texture": "#texture" },
        "up":    { "uv": [ 0.25, 14.5, 1.5, 15.75 ], "rotation": 90, "texture": "#texture" },
        "north": { "uv": [ 0.25, 14.25, 1, 15.75 ], "texture": "#texture" },
        "south": { "uv": [ 0.25, 14.25, 1, 15.75 ], "texture": "#texture" },
        "west":  { "uv": [ 0.25, 14.25, 1.5, 15.75 ], "texture": "#texture" },
        "east":  { "uv": [ 0.25, 14.25, 1.5, 15.75 ], "texture": "#texture" }
    }
},
{
    "__comment": "4head",
    "from": [ 1.9625, 6.04375, 10.7083 ],
    "to": [ 2.25, 8.34375, 10.9957 ],
    "faces": {
        "down":  { "uv": [ 0.25, 14.5, 1.5, 15.75 ], "rotation": 270, "texture": "#texture" },
        "up":    { "uv": [ 0.25, 14.5, 1.5, 15.75 ], "rotation": 90, "texture": "#texture" },
        "north": { "uv": [ 0.25, 14.25, 1, 15.75 ], "texture": "#texture" },
        "south": { "uv": [ 0.25, 14.25, 1, 15.75 ], "texture": "#texture" },
        "west":  { "uv": [ 0.25, 14.25, 1.5, 15.75 ], "texture": "#texture" },
        "east":  { "uv": [ 0.25, 14.25, 1.5, 15.75 ], "texture": "#texture" }
    }
},
{
    "__comment": "4stem",
    "from": [ 1.3875, -0.1375, 10.5875 ],
    "to": [ 1.9625, 5.9, 11.1625 ],
    "faces": {
        "down":  { "uv": [ 0.5, 2.5, 2.25, 11 ], "texture": "#texture" },
        "up":    { "uv": [ 0.5, 2.5, 2.25, 11 ], "texture": "#texture" },
        "north": { "uv": [ 0.5, 3, 2.5, 11.25 ], "texture": "#texture" },
        "south": { "uv": [ 0.5, 3, 2.5, 11.25 ], "texture": "#texture" },
        "west":  { "uv": [ 0.5, 3, 2.75, 11.75 ], "texture": "#texture" },
        "east":  { "uv": [ 0.5, 3, 2.75, 11.75 ], "texture": "#texture" }
    }
},
{
    "__comment": "dirt",
    "from": [ 2.25, -1, 2.25 ],
    "to": [ 5.7, -0.425, 5.7 ],
    "faces": {
        "down":  { "uv": [ 13, 6, 10, 3 ], "rotation": 270, "texture": "#farmland_wet" },
        "up":    { "uv": [ 3, 3, 6, 6 ], "rotation": 90, "texture": "#farmland_wet" },
        "north": { "uv": [ 3, 15.5, 6, 16 ], "texture": "#farmland_wet" },
        "south": { "uv": [ 10, 15.5, 13, 16 ], "texture": "#farmland_wet" },
        "west":  { "uv": [ 3, 15.5, 6, 16 ], "texture": "#farmland_wet" },
        "east":  { "uv": [ 10, 15.5, 13, 16 ], "texture": "#farmland_wet" }
    }
},
{
    "__comment": "dirt",
    "from": [ 2.5375, -0.425, 2.5375 ],
    "to": [ 5.4125, 0.15, 5.4125 ],
    "faces": {
        "down":  { "uv": [ 12.75, 5.75, 10.25, 3.25 ], "rotation": 270, "texture": "#farmland_wet" },
        "up":    { "uv": [ 3.25, 3.25, 5.75, 5.75 ], "rotation": 90, "texture": "#farmland_wet" },
        "north": { "uv": [ 3.25, 15, 5.75, 15.5 ], "texture": "#farmland_wet" },
        "south": { "uv": [ 10.25, 15, 12.75, 15.5 ], "texture": "#farmland_wet" },
        "west":  { "uv": [ 3.25, 15, 5.75, 15.5 ], "texture": "#farmland_wet" },
        "east":  { "uv": [ 10.25, 15, 12.75, 15.5 ], "texture": "#farmland_wet" }
    }
},
{
    "__comment": "head",
    "from": [ 3.6875, 8.2, 3.6875 ],
    "to": [ 4.2625, 10.7875, 4.2625 ],
    "faces": {
        "down":  { "uv": [ 0.25, 14.5, 1.5, 15.75 ], "rotation": 270, "texture": "#texture" },
        "up":    { "uv": [ 0.25, 14.5, 1.5, 15.75 ], "rotation": 90, "texture": "#texture" },
        "north": { "uv": [ 0.25, 14.25, 1, 15.75 ], "texture": "#texture" },
        "south": { "uv": [ 0.25, 14.25, 1, 15.75 ], "texture": "#texture" },
        "west":  { "uv": [ 0.25, 14.25, 1.5, 15.75 ], "texture": "#texture" },
        "east":  { "uv": [ 0.25, 14.25, 1.5, 15.75 ], "texture": "#texture" }
    }
},
{
    "__comment": "head",
    "from": [ 3.83125, 10.5, 4.55 ],
    "to": [ 4.11875, 11.9375, 4.8375 ],
    "rotation": { "origin": [ 3.83125, 11.9375, 4.55 ], "axis": "x", "angle": 22.5 },
    "faces": {
        "down":  { "uv": [ 0.25, 14.5, 1.5, 15.75 ], "rotation": 270, "texture": "#texture" },
        "up":    { "uv": [ 0.25, 14.5, 1.5, 15.75 ], "rotation": 90, "texture": "#texture" },
        "north": { "uv": [ 0.25, 14.25, 1, 15.75 ], "texture": "#texture" },
        "south": { "uv": [ 0.25, 14.25, 1, 15.75 ], "texture": "#texture" },
        "west":  { "uv": [ 0.25, 14.25, 1.5, 15.75 ], "texture": "#texture" },
        "east":  { "uv": [ 0.25, 14.25, 1.5, 15.75 ], "texture": "#texture" }
    }
},
{
    "__comment": "head",
    "from": [ 3.83125, 9.85313, 4.55 ],
    "to": [ 4.11875, 11.2906, 4.8375 ],
    "rotation": { "origin": [ 3.83125, 11.2906, 4.55 ], "axis": "x", "angle": 22.5 },
    "faces": {
        "down":  { "uv": [ 0.25, 14.5, 1.5, 15.75 ], "rotation": 270, "texture": "#texture" },
        "up":    { "uv": [ 0.25, 14.5, 1.5, 15.75 ], "rotation": 90, "texture": "#texture" },
        "north": { "uv": [ 0.25, 14.25, 1, 15.75 ], "texture": "#texture" },
        "south": { "uv": [ 0.25, 14.25, 1, 15.75 ], "texture": "#texture" },
        "west":  { "uv": [ 0.25, 14.25, 1.5, 15.75 ], "texture": "#texture" },
        "east":  { "uv": [ 0.25, 14.25, 1.5, 15.75 ], "texture": "#texture" }
    }
},
{
    "__comment": "head",
    "from": [ 3.83125, 8.99062, 4.55 ],
    "to": [ 4.11875, 10.4281, 4.8375 ],
    "rotation": { "origin": [ 3.83125, 10.4281, 4.55 ], "axis": "x", "angle": 22.5 },
    "faces": {
        "down":  { "uv": [ 0.25, 14.5, 1.5, 15.75 ], "rotation": 270, "texture": "#texture" },
        "up":    { "uv": [ 0.25, 14.5, 1.5, 15.75 ], "rotation": 90, "texture": "#texture" },
        "north": { "uv": [ 0.25, 14.25, 1, 15.75 ], "texture": "#texture" },
        "south": { "uv": [ 0.25, 14.25, 1, 15.75 ], "texture": "#texture" },
        "west":  { "uv": [ 0.25, 14.25, 1.5, 15.75 ], "texture": "#texture" },
        "east":  { "uv": [ 0.25, 14.25, 1.5, 15.75 ], "texture": "#texture" }
    }
},
{
    "__comment": "head",
    "from": [ 3.4, 8.34375, 3.80825 ],
    "to": [ 3.6875, 10.6438, 4.09575 ],
    "faces": {
        "down":  { "uv": [ 0.25, 14.5, 1.5, 15.75 ], "rotation": 270, "texture": "#texture" },
        "up":    { "uv": [ 0.25, 14.5, 1.5, 15.75 ], "rotation": 90, "texture": "#texture" },
        "north": { "uv": [ 0.25, 14.25, 1, 15.75 ], "texture": "#texture" },
        "south": { "uv": [ 0.25, 14.25, 1, 15.75 ], "texture": "#texture" },
        "west":  { "uv": [ 0.25, 14.25, 1.5, 15.75 ], "texture": "#texture" },
        "east":  { "uv": [ 0.25, 14.25, 1.5, 15.75 ], "texture": "#texture" }
    }
},
{
    "__comment": "head",
    "from": [ 4.2625, 8.34375, 3.80825 ],
    "to": [ 4.55, 10.6438, 4.09575 ],
    "faces": {
        "down":  { "uv": [ 0.25, 14.5, 1.5, 15.75 ], "rotation": 270, "texture": "#texture" },
        "up":    { "uv": [ 0.25, 14.5, 1.5, 15.75 ], "rotation": 90, "texture": "#texture" },
        "north": { "uv": [ 0.25, 14.25, 1, 15.75 ], "texture": "#texture" },
        "south": { "uv": [ 0.25, 14.25, 1, 15.75 ], "texture": "#texture" },
        "west":  { "uv": [ 0.25, 14.25, 1.5, 15.75 ], "texture": "#texture" },
        "east":  { "uv": [ 0.25, 14.25, 1.5, 15.75 ], "texture": "#texture" }
    }
},
{
    "__comment": "stem",
    "from": [ 3.6875, 0.15, 3.6875 ],
    "to": [ 4.2625, 8.2, 4.2625 ],
    "faces": {
        "down":  { "uv": [ 0.5, 2.5, 2.25, 11 ], "texture": "#texture" },
        "up":    { "uv": [ 0.5, 2.5, 2.25, 11 ], "texture": "#texture" },
        "north": { "uv": [ 0.5, 3, 2.5, 11.25 ], "texture": "#texture" },
        "south": { "uv": [ 0.5, 3, 2.5, 11.25 ], "texture": "#texture" },
        "west":  { "uv": [ 0.5, 3, 2.75, 11.75 ], "texture": "#texture" },
        "east":  { "uv": [ 0.5, 3, 2.75, 11.75 ], "texture": "#texture" }
    }
}
]
}